Customer_ID,Gender,Age_Group,City,Country,Customer_Segment,Acquisition_Channel
1,Male,66+,Shelbymouth,Netherlands,Regular,Paid Ads
2,Male,66+,South Shannontown,Germany,Regular,Email
3,Female,18-25,Nicholasside,Germany,VIP,Paid Ads
4,Other,18-25,Parrishburgh,France,Regular,Email
5,Female,56-65,Nelsonside,Italy,Regular,Organic Search
6,Male,66+,Lake Kimberlyshire,Portugal,Regular,Social Media
7,Female,18-25,West Chadfurt,Germany,VIP,Organic Search
8,Female,56-65,Lake Michael,Italy,Regular,Organic Search
9,Other,18-25,New Arthur,Greece,Regular,Referral
10,Female,66+,West Scott,Germany,Regular,Social Media
11,Other,18-25,Hammondmouth,Poland,VIP,Paid Ads
12,Male,26-35,North Laurenport,Czech Republic,Regular,Referral
13,Other,36-45,Kimberlyport,France,VIP,Social Media
14,Female,66+,North Sherry,France,Regular,Organic Search
15,Male,56-65,East Krystalbury,Poland,Regular,Paid Ads
16,Female,66+,East Emilyburgh,Spain,Regular,Paid Ads
17,Male,26-35,Melissaville,Belgium,Regular,Social Media
18,Male,26-35,Davidton,Italy,Regular,Email
19,Female,26-35,Castroville,Romania,Regular,Referral
20,Other,46-55,Port Veronica,Denmark,VIP,Paid Ads
21,Other,56-65,Port Christine,France,Regular,Email
22,Other,46-55,Carloschester,Italy,Regular,Paid Ads
23,Male,18-25,West Lori,Spain,Regular,Paid Ads
24,Other,46-55,North Maryside,Poland,Regular,Referral
25,Female,56-65,Deanmouth,Italy,Regular,Email
26,Male,66+,Claytonstad,Romania,Regular,Email
27,Other,36-45,South Mark,Portugal,VIP,Referral
28,Male,66+,East Samanthahaven,Germany,Regular,Social Media
29,Male,56-65,Wilsonfurt,Latvia,Regular,Social Media
30,Other,56-65,North Anthonytown,Austria,VIP,Social Media
31,Other,56-65,Port Coryhaven,Czech Republic,Regular,Email
32,Male,18-25,Hebertstad,France,Regular,Social Media
33,Male,56-65,Jessicaburgh,France,Regular,Organic Search
34,Male,56-65,Williamberg,Portugal,Regular,Paid Ads
35,Other,26-35,Allisonland,Netherlands,Regular,Email
36,Male,56-65,Williefurt,Italy,Regular,Paid Ads
37,Female,66+,Robertton,Greece,Regular,Referral
38,Female,18-25,East Sandra,Finland,Regular,Organic Search
39,Other,56-65,North Joshuahaven,Italy,Regular,Paid Ads
40,Other,66+,Jeremyfurt,Germany,VIP,Organic Search
41,Female,18-25,East Brendatown,Finland,Regular,Social Media
42,Male,56-65,East Jenniferton,Netherlands,VIP,Email
43,Male,46-55,Port Jessicamouth,Poland,Regular,Paid Ads
44,Other,46-55,Andreaton,Germany,Regular,Referral
45,Other,18-25,Bullockside,Spain,Regular,Organic Search
46,Other,36-45,Aaronland,Germany,Regular,Organic Search
47,Male,56-65,Lake Georgeville,France,Regular,Referral
48,Female,26-35,Christopherfort,France,Regular,Organic Search
49,Other,18-25,Christopherfurt,Italy,VIP,Email
50,Male,26-35,South Alexander,Hungary,VIP,Referral
51,Female,18-25,Morrisport,Spain,VIP,Organic Search
52,Female,46-55,Vegachester,Bulgaria,Regular,Email
53,Female,26-35,South Johnfort,Netherlands,VIP,Paid Ads
54,Other,66+,Port Meganbury,Slovenia,Regular,Social Media
55,Other,46-55,Rogerschester,Germany,Regular,Email
56,Other,18-25,Jenniferfort,Germany,Regular,Organic Search
57,Other,26-35,Watsonhaven,Poland,Regular,Email
58,Other,18-25,New Michael,France,Regular,Referral
59,Other,56-65,Hughesview,Netherlands,Regular,Social Media
60,Other,36-45,South Alyssa,France,Regular,Referral
61,Other,36-45,Port Sarah,Germany,Regular,Organic Search
62,Other,56-65,Timothyborough,Germany,Regular,Organic Search
63,Other,36-45,Tinaside,Spain,VIP,Social Media
64,Male,36-45,Byrdhaven,Denmark,Regular,Referral
65,Other,36-45,Weeksside,Hungary,Regular,Email
66,Other,36-45,Jamesbury,Germany,Regular,Organic Search
67,Male,36-45,Patriciahaven,Ireland,VIP,Organic Search
68,Male,36-45,Mckaymouth,Portugal,Regular,Paid Ads
69,Male,66+,South Paul,Greece,Regular,Social Media
70,Female,18-25,Lake Maryburgh,Spain,VIP,Referral
71,Male,18-25,South Katherine,Hungary,Regular,Paid Ads
72,Female,26-35,Zunigachester,Netherlands,Regular,Email
73,Other,18-25,West Staceyside,Greece,VIP,Paid Ads
74,Female,56-65,Eduardomouth,Spain,Regular,Referral
75,Female,36-45,Josephview,Germany,Regular,Organic Search
76,Male,66+,West William,Finland,Regular,Organic Search
77,Other,46-55,Jordanfurt,Italy,Regular,Paid Ads
78,Male,26-35,Port Danielmouth,Slovakia,Regular,Paid Ads
79,Male,26-35,Mayview,Denmark,Regular,Social Media
80,Female,66+,North Tanyaburgh,Czech Republic,Regular,Paid Ads
81,Other,18-25,Mariahmouth,France,Regular,Organic Search
82,Male,26-35,New Maryton,Austria,Regular,Referral
83,Male,26-35,Collinston,Italy,VIP,Paid Ads
84,Female,18-25,Boothstad,Italy,Regular,Social Media
85,Other,46-55,Lake Zacharyberg,Italy,Regular,Email
86,Male,18-25,Lake Crystalfort,Italy,Regular,Social Media
87,Female,18-25,South Felicia,France,VIP,Referral
88,Female,46-55,Laneport,Italy,Regular,Email
89,Other,26-35,Jamesfort,Germany,Regular,Referral
90,Other,66+,Greenfurt,Germany,Regular,Paid Ads
91,Male,66+,Tracyfurt,Italy,Regular,Email
92,Male,66+,Thompsonmouth,France,Regular,Email
93,Female,36-45,North Heather,France,Regular,Social Media
94,Male,46-55,Hopkinsbury,Poland,Regular,Referral
95,Male,56-65,New Ashley,Belgium,Regular,Referral
96,Male,36-45,North Joseph,Spain,Regular,Referral
97,Other,66+,Mayershire,Czech Republic,Regular,Referral
98,Male,56-65,New William,Italy,Regular,Paid Ads
99,Female,56-65,East Melinda,Netherlands,Regular,Email
100,Male,66+,Cassandrastad,Italy,Regular,Paid Ads
101,Male,26-35,West Christopher,Germany,Regular,Email
102,Male,46-55,Annaland,Austria,Regular,Email
103,Other,46-55,South Lynn,France,Regular,Paid Ads
104,Other,18-25,North Neil,Germany,Regular,Organic Search
105,Male,26-35,Port Jimmyshire,Czech Republic,Regular,Email
106,Other,26-35,West Adamhaven,Spain,Regular,Organic Search
107,Female,66+,South Charlesstad,Spain,Regular,Email
108,Female,56-65,Lake Timothyborough,Poland,Regular,Email
109,Other,46-55,East Ryanton,Italy,Regular,Referral
110,Male,66+,Jeanhaven,Italy,Regular,Email
111,Male,36-45,Port Randallbury,Spain,Regular,Social Media
112,Female,36-45,Port Jessicahaven,France,Regular,Organic Search
113,Male,46-55,North Cheryl,Germany,Regular,Paid Ads
114,Female,36-45,South Kyle,Germany,Regular,Referral
115,Female,46-55,Zacharyhaven,Germany,Regular,Email
116,Male,56-65,Davidton,Ireland,Regular,Organic Search
117,Female,46-55,Kaylatown,Ireland,Regular,Referral
118,Other,56-65,Donnaton,Spain,Regular,Paid Ads
119,Female,46-55,Port Bill,Spain,Regular,Referral
120,Other,46-55,Bellborough,Italy,Regular,Referral
121,Other,56-65,Luceroberg,Slovakia,VIP,Referral
122,Other,18-25,Gonzalezmouth,Poland,VIP,Referral
123,Female,26-35,Cherryberg,Germany,VIP,Referral
124,Female,36-45,Rodriguezfurt,Italy,Regular,Referral
125,Female,36-45,South Donna,France,Regular,Referral
126,Other,18-25,Amandafort,Germany,Regular,Social Media
127,Male,66+,West Anthonyfurt,France,VIP,Organic Search
128,Male,18-25,Ryanberg,Croatia,Regular,Paid Ads
129,Other,18-25,West Janetstad,Germany,Regular,Paid Ads
130,Female,36-45,South Eric,Spain,VIP,Email
131,Other,18-25,North Nicholasbury,Lithuania,Regular,Paid Ads
132,Male,56-65,Danielstad,Lithuania,VIP,Social Media
133,Female,46-55,West Davidburgh,Poland,Regular,Paid Ads
134,Other,66+,Cynthiamouth,Germany,Regular,Social Media
135,Other,18-25,South Julian,Austria,Regular,Email
136,Female,56-65,Laurafort,Czech Republic,Regular,Social Media
137,Other,36-45,Wilsonview,Germany,VIP,Referral
138,Male,46-55,West Allenfort,Hungary,Regular,Referral
139,Female,26-35,New Summer,Greece,Regular,Social Media
140,Other,46-55,East Rebeccafort,Poland,Regular,Email
141,Male,18-25,Brownside,France,Regular,Referral
142,Female,56-65,Karenhaven,France,Regular,Referral
143,Female,36-45,Whitneybury,Italy,VIP,Paid Ads
144,Female,36-45,Port Luisborough,Italy,Regular,Email
145,Female,56-65,Atkinsonberg,Greece,VIP,Paid Ads
146,Other,46-55,New Adrienne,Germany,Regular,Paid Ads
147,Other,66+,Port Matthew,Belgium,Regular,Organic Search
148,Male,46-55,Port Mikechester,Germany,Regular,Social Media
149,Female,46-55,North Karlaland,Netherlands,Regular,Social Media
150,Other,56-65,West Allison,Italy,Regular,Referral
151,Female,26-35,South Rebeccaport,France,VIP,Paid Ads
152,Other,56-65,North Maryside,France,Regular,Paid Ads
153,Other,46-55,Port Jessicaland,France,Regular,Email
154,Other,56-65,Michelestad,Estonia,Regular,Organic Search
155,Female,26-35,New Mollytown,Hungary,Regular,Social Media
156,Other,26-35,West Kathleen,Germany,Regular,Organic Search
157,Other,26-35,Bondview,Poland,Regular,Referral
158,Male,56-65,New Ginamouth,Germany,Regular,Referral
159,Male,18-25,Jonesmouth,Italy,Regular,Referral
160,Male,46-55,Wallsport,Germany,Regular,Email
161,Male,26-35,New Josestad,Poland,VIP,Email
162,Male,26-35,Michaelborough,Croatia,VIP,Referral
163,Other,26-35,Lake Laurastad,Poland,Regular,Referral
164,Female,36-45,Port Elizabethside,Italy,Regular,Referral
165,Other,18-25,Lake Stanley,France,Regular,Organic Search
166,Male,66+,Christopherland,Ireland,Regular,Organic Search
167,Male,56-65,Lake Saraside,Germany,VIP,Organic Search
168,Other,56-65,South Jefferyport,Italy,Regular,Organic Search
169,Other,36-45,Garyfurt,France,Regular,Referral
170,Male,36-45,East Justin,Germany,Regular,Email
171,Male,46-55,Shawnview,Netherlands,VIP,Paid Ads
172,Female,26-35,West Allisonfurt,Netherlands,VIP,Paid Ads
173,Other,66+,Hendersontown,Sweden,Regular,Social Media
174,Female,66+,North Phillip,Italy,Regular,Referral
175,Other,56-65,Frankchester,Ireland,Regular,Organic Search
176,Female,66+,Sabrinachester,Poland,Regular,Social Media
177,Male,66+,Lake Leonardbury,Germany,Regular,Email
178,Male,66+,West Brittney,Poland,Regular,Email
179,Male,46-55,Lake Lisaborough,Germany,Regular,Referral
180,Male,56-65,Gordonmouth,Finland,Regular,Referral
181,Female,36-45,Charleschester,Slovenia,Regular,Social Media
182,Male,36-45,Chaseland,Netherlands,Regular,Referral
183,Female,56-65,Johnsonfurt,France,VIP,Organic Search
184,Female,18-25,Penashire,France,Regular,Referral
185,Male,66+,North Wesley,Romania,Regular,Referral
186,Male,56-65,Port Daniellebury,Italy,Regular,Referral
187,Male,26-35,East Dennisstad,Poland,Regular,Paid Ads
188,Female,66+,New Travismouth,Slovakia,Regular,Organic Search
189,Other,26-35,Randallville,Latvia,Regular,Social Media
190,Other,46-55,Rodriguezview,Spain,VIP,Organic Search
191,Male,66+,Lake Christopherville,Spain,Regular,Referral
192,Female,56-65,Gutierrezbury,Slovakia,Regular,Referral
193,Female,26-35,North Carolynstad,Hungary,Regular,Paid Ads
194,Other,56-65,North Shellyview,Italy,Regular,Paid Ads
195,Female,46-55,Port Stephen,Romania,Regular,Email
196,Male,36-45,Port Carolynport,France,Regular,Email
197,Other,46-55,Port Valerie,Poland,Regular,Referral
198,Female,36-45,Amandahaven,Spain,Regular,Email
199,Female,26-35,Nathanielland,Italy,Regular,Paid Ads
200,Male,46-55,Lake Mikeborough,Poland,VIP,Referral
201,Female,46-55,New Patriciamouth,Greece,Regular,Paid Ads
202,Male,26-35,South Vernonberg,Spain,Regular,Email
203,Male,46-55,Susanland,Italy,VIP,Referral
204,Male,46-55,New Jacqueline,Germany,Regular,Paid Ads
205,Female,36-45,North Danielborough,Germany,Regular,Referral
206,Female,66+,North Rachelhaven,Netherlands,Regular,Referral
207,Other,66+,Walkerborough,Croatia,Regular,Referral
208,Male,56-65,Lisaberg,Romania,VIP,Social Media
209,Other,18-25,Lake Richard,Bulgaria,Regular,Organic Search
210,Other,18-25,Lake Madisonville,Czech Republic,Regular,Social Media
211,Male,36-45,Clarkshire,Finland,Regular,Social Media
212,Female,26-35,Kimberlyfurt,Italy,Regular,Referral
213,Male,26-35,Annabury,Poland,VIP,Email
214,Other,66+,Jillianton,Romania,Regular,Email
215,Female,66+,South Tyler,Germany,Regular,Social Media
216,Female,36-45,Port Ashley,Netherlands,Regular,Paid Ads
217,Female,56-65,Thorntonshire,Germany,Regular,Referral
218,Female,36-45,Port Walterborough,Belgium,VIP,Referral
219,Male,26-35,South Patriciastad,Austria,Regular,Social Media
220,Other,36-45,Jeremymouth,Poland,VIP,Referral
221,Other,66+,South Bryan,France,Regular,Organic Search
222,Other,46-55,Sarahton,Finland,Regular,Social Media
223,Male,56-65,Mcgrathville,Czech Republic,Regular,Paid Ads
224,Other,36-45,Samuelchester,Netherlands,Regular,Paid Ads
225,Other,66+,Port Stephanieland,Poland,VIP,Referral
226,Female,66+,North Davidstad,Germany,VIP,Social Media
227,Female,26-35,East Melissa,Italy,Regular,Email
228,Female,56-65,Johnfurt,Romania,Regular,Social Media
229,Female,46-55,Donnaborough,Hungary,Regular,Social Media
230,Female,18-25,West Amyhaven,Portugal,Regular,Organic Search
231,Male,66+,Danielview,Germany,Regular,Referral
232,Other,36-45,Garzafurt,Slovenia,VIP,Referral
233,Other,18-25,New Matthew,Germany,Regular,Social Media
234,Other,36-45,Jonesfort,Poland,VIP,Paid Ads
235,Other,56-65,Port Kevinmouth,Spain,Regular,Email
236,Male,66+,Bartonburgh,France,Regular,Social Media
237,Male,26-35,North Mathew,Netherlands,VIP,Organic Search
238,Female,18-25,West William,France,VIP,Email
239,Female,36-45,Ericborough,Germany,Regular,Email
240,Other,66+,East Steven,Italy,VIP,Referral
241,Female,56-65,North Jessicashire,Netherlands,Regular,Social Media
242,Female,26-35,Allisonport,Germany,Regular,Paid Ads
243,Male,66+,Macdonaldview,Austria,Regular,Social Media
244,Female,26-35,Port Randyhaven,Germany,Regular,Referral
245,Male,66+,Tiffanyborough,Germany,Regular,Organic Search
246,Female,26-35,Huberchester,Germany,Regular,Email
247,Other,26-35,New Emilyton,France,Regular,Paid Ads
248,Male,56-65,East Jennifer,Italy,VIP,Paid Ads
249,Other,36-45,Arnoldbury,Bulgaria,Regular,Organic Search
250,Male,26-35,Curtishaven,Netherlands,VIP,Paid Ads
251,Male,26-35,Grahammouth,Poland,Regular,Paid Ads
252,Other,18-25,Daniellebury,Portugal,Regular,Referral
253,Female,56-65,West Angelaburgh,Italy,Regular,Referral
254,Other,18-25,Lake Ashley,Spain,Regular,Email
255,Other,18-25,Williamsmouth,France,VIP,Referral
256,Female,66+,Laurieshire,Austria,VIP,Referral
257,Male,36-45,Port Anna,Germany,Regular,Organic Search
258,Other,66+,North Nathanville,Germany,Regular,Social Media
259,Other,56-65,Jacobborough,Italy,Regular,Email
260,Male,66+,Kennethport,Poland,VIP,Email
261,Male,46-55,South Michaelton,Greece,Regular,Paid Ads
262,Female,46-55,Brandibury,Italy,Regular,Organic Search
263,Female,66+,Gonzalezburgh,France,Regular,Paid Ads
264,Female,18-25,Johnstontown,Belgium,VIP,Organic Search
265,Male,66+,Port Taylorburgh,Germany,Regular,Paid Ads
266,Other,56-65,Gregtown,Poland,Regular,Organic Search
267,Other,46-55,Port Lisatown,Italy,Regular,Organic Search
268,Other,36-45,Josephton,Slovenia,Regular,Email
269,Male,66+,Frankland,Spain,Regular,Organic Search
270,Other,36-45,Michaelton,Italy,VIP,Social Media
271,Female,56-65,West Pamela,Poland,Regular,Email
272,Other,56-65,Port Nathan,Poland,VIP,Social Media
273,Female,66+,Wendyland,Germany,Regular,Social Media
274,Male,26-35,North Jenniferport,Italy,Regular,Referral
275,Other,66+,Mcdonaldhaven,Germany,Regular,Organic Search
276,Male,46-55,Allenside,Portugal,Regular,Social Media
277,Female,66+,New Christophertown,Germany,Regular,Email
278,Male,26-35,Hardyview,Poland,VIP,Email
279,Male,36-45,Jacobhaven,Germany,Regular,Referral
280,Female,46-55,Codyport,Spain,Regular,Email
281,Female,18-25,East Stephen,Germany,Regular,Email
282,Other,36-45,Port Kimberlymouth,Spain,VIP,Referral
283,Male,18-25,Lake Jeffreymouth,Malta,Regular,Paid Ads
284,Female,36-45,Port Aprilmouth,Czech Republic,Regular,Organic Search
285,Female,26-35,South Rickyview,Spain,VIP,Email
286,Other,56-65,Garretttown,Greece,Regular,Social Media
287,Other,18-25,Frederickhaven,Germany,Regular,Referral
288,Female,56-65,East Sarah,Slovakia,Regular,Referral
289,Female,36-45,East Sandramouth,Greece,VIP,Organic Search
290,Male,56-65,West Austin,Slovenia,Regular,Social Media
291,Male,26-35,Kimberlybury,Germany,Regular,Referral
292,Female,36-45,Vickiberg,Spain,Regular,Paid Ads
293,Male,18-25,Smithfort,Italy,Regular,Organic Search
294,Male,36-45,North Shaneview,Spain,Regular,Paid Ads
295,Male,36-45,Nathanhaven,France,VIP,Email
296,Other,18-25,Michaelfurt,Germany,VIP,Referral
297,Other,56-65,Port Austinburgh,Spain,Regular,Email
298,Other,36-45,Cuevasbury,Netherlands,Regular,Social Media
299,Male,46-55,Pattersonville,Germany,Regular,Social Media
300,Other,18-25,Brettstad,Sweden,Regular,Organic Search
301,Female,18-25,Davidview,France,VIP,Social Media
302,Male,56-65,Christinestad,Germany,Regular,Referral
303,Other,66+,New Keithstad,Spain,Regular,Referral
304,Other,66+,Forbesside,Finland,VIP,Email
305,Male,18-25,Lake Valeriefort,Spain,Regular,Social Media
306,Male,56-65,Kimberlyborough,Luxembourg,Regular,Organic Search
307,Female,46-55,East Robertton,France,Regular,Email
308,Female,36-45,West Monica,Germany,Regular,Social Media
309,Male,66+,North Adam,Belgium,Regular,Organic Search
310,Other,66+,Heatherburgh,Italy,Regular,Social Media
311,Other,56-65,Tylerfort,Greece,Regular,Social Media
312,Other,26-35,West Connor,Germany,Regular,Social Media
313,Other,66+,South Kaitlynmouth,Slovenia,Regular,Email
314,Male,36-45,Andreastad,Greece,Regular,Social Media
315,Other,66+,Port Josephmouth,Sweden,Regular,Email
316,Other,46-55,Eddiefort,Germany,Regular,Organic Search
317,Male,26-35,Davidtown,Italy,Regular,Referral
318,Male,26-35,North Lori,France,VIP,Organic Search
319,Other,66+,Samanthamouth,Spain,Regular,Organic Search
320,Other,26-35,New Carolyn,Netherlands,Regular,Paid Ads
321,Other,56-65,Wyattport,Germany,Regular,Paid Ads
322,Male,46-55,New Joshuamouth,Greece,Regular,Paid Ads
323,Other,36-45,New Dylanchester,Slovenia,Regular,Referral
324,Male,36-45,North Tricia,France,Regular,Referral
325,Male,36-45,Lake Phyllis,Finland,Regular,Email
326,Female,36-45,Landryshire,Malta,Regular,Email
327,Male,26-35,New Hollybury,Spain,Regular,Paid Ads
328,Male,66+,Hancockton,Romania,Regular,Social Media
329,Male,66+,East Cynthia,Poland,Regular,Organic Search
330,Male,36-45,Stephanieview,France,Regular,Email
331,Female,18-25,Lake Paigechester,Germany,Regular,Paid Ads
332,Female,18-25,Sullivanmouth,Sweden,Regular,Referral
333,Male,46-55,Michaelland,Spain,Regular,Social Media
334,Female,18-25,Jasmineberg,France,Regular,Social Media
335,Male,18-25,West Mary,Sweden,Regular,Referral
336,Male,66+,Lake Adamland,Belgium,Regular,Email
337,Male,18-25,South Lisashire,Germany,Regular,Paid Ads
338,Other,56-65,East Nicholasshire,Spain,Regular,Organic Search
339,Male,36-45,West Crystaltown,Czech Republic,VIP,Paid Ads
340,Other,46-55,Port Hannahshire,Italy,VIP,Referral
341,Male,66+,Vazquezchester,Poland,Regular,Paid Ads
342,Female,46-55,Simmonsfurt,Greece,VIP,Social Media
343,Female,26-35,Henryburgh,France,Regular,Organic Search
344,Female,18-25,Masonfurt,Spain,Regular,Email
345,Other,56-65,Sheilatown,Spain,VIP,Referral
346,Female,36-45,Lake April,Germany,Regular,Organic Search
347,Male,36-45,Waterston,Italy,Regular,Organic Search
348,Other,36-45,Carrolltown,Czech Republic,VIP,Social Media
349,Other,26-35,Lake Frankbury,Spain,Regular,Referral
350,Female,66+,South Patriciatown,Cyprus,VIP,Paid Ads
351,Female,18-25,Gonzalezville,Germany,Regular,Organic Search
352,Male,36-45,West Ginafort,Sweden,Regular,Email
353,Other,46-55,South Alexandraton,Italy,Regular,Paid Ads
354,Male,66+,Donnastad,France,Regular,Organic Search
355,Female,46-55,Benitezburgh,Sweden,Regular,Referral
356,Male,46-55,South Evanville,Italy,Regular,Social Media
357,Other,36-45,New Elizabethville,Slovakia,Regular,Referral
358,Other,26-35,Pinedamouth,Germany,Regular,Social Media
359,Female,66+,New Larryville,Germany,Regular,Referral
360,Female,26-35,Lake Amandaland,Poland,Regular,Social Media
361,Other,36-45,Jacksonville,Italy,Regular,Referral
362,Male,18-25,West Aaron,France,Regular,Referral
363,Other,66+,Angelaburgh,Italy,VIP,Organic Search
364,Other,66+,Port Ronaldfurt,Germany,Regular,Organic Search
365,Male,66+,Hughesmouth,Germany,Regular,Referral
366,Male,56-65,North Karashire,Croatia,VIP,Referral
367,Female,46-55,Brownhaven,Croatia,Regular,Email
368,Female,46-55,West Adambury,Germany,Regular,Social Media
369,Male,18-25,West Matthew,France,Regular,Referral
370,Other,18-25,Tuckermouth,Spain,Regular,Social Media
371,Male,56-65,Port Joshua,Greece,Regular,Referral
372,Male,18-25,West Christopherton,France,Regular,Referral
373,Other,36-45,Nielsenhaven,Bulgaria,Regular,Organic Search
374,Female,36-45,Markside,Spain,Regular,Paid Ads
375,Other,26-35,Aguilarhaven,Sweden,VIP,Paid Ads
376,Male,46-55,Hodgefurt,Sweden,VIP,Email
377,Female,56-65,Lake Robert,Poland,VIP,Organic Search
378,Female,66+,Lake Brandyborough,Germany,Regular,Email
379,Female,56-65,Ellisstad,Italy,VIP,Social Media
380,Female,46-55,Rodriguezport,Netherlands,Regular,Social Media
381,Other,66+,Justinborough,Germany,Regular,Paid Ads
382,Male,18-25,West Jefferychester,Italy,Regular,Social Media
383,Female,66+,Aaronbury,Germany,Regular,Email
384,Male,36-45,North Josephmouth,Denmark,VIP,Email
385,Other,36-45,New Williamtown,France,Regular,Organic Search
386,Male,56-65,Lake Justin,Spain,Regular,Paid Ads
387,Other,66+,Thomasbury,Germany,Regular,Social Media
388,Other,18-25,Josephtown,Austria,Regular,Organic Search
389,Other,56-65,South Jessicaview,Germany,Regular,Paid Ads
390,Female,56-65,Ericfurt,Czech Republic,Regular,Referral
391,Other,36-45,Troyside,Denmark,Regular,Social Media
392,Other,46-55,Angelaberg,Spain,Regular,Organic Search
393,Male,46-55,Rebeccaberg,Belgium,Regular,Referral
394,Other,26-35,New Carolburgh,France,Regular,Social Media
395,Female,46-55,Port Brandy,Portugal,VIP,Social Media
396,Male,36-45,New Chad,Spain,Regular,Organic Search
397,Male,26-35,Alexanderhaven,France,VIP,Social Media
398,Other,46-55,Warrenton,Ireland,Regular,Paid Ads
399,Other,66+,Dianefurt,Sweden,Regular,Paid Ads
400,Other,46-55,North Lindabury,Spain,Regular,Social Media
401,Male,46-55,North Marcus,Spain,Regular,Paid Ads
402,Female,18-25,Riceville,France,VIP,Referral
403,Other,66+,Estradamouth,Poland,Regular,Email
404,Male,46-55,Rodgershaven,Germany,VIP,Social Media
405,Female,36-45,Johnsonview,Greece,VIP,Organic Search
406,Male,36-45,Andersonhaven,Poland,Regular,Organic Search
407,Female,56-65,West Amandaville,Italy,Regular,Email
408,Male,26-35,West Tonyview,Belgium,Regular,Referral
409,Female,56-65,North Lori,Italy,Regular,Paid Ads
410,Other,46-55,East Brett,France,Regular,Organic Search
411,Other,36-45,East Vanessatown,Germany,Regular,Email
412,Other,56-65,Kimside,Spain,VIP,Email
413,Female,56-65,Maxwellview,France,Regular,Social Media
414,Other,56-65,Mariachester,Poland,Regular,Email
415,Male,36-45,Port Triciaside,France,Regular,Organic Search
416,Other,36-45,West James,Cyprus,Regular,Organic Search
417,Female,66+,East Robinstad,Poland,Regular,Email
418,Other,18-25,Dunlapborough,Poland,Regular,Paid Ads
419,Other,56-65,East Aaronchester,Spain,Regular,Referral
420,Other,26-35,Port Maryville,Germany,VIP,Organic Search
421,Female,36-45,Jenniferborough,France,Regular,Referral
422,Female,56-65,Adamstown,Belgium,Regular,Referral
423,Other,66+,Davidland,Romania,VIP,Paid Ads
424,Other,36-45,North Dianefort,Spain,Regular,Referral
425,Female,26-35,New Ericmouth,Spain,Regular,Email
426,Female,66+,West Jessica,Italy,Regular,Social Media
427,Male,26-35,Joshuastad,Poland,Regular,Social Media
428,Female,36-45,East Carolynmouth,France,Regular,Referral
429,Female,56-65,Allenside,France,Regular,Social Media
430,Other,66+,North Eric,France,Regular,Referral
431,Male,36-45,Lake Michealland,Sweden,VIP,Organic Search
432,Female,66+,Melaniemouth,Italy,Regular,Referral
433,Other,36-45,Kimmouth,France,Regular,Social Media
434,Other,66+,East Jose,Germany,Regular,Paid Ads
435,Other,26-35,Port Erinville,Germany,Regular,Organic Search
436,Female,66+,Coreyport,Germany,Regular,Paid Ads
437,Other,26-35,Lake Christopherborough,Germany,Regular,Referral
438,Male,36-45,West Catherine,Spain,Regular,Organic Search
439,Male,66+,Lake John,Finland,Regular,Email
440,Male,26-35,Rogersmouth,Portugal,Regular,Paid Ads
441,Male,46-55,Hernandezbury,Ireland,Regular,Paid Ads
442,Female,18-25,Gonzalezport,Ireland,VIP,Email
443,Female,36-45,Roweside,Poland,Regular,Email
444,Male,56-65,Lake Willie,Spain,Regular,Paid Ads
445,Female,26-35,Bakerbury,Sweden,Regular,Social Media
446,Male,66+,Port Jennifer,Greece,Regular,Social Media
447,Male,26-35,East Karenmouth,Poland,Regular,Referral
448,Other,36-45,Port Mary,Hungary,VIP,Organic Search
449,Male,46-55,North Valerieland,France,Regular,Paid Ads
450,Female,26-35,Wilsonland,Germany,Regular,Social Media
451,Female,56-65,Hughesland,Croatia,Regular,Organic Search
452,Female,66+,Roberthaven,France,Regular,Organic Search
453,Male,46-55,South Jamesside,Spain,Regular,Social Media
454,Other,36-45,Steeleport,Belgium,Regular,Paid Ads
455,Male,46-55,Biancaburgh,France,VIP,Email
456,Other,56-65,Rachelton,Italy,Regular,Email
457,Male,26-35,New Jessica,Sweden,Regular,Email
458,Male,56-65,North Crystalview,Romania,Regular,Social Media
459,Other,18-25,North William,Germany,VIP,Email
460,Male,56-65,Beckborough,Finland,Regular,Paid Ads
461,Other,46-55,Taylorton,Italy,VIP,Paid Ads
462,Female,18-25,Gillberg,Greece,Regular,Referral
463,Female,26-35,South Lisa,Sweden,Regular,Referral
464,Other,46-55,Amandaside,Poland,Regular,Social Media
465,Female,36-45,Lake Deniseville,Greece,Regular,Paid Ads
466,Male,46-55,Conradview,Poland,Regular,Organic Search
467,Male,18-25,South Brittanyview,Spain,Regular,Referral
468,Female,26-35,Davidmouth,Germany,Regular,Referral
469,Female,46-55,Martinside,Italy,Regular,Referral
470,Other,66+,Port Eric,Italy,Regular,Paid Ads
471,Female,18-25,East Michaelchester,Netherlands,VIP,Email
472,Male,66+,Goodmanfurt,Italy,Regular,Organic Search
473,Female,46-55,Lake Nicole,Portugal,Regular,Email
474,Female,26-35,Port Chad,Italy,Regular,Social Media
475,Male,66+,South Michael,Germany,Regular,Organic Search
476,Female,56-65,Port Cristianville,Sweden,Regular,Organic Search
477,Male,18-25,Floresmouth,France,Regular,Referral
478,Other,18-25,North Angelaland,Poland,Regular,Organic Search
479,Male,56-65,Lake Peter,Italy,Regular,Organic Search
480,Female,26-35,Hickmanburgh,Germany,Regular,Email
481,Other,66+,East Ashley,France,Regular,Paid Ads
482,Male,66+,Markchester,France,Regular,Referral
483,Male,56-65,Trevinofort,France,Regular,Paid Ads
484,Female,56-65,New Samantha,Poland,Regular,Social Media
485,Other,46-55,West Michael,Ireland,Regular,Social Media
486,Female,26-35,New Jamesville,Belgium,Regular,Paid Ads
487,Female,26-35,North Nicholasmouth,Portugal,Regular,Social Media
488,Male,46-55,Rebeccashire,Austria,Regular,Email
489,Female,56-65,Dylanborough,Italy,Regular,Referral
490,Male,36-45,Williamhaven,France,Regular,Referral
491,Male,56-65,Port Ericfurt,Austria,Regular,Paid Ads
492,Female,66+,Melissafurt,Germany,Regular,Organic Search
493,Male,56-65,Gilesfort,Romania,Regular,Email
494,Male,36-45,Annemouth,France,Regular,Organic Search
495,Male,66+,Barnesview,France,VIP,Referral
496,Other,56-65,Amyville,Finland,Regular,Referral
497,Other,36-45,Floresfurt,Finland,Regular,Referral
498,Other,36-45,Michaelfort,Spain,Regular,Social Media
499,Female,46-55,Murphyland,Spain,VIP,Referral
500,Female,26-35,Port Carol,Czech Republic,Regular,Referral
501,Male,66+,East Jennifer,Germany,VIP,Social Media
502,Other,56-65,East Tracy,Poland,Regular,Social Media
503,Female,26-35,Wallaceville,Germany,Regular,Paid Ads
504,Other,66+,Taylorville,Spain,Regular,Referral
505,Other,66+,Port Stacey,Slovenia,Regular,Paid Ads
506,Female,26-35,East Rachelside,Portugal,VIP,Email
507,Other,66+,New Trevor,Spain,Regular,Email
508,Male,66+,Tonyland,Germany,VIP,Organic Search
509,Other,26-35,East Stevenburgh,Italy,VIP,Paid Ads
510,Other,46-55,Alisonburgh,Germany,Regular,Email
511,Other,46-55,Andrewland,Netherlands,Regular,Organic Search
512,Other,46-55,South Zachary,Germany,VIP,Email
513,Other,36-45,Williamsshire,Greece,VIP,Referral
514,Male,18-25,Waltershire,Sweden,Regular,Email
515,Male,56-65,Kimberlyton,Germany,Regular,Social Media
516,Female,18-25,Kirbyborough,France,Regular,Referral
517,Male,66+,East Glenton,Spain,Regular,Organic Search
518,Other,18-25,Hinesport,Netherlands,VIP,Referral
519,Female,18-25,West Amyhaven,Italy,Regular,Paid Ads
520,Female,66+,Villarrealland,Germany,Regular,Email
521,Male,56-65,West Linda,Estonia,Regular,Paid Ads
522,Other,56-65,South Gene,France,Regular,Organic Search
523,Other,36-45,Bakertown,Slovakia,Regular,Email
524,Male,36-45,West Peterchester,Netherlands,VIP,Paid Ads
525,Other,46-55,Vincentfurt,Poland,Regular,Social Media
526,Male,56-65,New Sydneyfort,Germany,Regular,Referral
527,Other,36-45,Port Shellyside,Belgium,Regular,Paid Ads
528,Other,66+,Lake Travis,Sweden,VIP,Social Media
529,Female,26-35,Mariastad,Germany,Regular,Social Media
530,Other,56-65,East Chelseyfurt,Poland,Regular,Social Media
531,Female,46-55,Emilytown,Germany,Regular,Social Media
532,Female,46-55,Paulchester,Poland,VIP,Email
533,Male,56-65,North Leslieview,Netherlands,Regular,Paid Ads
534,Male,36-45,Tylerfort,Greece,VIP,Paid Ads
535,Female,36-45,Lake Stephaniebury,Portugal,VIP,Organic Search
536,Female,36-45,Port Victoriafort,Ireland,Regular,Organic Search
537,Male,46-55,Port Kellymouth,Germany,Regular,Email
538,Male,18-25,South Brendamouth,Spain,VIP,Email
539,Other,36-45,Greenview,Germany,Regular,Organic Search
540,Female,18-25,Port Cristina,France,Regular,Email
541,Male,56-65,North Ginamouth,Finland,Regular,Referral
542,Female,36-45,Floresfort,Germany,Regular,Paid Ads
543,Female,36-45,Darrelltown,Germany,Regular,Referral
544,Female,36-45,Baldwinberg,Czech Republic,Regular,Referral
545,Male,46-55,South Jamesshire,Poland,VIP,Social Media
546,Female,36-45,Gilbertstad,Germany,Regular,Referral
547,Female,46-55,East David,Sweden,Regular,Email
548,Female,56-65,Rileyside,Germany,Regular,Paid Ads
549,Male,46-55,Keithtown,Spain,Regular,Social Media
550,Other,46-55,Reyesstad,Portugal,Regular,Paid Ads
551,Female,46-55,Nicholasstad,Italy,Regular,Email
552,Other,26-35,Irwinside,France,Regular,Email
553,Other,46-55,Duncanshire,Germany,Regular,Paid Ads
554,Female,66+,South Lucaschester,Italy,VIP,Referral
555,Male,66+,South Angelaville,Belgium,Regular,Social Media
556,Other,46-55,New Jennifer,Netherlands,Regular,Organic Search
557,Other,46-55,West William,Italy,Regular,Email
558,Other,46-55,East Joseburgh,Spain,Regular,Social Media
559,Other,56-65,West Andrew,Greece,Regular,Organic Search
560,Male,66+,East Joshuachester,Germany,Regular,Paid Ads
561,Male,56-65,Port Rossshire,Netherlands,Regular,Referral
562,Female,46-55,West Rebecca,Slovenia,VIP,Organic Search
563,Other,66+,Leblanctown,France,Regular,Email
564,Male,46-55,Lake Sherryhaven,Belgium,Regular,Referral
565,Other,66+,North Mary,Czech Republic,Regular,Social Media
566,Female,18-25,Williamsview,Bulgaria,Regular,Organic Search
567,Other,26-35,Port Williamberg,Germany,Regular,Social Media
568,Male,56-65,North Robert,Spain,Regular,Referral
569,Other,66+,South Travis,Germany,Regular,Organic Search
570,Other,18-25,Nicholsland,France,VIP,Social Media
571,Other,26-35,North Suzanneburgh,Netherlands,Regular,Paid Ads
572,Other,26-35,Sandraburgh,Spain,Regular,Referral
573,Male,46-55,West Curtis,Lithuania,Regular,Paid Ads
574,Female,46-55,Arthurbury,Netherlands,VIP,Email
575,Female,56-65,Lindseymouth,Denmark,Regular,Organic Search
576,Male,36-45,South Matthewside,Greece,Regular,Organic Search
577,Other,26-35,Lawrenceport,Poland,Regular,Paid Ads
578,Female,66+,Walkerland,Spain,Regular,Email
579,Female,56-65,Melissachester,Slovenia,Regular,Referral
580,Female,36-45,Sarahberg,Poland,Regular,Email
581,Other,66+,East Lukeview,Germany,Regular,Email
582,Other,26-35,Millerport,Poland,Regular,Paid Ads
583,Male,36-45,Kristenmouth,France,Regular,Email
584,Other,26-35,Jacobsonberg,Italy,Regular,Referral
585,Other,56-65,Harrismouth,France,Regular,Paid Ads
586,Female,36-45,Banksmouth,Poland,VIP,Social Media
587,Other,18-25,Lake Codyshire,Austria,Regular,Organic Search
588,Male,46-55,Lake Carriemouth,Spain,Regular,Email
589,Female,66+,New Timothyton,Netherlands,Regular,Referral
590,Male,56-65,Lake Travis,Spain,VIP,Paid Ads
591,Female,26-35,Michellehaven,France,Regular,Paid Ads
592,Other,66+,Charlesland,Czech Republic,Regular,Referral
593,Male,56-65,North Julie,Spain,VIP,Email
594,Female,56-65,North Melissaborough,Hungary,Regular,Organic Search
595,Female,56-65,Port Teresa,Portugal,Regular,Referral
596,Other,26-35,Wisefort,Germany,Regular,Organic Search
597,Female,18-25,Lake Robertview,Italy,Regular,Organic Search
598,Male,26-35,Youngside,Czech Republic,Regular,Email
599,Other,56-65,South Scotthaven,Belgium,Regular,Paid Ads
600,Male,26-35,East Craig,Poland,Regular,Email
601,Female,56-65,Margaretfurt,Italy,Regular,Social Media
602,Female,36-45,East Ronaldberg,Estonia,Regular,Email
603,Other,18-25,Joannberg,Bulgaria,VIP,Referral
604,Female,66+,Suarezburgh,Slovakia,VIP,Paid Ads
605,Other,36-45,East Richardview,France,Regular,Referral
606,Other,66+,South Margaretview,Spain,Regular,Referral
607,Male,66+,Port Edwin,Italy,Regular,Organic Search
608,Other,36-45,Andrewfurt,Italy,Regular,Social Media
609,Female,36-45,Gonzalezmouth,Spain,Regular,Organic Search
610,Female,66+,Jaredberg,Portugal,Regular,Social Media
611,Other,46-55,Wilkersonberg,Austria,Regular,Referral
612,Female,36-45,North Gloria,Hungary,Regular,Social Media
613,Other,26-35,Khanstad,Italy,Regular,Referral
614,Other,18-25,North Theresamouth,Czech Republic,VIP,Referral
615,Male,46-55,Lake Dawn,Germany,Regular,Referral
616,Other,26-35,North Sarahland,France,Regular,Social Media
617,Female,18-25,Sallyshire,Germany,Regular,Social Media
618,Other,66+,Heatherstad,Germany,VIP,Referral
619,Other,66+,Gilbertport,Poland,Regular,Referral
620,Other,18-25,Gravesside,Netherlands,VIP,Referral
621,Other,26-35,East Todd,Germany,Regular,Referral
622,Other,36-45,Robertside,Germany,Regular,Referral
623,Female,18-25,Ryanfurt,Belgium,Regular,Organic Search
624,Male,18-25,Rebeccaport,Portugal,Regular,Social Media
625,Male,66+,Crystalberg,Germany,Regular,Paid Ads
626,Other,18-25,North Toddmouth,Germany,Regular,Paid Ads
627,Other,26-35,Daniellehaven,Italy,Regular,Paid Ads
628,Other,66+,Collinsborough,Slovakia,Regular,Paid Ads
629,Male,26-35,Kendraton,Germany,Regular,Email
630,Female,46-55,North Scottbury,Greece,Regular,Paid Ads
631,Other,18-25,Port Lauren,France,Regular,Email
632,Other,36-45,Paulaberg,Poland,Regular,Organic Search
633,Other,36-45,East Scott,Austria,Regular,Email
634,Other,46-55,North Jenniferberg,Spain,Regular,Organic Search
635,Male,46-55,North Jonathan,Czech Republic,Regular,Paid Ads
636,Other,18-25,Parkerberg,Spain,Regular,Organic Search
637,Female,26-35,Lake Katherine,Bulgaria,Regular,Email
638,Other,66+,Kellyburgh,Italy,VIP,Referral
639,Male,18-25,North Benjamin,Croatia,Regular,Organic Search
640,Male,18-25,Calebmouth,France,Regular,Referral
641,Other,66+,Nelsonshire,Spain,Regular,Referral
642,Female,18-25,Carolland,Italy,Regular,Email
643,Female,18-25,North Nicolebury,Poland,Regular,Email
644,Male,56-65,Simshaven,Slovakia,Regular,Email
645,Other,66+,South James,Netherlands,Regular,Social Media
646,Other,26-35,Lake Nathanielport,Belgium,VIP,Organic Search
647,Male,46-55,Monroeton,Slovakia,Regular,Organic Search
648,Other,66+,Ortizside,France,Regular,Organic Search
649,Male,66+,Angelamouth,Germany,VIP,Referral
650,Other,56-65,West Brianfurt,Croatia,Regular,Social Media
651,Male,66+,North Christopher,Germany,Regular,Social Media
652,Male,18-25,Smithmouth,Portugal,Regular,Referral
653,Male,36-45,Hollyville,France,Regular,Email
654,Female,46-55,New Nichole,Poland,Regular,Organic Search
655,Other,26-35,Hortonmouth,Spain,Regular,Social Media
656,Other,66+,South Amanda,Czech Republic,Regular,Paid Ads
657,Male,18-25,Lake Crystal,Portugal,Regular,Organic Search
658,Female,36-45,Lisafort,France,Regular,Paid Ads
659,Male,56-65,Anthonybury,France,Regular,Referral
660,Male,46-55,West Frederick,France,Regular,Social Media
661,Male,56-65,North Charles,France,Regular,Email
662,Male,26-35,South Cody,Belgium,Regular,Email
663,Female,18-25,Port Justinmouth,Cyprus,Regular,Social Media
664,Female,36-45,Erikburgh,Czech Republic,VIP,Referral
665,Male,36-45,Lake Barbarastad,Germany,Regular,Social Media
666,Male,46-55,Jeremyton,Portugal,Regular,Referral
667,Male,66+,Jessicaside,Bulgaria,Regular,Paid Ads
668,Female,18-25,Ericaburgh,Germany,Regular,Social Media
669,Other,18-25,Terrimouth,Netherlands,Regular,Organic Search
670,Female,66+,Jenniferfort,Portugal,Regular,Organic Search
671,Male,46-55,South Lisa,France,Regular,Organic Search
672,Male,66+,Lake Martin,Latvia,Regular,Organic Search
673,Other,46-55,Lake Jessicafort,Slovakia,Regular,Social Media
674,Other,18-25,West Ashley,Spain,Regular,Email
675,Female,18-25,Johnsonberg,Germany,Regular,Organic Search
676,Male,26-35,Port Lisa,Italy,Regular,Social Media
677,Female,66+,Port Christopher,Slovakia,Regular,Social Media
678,Female,26-35,Williamberg,France,VIP,Paid Ads
679,Other,18-25,East Kim,Germany,VIP,Paid Ads
680,Female,46-55,Lake Janicefurt,Italy,VIP,Social Media
681,Male,46-55,Lake Richardchester,Lithuania,Regular,Social Media
682,Male,26-35,Heidiside,Austria,Regular,Social Media
683,Other,56-65,Davisborough,Hungary,VIP,Social Media
684,Other,26-35,Clayfort,Germany,Regular,Referral
685,Other,36-45,Georgeshire,Spain,Regular,Paid Ads
686,Female,46-55,New Christinamouth,Germany,Regular,Email
687,Female,18-25,East David,France,Regular,Paid Ads
688,Male,26-35,West Jeffreyview,Germany,VIP,Referral
689,Other,66+,Garciamouth,Italy,VIP,Email
690,Male,18-25,New Paulmouth,France,Regular,Paid Ads
691,Female,26-35,New Brandon,Finland,VIP,Social Media
692,Female,18-25,Lyonsview,Germany,VIP,Email
693,Other,46-55,West Kevinfurt,Italy,Regular,Referral
694,Male,36-45,Lake Lanceville,Belgium,Regular,Paid Ads
695,Female,26-35,New Amy,France,VIP,Email
696,Other,36-45,Camachofort,Poland,Regular,Email
697,Male,36-45,Copelandport,Spain,Regular,Referral
698,Other,26-35,Bridgetshire,France,Regular,Email
699,Female,66+,East Angelaville,Sweden,Regular,Email
700,Female,56-65,Kelseytown,Czech Republic,Regular,Referral
701,Male,36-45,East Robin,France,Regular,Organic Search
702,Female,18-25,Port Wendyfort,Denmark,Regular,Referral
703,Other,26-35,South Holly,Spain,Regular,Organic Search
704,Male,36-45,East Stephen,France,Regular,Organic Search
705,Male,56-65,East Courtney,Czech Republic,Regular,Referral
706,Male,26-35,Jessicafort,Italy,Regular,Social Media
707,Other,36-45,South Dawn,Sweden,Regular,Organic Search
708,Female,56-65,West Richard,Greece,Regular,Email
709,Female,56-65,New Diana,Croatia,Regular,Referral
710,Male,26-35,Lake Mitchell,Germany,Regular,Organic Search
711,Male,36-45,Smithville,Spain,Regular,Paid Ads
712,Female,66+,North Brianastad,Sweden,VIP,Social Media
713,Male,56-65,South Mary,Germany,Regular,Paid Ads
714,Other,36-45,Brownborough,Czech Republic,Regular,Social Media
715,Other,46-55,New Evanview,Greece,Regular,Social Media
716,Male,26-35,West Mark,France,Regular,Referral
717,Female,66+,Lake Holly,Sweden,Regular,Email
718,Other,36-45,Stacyview,Belgium,Regular,Email
719,Female,36-45,Stewartmouth,Sweden,Regular,Social Media
720,Other,18-25,South Kimberlyside,Germany,Regular,Email
721,Other,18-25,Mistyport,Italy,VIP,Social Media
722,Other,26-35,Port Melissabury,Slovakia,Regular,Organic Search
723,Male,36-45,Anashire,Ireland,Regular,Paid Ads
724,Female,26-35,East Caleb,Italy,Regular,Organic Search
725,Other,66+,Lake Jared,Hungary,Regular,Social Media
726,Female,26-35,Williamsstad,Italy,Regular,Organic Search
727,Male,66+,East Thomas,Italy,VIP,Referral
728,Female,26-35,Hooverchester,Italy,Regular,Referral
729,Female,56-65,Scottside,Denmark,Regular,Referral
730,Other,66+,Jenniferberg,Czech Republic,Regular,Paid Ads
731,Male,18-25,Chasestad,Germany,Regular,Social Media
732,Male,18-25,Ortizbury,France,Regular,Referral
733,Male,56-65,West Michael,Germany,Regular,Organic Search
734,Other,46-55,Christophershire,Italy,Regular,Referral
735,Male,56-65,Zacharyberg,Ireland,Regular,Paid Ads
736,Female,26-35,Chenville,Germany,Regular,Referral
737,Other,66+,Port Raymond,Belgium,Regular,Social Media
738,Male,18-25,North Andrewchester,France,Regular,Email
739,Male,18-25,Lake Margaretbury,Austria,Regular,Referral
740,Other,66+,Cynthiaville,Germany,Regular,Paid Ads
741,Male,26-35,Kimberlychester,Germany,Regular,Organic Search
742,Male,36-45,North Maryfurt,Spain,Regular,Referral
743,Other,36-45,Horneview,Spain,VIP,Email
744,Female,46-55,Port Michael,Italy,Regular,Referral
745,Female,46-55,Lake Markstad,Germany,Regular,Social Media
746,Male,66+,West Roger,Poland,Regular,Organic Search
747,Other,46-55,Port Josephfurt,Netherlands,Regular,Email
748,Male,46-55,South Haleybury,France,Regular,Referral
749,Other,46-55,North Christopher,Slovenia,Regular,Paid Ads
750,Male,46-55,New Patriciaside,Spain,Regular,Organic Search
751,Other,56-65,East Johntown,Spain,Regular,Email
752,Female,26-35,Garciastad,Germany,Regular,Paid Ads
753,Male,26-35,Garciaton,Latvia,VIP,Organic Search
754,Female,26-35,Newmanburgh,Bulgaria,Regular,Paid Ads
755,Female,36-45,Susanstad,Hungary,Regular,Organic Search
756,Other,46-55,West Austinhaven,Germany,Regular,Social Media
757,Male,66+,Hartview,Spain,Regular,Email
758,Male,46-55,North Douglasburgh,Czech Republic,VIP,Email
759,Male,18-25,Brownburgh,Poland,Regular,Organic Search
760,Other,36-45,Oliviahaven,Czech Republic,Regular,Social Media
761,Female,56-65,New Joseph,Italy,Regular,Organic Search
762,Female,26-35,West Alison,Germany,Regular,Referral
763,Female,66+,Pamelachester,Germany,Regular,Referral
764,Female,18-25,South Edwardhaven,Slovakia,Regular,Social Media
765,Female,66+,Thomasburgh,France,Regular,Paid Ads
766,Other,46-55,Jamesshire,Germany,Regular,Social Media
767,Female,56-65,North Lisaville,France,Regular,Paid Ads
768,Female,66+,Suttonton,Italy,Regular,Email
769,Male,56-65,West Alexandra,Romania,Regular,Organic Search
770,Other,46-55,New Benjamin,France,VIP,Email
771,Male,26-35,Snyderland,Denmark,VIP,Paid Ads
772,Male,18-25,Port Dana,Hungary,Regular,Social Media
773,Female,36-45,Harveyport,Greece,Regular,Email
774,Male,66+,Francisborough,Italy,VIP,Social Media
775,Female,26-35,Nathanstad,Spain,Regular,Referral
776,Female,36-45,South Carriemouth,Poland,VIP,Social Media
777,Other,18-25,Robinsonville,Portugal,Regular,Referral
778,Other,26-35,Lawrencemouth,Germany,Regular,Paid Ads
779,Female,66+,Lake Danielview,Belgium,Regular,Organic Search
780,Other,18-25,East Samantha,Romania,Regular,Paid Ads
781,Other,18-25,New Ianfort,Netherlands,Regular,Email
782,Female,66+,Port Elizabeth,Sweden,Regular,Social Media
783,Female,36-45,Susanland,Italy,Regular,Paid Ads
784,Other,56-65,Bryanmouth,Spain,Regular,Referral
785,Male,56-65,Danielleland,Poland,Regular,Social Media
786,Other,56-65,Bowersmouth,Poland,Regular,Organic Search
787,Female,36-45,Port Ivan,Spain,Regular,Social Media
788,Other,66+,Allenfort,France,Regular,Paid Ads
789,Male,18-25,Porterstad,Spain,Regular,Email
790,Female,66+,Jasminton,Italy,VIP,Organic Search
791,Female,36-45,Davidton,Netherlands,Regular,Referral
792,Male,56-65,Lake Isaac,Italy,Regular,Email
793,Female,66+,North Dillonchester,Sweden,Regular,Email
794,Female,66+,Santiagoville,Netherlands,Regular,Social Media
795,Other,56-65,New Kevinton,Austria,VIP,Organic Search
796,Other,36-45,South Steven,Spain,Regular,Email
797,Male,66+,New Victoriashire,Czech Republic,Regular,Organic Search
798,Male,66+,Stonemouth,France,Regular,Referral
799,Female,36-45,Jimenezbury,Czech Republic,Regular,Social Media
800,Male,46-55,Carlosville,Spain,VIP,Email
801,Other,18-25,Stacyside,Poland,Regular,Paid Ads
802,Other,46-55,West Amanda,Spain,Regular,Referral
803,Male,26-35,Michellehaven,Germany,Regular,Social Media
804,Other,46-55,Brendanstad,Italy,VIP,Paid Ads
805,Female,36-45,South Amber,Czech Republic,Regular,Paid Ads
806,Male,18-25,Richardside,France,Regular,Paid Ads
807,Male,56-65,South Catherine,Czech Republic,Regular,Referral
808,Male,26-35,Carpenterfort,Czech Republic,Regular,Referral
809,Female,46-55,Davisbury,Italy,VIP,Email
810,Female,18-25,South Rebecca,France,Regular,Email
811,Other,18-25,Lake Daniel,France,Regular,Paid Ads
812,Female,36-45,Jasonport,France,VIP,Referral
813,Female,26-35,Johnsonside,Spain,VIP,Organic Search
814,Female,46-55,East Scott,France,Regular,Email
815,Female,66+,Port Kayla,Spain,Regular,Social Media
816,Female,36-45,East Stephanieburgh,Bulgaria,Regular,Paid Ads
817,Female,18-25,Jonesmouth,Croatia,Regular,Paid Ads
818,Male,56-65,Cookhaven,France,Regular,Organic Search
819,Other,18-25,North Lisashire,Italy,Regular,Social Media
820,Other,18-25,Taylorhaven,Czech Republic,Regular,Organic Search
821,Other,18-25,East Dannychester,Netherlands,VIP,Organic Search
822,Female,18-25,Watsonhaven,Italy,Regular,Referral
823,Male,66+,New Madisonborough,Greece,Regular,Organic Search
824,Other,18-25,Aguilartown,France,Regular,Social Media
825,Other,26-35,Port Donaldville,Poland,Regular,Organic Search
826,Other,18-25,Antonioburgh,Spain,Regular,Organic Search
827,Other,26-35,North Lisa,Spain,Regular,Email
828,Female,66+,Kramerport,Latvia,Regular,Paid Ads
829,Female,26-35,West Ryanhaven,Germany,Regular,Referral
830,Male,18-25,Jorgefort,Italy,Regular,Organic Search
831,Other,46-55,Guzmanbury,Hungary,VIP,Organic Search
832,Male,66+,South Danielhaven,Czech Republic,Regular,Social Media
833,Female,36-45,East Tarastad,Netherlands,Regular,Organic Search
834,Male,18-25,New Steven,Germany,Regular,Social Media
835,Female,46-55,Mcgeeland,Sweden,Regular,Organic Search
836,Male,18-25,East Brandon,Austria,Regular,Paid Ads
837,Female,56-65,New Sheilaville,Italy,Regular,Organic Search
838,Female,26-35,Humphreymouth,Italy,VIP,Referral
839,Female,46-55,East Michael,Lithuania,Regular,Referral
840,Other,26-35,Ellisonburgh,Sweden,VIP,Organic Search
841,Male,18-25,Davidside,Cyprus,Regular,Email
842,Other,66+,Montgomeryborough,Spain,Regular,Email
843,Female,56-65,North Crystal,Italy,VIP,Paid Ads
844,Female,18-25,Port Hollytown,Spain,Regular,Referral
845,Female,66+,New Ian,Germany,Regular,Email
846,Other,66+,Lopezhaven,Czech Republic,Regular,Social Media
847,Other,66+,Jonesport,Spain,Regular,Referral
848,Male,46-55,South Patricialand,Netherlands,Regular,Referral
849,Other,56-65,Bakerstad,Germany,VIP,Paid Ads
850,Female,46-55,Chloeton,Spain,Regular,Organic Search
851,Female,26-35,Simpsontown,Portugal,Regular,Social Media
852,Male,56-65,Port Erica,Germany,Regular,Referral
853,Male,46-55,Evansbury,Sweden,Regular,Email
854,Female,46-55,Millerhaven,Italy,Regular,Referral
855,Male,18-25,North David,Portugal,Regular,Organic Search
856,Male,18-25,Shepardburgh,Poland,Regular,Email
857,Other,56-65,Gardnerberg,Netherlands,Regular,Referral
858,Female,18-25,East Janettown,Croatia,Regular,Referral
859,Other,56-65,Carlsonville,Italy,Regular,Social Media
860,Male,18-25,Josephchester,Greece,Regular,Paid Ads
861,Female,66+,Christinemouth,Germany,Regular,Social Media
862,Female,66+,South Gina,Spain,VIP,Paid Ads
863,Other,66+,Charlesbury,Spain,Regular,Organic Search
864,Male,26-35,Wilsonshire,France,VIP,Referral
865,Male,66+,New Rita,France,Regular,Referral
866,Other,66+,Port Johnfort,Germany,Regular,Referral
867,Other,56-65,New Brandymouth,Spain,VIP,Referral
868,Other,18-25,West Jeffrey,Germany,Regular,Referral
869,Female,56-65,Port Alicebury,Hungary,Regular,Paid Ads
870,Male,66+,Beckerfort,Belgium,Regular,Organic Search
871,Other,56-65,East Lisa,Italy,Regular,Email
872,Female,56-65,West Wendyville,Denmark,Regular,Paid Ads
873,Female,36-45,West Patrick,France,Regular,Paid Ads
874,Other,66+,Rebeccaborough,Germany,Regular,Email
875,Other,56-65,East David,France,Regular,Email
876,Male,26-35,Lake Haroldburgh,Netherlands,Regular,Social Media
877,Other,26-35,Lake Jeffreyshire,Belgium,Regular,Paid Ads
878,Other,66+,Joannafort,Spain,Regular,Organic Search
879,Other,46-55,Bakerbury,Czech Republic,Regular,Referral
880,Other,36-45,West Shaunview,Belgium,Regular,Referral
881,Other,18-25,Keithside,Sweden,VIP,Paid Ads
882,Male,26-35,East Sharon,Germany,Regular,Paid Ads
883,Other,36-45,Howardberg,Luxembourg,VIP,Organic Search
884,Female,26-35,Alvarezborough,Belgium,Regular,Organic Search
885,Female,18-25,Webbville,Italy,Regular,Email
886,Other,66+,Ryanland,Romania,Regular,Paid Ads
887,Other,36-45,West Dennistown,Spain,Regular,Organic Search
888,Female,46-55,North Tiffany,Slovakia,Regular,Social Media
889,Male,18-25,Hornemouth,Slovenia,Regular,Paid Ads
890,Female,26-35,Valenzuelafurt,Poland,Regular,Social Media
891,Other,66+,Julieton,Portugal,Regular,Paid Ads
892,Male,66+,West Scott,France,VIP,Paid Ads
893,Male,46-55,Port Danielle,Portugal,VIP,Social Media
894,Male,26-35,West David,Poland,Regular,Social Media
895,Female,66+,New James,Germany,Regular,Organic Search
896,Female,56-65,West Jasminehaven,Germany,VIP,Email
897,Female,46-55,Rogerston,Austria,Regular,Email
898,Other,36-45,Samanthahaven,Italy,Regular,Paid Ads
899,Other,26-35,Jacksonton,Spain,Regular,Email
900,Female,26-35,Vargasburgh,Italy,Regular,Social Media
901,Female,26-35,Jessicaport,Italy,Regular,Email
902,Other,66+,Mcmahonchester,Spain,VIP,Social Media
903,Other,56-65,North Shannonchester,Italy,Regular,Paid Ads
904,Other,36-45,East Regina,Lithuania,Regular,Organic Search
905,Other,66+,West Brett,Italy,Regular,Email
906,Female,56-65,Kelseymouth,Hungary,Regular,Referral
907,Female,66+,North Keithside,Spain,VIP,Email
908,Male,26-35,Benjaminport,Germany,Regular,Email
909,Other,18-25,Olsonberg,Spain,Regular,Paid Ads
910,Female,18-25,New Suzanneside,Romania,Regular,Referral
911,Male,66+,Joshuahaven,Netherlands,Regular,Organic Search
912,Female,18-25,Kylemouth,Spain,VIP,Organic Search
913,Female,56-65,South Shannon,France,VIP,Paid Ads
914,Female,46-55,Port Jamieland,Finland,Regular,Referral
915,Male,46-55,North Brenda,Italy,Regular,Email
916,Other,56-65,Flemingstad,Germany,VIP,Email
917,Male,36-45,East Williamport,Germany,Regular,Organic Search
918,Other,36-45,New Jeffreybury,France,Regular,Social Media
919,Female,46-55,Valerieport,Czech Republic,Regular,Organic Search
920,Other,26-35,Port Elizabethfort,Spain,VIP,Referral
921,Other,36-45,Port Kaylaton,Sweden,Regular,Paid Ads
922,Other,66+,East Maryfurt,France,Regular,Organic Search
923,Other,26-35,Robertshire,Poland,VIP,Organic Search
924,Female,56-65,Angelicaburgh,Poland,Regular,Organic Search
925,Other,66+,Williamfurt,France,Regular,Social Media
926,Other,56-65,West Carmenview,France,VIP,Paid Ads
927,Female,26-35,Rayberg,France,VIP,Email
928,Other,46-55,Jeffreyport,Austria,Regular,Organic Search
929,Male,36-45,New Garyside,France,VIP,Email
930,Female,36-45,Maxwellfort,Spain,VIP,Paid Ads
931,Other,18-25,Lake Holly,Germany,Regular,Social Media
932,Female,56-65,New Jennifer,Spain,Regular,Email
933,Other,36-45,North Susan,Germany,Regular,Referral
934,Female,26-35,East Melanie,Germany,Regular,Referral
935,Female,26-35,Jamesmouth,France,Regular,Social Media
936,Female,46-55,Ellenfurt,Romania,Regular,Social Media
937,Male,26-35,North Matthewview,Spain,Regular,Organic Search
938,Male,56-65,Nguyenside,Austria,VIP,Organic Search
939,Male,56-65,Torresmouth,Greece,Regular,Email
940,Other,26-35,Bonnieberg,Poland,Regular,Email
941,Other,46-55,Steveton,France,Regular,Paid Ads
942,Male,56-65,East David,Italy,Regular,Social Media
943,Other,56-65,Christopherland,Germany,VIP,Social Media
944,Other,26-35,Christopherfort,Spain,Regular,Email
945,Other,26-35,North Brandyton,Belgium,Regular,Paid Ads
946,Other,66+,Patrickville,Poland,Regular,Paid Ads
947,Female,36-45,Richmondborough,Portugal,VIP,Referral
948,Female,36-45,Gloriamouth,France,Regular,Paid Ads
949,Female,46-55,North William,Spain,Regular,Referral
950,Male,66+,West Maryfurt,Denmark,Regular,Email
951,Female,66+,Bryantborough,Netherlands,Regular,Email
952,Female,66+,South Cindyberg,Poland,Regular,Email
953,Male,56-65,West Mary,Netherlands,Regular,Paid Ads
954,Female,36-45,Diazbury,Spain,Regular,Referral
955,Male,56-65,South Christine,Denmark,Regular,Referral
956,Male,56-65,North Stevenville,Germany,Regular,Paid Ads
957,Male,36-45,West Michael,Germany,Regular,Organic Search
958,Female,36-45,Lake Brent,Netherlands,Regular,Referral
959,Female,26-35,Lake Jamesview,Belgium,Regular,Referral
960,Male,26-35,New Jacqueline,Germany,Regular,Paid Ads
961,Other,18-25,South Joseph,Germany,Regular,Paid Ads
962,Female,26-35,West Melissaborough,Germany,Regular,Referral
963,Other,66+,Lake Arthur,Poland,VIP,Social Media
964,Male,46-55,Caitlinmouth,Ireland,Regular,Referral
965,Male,26-35,Clarkburgh,Romania,Regular,Email
966,Other,26-35,New Jessebury,Germany,Regular,Email
967,Other,66+,North Kim,France,Regular,Referral
968,Male,26-35,Smallfurt,Poland,Regular,Paid Ads
969,Male,56-65,Christopherhaven,Germany,Regular,Email
970,Male,56-65,West David,Belgium,VIP,Referral
971,Other,18-25,Port Kaylaport,Finland,Regular,Email
972,Male,18-25,Deleonhaven,Spain,Regular,Paid Ads
973,Other,18-25,Billymouth,Finland,Regular,Referral
974,Female,18-25,Deborahfort,Spain,Regular,Referral
975,Female,46-55,Port Jamesshire,France,Regular,Email
976,Male,36-45,Garzastad,Germany,Regular,Paid Ads
977,Male,36-45,Jonesbury,Finland,Regular,Email
978,Male,18-25,Danielmouth,Italy,Regular,Organic Search
979,Male,56-65,South Megantown,Poland,VIP,Paid Ads
980,Female,46-55,South Frank,Belgium,Regular,Paid Ads
981,Other,36-45,South Michael,Italy,Regular,Email
982,Female,56-65,Josephfort,Italy,Regular,Referral
983,Female,56-65,Thomasfurt,Portugal,Regular,Referral
984,Other,56-65,North Rodney,France,Regular,Social Media
985,Other,46-55,Tonyashire,Poland,Regular,Organic Search
986,Female,66+,Edwardborough,Portugal,Regular,Organic Search
987,Female,36-45,North Joel,France,Regular,Email
988,Other,18-25,West Hannah,Belgium,VIP,Organic Search
989,Male,46-55,Seanstad,Sweden,Regular,Referral
990,Female,26-35,Lynchchester,Germany,Regular,Email
991,Female,46-55,Stephanieport,Germany,Regular,Email
992,Other,18-25,Stoneshire,France,Regular,Paid Ads
993,Female,18-25,West Donnahaven,Netherlands,Regular,Email
994,Male,56-65,Bowmanside,France,Regular,Paid Ads
995,Other,18-25,North Tamara,Poland,Regular,Organic Search
996,Male,36-45,Robinsonborough,Estonia,Regular,Social Media
997,Female,56-65,Laurashire,Netherlands,Regular,Organic Search
998,Male,18-25,Port Christopherfurt,Portugal,Regular,Email
999,Female,36-45,Derrickfurt,Finland,Regular,Social Media
1000,Male,46-55,South Pamelafurt,France,Regular,Email
1001,Male,46-55,North Amystad,Germany,Regular,Email
1002,Female,36-45,East Amandashire,Germany,Regular,Email
1003,Other,56-65,Tracybury,Croatia,Regular,Referral
1004,Other,46-55,North Billyside,Slovenia,Regular,Social Media
1005,Female,66+,Arellanoburgh,Lithuania,Regular,Email
1006,Female,18-25,New Cynthiafort,Romania,Regular,Referral
1007,Male,66+,Karenchester,Netherlands,Regular,Social Media
1008,Female,56-65,West Sarah,Italy,Regular,Social Media
1009,Male,46-55,Clineview,France,Regular,Social Media
1010,Male,46-55,Harringtonberg,Germany,Regular,Paid Ads
1011,Female,26-35,Glasston,Denmark,Regular,Paid Ads
1012,Male,26-35,Amytown,Spain,Regular,Social Media
1013,Male,26-35,Christinechester,France,Regular,Social Media
1014,Male,18-25,East Cynthiaview,Germany,Regular,Referral
1015,Other,18-25,Munozview,Poland,Regular,Social Media
1016,Female,56-65,Lake Markland,Poland,Regular,Referral
1017,Other,36-45,South James,France,Regular,Email
1018,Other,46-55,West Melissa,Germany,Regular,Email
1019,Female,46-55,Richardsonland,Germany,Regular,Paid Ads
1020,Male,66+,Saraland,Spain,Regular,Social Media
1021,Male,66+,North Shawnshire,Belgium,Regular,Email
1022,Female,56-65,Chambersville,Germany,Regular,Paid Ads
1023,Male,36-45,Lake Danielshire,Spain,Regular,Email
1024,Male,46-55,New Scott,Italy,Regular,Referral
1025,Female,36-45,West Natashaland,Belgium,Regular,Social Media
1026,Other,26-35,Christopherberg,Italy,Regular,Paid Ads
1027,Other,36-45,East Annetteville,Sweden,Regular,Email
1028,Female,26-35,Lake Natashaside,Italy,VIP,Paid Ads
1029,Male,26-35,South Daniel,Spain,Regular,Paid Ads
1030,Other,56-65,Kimberlyberg,Bulgaria,Regular,Social Media
1031,Female,36-45,East Chad,Czech Republic,Regular,Email
1032,Male,66+,East Bridget,Germany,VIP,Paid Ads
1033,Female,66+,Michaelbury,Sweden,VIP,Social Media
1034,Female,56-65,Robinsonview,France,Regular,Social Media
1035,Female,18-25,East Cherylborough,Italy,Regular,Email
1036,Other,66+,Lake Matthew,France,Regular,Paid Ads
1037,Female,36-45,New Candicefurt,Cyprus,Regular,Email
1038,Other,46-55,Rachelchester,Spain,Regular,Referral
1039,Female,66+,Mathisport,Poland,Regular,Paid Ads
1040,Female,46-55,Jonesville,Netherlands,Regular,Email
1041,Male,18-25,Shawnburgh,Italy,VIP,Paid Ads
1042,Other,36-45,Ryanmouth,France,Regular,Email
1043,Female,46-55,South Andrewstad,Netherlands,Regular,Social Media
1044,Other,46-55,Clarkfort,Portugal,Regular,Paid Ads
1045,Male,66+,Kimberlychester,Austria,Regular,Social Media
1046,Other,66+,New Michele,Ireland,VIP,Paid Ads
1047,Male,18-25,East Debra,Italy,Regular,Referral
1048,Male,46-55,Spenceburgh,Spain,Regular,Organic Search
1049,Other,26-35,Lake Carl,Germany,VIP,Referral
1050,Male,66+,Crystalville,France,Regular,Paid Ads
1051,Male,18-25,North Alexanderfort,Germany,VIP,Social Media
1052,Female,46-55,East Kimberlyview,Romania,Regular,Email
1053,Other,46-55,Port Veronica,Ireland,VIP,Email
1054,Other,46-55,Costatown,Germany,Regular,Email
1055,Other,66+,Port Kathyport,Italy,Regular,Social Media
1056,Male,18-25,Lake Michellefurt,Spain,Regular,Social Media
1057,Male,36-45,North Antonio,Italy,VIP,Email
1058,Male,36-45,West Kellyfurt,Sweden,Regular,Email
1059,Female,46-55,Seanhaven,Germany,Regular,Referral
1060,Other,26-35,Port William,Sweden,Regular,Email
1061,Female,56-65,North Pamelaton,Italy,Regular,Paid Ads
1062,Other,66+,Sarahberg,Germany,Regular,Referral
1063,Male,46-55,East James,France,Regular,Email
1064,Other,66+,Port Stephanie,Czech Republic,Regular,Social Media
1065,Other,36-45,Paynechester,Netherlands,Regular,Organic Search
1066,Female,18-25,Lake Richardbury,France,Regular,Email
1067,Other,56-65,South Danielle,Italy,Regular,Social Media
1068,Male,56-65,Bakerberg,Germany,VIP,Organic Search
1069,Male,66+,Marystad,France,Regular,Organic Search
1070,Male,18-25,West Amyhaven,France,Regular,Social Media
1071,Female,36-45,Kimhaven,Italy,Regular,Organic Search
1072,Male,18-25,South Patriciaborough,Italy,Regular,Referral
1073,Female,26-35,Louisshire,Germany,VIP,Social Media
1074,Male,18-25,Matthewshire,Sweden,Regular,Paid Ads
1075,Female,26-35,New Nicholas,Italy,Regular,Organic Search
1076,Other,18-25,East Rachelhaven,France,Regular,Paid Ads
1077,Other,36-45,Lake Tammyport,Spain,Regular,Paid Ads
1078,Male,66+,Lake Jeremyside,Poland,Regular,Email
1079,Female,66+,Chambersburgh,Germany,Regular,Social Media
1080,Other,26-35,South Curtis,Denmark,Regular,Paid Ads
1081,Female,18-25,Johntown,Netherlands,VIP,Social Media
1082,Female,26-35,Martinside,Poland,VIP,Organic Search
1083,Other,46-55,Barbaraburgh,Poland,Regular,Paid Ads
1084,Male,26-35,Amandabury,Italy,VIP,Organic Search
1085,Female,66+,Murphyhaven,Belgium,VIP,Social Media
1086,Other,56-65,East Craigport,Netherlands,Regular,Paid Ads
1087,Female,56-65,West Kimberlyfort,Spain,Regular,Social Media
1088,Female,66+,Christopherside,Sweden,VIP,Referral
1089,Male,36-45,East Jennifer,Italy,Regular,Referral
1090,Other,36-45,Lisaville,Greece,Regular,Referral
1091,Male,56-65,Jasonstad,France,Regular,Referral
1092,Other,56-65,Monicaport,France,VIP,Email
1093,Female,36-45,Sarahberg,Germany,Regular,Referral
1094,Other,56-65,West Brookeborough,Germany,Regular,Paid Ads
1095,Other,36-45,Martinezbury,Denmark,Regular,Paid Ads
1096,Male,66+,Port Brianhaven,France,Regular,Referral
1097,Other,46-55,North Daniel,France,Regular,Paid Ads
1098,Female,46-55,North Jamesbury,Poland,Regular,Organic Search
1099,Other,18-25,West Steventown,Germany,VIP,Paid Ads
1100,Male,26-35,North Ebony,France,VIP,Paid Ads
1101,Other,66+,New Susan,Germany,Regular,Referral
1102,Other,56-65,New Kimberlyberg,Spain,Regular,Social Media
1103,Other,18-25,Port Darrenshire,France,VIP,Paid Ads
1104,Male,46-55,Bryanthaven,Netherlands,Regular,Organic Search
1105,Other,46-55,Haneyburgh,Italy,Regular,Organic Search
1106,Female,56-65,Port Evelyn,Hungary,VIP,Organic Search
1107,Male,26-35,Bellview,Hungary,Regular,Organic Search
1108,Male,56-65,South Royborough,Germany,Regular,Paid Ads
1109,Male,56-65,Johnhaven,Spain,Regular,Paid Ads
1110,Other,46-55,East Diana,Poland,Regular,Email
1111,Female,66+,Port Michaelberg,Italy,Regular,Organic Search
1112,Male,56-65,East Craig,Germany,Regular,Social Media
1113,Other,56-65,New Sarahberg,Netherlands,Regular,Social Media
1114,Other,36-45,Murphyfort,Finland,Regular,Referral
1115,Female,66+,New Zachary,Czech Republic,Regular,Paid Ads
1116,Male,46-55,West Andreatown,Poland,Regular,Social Media
1117,Female,46-55,Jamesstad,Italy,Regular,Organic Search
1118,Female,56-65,New Nataliechester,Greece,VIP,Paid Ads
1119,Female,18-25,New Jamesshire,Bulgaria,Regular,Paid Ads
1120,Female,18-25,Nelsonview,France,Regular,Social Media
1121,Other,56-65,East Larrytown,Slovakia,Regular,Email
1122,Male,46-55,Taylorhaven,Germany,Regular,Paid Ads
1123,Other,26-35,South Vicki,France,Regular,Social Media
1124,Female,56-65,Grahamborough,Germany,Regular,Organic Search
1125,Female,26-35,New Darren,Greece,Regular,Email
1126,Male,56-65,East Thomas,Hungary,Regular,Organic Search
1127,Other,46-55,Port Ashley,Portugal,VIP,Organic Search
1128,Female,36-45,Markview,Slovakia,Regular,Referral
1129,Male,26-35,Adrianbury,Italy,Regular,Email
1130,Other,66+,Lisaland,Slovakia,Regular,Social Media
1131,Female,56-65,North Tracy,Spain,Regular,Social Media
1132,Male,26-35,East Heathermouth,Spain,VIP,Referral
1133,Other,56-65,Nguyenmouth,Latvia,Regular,Paid Ads
1134,Female,26-35,North Kevin,Italy,VIP,Organic Search
1135,Other,18-25,New Dustinside,Spain,Regular,Social Media
1136,Other,46-55,East Antoniofurt,Germany,Regular,Paid Ads
1137,Female,56-65,South Julia,Czech Republic,VIP,Referral
1138,Male,56-65,West Sandra,Netherlands,Regular,Email
1139,Male,36-45,Port Ronaldstad,France,Regular,Social Media
1140,Other,18-25,Emilyborough,Belgium,VIP,Referral
1141,Female,26-35,Whitetown,Italy,Regular,Email
1142,Female,26-35,Heatherburgh,Netherlands,Regular,Email
1143,Female,56-65,Brownborough,Hungary,VIP,Organic Search
1144,Male,26-35,New Charleshaven,Slovakia,Regular,Paid Ads
1145,Male,18-25,West Rebeccachester,Portugal,Regular,Paid Ads
1146,Male,36-45,Evansland,Croatia,VIP,Organic Search
1147,Female,18-25,Lake Christineburgh,France,Regular,Email
1148,Other,56-65,Sarahland,France,Regular,Email
1149,Other,26-35,Vasquezview,Spain,Regular,Organic Search
1150,Other,56-65,Davidburgh,Italy,VIP,Paid Ads
1151,Male,66+,Robertsshire,Germany,Regular,Organic Search
1152,Male,18-25,Port Dawnland,Spain,Regular,Social Media
1153,Other,36-45,West Jamie,Netherlands,Regular,Organic Search
1154,Other,46-55,New Francisco,France,Regular,Referral
1155,Other,18-25,Janetchester,Spain,Regular,Referral
1156,Other,18-25,North Jimmyside,Romania,VIP,Email
1157,Other,66+,South Julie,Slovenia,VIP,Paid Ads
1158,Female,36-45,New Chad,Slovakia,Regular,Paid Ads
1159,Other,36-45,Millermouth,Germany,Regular,Social Media
1160,Other,36-45,New Katie,France,Regular,Social Media
1161,Male,56-65,Lake Amanda,Denmark,Regular,Paid Ads
1162,Female,66+,Taylorside,Germany,VIP,Referral
1163,Other,56-65,North Tannerburgh,Spain,Regular,Paid Ads
1164,Other,26-35,South Stephanie,Italy,Regular,Social Media
1165,Female,46-55,Royport,Finland,Regular,Paid Ads
1166,Other,56-65,Destinyton,Netherlands,Regular,Paid Ads
1167,Female,66+,Ronaldton,Romania,Regular,Email
1168,Female,26-35,Christophermouth,Finland,Regular,Email
1169,Female,18-25,Zoeville,Finland,Regular,Organic Search
1170,Male,66+,Kimberlyville,France,VIP,Social Media
1171,Female,46-55,Lindaburgh,Denmark,Regular,Social Media
1172,Male,18-25,Wilsonbury,Germany,VIP,Organic Search
1173,Other,56-65,West Christopherhaven,Czech Republic,Regular,Email
1174,Other,26-35,Marthaview,Poland,Regular,Organic Search
1175,Other,46-55,Cathyhaven,Italy,VIP,Email
1176,Other,36-45,Danielchester,Spain,VIP,Referral
1177,Male,26-35,Deborahside,Spain,VIP,Organic Search
1178,Male,36-45,Jacobsshire,Italy,Regular,Paid Ads
1179,Male,26-35,Lake Laura,Portugal,VIP,Referral
1180,Female,66+,Danielleville,Romania,Regular,Referral
1181,Female,46-55,Woodsstad,Denmark,Regular,Email
1182,Female,66+,Bradleychester,Portugal,Regular,Email
1183,Other,56-65,North Adrian,Ireland,Regular,Organic Search
1184,Female,46-55,Scottport,Spain,Regular,Organic Search
1185,Male,56-65,Port Laurie,Romania,Regular,Organic Search
1186,Other,66+,Port Erin,Poland,Regular,Paid Ads
1187,Female,36-45,New Jeremyhaven,France,Regular,Social Media
1188,Female,36-45,Caseymouth,Spain,Regular,Organic Search
1189,Male,46-55,East Daniel,Belgium,Regular,Referral
1190,Other,18-25,Lake Franklinmouth,Germany,VIP,Email
1191,Other,56-65,Hollandtown,Ireland,VIP,Referral
1192,Male,26-35,East Carlosberg,France,Regular,Paid Ads
1193,Male,36-45,Ginachester,Denmark,Regular,Paid Ads
1194,Male,18-25,Kellerhaven,Greece,VIP,Referral
1195,Male,56-65,Baileyshire,Netherlands,Regular,Email
1196,Male,46-55,Port Staceyshire,Poland,Regular,Organic Search
1197,Female,56-65,Port Kevinfort,Czech Republic,Regular,Paid Ads
1198,Male,26-35,Elizabethland,Germany,Regular,Organic Search
1199,Female,66+,East Daniel,Italy,Regular,Referral
1200,Male,18-25,Danielsstad,France,Regular,Paid Ads
1201,Female,18-25,Farmerberg,Germany,Regular,Referral
1202,Male,56-65,Port Jared,Spain,Regular,Paid Ads
1203,Other,46-55,New Roychester,France,Regular,Referral
1204,Other,18-25,Kimberlybury,Germany,Regular,Email
1205,Other,56-65,Phillipton,France,Regular,Paid Ads
1206,Male,18-25,Hansonside,Germany,Regular,Organic Search
1207,Male,66+,Gordonborough,Germany,Regular,Email
1208,Male,18-25,Williamsonburgh,France,VIP,Paid Ads
1209,Female,56-65,Port Ashleyberg,Germany,Regular,Email
1210,Other,26-35,Lake Katherine,Poland,Regular,Email
1211,Male,18-25,North Jessica,Italy,Regular,Social Media
1212,Female,18-25,Kaylaland,Italy,Regular,Email
1213,Female,26-35,East Amber,Germany,VIP,Social Media
1214,Female,56-65,Nicholasside,Italy,Regular,Paid Ads
1215,Male,56-65,Aliciabury,Poland,Regular,Email
1216,Female,66+,Blakeburgh,Bulgaria,Regular,Social Media
1217,Female,36-45,North Jamie,Italy,Regular,Email
1218,Male,56-65,Zavalaburgh,Italy,Regular,Email
1219,Female,46-55,Johnsonside,Greece,Regular,Email
1220,Female,26-35,Debrabury,France,VIP,Organic Search
1221,Male,66+,Stephenmouth,Spain,Regular,Email
1222,Female,18-25,North Ryan,Bulgaria,Regular,Email
1223,Male,18-25,Ashleyland,Sweden,Regular,Social Media
1224,Male,36-45,West Rebecca,France,Regular,Email
1225,Male,18-25,Doughertyfurt,France,Regular,Social Media
1226,Other,56-65,Stephaniechester,Italy,Regular,Paid Ads
1227,Female,66+,South Ronald,France,Regular,Referral
1228,Other,26-35,North Johnside,Sweden,Regular,Referral
1229,Other,36-45,West Amandaside,Denmark,Regular,Referral
1230,Male,56-65,West Wesley,Slovakia,Regular,Social Media
1231,Male,26-35,New Kathleen,Poland,Regular,Social Media
1232,Female,18-25,Grimesburgh,Sweden,Regular,Social Media
1233,Female,46-55,Gonzalezfurt,Austria,Regular,Paid Ads
1234,Female,26-35,South David,Poland,Regular,Social Media
1235,Female,66+,Marymouth,Greece,VIP,Referral
1236,Male,36-45,East Michaeltown,Germany,Regular,Social Media
1237,Female,26-35,Phillipsberg,France,VIP,Organic Search
1238,Male,46-55,Port Caleb,Czech Republic,Regular,Referral
1239,Male,26-35,Snyderchester,Finland,Regular,Referral
1240,Other,36-45,Clarkport,Portugal,Regular,Paid Ads
1241,Male,56-65,Grantbury,Czech Republic,Regular,Paid Ads
1242,Male,46-55,Lake Michael,France,Regular,Email
1243,Female,18-25,Davidton,Germany,Regular,Email
1244,Female,46-55,Gilbertville,Romania,Regular,Organic Search
1245,Other,66+,West Williamside,Spain,Regular,Email
1246,Other,26-35,Port Andrewside,Portugal,Regular,Paid Ads
1247,Other,36-45,East Hannah,France,Regular,Organic Search
1248,Male,36-45,Parkerview,France,VIP,Email
1249,Male,26-35,Port Biancabury,Poland,Regular,Email
1250,Male,66+,Stacybury,France,Regular,Email
1251,Male,36-45,South Mary,France,Regular,Social Media
1252,Male,26-35,North Sandra,Spain,VIP,Organic Search
1253,Male,18-25,New Ryanborough,Germany,Regular,Paid Ads
1254,Other,66+,Lake Douglasview,Greece,Regular,Referral
1255,Female,36-45,New Jason,Poland,Regular,Email
1256,Female,56-65,Oliverside,Germany,VIP,Referral
1257,Female,66+,Fordburgh,Germany,Regular,Referral
1258,Male,26-35,North Mirandafurt,Spain,Regular,Email
1259,Female,46-55,South Victor,France,VIP,Social Media
1260,Female,46-55,New Christopher,Czech Republic,Regular,Organic Search
1261,Female,46-55,North Danny,Spain,Regular,Paid Ads
1262,Female,56-65,Port Randy,France,Regular,Email
1263,Other,18-25,Hannahchester,Germany,Regular,Organic Search
1264,Other,46-55,North Angel,Sweden,Regular,Referral
1265,Male,56-65,East Nicolefort,France,VIP,Referral
1266,Female,26-35,Myersville,Italy,Regular,Email
1267,Female,56-65,Tinamouth,Italy,Regular,Email
1268,Male,66+,Jennifermouth,Belgium,Regular,Email
1269,Male,56-65,South James,Hungary,Regular,Social Media
1270,Female,26-35,Maryfurt,Poland,Regular,Referral
1271,Male,66+,Bryanland,Germany,Regular,Referral
1272,Other,66+,Lake Stacy,Italy,VIP,Paid Ads
1273,Other,66+,North Angela,Sweden,Regular,Paid Ads
1274,Female,56-65,Lake Traceyborough,Netherlands,Regular,Email
1275,Male,26-35,Scottfurt,Poland,Regular,Social Media
1276,Other,36-45,North Pamela,France,Regular,Referral
1277,Female,18-25,Catherinefurt,Greece,Regular,Email
1278,Female,26-35,Richardsonborough,Bulgaria,Regular,Organic Search
1279,Other,18-25,North Amandamouth,Italy,VIP,Email
1280,Female,18-25,North Mandyfort,Hungary,Regular,Organic Search
1281,Other,56-65,East Valerietown,France,Regular,Social Media
1282,Female,46-55,Gomezchester,Greece,Regular,Paid Ads
1283,Female,26-35,Andrewstad,Netherlands,VIP,Referral
1284,Female,46-55,West Jaredborough,Austria,VIP,Paid Ads
1285,Male,66+,Kennedyport,Germany,VIP,Referral
1286,Male,18-25,Lake Crystalville,Netherlands,VIP,Referral
1287,Other,56-65,Charlesfurt,Romania,Regular,Email
1288,Other,46-55,Port Mike,France,Regular,Referral
1289,Male,26-35,Jeffside,Italy,Regular,Organic Search
1290,Other,26-35,North Julia,Poland,Regular,Social Media
1291,Other,56-65,Laurenville,Italy,Regular,Organic Search
1292,Other,36-45,Beckyland,Poland,VIP,Referral
1293,Male,26-35,North Rachelborough,Lithuania,Regular,Email
1294,Female,46-55,Molinamouth,Luxembourg,Regular,Email
1295,Male,26-35,Lake John,Denmark,Regular,Organic Search
1296,Other,56-65,Stephenstad,Belgium,Regular,Organic Search
1297,Other,18-25,Ryanside,Finland,Regular,Email
1298,Other,66+,West Debra,Finland,Regular,Social Media
1299,Female,36-45,Fowlerhaven,Lithuania,VIP,Email
1300,Other,56-65,North Adriennechester,Portugal,Regular,Referral
1301,Other,18-25,Christinebury,Poland,Regular,Social Media
1302,Other,18-25,Mcknightburgh,Sweden,Regular,Organic Search
1303,Male,36-45,Harrisonchester,Germany,Regular,Email
1304,Female,18-25,West Markville,France,Regular,Email
1305,Other,66+,Kellyside,Germany,VIP,Referral
1306,Male,36-45,East Michaelton,Italy,Regular,Paid Ads
1307,Other,18-25,East Julia,Spain,Regular,Organic Search
1308,Other,26-35,Lake Richard,Slovenia,Regular,Referral
1309,Male,66+,Lake Anne,Czech Republic,Regular,Paid Ads
1310,Other,36-45,Barrychester,France,VIP,Social Media
1311,Male,18-25,West Christina,Portugal,VIP,Referral
1312,Female,66+,North Brianside,Spain,Regular,Email
1313,Other,66+,Maureenside,France,Regular,Social Media
1314,Female,18-25,Staceyberg,Germany,Regular,Referral
1315,Female,56-65,Stephaniechester,Italy,Regular,Organic Search
1316,Other,66+,Marieburgh,Germany,Regular,Referral
1317,Other,36-45,Port Stephenfort,Poland,Regular,Social Media
1318,Female,66+,Port Austin,Sweden,Regular,Referral
1319,Other,26-35,Ericview,Czech Republic,Regular,Email
1320,Other,36-45,Alexanderport,Czech Republic,Regular,Paid Ads
1321,Male,66+,North Timothystad,France,VIP,Organic Search
1322,Male,56-65,East Corychester,Germany,VIP,Referral
1323,Other,36-45,Lake Alexander,Italy,Regular,Organic Search
1324,Male,18-25,Port Andrew,Germany,Regular,Paid Ads
1325,Other,18-25,Lake Jamesfurt,Croatia,Regular,Organic Search
1326,Other,26-35,New Kevinstad,Germany,Regular,Email
1327,Male,18-25,Alexandrachester,Sweden,Regular,Social Media
1328,Other,18-25,South Hannahchester,France,Regular,Social Media
1329,Other,66+,Pamelastad,Czech Republic,Regular,Social Media
1330,Male,36-45,Yorkville,France,Regular,Referral
1331,Male,36-45,North Sarah,Italy,Regular,Social Media
1332,Male,46-55,Burtonland,France,Regular,Paid Ads
1333,Male,66+,New Thomas,Poland,Regular,Paid Ads
1334,Female,26-35,West Stephenberg,Spain,Regular,Organic Search
1335,Other,36-45,West James,Finland,VIP,Organic Search
1336,Other,36-45,Heidiburgh,Germany,Regular,Organic Search
1337,Male,66+,Davidport,Denmark,Regular,Organic Search
1338,Female,26-35,Marymouth,Netherlands,Regular,Referral
1339,Other,66+,Lake Jose,Poland,Regular,Referral
1340,Female,66+,Justinbury,Spain,Regular,Organic Search
1341,Male,46-55,East Victor,Spain,Regular,Referral
1342,Other,36-45,Lopezside,Germany,Regular,Social Media
1343,Other,66+,Masonside,Italy,VIP,Email
1344,Female,18-25,Alvaradochester,Austria,Regular,Social Media
1345,Male,56-65,Williamshire,Netherlands,VIP,Referral
1346,Female,66+,South Angeltown,Netherlands,Regular,Organic Search
1347,Female,46-55,Roberttown,Poland,VIP,Referral
1348,Male,18-25,South Erin,Portugal,VIP,Email
1349,Female,18-25,Janetchester,France,Regular,Social Media
1350,Female,18-25,Scottfort,Spain,VIP,Organic Search
1351,Other,18-25,Andrewmouth,Italy,Regular,Paid Ads
1352,Other,56-65,Port Tracey,Sweden,Regular,Email
1353,Other,26-35,Zhangchester,Germany,Regular,Organic Search
1354,Female,66+,Beckerbury,Portugal,VIP,Email
1355,Other,66+,Lindseyberg,Germany,VIP,Paid Ads
1356,Female,18-25,South Elizabethtown,Netherlands,Regular,Paid Ads
1357,Male,18-25,Fisherbury,Hungary,VIP,Email
1358,Male,18-25,Brownburgh,Sweden,Regular,Referral
1359,Other,66+,Perkinsview,Italy,Regular,Organic Search
1360,Other,56-65,Collierton,Estonia,VIP,Paid Ads
1361,Other,26-35,Lake Barbara,Czech Republic,Regular,Organic Search
1362,Female,26-35,Franklinville,France,Regular,Email
1363,Male,56-65,North Christophermouth,Germany,VIP,Organic Search
1364,Other,56-65,Brentmouth,Sweden,Regular,Paid Ads
1365,Female,18-25,South Jamesmouth,Germany,VIP,Paid Ads
1366,Other,66+,East Christopher,Slovakia,Regular,Social Media
1367,Female,66+,Thomasborough,Italy,VIP,Paid Ads
1368,Other,46-55,Juliaberg,Netherlands,Regular,Paid Ads
1369,Male,56-65,Port Kathleen,Poland,VIP,Referral
1370,Male,66+,Youngtown,Poland,Regular,Social Media
1371,Male,56-65,Halltown,Italy,Regular,Organic Search
1372,Male,56-65,Stevensville,Bulgaria,Regular,Email
1373,Female,66+,South Sharonfort,Spain,Regular,Social Media
1374,Male,26-35,Johnton,Germany,Regular,Referral
1375,Male,66+,Williamsstad,Spain,Regular,Organic Search
1376,Female,26-35,Julieside,Netherlands,Regular,Social Media
1377,Female,18-25,North Allison,Poland,VIP,Organic Search
1378,Male,26-35,Snowport,Slovakia,Regular,Referral
1379,Male,26-35,Lake Matthewport,Spain,Regular,Email
1380,Female,26-35,Carrfort,Poland,Regular,Social Media
1381,Male,36-45,Ashleyburgh,France,Regular,Paid Ads
1382,Male,46-55,New Rodneychester,Portugal,Regular,Organic Search
1383,Female,18-25,Lake Bobbyfort,Spain,Regular,Paid Ads
1384,Other,46-55,Patricialand,France,VIP,Social Media
1385,Other,26-35,Frederickfurt,Germany,Regular,Social Media
1386,Male,18-25,South Alexis,France,Regular,Organic Search
1387,Male,46-55,West Deborahberg,France,Regular,Paid Ads
1388,Male,36-45,Portershire,Czech Republic,Regular,Email
1389,Other,56-65,Craigville,Finland,Regular,Organic Search
1390,Other,46-55,Lake Jessicaburgh,Italy,Regular,Paid Ads
1391,Female,36-45,Taylorport,Poland,VIP,Referral
1392,Male,26-35,South Jonathanmouth,Portugal,Regular,Email
1393,Other,26-35,Martintown,France,Regular,Organic Search
1394,Male,18-25,Lake Cindy,Italy,Regular,Email
1395,Other,46-55,East Alecmouth,Germany,Regular,Organic Search
1396,Male,18-25,Port Paul,Italy,Regular,Organic Search
1397,Female,26-35,Morristown,Belgium,VIP,Social Media
1398,Male,18-25,East Mike,France,Regular,Social Media
1399,Female,56-65,South James,Germany,Regular,Organic Search
1400,Female,26-35,Kurtborough,Estonia,Regular,Referral
1401,Female,66+,Johnsonburgh,France,Regular,Organic Search
1402,Male,46-55,Watersville,Romania,Regular,Social Media
1403,Female,46-55,Millershire,Spain,Regular,Email
1404,Male,66+,Anthonybury,Spain,VIP,Social Media
1405,Male,56-65,Millermouth,Portugal,Regular,Social Media
1406,Male,46-55,Hansenberg,Denmark,Regular,Email
1407,Female,26-35,Amandamouth,Germany,Regular,Organic Search
1408,Male,26-35,East Jeremy,Poland,Regular,Paid Ads
1409,Other,46-55,Parkerstad,Spain,Regular,Email
1410,Other,26-35,East Nicole,Romania,Regular,Paid Ads
1411,Female,56-65,Hannaport,France,Regular,Social Media
1412,Female,36-45,Gregchester,Germany,Regular,Email
1413,Male,46-55,North Gregory,Spain,Regular,Email
1414,Female,56-65,Williamside,Finland,Regular,Organic Search
1415,Female,18-25,Port Thomastown,France,VIP,Paid Ads
1416,Male,18-25,South Angel,France,VIP,Organic Search
1417,Female,26-35,Port Meganland,Belgium,Regular,Email
1418,Male,36-45,Angelamouth,Croatia,Regular,Email
1419,Female,36-45,Hernandezburgh,Slovakia,Regular,Organic Search
1420,Male,18-25,West Omarborough,France,Regular,Paid Ads
1421,Other,66+,New Tammyhaven,Hungary,Regular,Email
1422,Other,36-45,Karenville,Italy,Regular,Email
1423,Female,46-55,West Lawrence,Austria,Regular,Paid Ads
1424,Female,26-35,Smallville,Denmark,Regular,Paid Ads
1425,Female,18-25,Velazquezfurt,Spain,VIP,Social Media
1426,Male,56-65,West Lindaside,Spain,Regular,Email
1427,Male,66+,South Ronald,France,Regular,Paid Ads
1428,Male,18-25,East Vincentfurt,Germany,Regular,Email
1429,Female,36-45,Port John,Germany,VIP,Email
1430,Other,36-45,North Sandra,Greece,Regular,Paid Ads
1431,Other,26-35,Kendrafurt,Italy,Regular,Organic Search
1432,Female,46-55,New Richard,Slovakia,Regular,Referral
1433,Male,18-25,Lake Cole,Slovakia,Regular,Email
1434,Female,66+,Carolynland,Estonia,Regular,Referral
1435,Other,66+,Davischester,Denmark,VIP,Email
1436,Female,36-45,South Louis,Greece,Regular,Referral
1437,Male,66+,South Mckenzie,Finland,Regular,Social Media
1438,Other,26-35,Thompsonshire,Germany,Regular,Organic Search
1439,Other,66+,West Janetport,Italy,VIP,Email
1440,Female,26-35,Melaniemouth,France,VIP,Email
1441,Other,66+,Christineland,Austria,Regular,Email
1442,Female,36-45,Port Aaron,Italy,Regular,Email
1443,Other,36-45,Justinchester,Ireland,Regular,Referral
1444,Female,18-25,East Kellyfort,Italy,Regular,Social Media
1445,Female,56-65,Munozchester,France,VIP,Referral
1446,Female,46-55,Lake Victoriashire,Portugal,Regular,Referral
1447,Female,26-35,Port Pamela,Greece,Regular,Email
1448,Male,36-45,Darrenshire,Germany,Regular,Email
1449,Male,56-65,West Meghanbury,Bulgaria,Regular,Organic Search
1450,Other,36-45,Wilsonfort,Germany,Regular,Email
1451,Other,26-35,Lake Jennifer,Spain,VIP,Referral
1452,Female,18-25,Brownshire,France,Regular,Social Media
1453,Female,46-55,Bowenberg,Hungary,Regular,Referral
1454,Male,26-35,Robinsonborough,France,Regular,Referral
1455,Other,36-45,West Alexanderchester,Germany,Regular,Referral
1456,Other,26-35,North Dave,Finland,VIP,Social Media
1457,Male,56-65,Gutierrezstad,Spain,Regular,Email
1458,Female,36-45,West Kevin,Spain,Regular,Referral
1459,Male,36-45,Mcmillanfort,Latvia,Regular,Email
1460,Female,26-35,Kimberlyview,Germany,Regular,Paid Ads
1461,Other,26-35,Rodriguezborough,France,Regular,Organic Search
1462,Female,66+,Port Scottside,France,Regular,Social Media
1463,Female,56-65,Flynnside,Germany,Regular,Organic Search
1464,Other,26-35,Adkinsburgh,Spain,Regular,Email
1465,Other,36-45,Lake Patriciaton,Portugal,Regular,Social Media
1466,Other,66+,Nolanshire,France,Regular,Email
1467,Male,18-25,Marvinville,Poland,VIP,Social Media
1468,Female,46-55,Garciafurt,Italy,Regular,Paid Ads
1469,Male,56-65,Bryanmouth,Germany,Regular,Paid Ads
1470,Other,56-65,Port Michaelberg,Sweden,Regular,Email
1471,Other,56-65,Lake Teresa,Austria,Regular,Organic Search
1472,Male,18-25,Marksfurt,Italy,Regular,Organic Search
1473,Female,66+,Jonesstad,Spain,Regular,Referral
1474,Other,56-65,Port Patrick,Denmark,Regular,Social Media
1475,Female,18-25,South Zachary,Germany,Regular,Organic Search
1476,Other,26-35,Woodmouth,France,Regular,Social Media
1477,Male,18-25,West Richardburgh,Germany,Regular,Organic Search
1478,Female,46-55,East Jennifer,Germany,VIP,Organic Search
1479,Other,56-65,Farmerville,Germany,Regular,Referral
1480,Female,18-25,East Kevin,Germany,VIP,Organic Search
1481,Male,56-65,Longchester,Portugal,Regular,Paid Ads
1482,Female,18-25,Davidland,France,VIP,Social Media
1483,Female,36-45,Susanmouth,Croatia,VIP,Email
1484,Other,26-35,Ramirezmouth,Czech Republic,Regular,Organic Search
1485,Other,18-25,Brownfurt,Germany,Regular,Paid Ads
1486,Male,56-65,New Felicia,Lithuania,VIP,Organic Search
1487,Other,66+,Scottbury,Slovakia,Regular,Email
1488,Other,18-25,North Carolynbury,France,VIP,Social Media
1489,Female,26-35,Port Bradleychester,Cyprus,Regular,Referral
1490,Female,18-25,South Robertshire,Germany,Regular,Email
1491,Female,66+,Lake Christine,Germany,Regular,Organic Search
1492,Female,18-25,New Carlos,Germany,Regular,Referral
1493,Female,66+,South Ricardo,Poland,Regular,Referral
1494,Female,36-45,Port Sara,France,Regular,Referral
1495,Male,46-55,South Jasmineshire,France,Regular,Social Media
1496,Other,46-55,Lauraview,France,Regular,Referral
1497,Other,66+,East Julie,Italy,VIP,Paid Ads
1498,Other,56-65,Anthonyberg,Italy,Regular,Paid Ads
1499,Male,36-45,Lake Annport,Germany,Regular,Referral
1500,Female,66+,Gouldton,Germany,Regular,Email
1501,Other,46-55,Hopkinschester,Poland,Regular,Email
1502,Female,56-65,North Jason,Croatia,Regular,Referral
1503,Female,46-55,Lake Lisa,Germany,Regular,Paid Ads
1504,Other,18-25,North Jeffton,Germany,Regular,Referral
1505,Male,46-55,Christinaborough,Belgium,Regular,Social Media
1506,Other,56-65,Lake Sara,Germany,VIP,Organic Search
1507,Other,46-55,New Dawn,Netherlands,Regular,Paid Ads
1508,Female,46-55,Lake Debra,France,Regular,Email
1509,Other,56-65,South Tiffany,Italy,VIP,Organic Search
1510,Male,46-55,Dustinhaven,Bulgaria,Regular,Referral
1511,Male,18-25,Moralesside,Italy,VIP,Social Media
1512,Male,46-55,Port Michaelmouth,Denmark,Regular,Social Media
1513,Female,18-25,West Matthewmouth,Greece,Regular,Referral
1514,Other,56-65,Pattymouth,Netherlands,Regular,Referral
1515,Male,56-65,Stonefort,Poland,VIP,Social Media
1516,Female,56-65,Ramirezshire,Spain,Regular,Social Media
1517,Male,56-65,Hunterberg,France,VIP,Social Media
1518,Other,56-65,East Tyler,Italy,VIP,Social Media
1519,Female,36-45,Nataliemouth,Italy,Regular,Referral
1520,Other,26-35,Martinezview,Italy,Regular,Social Media
1521,Other,18-25,Lake Andrewmouth,Poland,Regular,Organic Search
1522,Male,56-65,South Nicholasbury,Italy,Regular,Referral
1523,Female,56-65,Ellisonfurt,Netherlands,Regular,Referral
1524,Other,46-55,Griffinside,France,Regular,Social Media
1525,Female,36-45,Myersmouth,Italy,Regular,Referral
1526,Other,26-35,North Dalton,Germany,Regular,Email
1527,Other,36-45,Brentport,Sweden,VIP,Social Media
1528,Female,26-35,Stephanieside,Italy,Regular,Organic Search
1529,Other,26-35,Aguilarland,Austria,Regular,Organic Search
1530,Other,46-55,Lisafurt,France,Regular,Email
1531,Male,66+,Martinland,Portugal,Regular,Organic Search
1532,Female,18-25,West Joyce,Poland,Regular,Email
1533,Male,36-45,New Carolyntown,Spain,Regular,Social Media
1534,Female,46-55,Patrickview,Spain,Regular,Social Media
1535,Female,36-45,Perrystad,France,Regular,Referral
1536,Other,26-35,Warrenstad,Belgium,Regular,Email
1537,Other,46-55,North Susanburgh,Romania,Regular,Referral
1538,Other,56-65,East Tylertown,France,Regular,Referral
1539,Other,66+,Scottport,Ireland,VIP,Paid Ads
1540,Male,26-35,South Kimberly,Italy,VIP,Social Media
1541,Female,36-45,Christyland,Austria,Regular,Organic Search
1542,Female,36-45,East Adam,Netherlands,Regular,Paid Ads
1543,Other,26-35,Lake Johnbury,France,Regular,Organic Search
1544,Male,26-35,West Donna,Germany,Regular,Social Media
1545,Other,46-55,Lake Hector,Spain,Regular,Organic Search
1546,Female,26-35,Garyshire,France,VIP,Social Media
1547,Male,66+,East Anthony,Netherlands,Regular,Referral
1548,Male,18-25,West Rebecca,Czech Republic,Regular,Social Media
1549,Female,36-45,Webbmouth,Romania,Regular,Organic Search
1550,Other,26-35,New Alison,Italy,Regular,Email
1551,Male,56-65,New Michelle,Portugal,Regular,Email
1552,Other,36-45,West Coryport,Croatia,Regular,Organic Search
1553,Male,36-45,East Chelsea,France,Regular,Email
1554,Other,66+,Lake Roger,Portugal,Regular,Referral
1555,Male,26-35,New Jeffrey,France,Regular,Social Media
1556,Female,56-65,Matthewland,Italy,VIP,Email
1557,Male,36-45,Trevinostad,Italy,Regular,Referral
1558,Female,26-35,Drakeville,Belgium,Regular,Social Media
1559,Male,66+,Terryburgh,Hungary,Regular,Email
1560,Other,66+,Pughfort,Germany,Regular,Organic Search
1561,Other,26-35,North Kelsey,Belgium,Regular,Referral
1562,Other,36-45,Hardinmouth,France,Regular,Organic Search
1563,Male,46-55,South Darius,Spain,Regular,Referral
1564,Female,36-45,New Donna,Slovakia,VIP,Paid Ads
1565,Male,46-55,South Jose,France,Regular,Referral
1566,Female,18-25,Thomastown,Czech Republic,Regular,Referral
1567,Female,36-45,Jasonshire,Spain,Regular,Organic Search
1568,Other,36-45,West Steve,Hungary,Regular,Social Media
1569,Other,56-65,Chavezshire,Italy,Regular,Referral
1570,Male,66+,Sherylburgh,Belgium,Regular,Referral
1571,Male,18-25,West James,Sweden,Regular,Social Media
1572,Male,18-25,East Megan,France,VIP,Email
1573,Other,26-35,Sharonton,Greece,Regular,Referral
1574,Female,46-55,South Rebeccatown,Sweden,Regular,Paid Ads
1575,Other,56-65,West Jasonchester,France,Regular,Social Media
1576,Female,36-45,Marcuston,France,VIP,Referral
1577,Other,26-35,North Jamie,Ireland,VIP,Organic Search
1578,Other,56-65,New Joelville,Slovakia,Regular,Organic Search
1579,Male,36-45,West David,Latvia,Regular,Paid Ads
1580,Other,46-55,East Stephanie,Germany,Regular,Paid Ads
1581,Female,26-35,West Patriciaport,Germany,Regular,Organic Search
1582,Other,46-55,Mendezport,Germany,Regular,Referral
1583,Female,18-25,North Ann,Hungary,Regular,Paid Ads
1584,Female,36-45,South Tracyland,France,Regular,Referral
1585,Male,56-65,Lake Patriciaton,Germany,Regular,Social Media
1586,Male,46-55,Gonzalezborough,Greece,VIP,Paid Ads
1587,Female,26-35,Lake Dakota,Germany,Regular,Paid Ads
1588,Other,66+,Ochoaton,Italy,Regular,Organic Search
1589,Female,66+,New Michael,Spain,Regular,Paid Ads
1590,Other,46-55,Port Michaelfurt,Greece,Regular,Social Media
1591,Other,18-25,West Mauricefurt,Germany,VIP,Paid Ads
1592,Female,56-65,Port Philip,Spain,Regular,Email
1593,Male,18-25,Connerview,Greece,Regular,Email
1594,Female,66+,Cooperport,Italy,Regular,Email
1595,Male,36-45,East Chelsey,Germany,VIP,Referral
1596,Female,26-35,Port Jacqueline,Slovakia,VIP,Email
1597,Female,18-25,Port Calebmouth,Italy,Regular,Paid Ads
1598,Female,66+,Mayhaven,Spain,Regular,Referral
1599,Female,56-65,Turnerhaven,France,Regular,Social Media
1600,Female,26-35,Codyport,Spain,Regular,Referral
1601,Male,56-65,Harrisburgh,Czech Republic,Regular,Referral
1602,Male,18-25,West Jacquelineview,Germany,Regular,Organic Search
1603,Male,66+,New Marieborough,Spain,Regular,Organic Search
1604,Female,18-25,Michaelburgh,Bulgaria,Regular,Email
1605,Female,18-25,Robertsborough,Spain,Regular,Paid Ads
1606,Male,26-35,New Lisa,Germany,Regular,Paid Ads
1607,Other,56-65,North Matthewmouth,Hungary,Regular,Email
1608,Other,26-35,West Stephaniefort,Denmark,Regular,Organic Search
1609,Other,26-35,Lake Jillian,Spain,Regular,Organic Search
1610,Female,66+,Santosstad,France,VIP,Social Media
1611,Other,66+,Pottershire,Germany,VIP,Social Media
1612,Male,36-45,Joyburgh,Poland,VIP,Organic Search
1613,Other,66+,Anthonymouth,Spain,Regular,Social Media
1614,Male,36-45,West Jason,Poland,Regular,Email
1615,Female,66+,Martinezland,Croatia,Regular,Email
1616,Male,66+,Scottfurt,Germany,Regular,Organic Search
1617,Other,56-65,North Samanthafort,Portugal,Regular,Referral
1618,Male,46-55,New Joshuamouth,France,VIP,Paid Ads
1619,Female,36-45,Stephanieview,Germany,Regular,Paid Ads
1620,Female,46-55,West Gregorychester,Germany,Regular,Social Media
1621,Other,26-35,Burtonton,Finland,Regular,Organic Search
1622,Other,26-35,Riveraside,Hungary,Regular,Referral
1623,Other,56-65,East Lisa,Spain,Regular,Referral
1624,Other,26-35,South Ricky,Sweden,Regular,Referral
1625,Other,36-45,Lake Dawnmouth,Germany,Regular,Paid Ads
1626,Other,26-35,Lake Perry,Netherlands,Regular,Email
1627,Other,18-25,Lake Racheltown,Poland,Regular,Referral
1628,Female,36-45,South Jenniferview,Germany,VIP,Paid Ads
1629,Female,26-35,North Brian,Belgium,Regular,Social Media
1630,Other,18-25,Cindyton,Poland,Regular,Email
1631,Female,46-55,Lake Morganbury,Germany,VIP,Email
1632,Female,36-45,West Robertport,Sweden,Regular,Email
1633,Other,66+,South Kayla,Germany,Regular,Paid Ads
1634,Male,18-25,Matthewview,Austria,Regular,Social Media
1635,Other,46-55,East Erin,France,Regular,Referral
1636,Female,36-45,West Kara,Poland,Regular,Paid Ads
1637,Male,66+,Mckaytown,France,Regular,Social Media
1638,Male,46-55,Buckberg,Romania,Regular,Organic Search
1639,Male,26-35,Lake Shannonton,Italy,Regular,Referral
1640,Other,66+,Alexisburgh,Belgium,Regular,Referral
1641,Other,36-45,Gregoryville,France,Regular,Referral
1642,Male,26-35,South Danny,Sweden,VIP,Paid Ads
1643,Male,66+,Lake Lisa,Germany,Regular,Organic Search
1644,Other,26-35,Griffinland,France,Regular,Referral
1645,Other,26-35,Nicholasville,Austria,VIP,Referral
1646,Female,18-25,Matthewfort,Germany,VIP,Paid Ads
1647,Female,46-55,West Angelaview,Portugal,Regular,Referral
1648,Male,36-45,Katherinemouth,Poland,Regular,Referral
1649,Male,18-25,Timothyborough,Germany,Regular,Referral
1650,Female,66+,East Mark,Cyprus,Regular,Email
1651,Male,46-55,Mollyberg,Bulgaria,Regular,Email
1652,Other,66+,South Gabriel,Poland,Regular,Referral
1653,Male,56-65,West Lindashire,France,VIP,Email
1654,Male,36-45,Ginachester,France,Regular,Referral
1655,Male,46-55,Andradestad,Denmark,Regular,Social Media
1656,Female,18-25,Pattersonberg,Italy,VIP,Paid Ads
1657,Female,26-35,Lake Jessica,Spain,Regular,Email
1658,Female,56-65,Acostaport,Finland,Regular,Referral
1659,Female,66+,Hernandezville,Germany,Regular,Referral
1660,Other,66+,New Marcus,Hungary,Regular,Referral
1661,Male,56-65,Munozmouth,Sweden,Regular,Organic Search
1662,Male,26-35,North Jessebury,Netherlands,VIP,Email
1663,Female,46-55,Lake Christopherland,Spain,Regular,Paid Ads
1664,Male,36-45,West Davidmouth,Poland,Regular,Social Media
1665,Male,56-65,Alexanderhaven,Belgium,VIP,Organic Search
1666,Male,56-65,Nathanshire,Italy,Regular,Email
1667,Female,36-45,Jamesland,France,Regular,Organic Search
1668,Other,36-45,Jamesville,Czech Republic,Regular,Email
1669,Male,66+,South Brian,Poland,VIP,Referral
1670,Male,18-25,South Marthahaven,Sweden,Regular,Email
1671,Male,56-65,Jarvistown,Czech Republic,VIP,Organic Search
1672,Male,26-35,Richardshire,Germany,Regular,Paid Ads
1673,Other,46-55,Jacksonport,Greece,Regular,Referral
1674,Male,26-35,Tiffanyville,Portugal,Regular,Social Media
1675,Male,26-35,New Kyle,Sweden,Regular,Referral
1676,Male,26-35,Markport,Czech Republic,Regular,Referral
1677,Other,26-35,North Kimberlyside,Italy,VIP,Social Media
1678,Female,36-45,Garzaville,Greece,Regular,Paid Ads
1679,Other,46-55,Murphytown,Germany,Regular,Paid Ads
1680,Female,46-55,Lake Jacob,Sweden,Regular,Email
1681,Female,18-25,Paulamouth,Sweden,Regular,Organic Search
1682,Other,18-25,North Jeremychester,Greece,VIP,Social Media
1683,Male,46-55,Jeremyland,Italy,VIP,Organic Search
1684,Other,26-35,West Davidhaven,Netherlands,Regular,Organic Search
1685,Other,66+,Hamiltonborough,Estonia,Regular,Social Media
1686,Other,66+,Gallaghershire,Italy,Regular,Social Media
1687,Female,36-45,Wolfefurt,Greece,VIP,Social Media
1688,Other,26-35,South Meagan,Finland,Regular,Referral
1689,Other,56-65,Brendanton,Netherlands,Regular,Referral
1690,Other,46-55,West Kayla,Belgium,Regular,Social Media
1691,Other,36-45,West Rodneychester,Germany,Regular,Paid Ads
1692,Other,36-45,Barnesburgh,Spain,Regular,Email
1693,Other,36-45,Allenshire,Spain,Regular,Paid Ads
1694,Other,56-65,Jaredfurt,Germany,Regular,Social Media
1695,Other,18-25,Michaelshire,Greece,Regular,Social Media
1696,Other,36-45,Victorshire,France,VIP,Organic Search
1697,Other,66+,North Karenmouth,Italy,VIP,Social Media
1698,Other,56-65,Meghanview,Luxembourg,Regular,Email
1699,Male,36-45,Sarahport,Austria,Regular,Email
1700,Other,46-55,Kristineside,Belgium,Regular,Paid Ads
1701,Other,56-65,North Timothy,Germany,VIP,Social Media
1702,Male,66+,West Alexander,Spain,Regular,Referral
1703,Male,46-55,Rhodesmouth,Germany,Regular,Referral
1704,Male,36-45,Santosfort,France,Regular,Referral
1705,Other,46-55,West Stephen,Poland,Regular,Email
1706,Female,46-55,East Arielmouth,Spain,Regular,Referral
1707,Female,26-35,East Aliciabury,Portugal,VIP,Paid Ads
1708,Female,26-35,Lake Rebeccafort,Spain,Regular,Email
1709,Male,66+,New Davidport,Romania,Regular,Referral
1710,Male,56-65,Garciachester,Germany,Regular,Organic Search
1711,Female,18-25,West Tony,Poland,VIP,Email
1712,Other,26-35,Johnville,France,VIP,Social Media
1713,Female,36-45,Leeton,Bulgaria,Regular,Paid Ads
1714,Other,46-55,West Robin,Germany,VIP,Social Media
1715,Male,26-35,North Lisa,Denmark,Regular,Referral
1716,Other,36-45,Gonzalesland,Germany,VIP,Organic Search
1717,Other,36-45,North Joseph,Italy,Regular,Social Media
1718,Female,66+,South Jasmineville,Czech Republic,Regular,Paid Ads
1719,Other,66+,Gallegosmouth,Czech Republic,Regular,Referral
1720,Male,66+,North Kennethside,Netherlands,Regular,Email
1721,Female,46-55,North Angelaberg,Netherlands,Regular,Referral
1722,Male,66+,Johnathanburgh,Italy,Regular,Social Media
1723,Male,66+,East Matthew,Netherlands,VIP,Social Media
1724,Male,66+,East Jodi,Poland,Regular,Paid Ads
1725,Other,56-65,Michaeltown,Croatia,Regular,Email
1726,Female,56-65,Nicholasburgh,Spain,Regular,Organic Search
1727,Other,26-35,Kaylastad,Netherlands,Regular,Social Media
1728,Male,66+,East Tannerport,Czech Republic,Regular,Email
1729,Other,56-65,Austinstad,Italy,Regular,Email
1730,Male,36-45,East Mark,Germany,Regular,Referral
1731,Other,36-45,Murrayville,Germany,Regular,Organic Search
1732,Male,56-65,West Brady,Germany,VIP,Paid Ads
1733,Male,26-35,Brownhaven,France,Regular,Referral
1734,Male,56-65,Lake Roberthaven,Belgium,Regular,Paid Ads
1735,Male,36-45,New Mark,Germany,Regular,Social Media
1736,Female,36-45,Sanchezstad,Germany,Regular,Organic Search
1737,Male,56-65,East Erika,Germany,Regular,Referral
1738,Other,46-55,New Sydney,Spain,Regular,Social Media
1739,Female,56-65,Millerview,Germany,Regular,Referral
1740,Other,26-35,East Rebecca,Germany,Regular,Organic Search
1741,Other,66+,Paulland,France,VIP,Email
1742,Male,36-45,North Stephaniemouth,Netherlands,Regular,Referral
1743,Other,56-65,Port Jadeport,Germany,Regular,Paid Ads
1744,Male,26-35,South Davidtown,Italy,Regular,Referral
1745,Other,46-55,West Kathleenberg,Lithuania,VIP,Referral
1746,Other,36-45,South Jonathan,Lithuania,Regular,Paid Ads
1747,Female,36-45,Cowanton,Germany,Regular,Referral
1748,Other,26-35,West Ryan,Bulgaria,Regular,Email
1749,Male,66+,East Richard,France,Regular,Organic Search
1750,Female,66+,New Codymouth,France,VIP,Paid Ads
1751,Female,46-55,Marktown,Greece,Regular,Email
1752,Female,66+,Johnmouth,Croatia,Regular,Social Media
1753,Other,46-55,South Samanthaburgh,Cyprus,Regular,Social Media
1754,Female,56-65,Sharonburgh,Italy,Regular,Paid Ads
1755,Male,56-65,North Nathaniel,Netherlands,Regular,Organic Search
1756,Female,56-65,Jordanmouth,Belgium,Regular,Referral
1757,Other,18-25,New Jonathan,Czech Republic,Regular,Organic Search
1758,Other,46-55,New Maxwellton,Spain,Regular,Social Media
1759,Female,56-65,Smithport,Latvia,Regular,Paid Ads
1760,Other,18-25,Leonardshire,Austria,VIP,Social Media
1761,Female,18-25,East Clintonside,Ireland,Regular,Organic Search
1762,Other,66+,Carolland,Portugal,Regular,Organic Search
1763,Other,36-45,Jamieport,Sweden,Regular,Paid Ads
1764,Female,36-45,New Courtney,France,VIP,Referral
1765,Other,56-65,North Tanyatown,Finland,Regular,Paid Ads
1766,Other,46-55,Port David,Malta,VIP,Social Media
1767,Female,26-35,Alexisville,Poland,Regular,Email
1768,Other,56-65,Port Michael,Belgium,VIP,Email
1769,Male,26-35,East Gabriela,Germany,Regular,Email
1770,Other,66+,West Elizabethberg,Austria,Regular,Paid Ads
1771,Male,66+,East Mikaylamouth,Austria,Regular,Email
1772,Other,46-55,Yeseniaside,France,VIP,Referral
1773,Other,18-25,Butlerton,Netherlands,Regular,Social Media
1774,Female,36-45,Lake Joyce,Italy,VIP,Email
1775,Female,56-65,Lake Holly,Spain,Regular,Paid Ads
1776,Female,56-65,Port Joshua,Germany,Regular,Organic Search
1777,Female,18-25,West Lindsaybury,Italy,Regular,Organic Search
1778,Male,66+,Cynthiafort,Bulgaria,Regular,Organic Search
1779,Male,26-35,Johnchester,Finland,Regular,Organic Search
1780,Male,18-25,West Dylanville,Poland,Regular,Organic Search
1781,Other,36-45,West Molly,Poland,Regular,Paid Ads
1782,Male,36-45,Andersonshire,Germany,Regular,Social Media
1783,Male,18-25,Lake Emma,Spain,Regular,Email
1784,Male,66+,West Michael,Italy,Regular,Organic Search
1785,Male,18-25,Cunninghamhaven,Germany,Regular,Organic Search
1786,Male,46-55,Hansonburgh,Czech Republic,VIP,Email
1787,Male,18-25,Jasminetown,Poland,Regular,Email
1788,Female,46-55,Port Brookeview,Germany,VIP,Referral
1789,Other,66+,Taylorton,France,Regular,Referral
1790,Female,56-65,South Jonathanfurt,Italy,Regular,Social Media
1791,Other,18-25,New Joshuahaven,Netherlands,Regular,Social Media
1792,Male,18-25,Rileymouth,Poland,VIP,Organic Search
1793,Male,56-65,West Robert,Poland,VIP,Email
1794,Female,46-55,Ashleyhaven,France,Regular,Referral
1795,Male,18-25,Lake Andrea,France,VIP,Social Media
1796,Other,66+,Lindseyton,Poland,Regular,Social Media
1797,Other,26-35,Chadberg,Poland,VIP,Social Media
1798,Female,36-45,South Lindaton,Poland,Regular,Email
1799,Other,26-35,Christopherchester,Poland,VIP,Email
1800,Other,18-25,South Elizabethfurt,Sweden,Regular,Paid Ads
1801,Other,26-35,North Shane,Estonia,Regular,Social Media
1802,Female,66+,Jonfurt,France,Regular,Referral
1803,Female,56-65,Turnerland,Poland,Regular,Social Media
1804,Female,36-45,Yoderburgh,Poland,VIP,Referral
1805,Male,46-55,West Michael,Romania,Regular,Organic Search
1806,Other,26-35,West Justin,Netherlands,Regular,Paid Ads
1807,Other,36-45,East Lindaport,France,Regular,Referral
1808,Male,18-25,Lake Donald,France,Regular,Organic Search
1809,Other,18-25,New Mollyland,Italy,VIP,Referral
1810,Other,36-45,Lake Jorge,France,VIP,Organic Search
1811,Female,26-35,West Ryan,France,Regular,Social Media
1812,Female,56-65,West Catherineport,Greece,Regular,Paid Ads
1813,Female,18-25,Johnland,Germany,VIP,Paid Ads
1814,Male,36-45,Josephton,Italy,Regular,Social Media
1815,Female,36-45,Kristinafurt,Spain,Regular,Email
1816,Other,46-55,Ryanchester,Estonia,Regular,Organic Search
1817,Male,26-35,New Katelynshire,Germany,VIP,Referral
1818,Female,56-65,North Davidtown,Belgium,Regular,Paid Ads
1819,Other,56-65,West Williammouth,Slovakia,VIP,Email
1820,Male,36-45,Erikville,France,Regular,Social Media
1821,Other,56-65,South Phillip,Romania,Regular,Paid Ads
1822,Female,66+,North Charlesstad,Greece,Regular,Paid Ads
1823,Other,56-65,Jimenezbury,Spain,Regular,Email
1824,Female,66+,West Jamie,Spain,Regular,Referral
1825,Female,46-55,Nicoleburgh,Greece,Regular,Referral
1826,Other,66+,North Mariah,Netherlands,VIP,Paid Ads
1827,Female,26-35,South Sydneyton,Denmark,Regular,Social Media
1828,Female,56-65,Darrellside,Italy,VIP,Social Media
1829,Male,26-35,New Amandabury,France,Regular,Social Media
1830,Female,26-35,Shannonmouth,Italy,Regular,Referral
1831,Female,46-55,Jamesmouth,Spain,Regular,Referral
1832,Female,36-45,Port Michael,Italy,Regular,Organic Search
1833,Male,36-45,West Jeffreyborough,France,Regular,Social Media
1834,Female,56-65,Christopherhaven,Finland,Regular,Organic Search
1835,Male,18-25,Laurieside,Czech Republic,VIP,Social Media
1836,Male,36-45,Austinstad,Germany,VIP,Social Media
1837,Other,66+,Lake Danielleport,France,Regular,Paid Ads
1838,Male,66+,Lynntown,Greece,Regular,Social Media
1839,Female,36-45,West Charles,Germany,Regular,Referral
1840,Other,66+,Lake David,Ireland,VIP,Email
1841,Male,46-55,Nicoletown,Bulgaria,Regular,Paid Ads
1842,Other,56-65,Amandaview,Spain,Regular,Referral
1843,Female,36-45,Morenoborough,Greece,Regular,Social Media
1844,Female,66+,Thompsonbury,Austria,Regular,Referral
1845,Other,18-25,South Timothyhaven,Italy,Regular,Email
1846,Female,66+,Port Amy,Romania,VIP,Social Media
1847,Female,46-55,Glassview,Italy,Regular,Referral
1848,Other,56-65,Barbaraside,Czech Republic,Regular,Email
1849,Male,26-35,West Deanburgh,Germany,VIP,Social Media
1850,Other,56-65,Davidmouth,Poland,Regular,Referral
1851,Male,46-55,Jarvisport,Cyprus,VIP,Referral
1852,Male,36-45,Markside,France,Regular,Referral
1853,Female,18-25,Delgadoview,Netherlands,VIP,Email
1854,Other,56-65,Lake Justinburgh,Germany,Regular,Paid Ads
1855,Female,36-45,Lisamouth,France,Regular,Social Media
1856,Male,46-55,Carolville,Netherlands,VIP,Email
1857,Female,46-55,Port Jamesville,Germany,Regular,Organic Search
1858,Female,46-55,South Jorge,Germany,Regular,Referral
1859,Male,26-35,West Matthewmouth,Croatia,Regular,Social Media
1860,Other,66+,South Tylermouth,Italy,Regular,Email
1861,Female,56-65,Roseburgh,Poland,Regular,Referral
1862,Male,26-35,Benjaminshire,France,Regular,Referral
1863,Male,56-65,South Joan,Poland,Regular,Email
1864,Female,46-55,Matthewton,Denmark,Regular,Organic Search
1865,Female,36-45,Kristinchester,France,Regular,Social Media
1866,Male,46-55,Joshuachester,Italy,Regular,Email
1867,Female,46-55,New Scottfurt,Portugal,Regular,Paid Ads
1868,Male,46-55,Timothyberg,Belgium,Regular,Organic Search
1869,Male,36-45,Erikchester,France,Regular,Email
1870,Male,66+,Andradeborough,France,Regular,Paid Ads
1871,Female,56-65,North Christytown,Finland,VIP,Social Media
1872,Male,56-65,Port Robertberg,Germany,Regular,Social Media
1873,Male,36-45,Morrowmouth,Italy,Regular,Organic Search
1874,Male,66+,Port Danielside,Spain,Regular,Referral
1875,Other,46-55,Lake Matthewfurt,Italy,Regular,Referral
1876,Female,18-25,New Julie,Germany,Regular,Paid Ads
1877,Other,46-55,Farrellberg,Italy,Regular,Organic Search
1878,Other,26-35,West Stevenberg,Germany,Regular,Referral
1879,Female,26-35,Jessicashire,Germany,VIP,Organic Search
1880,Male,36-45,Smithhaven,Poland,VIP,Referral
1881,Other,18-25,Lake Michael,Germany,Regular,Paid Ads
1882,Male,26-35,East Edward,Italy,Regular,Email
1883,Other,18-25,West Anna,France,Regular,Email
1884,Other,66+,Santiagoberg,Netherlands,Regular,Referral
1885,Female,18-25,Sanchezton,Belgium,Regular,Organic Search
1886,Male,26-35,New Mario,Czech Republic,Regular,Paid Ads
1887,Male,46-55,Triciamouth,France,VIP,Organic Search
1888,Male,66+,South Daniel,Italy,Regular,Paid Ads
1889,Male,66+,Eugeneport,Lithuania,VIP,Paid Ads
1890,Other,18-25,Juliamouth,Germany,Regular,Social Media
1891,Male,56-65,Port Stephanie,Poland,Regular,Email
1892,Female,18-25,Loriport,Italy,Regular,Organic Search
1893,Male,18-25,Leonburgh,Italy,Regular,Social Media
1894,Male,46-55,Jacksonburgh,Germany,Regular,Social Media
1895,Female,18-25,Powersville,Netherlands,VIP,Paid Ads
1896,Other,46-55,West Shane,Italy,Regular,Organic Search
1897,Other,26-35,Hamptontown,Greece,Regular,Organic Search
1898,Other,66+,Lake April,Poland,Regular,Paid Ads
1899,Other,66+,Whitneyside,Italy,Regular,Referral
1900,Male,56-65,Russellside,Germany,Regular,Referral
1901,Other,66+,Nicholsshire,Italy,Regular,Email
1902,Male,26-35,West Kelly,Greece,VIP,Organic Search
1903,Other,46-55,New Jason,France,Regular,Email
1904,Male,36-45,Lake Kevinmouth,Germany,Regular,Paid Ads
1905,Male,66+,Vanessafurt,Germany,VIP,Email
1906,Female,66+,Port James,Bulgaria,Regular,Paid Ads
1907,Other,18-25,Lake Elizabeth,France,Regular,Referral
1908,Female,18-25,Jenkinsborough,Netherlands,Regular,Social Media
1909,Male,56-65,Meganview,Italy,VIP,Paid Ads
1910,Other,66+,Perrybury,Sweden,Regular,Referral
1911,Male,46-55,West Taylor,Spain,Regular,Organic Search
1912,Male,26-35,Lake Chadshire,Romania,VIP,Paid Ads
1913,Male,18-25,South Dwaynestad,Ireland,VIP,Email
1914,Male,26-35,New Paulberg,Hungary,Regular,Referral
1915,Female,26-35,Lake Amy,Greece,Regular,Paid Ads
1916,Other,26-35,Jessicachester,Italy,Regular,Email
1917,Other,26-35,Barnestown,Italy,Regular,Referral
1918,Female,46-55,Johnton,Germany,Regular,Referral
1919,Other,56-65,Cindyville,Italy,Regular,Paid Ads
1920,Female,18-25,Weststad,Hungary,Regular,Referral
1921,Female,56-65,Jennifershire,Austria,Regular,Email
1922,Female,46-55,New Sherryside,Greece,Regular,Referral
1923,Other,56-65,Garzaview,France,Regular,Social Media
1924,Female,26-35,West Christineton,Germany,VIP,Paid Ads
1925,Other,66+,South Wendyview,Germany,Regular,Referral
1926,Female,46-55,Charlesville,Italy,Regular,Social Media
1927,Female,66+,South Rebeccashire,Italy,Regular,Organic Search
1928,Male,18-25,Cruzmouth,Italy,Regular,Email
1929,Female,36-45,Nicolemouth,Germany,Regular,Social Media
1930,Female,66+,Port Lisaborough,Spain,Regular,Organic Search
1931,Female,66+,Paulview,Netherlands,Regular,Referral
1932,Female,66+,East Connie,Germany,Regular,Organic Search
1933,Other,26-35,East Veronica,Belgium,Regular,Referral
1934,Male,36-45,North Jonathanfurt,Ireland,Regular,Email
1935,Male,18-25,New Alexandrashire,Croatia,VIP,Organic Search
1936,Female,46-55,Hallstad,Netherlands,Regular,Organic Search
1937,Male,46-55,Christown,Spain,VIP,Referral
1938,Female,56-65,New Timothy,France,Regular,Referral
1939,Other,46-55,West Williamfort,Poland,Regular,Organic Search
1940,Other,36-45,Richardsonborough,Germany,Regular,Social Media
1941,Other,46-55,Taylorhaven,Portugal,Regular,Organic Search
1942,Female,18-25,West Tyroneport,Bulgaria,VIP,Referral
1943,Other,36-45,Carrbury,Spain,Regular,Paid Ads
1944,Male,66+,Perezside,Germany,VIP,Referral
1945,Male,46-55,Jacksonmouth,France,Regular,Paid Ads
1946,Male,66+,East Scott,France,VIP,Paid Ads
1947,Female,46-55,East Meaganview,France,Regular,Email
1948,Other,26-35,Deanside,Germany,VIP,Organic Search
1949,Female,18-25,East Linda,Italy,Regular,Email
1950,Female,66+,Lawrenceberg,France,Regular,Organic Search
1951,Male,66+,Reynoldsbury,Germany,Regular,Organic Search
1952,Other,18-25,Edwardsview,Germany,Regular,Email
1953,Female,46-55,South Christinashire,Bulgaria,Regular,Social Media
1954,Female,36-45,South Kristie,Poland,Regular,Social Media
1955,Male,36-45,West Jeanette,Bulgaria,Regular,Referral
1956,Female,36-45,Holmesstad,Poland,Regular,Organic Search
1957,Other,46-55,North Crystalburgh,Spain,Regular,Paid Ads
1958,Male,56-65,New Shannontown,Germany,Regular,Paid Ads
1959,Other,66+,West Hollyview,Italy,Regular,Referral
1960,Other,26-35,New Cynthiaton,Spain,VIP,Social Media
1961,Female,18-25,South Brenda,Germany,Regular,Social Media
1962,Male,56-65,South Courtneyside,Belgium,Regular,Email
1963,Female,46-55,Port Deborah,Sweden,Regular,Referral
1964,Other,18-25,East Jodi,Bulgaria,Regular,Social Media
1965,Other,26-35,Larsenburgh,Poland,Regular,Email
1966,Other,56-65,Marcusland,Czech Republic,VIP,Referral
1967,Female,66+,Pamelaville,Sweden,Regular,Referral
1968,Female,18-25,Port Staceychester,Germany,Regular,Email
1969,Male,26-35,Bradshawton,France,Regular,Organic Search
1970,Other,18-25,New Christian,Germany,VIP,Social Media
1971,Female,26-35,Lake Jamesside,Finland,Regular,Referral
1972,Other,18-25,Lopezside,Croatia,Regular,Email
1973,Female,18-25,Lake Vincent,Netherlands,Regular,Social Media
1974,Other,56-65,Santoshaven,Romania,VIP,Social Media
1975,Other,66+,Jillville,Italy,Regular,Referral
1976,Other,46-55,Martintown,Netherlands,Regular,Paid Ads
1977,Female,18-25,Jenniferburgh,France,VIP,Social Media
1978,Male,66+,Margaretton,Portugal,Regular,Email
1979,Female,46-55,Port Marymouth,Italy,Regular,Organic Search
1980,Other,56-65,Brownfurt,France,VIP,Referral
1981,Female,36-45,New Jennifer,Cyprus,Regular,Paid Ads
1982,Other,56-65,West Tanya,Spain,Regular,Referral
1983,Female,36-45,West Dannyland,Germany,VIP,Social Media
1984,Female,66+,Lake Ginaland,Hungary,Regular,Email
1985,Other,66+,New Sandra,France,Regular,Organic Search
1986,Female,56-65,Port Gregoryland,Poland,Regular,Organic Search
1987,Other,56-65,Jacobhaven,France,Regular,Paid Ads
1988,Other,46-55,Jasminetown,Spain,VIP,Social Media
1989,Other,26-35,North Timothytown,Germany,Regular,Paid Ads
1990,Male,26-35,North Monica,Belgium,Regular,Referral
1991,Other,26-35,South Melissahaven,France,Regular,Email
1992,Female,66+,Port Joshua,Italy,Regular,Social Media
1993,Female,18-25,Port Jacobtown,Portugal,Regular,Social Media
1994,Male,66+,Denisechester,France,Regular,Referral
1995,Female,56-65,South Mitchellside,Germany,Regular,Organic Search
1996,Other,36-45,Port Paul,Austria,Regular,Paid Ads
1997,Female,66+,Kristinashire,Poland,Regular,Paid Ads
1998,Other,26-35,South Anthony,France,Regular,Organic Search
1999,Other,18-25,South Elizabethfort,Italy,Regular,Paid Ads
2000,Female,66+,South Thomas,Italy,Regular,Organic Search
2001,Female,26-35,Hatfieldview,Germany,Regular,Organic Search
2002,Other,36-45,Jonesport,Cyprus,Regular,Paid Ads
2003,Female,26-35,Bullockstad,Poland,VIP,Paid Ads
2004,Female,66+,Millerfort,Italy,Regular,Paid Ads
2005,Female,66+,West Jeffrey,Netherlands,Regular,Organic Search
2006,Other,46-55,Alexanderport,Czech Republic,Regular,Referral
2007,Male,18-25,South Gina,Italy,VIP,Referral
2008,Other,26-35,Jodiside,Netherlands,VIP,Email
2009,Female,36-45,Wilsonberg,Bulgaria,Regular,Organic Search
2010,Male,46-55,Martinbury,Sweden,Regular,Referral
2011,Male,18-25,West Victoriahaven,France,Regular,Email
2012,Other,18-25,Williamside,France,Regular,Email
2013,Other,46-55,Port Michaelfort,Czech Republic,VIP,Email
2014,Other,18-25,South John,Spain,Regular,Paid Ads
2015,Male,26-35,Morenoburgh,Slovenia,Regular,Paid Ads
2016,Female,36-45,Port Heathertown,Germany,VIP,Paid Ads
2017,Other,26-35,West Kellyfurt,Poland,VIP,Social Media
2018,Male,18-25,South Sarah,Austria,Regular,Email
2019,Other,26-35,Richardsonville,France,Regular,Organic Search
2020,Male,56-65,New Lauratown,France,Regular,Social Media
2021,Female,26-35,Walkerhaven,Netherlands,Regular,Social Media
2022,Female,56-65,Loganhaven,Spain,Regular,Paid Ads
2023,Other,18-25,Hicksport,Belgium,Regular,Paid Ads
2024,Male,26-35,East Gregoryport,Germany,Regular,Paid Ads
2025,Female,26-35,Parkerbury,Poland,Regular,Referral
2026,Female,36-45,Christinechester,Germany,Regular,Paid Ads
2027,Male,36-45,West Debramouth,Italy,Regular,Paid Ads
2028,Male,66+,Martinezland,Spain,Regular,Paid Ads
2029,Other,66+,Joshuachester,Greece,Regular,Email
2030,Female,26-35,Wilcoxport,Poland,Regular,Referral
2031,Other,26-35,Royshire,Italy,VIP,Organic Search
2032,Other,56-65,West Eddie,Spain,Regular,Social Media
2033,Female,36-45,North Jeremiah,Netherlands,Regular,Paid Ads
2034,Male,36-45,Melindaville,Romania,VIP,Referral
2035,Male,46-55,Nelsonshire,Cyprus,Regular,Organic Search
2036,Other,36-45,North Joseph,Germany,Regular,Referral
2037,Female,66+,North Christineborough,Germany,Regular,Social Media
2038,Other,18-25,Lake Anita,Spain,Regular,Paid Ads
2039,Female,26-35,North Joel,France,Regular,Email
2040,Female,46-55,East Amanda,Spain,Regular,Social Media
2041,Other,66+,East Andrewfort,Germany,VIP,Paid Ads
2042,Other,66+,Thomashaven,Germany,Regular,Social Media
2043,Male,66+,Lake Connie,Greece,Regular,Referral
2044,Female,46-55,Jeremyfurt,France,Regular,Social Media
2045,Other,66+,Torresmouth,Croatia,Regular,Paid Ads
2046,Male,36-45,New Joseph,France,Regular,Social Media
2047,Other,18-25,Gibsonborough,Austria,VIP,Paid Ads
2048,Male,56-65,North David,Ireland,VIP,Social Media
2049,Female,18-25,Owensmouth,Poland,Regular,Referral
2050,Other,26-35,East Christineshire,Belgium,Regular,Email
2051,Other,56-65,Tylermouth,Belgium,Regular,Referral
2052,Male,66+,Morenoview,Germany,VIP,Referral
2053,Other,36-45,Joelmouth,Greece,Regular,Email
2054,Male,56-65,West Heidi,Belgium,Regular,Paid Ads
2055,Other,26-35,New Matthewton,Belgium,VIP,Social Media
2056,Other,36-45,Jessicaborough,Austria,Regular,Referral
2057,Male,36-45,Hillfort,Spain,Regular,Social Media
2058,Male,56-65,Reedmouth,Finland,Regular,Organic Search
2059,Female,36-45,North Richard,France,Regular,Organic Search
2060,Other,46-55,New Daniel,Portugal,Regular,Social Media
2061,Other,56-65,East Jennifershire,Slovakia,Regular,Organic Search
2062,Other,46-55,Andrewville,Ireland,VIP,Organic Search
2063,Female,36-45,Lake Aliciaview,Poland,Regular,Organic Search
2064,Other,26-35,Lake Marvin,Italy,Regular,Organic Search
2065,Female,26-35,Port Rita,Germany,VIP,Email
2066,Female,18-25,North Travisburgh,Finland,Regular,Organic Search
2067,Other,36-45,Mitchellbury,Germany,Regular,Referral
2068,Female,46-55,North Jessicafort,Italy,Regular,Email
2069,Male,46-55,Gonzalezland,Sweden,Regular,Referral
2070,Female,66+,Port Amy,Germany,Regular,Social Media
2071,Other,26-35,Moorechester,Denmark,VIP,Social Media
2072,Female,46-55,South Gregory,Germany,Regular,Organic Search
2073,Male,46-55,Cindyview,Germany,Regular,Social Media
2074,Female,56-65,Port Caseyhaven,Germany,Regular,Paid Ads
2075,Female,56-65,Port Edward,France,Regular,Referral
2076,Male,18-25,Stevenland,Germany,VIP,Social Media
2077,Other,26-35,Jenniferborough,Spain,VIP,Social Media
2078,Other,66+,Mccarthyfurt,Italy,VIP,Referral
2079,Female,18-25,Kimberg,France,Regular,Paid Ads
2080,Other,56-65,South Michelle,Poland,VIP,Social Media
2081,Female,66+,Lake Douglaston,Czech Republic,Regular,Referral
2082,Other,18-25,Ortizfort,France,Regular,Email
2083,Male,56-65,Robertfort,Poland,Regular,Paid Ads
2084,Male,46-55,Cruzmouth,France,VIP,Paid Ads
2085,Female,18-25,Nataliefort,Slovakia,Regular,Organic Search
2086,Female,46-55,North Coryborough,Romania,Regular,Paid Ads
2087,Female,46-55,Deannatown,France,VIP,Referral
2088,Female,18-25,North Melanie,Netherlands,Regular,Social Media
2089,Other,46-55,East Timothyland,Ireland,Regular,Organic Search
2090,Male,18-25,Kariton,France,Regular,Social Media
2091,Female,36-45,Port Anthonyville,France,Regular,Organic Search
2092,Female,46-55,Port Nataliestad,Italy,Regular,Social Media
2093,Other,18-25,Normanshire,Germany,Regular,Paid Ads
2094,Other,36-45,Michaelton,Italy,Regular,Email
2095,Female,26-35,Williamton,Spain,Regular,Paid Ads
2096,Male,18-25,Nelsontown,Poland,VIP,Email
2097,Other,66+,Fergusonside,Germany,Regular,Paid Ads
2098,Male,18-25,Macdonaldmouth,Greece,Regular,Email
2099,Other,46-55,Marthafort,Italy,Regular,Paid Ads
2100,Male,18-25,West Kristen,Spain,VIP,Referral
2101,Female,56-65,Smithshire,Spain,Regular,Social Media
2102,Other,18-25,Sanchezbury,Italy,Regular,Organic Search
2103,Other,56-65,Mauricestad,Spain,Regular,Paid Ads
2104,Other,26-35,Port Nathaniel,Poland,Regular,Email
2105,Other,26-35,Mccannmouth,Germany,Regular,Referral
2106,Other,56-65,East Jack,Spain,Regular,Paid Ads
2107,Other,46-55,North Nicholasfort,Italy,Regular,Referral
2108,Female,26-35,North Anna,Italy,VIP,Paid Ads
2109,Other,66+,New Michelleton,Poland,VIP,Email
2110,Other,66+,Elliottfort,Spain,Regular,Social Media
2111,Female,66+,Powellville,Austria,Regular,Organic Search
2112,Male,56-65,Goodmanside,Germany,Regular,Organic Search
2113,Female,26-35,Wendyview,Netherlands,Regular,Organic Search
2114,Male,26-35,Dorseystad,Netherlands,Regular,Organic Search
2115,Other,56-65,Danielville,Netherlands,Regular,Social Media
2116,Other,56-65,North Brianna,Germany,Regular,Paid Ads
2117,Other,36-45,Willisbury,Italy,Regular,Organic Search
2118,Male,36-45,Williamview,Poland,Regular,Social Media
2119,Male,56-65,South Alexis,Germany,Regular,Email
2120,Other,66+,Port Anita,Germany,Regular,Social Media
2121,Other,56-65,West Michaelshire,Romania,Regular,Referral
2122,Female,26-35,Gibsonchester,France,Regular,Referral
2123,Male,66+,Burtonbury,Germany,Regular,Social Media
2124,Female,18-25,East Brian,Germany,Regular,Referral
2125,Male,26-35,Boydville,France,Regular,Paid Ads
2126,Male,36-45,North Brian,Netherlands,VIP,Paid Ads
2127,Other,56-65,Ianstad,Sweden,VIP,Paid Ads
2128,Male,46-55,West Ryanland,Germany,Regular,Referral
2129,Other,26-35,Caseymouth,Germany,Regular,Organic Search
2130,Female,46-55,Lake Elizabethmouth,Poland,VIP,Organic Search
2131,Other,18-25,Angelaborough,Czech Republic,VIP,Organic Search
2132,Other,56-65,Tannerfort,France,VIP,Organic Search
2133,Male,56-65,East Ryan,Lithuania,Regular,Social Media
2134,Male,26-35,New Madeline,Austria,VIP,Email
2135,Male,36-45,Kimberlyborough,Denmark,Regular,Paid Ads
2136,Other,66+,Thompsonborough,France,Regular,Email
2137,Male,18-25,Port Lorichester,Germany,Regular,Organic Search
2138,Female,26-35,Port Lindaview,Spain,VIP,Paid Ads
2139,Female,46-55,Davidmouth,Germany,VIP,Social Media
2140,Other,46-55,Ericksonland,France,Regular,Organic Search
2141,Male,26-35,East Jeff,Spain,VIP,Social Media
2142,Other,36-45,Snyderville,Italy,VIP,Organic Search
2143,Other,26-35,South Kevin,Denmark,VIP,Email
2144,Male,66+,Rebeccaview,Italy,Regular,Social Media
2145,Female,36-45,Cookhaven,Poland,Regular,Social Media
2146,Other,36-45,New Gregory,Finland,Regular,Organic Search
2147,Male,66+,West David,Czech Republic,VIP,Paid Ads
2148,Other,46-55,Amandaburgh,Italy,Regular,Organic Search
2149,Other,36-45,South Angelica,Poland,VIP,Social Media
2150,Male,46-55,Smithhaven,Bulgaria,Regular,Referral
2151,Other,46-55,Hughesburgh,Italy,Regular,Social Media
2152,Other,26-35,Robertmouth,Germany,Regular,Email
2153,Other,46-55,Ryanchester,Spain,Regular,Paid Ads
2154,Other,66+,Jeanettechester,Italy,Regular,Email
2155,Other,26-35,New Joanview,Czech Republic,Regular,Paid Ads
2156,Male,18-25,New Staceyburgh,Italy,Regular,Referral
2157,Male,18-25,Lake Benjaminton,Lithuania,Regular,Social Media
2158,Male,36-45,New Robertchester,Austria,Regular,Email
2159,Female,26-35,West Benjamin,Latvia,Regular,Paid Ads
2160,Male,18-25,Owenfort,Germany,Regular,Paid Ads
2161,Male,66+,East Noahport,Italy,Regular,Social Media
2162,Male,66+,West Autumn,Germany,Regular,Referral
2163,Male,18-25,South Stephen,Hungary,VIP,Paid Ads
2164,Male,18-25,Raymondton,Germany,Regular,Referral
2165,Male,46-55,Port Scott,Germany,Regular,Email
2166,Female,46-55,Amberview,Belgium,Regular,Social Media
2167,Other,66+,Kristystad,Italy,VIP,Organic Search
2168,Other,18-25,Port Josephtown,Germany,Regular,Paid Ads
2169,Male,46-55,Michaelhaven,Spain,Regular,Referral
2170,Female,56-65,Bryantside,Poland,Regular,Paid Ads
2171,Male,36-45,Brownchester,Italy,Regular,Email
2172,Male,66+,Port Thomas,Italy,Regular,Email
2173,Female,26-35,South Moniquefort,Germany,Regular,Email
2174,Male,66+,Nathanhaven,Poland,Regular,Social Media
2175,Female,46-55,Port Sandraton,Netherlands,VIP,Social Media
2176,Male,36-45,Kennethborough,Netherlands,VIP,Organic Search
2177,Female,18-25,North Katie,Italy,Regular,Paid Ads
2178,Male,26-35,Dennisland,Spain,Regular,Social Media
2179,Male,66+,Rhondabury,France,Regular,Paid Ads
2180,Other,56-65,Lake Angel,France,VIP,Referral
2181,Female,18-25,Marshallport,Germany,Regular,Organic Search
2182,Female,46-55,New Dennisside,Cyprus,Regular,Social Media
2183,Other,36-45,South Sara,Portugal,Regular,Organic Search
2184,Other,56-65,Kylemouth,Italy,VIP,Paid Ads
2185,Female,46-55,North Joseph,Germany,Regular,Organic Search
2186,Male,66+,Yorkchester,France,Regular,Organic Search
2187,Male,26-35,South Travisfort,Croatia,Regular,Paid Ads
2188,Male,56-65,New Jenniferberg,Czech Republic,Regular,Email
2189,Female,46-55,Kimberlyfurt,Netherlands,Regular,Social Media
2190,Other,46-55,Kimberlyfort,France,VIP,Referral
2191,Other,56-65,South Patricia,France,VIP,Paid Ads
2192,Female,18-25,West Clinton,Poland,Regular,Paid Ads
2193,Female,56-65,Lake Brett,Czech Republic,Regular,Organic Search
2194,Female,36-45,Justinchester,Spain,VIP,Social Media
2195,Female,56-65,Port Debbie,Germany,Regular,Organic Search
2196,Other,46-55,East Duane,Germany,Regular,Referral
2197,Female,66+,Gonzalesfurt,Estonia,Regular,Organic Search
2198,Female,18-25,Port Lisa,Latvia,Regular,Social Media
2199,Other,66+,Port Thomas,Italy,VIP,Social Media
2200,Other,36-45,Hughestown,Spain,Regular,Referral
2201,Female,66+,Charlesmouth,Spain,VIP,Organic Search
2202,Male,66+,Allisonland,Portugal,Regular,Organic Search
2203,Male,36-45,Jaimehaven,Germany,Regular,Email
2204,Male,26-35,South Bianca,Italy,Regular,Referral
2205,Female,46-55,Beckerbury,Netherlands,Regular,Email
2206,Female,18-25,Weberfort,Finland,VIP,Organic Search
2207,Female,46-55,Christopherville,Finland,VIP,Social Media
2208,Female,56-65,New Patrick,Germany,Regular,Referral
2209,Female,18-25,Wilkinsland,Germany,Regular,Referral
2210,Male,36-45,Acostamouth,Germany,Regular,Email
2211,Male,36-45,Fernandezburgh,Czech Republic,Regular,Referral
2212,Male,18-25,Kathleenchester,France,Regular,Referral
2213,Other,26-35,New Jessicaland,France,VIP,Organic Search
2214,Male,36-45,South Jasonville,France,Regular,Referral
2215,Other,26-35,South Emilyshire,Romania,Regular,Social Media
2216,Male,18-25,Heatherburgh,France,Regular,Referral
2217,Female,26-35,Davidchester,Italy,VIP,Referral
2218,Other,66+,Wilsonhaven,Spain,Regular,Referral
2219,Other,56-65,New Shirley,Italy,Regular,Organic Search
2220,Other,26-35,Lake Seanview,Poland,VIP,Email
2221,Female,66+,South Kristin,Poland,Regular,Social Media
2222,Female,26-35,Dylanville,Germany,Regular,Social Media
2223,Other,46-55,East Jon,Germany,Regular,Organic Search
2224,Male,66+,Meganfurt,Bulgaria,Regular,Email
2225,Male,66+,Kathrynside,Germany,Regular,Referral
2226,Male,56-65,Lake Bryanton,Belgium,Regular,Social Media
2227,Male,66+,Stephenmouth,France,Regular,Organic Search
2228,Female,18-25,New Rhondamouth,Italy,Regular,Social Media
2229,Male,66+,New Amy,Spain,Regular,Referral
2230,Female,36-45,South Mistyburgh,Italy,Regular,Referral
2231,Female,18-25,South Shirleyview,Spain,Regular,Referral
2232,Male,56-65,Andrehaven,Italy,Regular,Email
2233,Female,66+,South Rachelton,Italy,Regular,Referral
2234,Other,56-65,Stephenmouth,Netherlands,Regular,Organic Search
2235,Male,18-25,Gutierreztown,Bulgaria,Regular,Email
2236,Male,46-55,East Jesseview,Slovakia,Regular,Email
2237,Male,66+,West Julieton,Slovakia,Regular,Email
2238,Other,36-45,Lake Joshuaberg,Sweden,Regular,Paid Ads
2239,Female,56-65,Lauraland,France,Regular,Paid Ads
2240,Male,36-45,Hayeston,Austria,Regular,Referral
2241,Other,66+,Catherinestad,Italy,Regular,Referral
2242,Female,26-35,Gonzalezhaven,Germany,Regular,Social Media
2243,Female,36-45,Justinstad,Denmark,Regular,Referral
2244,Male,46-55,Brandonstad,Belgium,VIP,Organic Search
2245,Female,56-65,Kimberlyborough,Germany,Regular,Email
2246,Male,56-65,Jennyfurt,France,Regular,Paid Ads
2247,Female,26-35,South Brendastad,Poland,Regular,Referral
2248,Other,46-55,Lake Joyce,Hungary,VIP,Referral
2249,Male,46-55,Lake Erikahaven,Estonia,Regular,Email
2250,Male,18-25,South Matthew,Germany,Regular,Paid Ads
2251,Other,56-65,Briantown,Spain,Regular,Social Media
2252,Male,36-45,Lawrencetown,Hungary,Regular,Organic Search
2253,Male,66+,East Melindaport,Germany,Regular,Paid Ads
2254,Other,56-65,Esparzaville,Germany,Regular,Organic Search
2255,Male,66+,Richardshire,Poland,Regular,Referral
2256,Female,26-35,West Sandraborough,Netherlands,Regular,Paid Ads
2257,Other,26-35,Lloydshire,France,Regular,Referral
2258,Other,18-25,North Lydiastad,Czech Republic,Regular,Paid Ads
2259,Other,56-65,Jenniferchester,Poland,Regular,Organic Search
2260,Other,18-25,Nancyview,Spain,VIP,Social Media
2261,Male,18-25,Port Benjaminstad,France,VIP,Social Media
2262,Male,46-55,Jamesbury,Finland,VIP,Organic Search
2263,Female,66+,Hicksview,Italy,VIP,Referral
2264,Female,66+,East Nicholasstad,Italy,Regular,Paid Ads
2265,Male,26-35,Allenside,France,Regular,Email
2266,Male,36-45,East Jessicaberg,Austria,Regular,Referral
2267,Other,56-65,North Michaelbury,Bulgaria,VIP,Email
2268,Male,26-35,Weststad,Portugal,Regular,Email
2269,Other,26-35,North Alexander,Germany,Regular,Social Media
2270,Male,18-25,Gonzalezshire,Germany,Regular,Paid Ads
2271,Other,26-35,Julieshire,Germany,Regular,Referral
2272,Male,36-45,Jeanberg,France,Regular,Social Media
2273,Female,46-55,West Robert,Spain,Regular,Referral
2274,Female,26-35,New Tracyport,Slovakia,VIP,Social Media
2275,Male,56-65,Maybury,Lithuania,Regular,Email
2276,Male,66+,Lake Patricia,France,Regular,Referral
2277,Other,36-45,Karlaborough,Italy,Regular,Email
2278,Female,46-55,West Juliachester,Germany,VIP,Social Media
2279,Other,18-25,Lake Bethhaven,Italy,Regular,Organic Search
2280,Female,56-65,West Michellemouth,Lithuania,Regular,Email
2281,Other,56-65,New Paulmouth,Hungary,Regular,Organic Search
2282,Female,46-55,Fullerville,Germany,Regular,Social Media
2283,Male,66+,Baileyland,France,Regular,Paid Ads
2284,Male,18-25,Andrewmouth,Czech Republic,Regular,Organic Search
2285,Male,46-55,New William,Greece,Regular,Social Media
2286,Other,18-25,Port Elizabethside,Finland,Regular,Email
2287,Male,18-25,Martinezberg,France,Regular,Email
2288,Other,18-25,Crystalberg,Ireland,Regular,Referral
2289,Female,36-45,Matthewshaven,Belgium,Regular,Paid Ads
2290,Female,46-55,East Anthony,France,VIP,Social Media
2291,Male,46-55,Travisshire,Italy,VIP,Social Media
2292,Male,56-65,Hamiltonmouth,Poland,VIP,Organic Search
2293,Other,18-25,South Katherinefurt,Netherlands,Regular,Social Media
2294,Female,18-25,Port Francesburgh,Germany,Regular,Email
2295,Other,18-25,East Amandamouth,Germany,VIP,Organic Search
2296,Female,66+,Sanchezmouth,Hungary,Regular,Social Media
2297,Female,18-25,Jamesstad,Portugal,Regular,Social Media
2298,Male,46-55,North Angela,Spain,Regular,Referral
2299,Other,18-25,Taylorchester,Spain,Regular,Email
2300,Male,18-25,Rogersbury,Germany,Regular,Paid Ads
2301,Female,66+,East Sarashire,Germany,Regular,Paid Ads
2302,Male,66+,New Amanda,Germany,Regular,Social Media
2303,Other,18-25,Lake Rebecca,Sweden,Regular,Organic Search
2304,Male,18-25,Gallagherbury,France,VIP,Social Media
2305,Female,66+,Benjaminfurt,Germany,Regular,Referral
2306,Male,26-35,Boydfort,France,Regular,Organic Search
2307,Male,56-65,North Kennethhaven,Germany,Regular,Referral
2308,Other,18-25,Perezmouth,Netherlands,Regular,Paid Ads
2309,Other,46-55,North Anthonyville,Poland,Regular,Social Media
2310,Female,26-35,Lindahaven,Czech Republic,VIP,Social Media
2311,Female,56-65,Silvamouth,Greece,Regular,Paid Ads
2312,Other,26-35,Jenniferfurt,Netherlands,Regular,Organic Search
2313,Male,26-35,Spencerland,Latvia,VIP,Paid Ads
2314,Female,26-35,Davisstad,Spain,Regular,Social Media
2315,Other,56-65,Lake Karenview,France,Regular,Social Media
2316,Female,66+,Heathermouth,Czech Republic,Regular,Paid Ads
2317,Male,26-35,Tammyburgh,Austria,Regular,Social Media
2318,Female,56-65,Lauratown,Italy,Regular,Referral
2319,Female,46-55,Youngberg,France,VIP,Social Media
2320,Other,66+,Lewisstad,Croatia,VIP,Referral
2321,Other,18-25,East Holly,Romania,Regular,Referral
2322,Male,46-55,Port Ashleyburgh,France,Regular,Referral
2323,Male,56-65,Dustinland,Italy,VIP,Referral
2324,Female,56-65,Griffithtown,France,Regular,Social Media
2325,Female,36-45,East Theodore,Germany,VIP,Referral
2326,Female,26-35,Anthonyview,Portugal,Regular,Referral
2327,Female,56-65,Ryanville,Germany,Regular,Email
2328,Other,18-25,Lake Mariafort,Italy,Regular,Organic Search
2329,Male,18-25,Stewartbury,France,Regular,Paid Ads
2330,Male,36-45,Underwoodfort,Germany,Regular,Email
2331,Female,46-55,Jenniferport,Belgium,Regular,Paid Ads
2332,Other,36-45,West Kimberlyside,Portugal,Regular,Paid Ads
2333,Female,66+,Aprilburgh,Czech Republic,Regular,Email
2334,Male,18-25,New Victoria,France,VIP,Email
2335,Female,66+,Joseside,Spain,Regular,Social Media
2336,Male,26-35,Port Sandra,Belgium,Regular,Referral
2337,Male,66+,New Terrystad,Germany,Regular,Social Media
2338,Female,18-25,Barbaraborough,Germany,VIP,Organic Search
2339,Female,56-65,West Gabrielahaven,Poland,VIP,Paid Ads
2340,Male,18-25,Duarteburgh,Spain,Regular,Social Media
2341,Other,56-65,Smithport,Hungary,VIP,Paid Ads
2342,Male,36-45,Bautistashire,Czech Republic,Regular,Social Media
2343,Other,36-45,West Amy,Italy,Regular,Social Media
2344,Female,36-45,North Jaymouth,Netherlands,Regular,Social Media
2345,Female,56-65,North Dillon,France,Regular,Email
2346,Female,66+,Ericafurt,Spain,Regular,Organic Search
2347,Female,26-35,Paulmouth,Germany,Regular,Paid Ads
2348,Male,26-35,South Kyle,Italy,Regular,Referral
2349,Other,18-25,South Jennifer,Italy,VIP,Referral
2350,Female,66+,Porterfurt,Netherlands,Regular,Referral
2351,Other,26-35,Shieldstown,Bulgaria,Regular,Social Media
2352,Female,56-65,Perezbury,Denmark,Regular,Social Media
2353,Male,56-65,Juliaside,France,Regular,Social Media
2354,Male,46-55,Dillonville,Hungary,Regular,Email
2355,Female,36-45,Lake Andreastad,Slovenia,VIP,Organic Search
2356,Other,26-35,Cochranhaven,Spain,Regular,Paid Ads
2357,Female,56-65,Danielsborough,Spain,Regular,Paid Ads
2358,Female,18-25,Jamesburgh,France,Regular,Organic Search
2359,Male,36-45,Martinfort,Italy,Regular,Organic Search
2360,Female,18-25,Alexandershire,Germany,Regular,Organic Search
2361,Male,36-45,Seanport,Germany,Regular,Email
2362,Other,26-35,Lorichester,Netherlands,Regular,Social Media
2363,Other,26-35,New Matthew,Germany,Regular,Organic Search
2364,Male,46-55,Lake Chelseaberg,France,Regular,Paid Ads
2365,Other,46-55,Tranbury,Sweden,Regular,Organic Search
2366,Female,56-65,West Brendaport,Denmark,Regular,Email
2367,Female,56-65,Wandatown,Italy,VIP,Paid Ads
2368,Female,56-65,Bakerhaven,France,VIP,Social Media
2369,Other,66+,New Samanthafurt,Germany,Regular,Paid Ads
2370,Female,18-25,South Richard,Italy,VIP,Referral
2371,Other,66+,New Kristineborough,Belgium,Regular,Referral
2372,Female,46-55,Port Scott,Italy,Regular,Referral
2373,Other,18-25,Marilynton,Germany,Regular,Referral
2374,Male,56-65,Parksmouth,Germany,Regular,Paid Ads
2375,Female,26-35,Lake Christopherport,Poland,Regular,Email
2376,Male,46-55,New Patrickmouth,Romania,VIP,Organic Search
2377,Other,46-55,Johnstonfurt,Spain,Regular,Organic Search
2378,Other,18-25,Nortonport,Germany,Regular,Organic Search
2379,Other,46-55,Joseburgh,Hungary,Regular,Organic Search
2380,Other,66+,New Bryan,Germany,Regular,Organic Search
2381,Other,26-35,Matthewside,Greece,Regular,Referral
2382,Other,66+,Port Amybury,Germany,Regular,Social Media
2383,Other,18-25,Lake Michele,Poland,Regular,Email
2384,Male,18-25,Alvarezberg,Belgium,VIP,Email
2385,Other,18-25,North Wendytown,Denmark,Regular,Organic Search
2386,Other,46-55,Tammyberg,Spain,Regular,Organic Search
2387,Female,26-35,Port Amy,France,Regular,Email
2388,Other,66+,Andreastad,France,Regular,Email
2389,Male,66+,North Jean,Germany,VIP,Paid Ads
2390,Other,26-35,Lake Michaelshire,Sweden,VIP,Email
2391,Female,36-45,Peterville,France,Regular,Organic Search
2392,Female,36-45,Lake Rickyside,Lithuania,Regular,Referral
2393,Male,46-55,Kirkfort,Italy,Regular,Referral
2394,Female,46-55,East Geraldhaven,Germany,VIP,Referral
2395,Female,18-25,New Christopher,Germany,Regular,Email
2396,Female,26-35,West Christopher,Italy,Regular,Referral
2397,Male,36-45,East Ginabury,France,Regular,Email
2398,Other,56-65,New Nicolefort,France,Regular,Organic Search
2399,Male,36-45,Tracychester,Germany,Regular,Email
2400,Other,26-35,Lake Wanda,Italy,Regular,Social Media
2401,Male,66+,Port Edwardland,Slovakia,Regular,Referral
2402,Male,56-65,Joshuamouth,Poland,Regular,Email
2403,Other,36-45,Westmouth,Czech Republic,VIP,Social Media
2404,Other,36-45,Jessicamouth,Poland,Regular,Referral
2405,Male,66+,West Katherineburgh,Germany,VIP,Organic Search
2406,Female,66+,New Daniel,Netherlands,Regular,Paid Ads
2407,Other,26-35,Lake Meganland,Cyprus,VIP,Paid Ads
2408,Female,46-55,Garciafurt,Greece,Regular,Organic Search
2409,Male,18-25,South Keith,Poland,Regular,Organic Search
2410,Female,56-65,New Nicole,Italy,Regular,Organic Search
2411,Female,18-25,New Michaelbury,Slovakia,Regular,Referral
2412,Other,56-65,Port Jennifer,Germany,Regular,Paid Ads
2413,Female,66+,East Brandybury,France,Regular,Paid Ads
2414,Female,56-65,Hodgesfurt,Portugal,Regular,Paid Ads
2415,Male,66+,Johnton,Germany,Regular,Organic Search
2416,Male,18-25,North Jamesland,France,Regular,Referral
2417,Male,36-45,West Anita,Poland,VIP,Email
2418,Male,56-65,Lake Corey,Spain,Regular,Email
2419,Other,56-65,Riverahaven,Italy,Regular,Organic Search
2420,Other,46-55,Port Anthony,Italy,Regular,Email
2421,Other,36-45,Bartlettside,Germany,VIP,Referral
2422,Other,56-65,West Paulfort,France,Regular,Paid Ads
2423,Female,36-45,Port Kyle,Hungary,Regular,Social Media
2424,Male,36-45,Aaronfurt,Germany,VIP,Email
2425,Other,56-65,Jenkinsshire,France,Regular,Referral
2426,Other,66+,New Alexander,Poland,Regular,Email
2427,Female,66+,Latoyaton,Spain,VIP,Social Media
2428,Male,36-45,Careyport,Italy,Regular,Organic Search
2429,Other,66+,Bruceton,Germany,Regular,Organic Search
2430,Male,56-65,Lake Christina,France,Regular,Organic Search
2431,Male,46-55,Hoovershire,Italy,Regular,Email
2432,Other,46-55,Patriciaside,Slovakia,Regular,Social Media
2433,Male,18-25,Edwardsfort,Greece,Regular,Paid Ads
2434,Female,46-55,South Rickey,Netherlands,Regular,Paid Ads
2435,Male,18-25,Theresafort,Germany,Regular,Paid Ads
2436,Female,66+,Kevinfort,Spain,Regular,Organic Search
2437,Male,46-55,Mackenzieview,Spain,Regular,Paid Ads
2438,Female,56-65,East Kevin,Italy,VIP,Referral
2439,Other,36-45,North Shaun,Germany,Regular,Social Media
2440,Male,26-35,Peggymouth,Italy,Regular,Email
2441,Female,66+,Kimberlyton,Germany,Regular,Email
2442,Male,66+,West Aprilfurt,Poland,Regular,Organic Search
2443,Male,46-55,Morganville,Germany,VIP,Organic Search
2444,Other,66+,Maddenton,France,Regular,Social Media
2445,Female,46-55,Maxwellbury,Germany,Regular,Organic Search
2446,Other,26-35,Heatherton,Germany,Regular,Social Media
2447,Male,46-55,Lake Robert,Denmark,Regular,Social Media
2448,Female,66+,Ayalaland,Czech Republic,Regular,Social Media
2449,Other,56-65,Kristinashire,France,VIP,Social Media
2450,Other,56-65,Paulhaven,Finland,Regular,Organic Search
2451,Male,56-65,East Christopher,France,Regular,Email
2452,Female,66+,West Jacquelinechester,France,Regular,Paid Ads
2453,Male,66+,Amandabury,Germany,Regular,Referral
2454,Male,46-55,Dodsonville,Croatia,Regular,Social Media
2455,Female,36-45,North Lisafurt,France,Regular,Organic Search
2456,Other,46-55,West Michelleville,Germany,Regular,Referral
2457,Male,26-35,Lake Derrickton,Italy,Regular,Paid Ads
2458,Other,18-25,Port Anthonymouth,Netherlands,Regular,Organic Search
2459,Female,18-25,West Jenniferstad,Spain,Regular,Social Media
2460,Female,56-65,Paulfort,Slovakia,Regular,Organic Search
2461,Other,46-55,Jenkinsmouth,Italy,Regular,Organic Search
2462,Other,46-55,East Roberta,Sweden,Regular,Social Media
2463,Other,46-55,Barneston,Austria,Regular,Email
2464,Female,26-35,Scottton,Czech Republic,Regular,Referral
2465,Male,26-35,Shanemouth,Portugal,Regular,Social Media
2466,Female,18-25,Yangberg,Sweden,Regular,Email
2467,Other,46-55,Adamtown,France,VIP,Social Media
2468,Other,36-45,East Amy,Italy,Regular,Email
2469,Female,56-65,Ronaldchester,Germany,Regular,Social Media
2470,Female,46-55,Port Paulmouth,Austria,VIP,Organic Search
2471,Female,46-55,Jonathanview,Spain,Regular,Email
2472,Male,56-65,East Angela,France,Regular,Social Media
2473,Other,36-45,Seanport,Denmark,Regular,Referral
2474,Female,36-45,North Josephfort,France,Regular,Paid Ads
2475,Male,26-35,Nicholasland,France,Regular,Organic Search
2476,Other,18-25,North Brandon,France,VIP,Email
2477,Other,36-45,Port Paula,Romania,VIP,Paid Ads
2478,Other,36-45,Harryfurt,Germany,Regular,Organic Search
2479,Female,56-65,West Paulton,Belgium,Regular,Email
2480,Male,18-25,Amberberg,France,Regular,Organic Search
2481,Male,26-35,West Steven,Spain,Regular,Social Media
2482,Other,46-55,Robertsport,Hungary,VIP,Referral
2483,Male,18-25,East Laura,Romania,Regular,Social Media
2484,Female,66+,Paynechester,Italy,Regular,Social Media
2485,Male,36-45,East Teresaton,Poland,VIP,Paid Ads
2486,Male,18-25,West Maria,Finland,Regular,Social Media
2487,Other,56-65,Youngborough,Spain,Regular,Social Media
2488,Female,56-65,South Ryan,Ireland,VIP,Paid Ads
2489,Other,18-25,East Maria,Italy,Regular,Paid Ads
2490,Other,66+,North Christinaton,Poland,Regular,Referral
2491,Male,56-65,Jasonchester,Spain,Regular,Email
2492,Other,56-65,Port Rachel,Spain,Regular,Social Media
2493,Other,36-45,Michelletown,France,Regular,Social Media
2494,Female,26-35,North Felicialand,France,Regular,Organic Search
2495,Female,66+,North Johnfurt,Belgium,Regular,Referral
2496,Female,56-65,Port Pamela,Italy,Regular,Social Media
2497,Other,26-35,West Carolynchester,Netherlands,Regular,Referral
2498,Male,56-65,Kevinborough,France,Regular,Referral
2499,Other,26-35,Danielchester,Belgium,Regular,Social Media
2500,Male,18-25,Annettemouth,Italy,Regular,Email
2501,Other,46-55,West Madison,Luxembourg,Regular,Paid Ads
2502,Female,18-25,East Jonathanmouth,Finland,VIP,Referral
2503,Other,66+,North Jamesport,France,Regular,Organic Search
2504,Male,46-55,Robinsonmouth,Germany,VIP,Paid Ads
2505,Male,56-65,West Brandonmouth,Bulgaria,Regular,Referral
2506,Female,26-35,Larrychester,Finland,Regular,Email
2507,Female,18-25,West Carolyn,France,Regular,Social Media
2508,Other,18-25,East Tamara,Poland,Regular,Organic Search
2509,Female,46-55,Smithberg,Germany,Regular,Referral
2510,Female,36-45,Port Jonathan,Portugal,Regular,Paid Ads
2511,Other,56-65,Walkerchester,Portugal,Regular,Email
2512,Male,56-65,Sullivantown,Germany,Regular,Referral
2513,Female,26-35,Rodriguezmouth,Italy,Regular,Email
2514,Male,26-35,South Charles,France,Regular,Social Media
2515,Other,56-65,Angelamouth,Germany,Regular,Referral
2516,Female,36-45,Davidfurt,France,Regular,Paid Ads
2517,Other,66+,East Vanessa,Germany,Regular,Email
2518,Other,36-45,Choiport,France,VIP,Social Media
2519,Female,36-45,West Elizabethstad,Germany,Regular,Paid Ads
2520,Female,36-45,Adamsside,Denmark,Regular,Organic Search
2521,Other,36-45,Lake Roberthaven,Slovakia,VIP,Paid Ads
2522,Other,26-35,Luistown,Spain,VIP,Organic Search
2523,Other,56-65,South Derrickmouth,Lithuania,Regular,Organic Search
2524,Male,36-45,Leahburgh,Spain,Regular,Email
2525,Female,56-65,Garrettton,Italy,VIP,Referral
2526,Male,66+,Davisstad,France,Regular,Organic Search
2527,Female,46-55,Traciemouth,Italy,Regular,Paid Ads
2528,Other,66+,Henrychester,Bulgaria,VIP,Social Media
2529,Other,26-35,South Samuel,Sweden,Regular,Social Media
2530,Female,36-45,North Christopher,Germany,Regular,Email
2531,Male,66+,Delgadochester,Belgium,Regular,Organic Search
2532,Other,56-65,West Brookestad,Italy,Regular,Email
2533,Other,18-25,Port Janestad,Netherlands,Regular,Organic Search
2534,Other,46-55,New Heatherborough,France,Regular,Paid Ads
2535,Female,46-55,North Veronicaton,Belgium,VIP,Paid Ads
2536,Female,26-35,Cooperbury,Portugal,VIP,Organic Search
2537,Other,66+,Port Kimbury,Croatia,Regular,Referral
2538,Other,56-65,Port Marieland,Germany,Regular,Paid Ads
2539,Other,36-45,Olsonport,Germany,Regular,Email
2540,Female,46-55,North Jerrystad,France,Regular,Paid Ads
2541,Male,36-45,Lake Emily,Romania,Regular,Referral
2542,Female,56-65,West Stevenmouth,Sweden,Regular,Referral
2543,Male,18-25,Johnberg,France,Regular,Social Media
2544,Female,36-45,Lake Michellehaven,Italy,Regular,Referral
2545,Female,36-45,Linbury,Germany,Regular,Social Media
2546,Other,26-35,Michaelton,Belgium,Regular,Referral
2547,Female,56-65,Port Matthewland,Austria,Regular,Paid Ads
2548,Female,56-65,Mcintoshborough,Germany,Regular,Referral
2549,Female,36-45,North Meganville,Germany,Regular,Referral
2550,Female,46-55,West Michaelland,Italy,Regular,Organic Search
2551,Other,26-35,Port Douglas,France,Regular,Organic Search
2552,Female,26-35,Tannershire,France,Regular,Paid Ads
2553,Other,18-25,Marktown,Spain,Regular,Email
2554,Male,56-65,Mendozamouth,Poland,Regular,Organic Search
2555,Male,66+,Erinmouth,Sweden,Regular,Social Media
2556,Other,18-25,Lake Wayne,Czech Republic,Regular,Email
2557,Other,26-35,Roseville,France,Regular,Email
2558,Other,26-35,Williamport,Italy,Regular,Paid Ads
2559,Female,46-55,Kemphaven,Finland,Regular,Paid Ads
2560,Male,18-25,New Jenniferfort,Ireland,Regular,Email
2561,Female,46-55,Craigmouth,Germany,VIP,Social Media
2562,Male,66+,Smithhaven,France,Regular,Paid Ads
2563,Other,18-25,Melissaport,Germany,Regular,Referral
2564,Male,66+,West Meganview,Netherlands,Regular,Organic Search
2565,Other,66+,Samuelberg,Germany,Regular,Referral
2566,Other,56-65,Port Jennifer,Germany,Regular,Paid Ads
2567,Other,46-55,Reedbury,Germany,VIP,Email
2568,Female,46-55,Elizabethport,Romania,Regular,Organic Search
2569,Female,26-35,New Reneeshire,France,VIP,Email
2570,Female,46-55,Toddport,Spain,VIP,Referral
2571,Female,36-45,West Davidtown,Poland,Regular,Email
2572,Female,18-25,Hillland,Spain,Regular,Referral
2573,Other,66+,East Kenneth,Croatia,VIP,Paid Ads
2574,Male,46-55,Lake Kathleen,Poland,Regular,Referral
2575,Other,18-25,Jamesport,Italy,Regular,Social Media
2576,Other,18-25,Cruzmouth,Germany,VIP,Paid Ads
2577,Female,56-65,West Barbaraport,France,Regular,Paid Ads
2578,Female,56-65,New Kristen,Italy,Regular,Email
2579,Male,46-55,Christinatown,Czech Republic,Regular,Social Media
2580,Male,18-25,West Michelle,Portugal,Regular,Email
2581,Male,36-45,New James,Poland,Regular,Email
2582,Other,46-55,West John,Sweden,Regular,Paid Ads
2583,Other,46-55,Josephport,France,Regular,Organic Search
2584,Female,66+,New Jordanmouth,Slovakia,VIP,Paid Ads
2585,Male,56-65,Jacksonside,Portugal,Regular,Paid Ads
2586,Male,18-25,Sarahside,France,Regular,Referral
2587,Other,46-55,West Kennethchester,Germany,VIP,Email
2588,Male,36-45,Meyerstad,Italy,VIP,Social Media
2589,Other,36-45,Andrewtown,Greece,Regular,Email
2590,Other,66+,East Michellefurt,Denmark,VIP,Social Media
2591,Male,56-65,Fitzpatrickville,Spain,Regular,Social Media
2592,Female,46-55,South Heatherland,Spain,Regular,Social Media
2593,Other,26-35,Lake Drewberg,Slovakia,VIP,Referral
2594,Female,26-35,South Kaylafurt,Germany,VIP,Organic Search
2595,Male,36-45,West Daniel,Bulgaria,Regular,Paid Ads
2596,Other,46-55,Port Mistyfurt,Belgium,Regular,Organic Search
2597,Other,26-35,Normatown,Poland,VIP,Email
2598,Female,66+,Mayland,Denmark,VIP,Paid Ads
2599,Female,56-65,Kimberlyview,France,Regular,Social Media
2600,Female,36-45,South Kimberlychester,Poland,Regular,Paid Ads
2601,Male,18-25,Danielport,Germany,Regular,Social Media
2602,Other,18-25,Baileyland,France,VIP,Email
2603,Female,36-45,Lake Kirk,Poland,Regular,Email
2604,Other,56-65,Rushland,Poland,Regular,Referral
2605,Male,26-35,New Tonya,France,Regular,Organic Search
2606,Other,26-35,North Theodore,Slovakia,VIP,Referral
2607,Female,18-25,Leslieside,Romania,Regular,Organic Search
2608,Female,46-55,New Melissaberg,Germany,Regular,Social Media
2609,Male,26-35,Christianland,France,Regular,Referral
2610,Other,46-55,Henryport,Czech Republic,Regular,Email
2611,Male,56-65,Leeport,France,Regular,Paid Ads
2612,Female,66+,South Susanside,Ireland,VIP,Referral
2613,Female,66+,Stevenborough,Poland,Regular,Organic Search
2614,Female,66+,Melissamouth,Poland,Regular,Organic Search
2615,Female,66+,Lake Stephenfurt,Romania,Regular,Referral
2616,Other,26-35,Mcphersonmouth,France,Regular,Paid Ads
2617,Male,26-35,West Brandonview,Ireland,Regular,Email
2618,Other,36-45,Lake Debrahaven,France,Regular,Social Media
2619,Other,18-25,Port Jason,Finland,Regular,Organic Search
2620,Other,46-55,Williamberg,Netherlands,Regular,Social Media
2621,Male,56-65,Lake Samuel,France,Regular,Referral
2622,Other,46-55,Angelastad,Bulgaria,Regular,Referral
2623,Other,56-65,Cookhaven,Portugal,Regular,Organic Search
2624,Other,66+,Nguyenside,Italy,VIP,Paid Ads
2625,Male,18-25,Johnton,Romania,Regular,Organic Search
2626,Other,66+,Pinedaburgh,Germany,VIP,Organic Search
2627,Female,26-35,South Sean,Austria,Regular,Organic Search
2628,Other,36-45,East Haley,Italy,Regular,Paid Ads
2629,Other,66+,South Nicole,Finland,Regular,Email
2630,Other,46-55,Stonefurt,Germany,Regular,Organic Search
2631,Other,26-35,East Garyshire,Germany,Regular,Organic Search
2632,Male,36-45,Port Christopherborough,Germany,Regular,Email
2633,Other,66+,Mariaton,Italy,Regular,Organic Search
2634,Other,36-45,Gibbsberg,France,VIP,Referral
2635,Other,18-25,Lindachester,Poland,Regular,Referral
2636,Male,26-35,Bryanshire,Germany,Regular,Paid Ads
2637,Other,18-25,West Lisa,France,Regular,Organic Search
2638,Female,46-55,Erinchester,France,VIP,Paid Ads
2639,Other,66+,Blakeland,France,Regular,Paid Ads
2640,Other,26-35,Thomasside,Portugal,Regular,Referral
2641,Male,36-45,Apriltown,Greece,VIP,Social Media
2642,Male,36-45,Emilyfurt,Italy,Regular,Paid Ads
2643,Female,66+,East Amanda,Cyprus,Regular,Organic Search
2644,Other,36-45,New Jamesside,Spain,Regular,Email
2645,Other,66+,New Kimberly,Italy,Regular,Organic Search
2646,Other,46-55,New Erikaside,Croatia,VIP,Email
2647,Other,46-55,North Andrew,France,Regular,Social Media
2648,Other,56-65,Millermouth,France,Regular,Social Media
2649,Male,36-45,Davisfort,Germany,Regular,Social Media
2650,Male,56-65,North Paul,Germany,Regular,Paid Ads
2651,Female,56-65,Timothyfurt,Spain,Regular,Email
2652,Other,18-25,Jacksonton,Italy,Regular,Organic Search
2653,Male,26-35,Clarkbury,Poland,Regular,Social Media
2654,Male,26-35,Jeffreyland,Italy,Regular,Social Media
2655,Other,26-35,Jeffreyview,Germany,Regular,Referral
2656,Female,56-65,West Jeffhaven,Sweden,Regular,Referral
2657,Female,26-35,Morrowmouth,Portugal,Regular,Social Media
2658,Female,66+,Nielsenbury,Poland,Regular,Organic Search
2659,Male,56-65,Port Mark,Latvia,VIP,Referral
2660,Other,46-55,Kevinberg,Czech Republic,Regular,Paid Ads
2661,Female,56-65,New David,Spain,Regular,Email
2662,Other,26-35,Lake Bradley,France,VIP,Social Media
2663,Male,18-25,North Jaime,Czech Republic,Regular,Paid Ads
2664,Female,46-55,South Stacie,Sweden,VIP,Organic Search
2665,Male,26-35,South Brendan,Netherlands,Regular,Organic Search
2666,Male,46-55,Sarahburgh,France,VIP,Paid Ads
2667,Other,36-45,Elizabethfurt,Germany,VIP,Paid Ads
2668,Female,56-65,North Erikamouth,Italy,Regular,Paid Ads
2669,Other,46-55,East Tammie,Finland,Regular,Paid Ads
2670,Male,46-55,Whitneychester,Czech Republic,VIP,Paid Ads
2671,Female,36-45,Christophermouth,Italy,Regular,Referral
2672,Other,18-25,Jeffreyton,Poland,Regular,Email
2673,Other,26-35,New Brandi,Germany,Regular,Social Media
2674,Other,18-25,South Joshua,Italy,Regular,Referral
2675,Other,26-35,South Robert,Finland,VIP,Paid Ads
2676,Female,46-55,Carterview,Germany,VIP,Referral
2677,Female,26-35,Port Dillonchester,Netherlands,Regular,Referral
2678,Female,18-25,Grantmouth,Belgium,Regular,Referral
2679,Female,66+,Millerberg,France,Regular,Organic Search
2680,Male,36-45,West Marc,Spain,Regular,Organic Search
2681,Female,18-25,Allenbury,Netherlands,VIP,Paid Ads
2682,Female,66+,New Brianstad,Poland,Regular,Referral
2683,Other,46-55,East Wendy,Netherlands,Regular,Organic Search
2684,Female,66+,Justinstad,France,Regular,Email
2685,Female,56-65,South Dawn,Sweden,Regular,Referral
2686,Other,36-45,Keithborough,Greece,VIP,Paid Ads
2687,Other,46-55,Joshuahaven,Cyprus,Regular,Organic Search
2688,Female,66+,New Connortown,Germany,Regular,Paid Ads
2689,Other,66+,Johntown,Spain,Regular,Referral
2690,Female,18-25,West Beckyton,Germany,VIP,Referral
2691,Male,56-65,Blevinsmouth,Spain,Regular,Social Media
2692,Other,36-45,Hillborough,Italy,Regular,Organic Search
2693,Male,36-45,West James,Spain,Regular,Organic Search
2694,Female,66+,New Tammyside,Italy,VIP,Organic Search
2695,Male,56-65,Wilkersonport,Italy,Regular,Paid Ads
2696,Other,18-25,Lake Derrick,Germany,VIP,Paid Ads
2697,Female,36-45,East Michael,Netherlands,Regular,Referral
2698,Male,66+,Edwardfurt,Belgium,Regular,Email
2699,Male,36-45,New Matthewview,Spain,Regular,Paid Ads
2700,Other,66+,West Brittany,Poland,Regular,Organic Search
2701,Other,18-25,Ericport,Italy,Regular,Social Media
2702,Male,26-35,North Stevenfort,Italy,Regular,Social Media
2703,Other,18-25,Lake Christopherville,Greece,Regular,Referral
2704,Male,56-65,Fitzgeraldport,Lithuania,Regular,Social Media
2705,Other,26-35,Langshire,Poland,Regular,Organic Search
2706,Female,26-35,Port Sabrinaview,Italy,Regular,Referral
2707,Other,26-35,East Matthew,France,Regular,Organic Search
2708,Male,66+,East Kevinton,Poland,Regular,Organic Search
2709,Male,46-55,Nicholsonburgh,Italy,Regular,Social Media
2710,Other,66+,Pacestad,France,Regular,Paid Ads
2711,Other,36-45,Kristinafurt,France,Regular,Email
2712,Other,56-65,Anthonyberg,France,Regular,Email
2713,Other,36-45,West Rachelberg,Italy,Regular,Referral
2714,Male,36-45,Danielside,Slovakia,Regular,Social Media
2715,Male,46-55,Phillipsbury,Hungary,Regular,Referral
2716,Other,26-35,Lake Michaelmouth,France,Regular,Social Media
2717,Other,56-65,Laurenfurt,Italy,Regular,Referral
2718,Female,18-25,Williamland,Poland,Regular,Email
2719,Female,36-45,North Michael,Italy,Regular,Referral
2720,Other,56-65,Nicoleborough,Germany,VIP,Social Media
2721,Female,18-25,Lake Annashire,Poland,Regular,Social Media
2722,Female,26-35,Stephanietown,Poland,Regular,Email
2723,Other,18-25,Powellport,Germany,VIP,Paid Ads
2724,Male,56-65,Cooperstad,France,Regular,Paid Ads
2725,Other,46-55,Benjaminborough,Czech Republic,Regular,Social Media
2726,Female,56-65,Burtonport,Portugal,Regular,Social Media
2727,Other,66+,Lake Michelle,Poland,Regular,Social Media
2728,Other,46-55,Port Joelside,Spain,Regular,Referral
2729,Female,36-45,Lake Christineborough,Spain,Regular,Referral
2730,Male,46-55,Johnsonburgh,Germany,Regular,Email
2731,Female,66+,Davisfurt,Hungary,VIP,Organic Search
2732,Other,46-55,Lake Melissa,Italy,Regular,Referral
2733,Male,56-65,New Kennethfort,France,Regular,Email
2734,Male,56-65,Port Michael,Poland,Regular,Referral
2735,Female,56-65,Annville,Ireland,Regular,Email
2736,Other,18-25,East Kristina,Poland,Regular,Organic Search
2737,Other,46-55,West Natashabury,Portugal,Regular,Paid Ads
2738,Male,46-55,North Andreatown,Austria,Regular,Paid Ads
2739,Other,26-35,Cantuhaven,Germany,Regular,Social Media
2740,Male,26-35,Lake Miguel,Germany,Regular,Referral
2741,Other,46-55,Kelleyland,France,Regular,Paid Ads
2742,Other,66+,Lake Desiree,Latvia,VIP,Email
2743,Male,26-35,Johnsonstad,Hungary,Regular,Organic Search
2744,Male,66+,Lauraberg,Germany,Regular,Email
2745,Female,18-25,Samanthaburgh,Bulgaria,Regular,Social Media
2746,Other,18-25,South Victoria,Denmark,Regular,Email
2747,Other,66+,Matthewshire,Netherlands,VIP,Referral
2748,Male,36-45,South Ashleystad,Hungary,Regular,Organic Search
2749,Other,56-65,Meganmouth,Italy,Regular,Referral
2750,Male,18-25,Quinnland,Italy,VIP,Social Media
2751,Other,18-25,East Jessicashire,Portugal,Regular,Social Media
2752,Female,26-35,Grayport,Italy,Regular,Referral
2753,Male,36-45,Karenfort,France,Regular,Organic Search
2754,Other,46-55,Gomeztown,Spain,Regular,Social Media
2755,Other,46-55,North Darleneside,Italy,Regular,Referral
2756,Other,36-45,Kingtown,Belgium,Regular,Paid Ads
2757,Female,18-25,Port Miguel,Germany,Regular,Social Media
2758,Other,36-45,Port Ruben,Poland,Regular,Paid Ads
2759,Female,46-55,West Katherineburgh,Poland,Regular,Social Media
2760,Other,26-35,Myersport,Germany,VIP,Social Media
2761,Female,66+,Teresachester,Romania,Regular,Paid Ads
2762,Male,56-65,Smithberg,Poland,VIP,Social Media
2763,Other,56-65,Charlesfurt,Greece,Regular,Email
2764,Female,66+,Weberhaven,Finland,VIP,Email
2765,Female,46-55,East Kevin,France,Regular,Referral
2766,Other,46-55,Ryanfort,Netherlands,VIP,Referral
2767,Male,36-45,North Stephanie,Germany,Regular,Paid Ads
2768,Female,56-65,Tammiemouth,France,Regular,Organic Search
2769,Female,46-55,Johnview,Netherlands,Regular,Organic Search
2770,Other,26-35,Whitetown,Austria,Regular,Social Media
2771,Female,66+,Roseville,Netherlands,VIP,Social Media
2772,Female,56-65,Jennyshire,Spain,Regular,Email
2773,Male,46-55,New Lisachester,Romania,Regular,Paid Ads
2774,Other,26-35,North Brittanystad,France,Regular,Paid Ads
2775,Other,46-55,Adrianchester,France,VIP,Email
2776,Female,18-25,Mirandaburgh,France,Regular,Organic Search
2777,Male,56-65,Suttontown,Finland,Regular,Paid Ads
2778,Other,56-65,Stokesville,France,Regular,Organic Search
2779,Male,36-45,Lake Alexis,Spain,Regular,Organic Search
2780,Male,46-55,Keithborough,France,VIP,Paid Ads
2781,Other,26-35,North Carl,Germany,Regular,Social Media
2782,Other,46-55,Leonshire,Poland,Regular,Organic Search
2783,Female,66+,Port Alicia,Greece,VIP,Email
2784,Male,36-45,East Rachel,Portugal,Regular,Email
2785,Other,26-35,Jasonborough,France,Regular,Referral
2786,Other,36-45,Patrickport,Spain,Regular,Email
2787,Female,66+,Port Elizabethport,France,Regular,Social Media
2788,Male,26-35,Walkershire,Poland,Regular,Social Media
2789,Other,46-55,South James,Denmark,Regular,Paid Ads
2790,Female,66+,New Tyler,Germany,Regular,Referral
2791,Other,56-65,Pattersonbury,Italy,Regular,Paid Ads
2792,Male,26-35,New Angela,Czech Republic,Regular,Social Media
2793,Other,46-55,Jasonbury,France,VIP,Social Media
2794,Male,56-65,Paulton,Slovakia,Regular,Social Media
2795,Female,26-35,South Matthew,Germany,Regular,Email
2796,Female,56-65,North David,Netherlands,Regular,Email
2797,Other,36-45,North Jonathanmouth,Czech Republic,Regular,Social Media
2798,Female,36-45,South Waynefort,Spain,VIP,Social Media
2799,Other,36-45,Ricefort,Greece,Regular,Referral
2800,Female,18-25,North Dianaberg,Poland,Regular,Referral
2801,Female,36-45,Boltonfurt,Germany,Regular,Paid Ads
2802,Female,18-25,North Lesliehaven,Latvia,Regular,Paid Ads
2803,Other,36-45,East Elizabeth,France,Regular,Social Media
2804,Female,46-55,South Luis,Germany,Regular,Email
2805,Male,56-65,Port Michaelton,Portugal,Regular,Social Media
2806,Male,26-35,Lake Donnafurt,Germany,Regular,Referral
2807,Other,46-55,Debrastad,Ireland,Regular,Organic Search
2808,Female,66+,Mayberg,Czech Republic,Regular,Referral
2809,Other,56-65,Aliciaside,France,Regular,Organic Search
2810,Female,36-45,New Jodiville,Germany,Regular,Referral
2811,Male,46-55,Dawnmouth,Slovakia,VIP,Organic Search
2812,Other,46-55,New Tabithaberg,France,Regular,Paid Ads
2813,Other,26-35,Charleston,Poland,Regular,Referral
2814,Other,56-65,Christinatown,France,Regular,Social Media
2815,Female,66+,East Richard,Poland,VIP,Organic Search
2816,Other,66+,New Pamelaview,Romania,Regular,Social Media
2817,Female,66+,Cruztown,Finland,Regular,Paid Ads
2818,Male,46-55,East Lance,France,Regular,Paid Ads
2819,Other,36-45,Josebury,Belgium,Regular,Organic Search
2820,Other,46-55,Sarahfurt,Germany,Regular,Referral
2821,Other,18-25,Haysmouth,Sweden,Regular,Email
2822,Other,46-55,Jorgeton,Italy,Regular,Email
2823,Female,56-65,East Kathleenview,Romania,Regular,Email
2824,Male,66+,Allenhaven,Italy,VIP,Organic Search
2825,Male,56-65,Kellyton,Latvia,VIP,Email
2826,Male,56-65,East Nicholasville,Austria,Regular,Email
2827,Male,18-25,South Joseph,Netherlands,Regular,Referral
2828,Female,46-55,Linstad,Sweden,Regular,Paid Ads
2829,Male,26-35,North Markview,Netherlands,Regular,Social Media
2830,Other,66+,Port Scott,Italy,Regular,Referral
2831,Female,56-65,New Barbaraborough,Denmark,Regular,Email
2832,Male,18-25,West Michael,Hungary,Regular,Referral
2833,Male,56-65,North Sara,Germany,Regular,Social Media
2834,Other,66+,Davidberg,Spain,Regular,Email
2835,Other,56-65,East Gregory,Slovakia,VIP,Paid Ads
2836,Male,18-25,West Susan,France,VIP,Email
2837,Male,26-35,East Melissabury,Ireland,Regular,Organic Search
2838,Female,26-35,Mooreport,Italy,Regular,Paid Ads
2839,Female,36-45,West Ashleyfurt,France,Regular,Paid Ads
2840,Male,26-35,Lake Jasminetown,Czech Republic,Regular,Referral
2841,Female,18-25,Shelleyton,Germany,Regular,Paid Ads
2842,Female,46-55,Lake David,Italy,Regular,Paid Ads
2843,Other,18-25,Lake Joshua,Czech Republic,VIP,Paid Ads
2844,Other,66+,Jamesview,Spain,Regular,Paid Ads
2845,Male,46-55,North Calebtown,Portugal,Regular,Social Media
2846,Female,46-55,Huynhmouth,Portugal,VIP,Organic Search
2847,Female,46-55,Samuelbury,Sweden,Regular,Organic Search
2848,Male,18-25,East Carolyn,Ireland,Regular,Referral
2849,Male,36-45,East Joseph,Italy,Regular,Social Media
2850,Female,66+,Lake Jamie,Hungary,Regular,Organic Search
2851,Female,46-55,Kristinfort,Netherlands,VIP,Social Media
2852,Female,18-25,Catherinemouth,Greece,VIP,Paid Ads
2853,Male,26-35,Lake Ryanstad,Germany,Regular,Paid Ads
2854,Male,18-25,Sabrinaport,Belgium,Regular,Paid Ads
2855,Other,36-45,New Richardton,Romania,Regular,Referral
2856,Female,26-35,Karamouth,Hungary,VIP,Email
2857,Other,66+,Jacksonborough,Lithuania,VIP,Organic Search
2858,Male,46-55,Reginaport,Czech Republic,Regular,Referral
2859,Female,56-65,South Brandonborough,Poland,Regular,Organic Search
2860,Female,18-25,Hillfort,Italy,Regular,Paid Ads
2861,Male,56-65,Lake Taylor,Finland,Regular,Email
2862,Male,26-35,East Jeffery,Greece,VIP,Social Media
2863,Male,46-55,New Jaime,Denmark,Regular,Organic Search
2864,Female,46-55,Floresmouth,Slovenia,Regular,Email
2865,Other,66+,Port Karen,Italy,VIP,Referral
2866,Female,26-35,North Briana,Spain,Regular,Email
2867,Other,66+,New Jaime,Italy,Regular,Referral
2868,Other,26-35,North Deborah,Spain,VIP,Email
2869,Male,26-35,Lake Loriberg,Germany,Regular,Organic Search
2870,Female,56-65,Lake Jessicabury,Greece,VIP,Paid Ads
2871,Other,66+,Wileystad,France,Regular,Referral
2872,Other,56-65,Lake Christopher,Netherlands,Regular,Social Media
2873,Male,36-45,Sandrahaven,Portugal,Regular,Paid Ads
2874,Male,66+,Port Guy,Poland,Regular,Referral
2875,Male,26-35,Villegaschester,Netherlands,VIP,Organic Search
2876,Male,26-35,Amyton,Hungary,Regular,Organic Search
2877,Female,36-45,Wagnerfort,Poland,VIP,Email
2878,Male,46-55,Bowenmouth,Italy,Regular,Email
2879,Other,36-45,Markland,Italy,Regular,Email
2880,Female,26-35,East Bradleystad,Slovakia,Regular,Referral
2881,Female,66+,Lake Sean,Czech Republic,VIP,Social Media
2882,Female,18-25,Jillmouth,Czech Republic,Regular,Referral
2883,Other,26-35,Loriberg,Netherlands,VIP,Referral
2884,Male,56-65,West Wandabury,Hungary,Regular,Paid Ads
2885,Female,46-55,West Theodorestad,Romania,Regular,Organic Search
2886,Other,26-35,Kingport,Slovenia,Regular,Email
2887,Other,26-35,North Cherylview,France,Regular,Paid Ads
2888,Female,56-65,South Johnbury,Portugal,Regular,Paid Ads
2889,Other,56-65,Michaelview,Poland,VIP,Email
2890,Male,66+,Gutierrezville,Italy,Regular,Email
2891,Male,18-25,Melanieborough,Germany,Regular,Email
2892,Other,26-35,North Laurenside,France,Regular,Email
2893,Male,36-45,East Eugene,Italy,VIP,Referral
2894,Other,46-55,West Rita,France,Regular,Referral
2895,Other,36-45,Navarromouth,France,VIP,Social Media
2896,Other,36-45,Jenniferville,Greece,Regular,Email
2897,Male,18-25,East Sharonview,Poland,Regular,Paid Ads
2898,Male,26-35,Hendricksland,Germany,Regular,Paid Ads
2899,Female,56-65,Lake Tammymouth,Netherlands,VIP,Social Media
2900,Female,26-35,Bruceview,Germany,Regular,Organic Search
2901,Other,66+,Josephmouth,Greece,VIP,Referral
2902,Female,36-45,Allenfort,Germany,VIP,Organic Search
2903,Other,18-25,West Brandon,Spain,Regular,Email
2904,Other,46-55,South Patricialand,Spain,Regular,Organic Search
2905,Other,46-55,Torresbury,Spain,VIP,Social Media
2906,Male,46-55,Vargasside,Romania,Regular,Social Media
2907,Female,46-55,East Kristine,Germany,Regular,Referral
2908,Male,56-65,Leahville,Portugal,VIP,Email
2909,Female,26-35,Port Dianaland,Lithuania,Regular,Referral
2910,Female,46-55,Jessicaberg,Hungary,VIP,Organic Search
2911,Female,66+,New Danielfort,Romania,Regular,Social Media
2912,Female,46-55,West Jameschester,Netherlands,Regular,Social Media
2913,Male,18-25,Scotttown,Luxembourg,VIP,Referral
2914,Female,26-35,Nicholaschester,France,Regular,Social Media
2915,Other,46-55,Kingshire,Germany,Regular,Email
2916,Other,66+,Walterton,Italy,Regular,Email
2917,Other,18-25,Georgestad,Germany,Regular,Organic Search
2918,Male,36-45,Elliottton,Slovenia,Regular,Email
2919,Female,66+,South Katie,Italy,Regular,Social Media
2920,Female,46-55,Lake Jesse,Netherlands,Regular,Email
2921,Female,66+,Hernandezberg,Germany,Regular,Referral
2922,Male,26-35,North Ryanburgh,Netherlands,Regular,Organic Search
2923,Female,18-25,Kyleside,Poland,Regular,Referral
2924,Other,46-55,Port Christine,Sweden,Regular,Social Media
2925,Other,36-45,Julieton,Italy,Regular,Paid Ads
2926,Male,36-45,Lake Rhondaside,France,Regular,Social Media
2927,Male,26-35,West Roberthaven,Czech Republic,Regular,Email
2928,Other,46-55,East Daniellebury,Netherlands,Regular,Paid Ads
2929,Male,36-45,North Thomas,Austria,Regular,Email
2930,Male,36-45,New Kevin,Portugal,Regular,Organic Search
2931,Male,66+,Juliechester,Finland,Regular,Email
2932,Male,46-55,Smithland,Spain,Regular,Referral
2933,Female,36-45,Port Gary,Italy,Regular,Paid Ads
2934,Male,26-35,Charleschester,France,Regular,Email
2935,Other,36-45,Rebeccaville,Belgium,Regular,Email
2936,Other,66+,North Brandiport,France,VIP,Organic Search
2937,Other,66+,Port Austinfurt,Germany,Regular,Social Media
2938,Female,56-65,Kennethfurt,Germany,Regular,Paid Ads
2939,Male,66+,Tabithaborough,Slovakia,Regular,Social Media
2940,Male,36-45,Evanston,Poland,Regular,Referral
2941,Male,56-65,Millertown,Hungary,VIP,Social Media
2942,Male,66+,Jacobport,Germany,Regular,Paid Ads
2943,Female,66+,Diaztown,Romania,Regular,Paid Ads
2944,Male,18-25,New Gerald,Germany,Regular,Referral
2945,Female,56-65,Englishchester,Hungary,Regular,Email
2946,Male,56-65,North Lisaburgh,France,Regular,Email
2947,Female,66+,Angelaport,Denmark,Regular,Social Media
2948,Female,46-55,New Scottstad,Sweden,Regular,Paid Ads
2949,Female,18-25,Colleenton,France,Regular,Paid Ads
2950,Other,26-35,Harrisside,France,Regular,Email
2951,Other,66+,South William,Germany,Regular,Social Media
2952,Other,26-35,West Marc,Germany,Regular,Email
2953,Male,46-55,Jonathanport,Hungary,Regular,Organic Search
2954,Female,46-55,Brianton,Spain,Regular,Organic Search
2955,Male,18-25,East Wesley,Croatia,Regular,Email
2956,Female,46-55,East Jason,Netherlands,Regular,Paid Ads
2957,Female,18-25,New Amanda,Germany,Regular,Social Media
2958,Other,18-25,North Jeffrey,Poland,Regular,Referral
2959,Male,46-55,South Thomasmouth,Italy,Regular,Referral
2960,Other,66+,East Donnaside,France,Regular,Paid Ads
2961,Other,46-55,South Mark,Poland,VIP,Email
2962,Other,36-45,Jamiemouth,Cyprus,Regular,Email
2963,Female,56-65,South Brenda,Germany,VIP,Organic Search
2964,Other,46-55,South Christopher,Poland,Regular,Paid Ads
2965,Other,26-35,Ellisside,France,Regular,Organic Search
2966,Female,66+,Greenmouth,Netherlands,VIP,Organic Search
2967,Female,56-65,Ashleyview,Germany,Regular,Referral
2968,Female,66+,West Keithmouth,Sweden,Regular,Social Media
2969,Female,36-45,West Robertofort,France,VIP,Referral
2970,Female,18-25,West Johnview,Denmark,VIP,Referral
2971,Female,66+,North Donna,France,Regular,Social Media
2972,Male,56-65,Travischester,Italy,Regular,Email
2973,Other,18-25,East Maryview,Germany,Regular,Organic Search
2974,Other,18-25,West Amber,Germany,VIP,Referral
2975,Other,56-65,Taraland,France,Regular,Organic Search
2976,Male,66+,Campbellborough,Croatia,Regular,Paid Ads
2977,Female,18-25,Lake Joseph,Spain,Regular,Paid Ads
2978,Other,26-35,Eddieview,Poland,Regular,Paid Ads
2979,Female,18-25,South Susan,Spain,Regular,Email
2980,Male,36-45,Mcdonaldborough,Denmark,Regular,Organic Search
2981,Male,56-65,Stanleychester,Italy,Regular,Organic Search
2982,Other,26-35,Albertfort,Spain,Regular,Social Media
2983,Other,56-65,Riceborough,Ireland,Regular,Referral
2984,Other,56-65,New Kimberly,Ireland,VIP,Paid Ads
2985,Male,46-55,Brownchester,Italy,VIP,Referral
2986,Male,46-55,Port Angela,Germany,Regular,Email
2987,Other,18-25,East Nathanfurt,Germany,Regular,Social Media
2988,Other,56-65,Port Bryanville,Finland,Regular,Email
2989,Other,66+,New Scott,Italy,Regular,Social Media
2990,Male,36-45,New Levimouth,Germany,Regular,Referral
2991,Female,18-25,Port Justin,Italy,Regular,Referral
2992,Other,46-55,Wilsonfurt,Germany,Regular,Social Media
2993,Female,66+,South Davidmouth,Spain,Regular,Email
2994,Male,18-25,West Kristin,Hungary,Regular,Email
2995,Other,56-65,South Katherineburgh,Portugal,VIP,Social Media
2996,Other,18-25,West Douglasberg,Portugal,VIP,Social Media
2997,Female,56-65,East Josephberg,Italy,VIP,Referral
2998,Other,26-35,South Katrinaburgh,Portugal,Regular,Organic Search
2999,Male,46-55,Juarezstad,Finland,Regular,Paid Ads
3000,Male,66+,West Jennifer,Greece,Regular,Paid Ads
3001,Other,18-25,Teresafurt,Poland,VIP,Referral
3002,Other,18-25,Coopermouth,France,Regular,Organic Search
3003,Other,36-45,Rickyville,Finland,Regular,Referral
3004,Female,46-55,New Johnbury,Hungary,VIP,Paid Ads
3005,Other,66+,Port Richard,Poland,Regular,Referral
3006,Other,66+,Lake Madisonton,Belgium,Regular,Social Media
3007,Male,46-55,West William,Italy,Regular,Referral
3008,Male,46-55,Port Ryan,France,Regular,Organic Search
3009,Female,18-25,West Kathrynport,Poland,Regular,Referral
3010,Other,26-35,New Michael,Germany,VIP,Organic Search
3011,Female,18-25,Smithchester,Germany,VIP,Social Media
3012,Other,36-45,Sampsonside,Germany,Regular,Referral
3013,Female,36-45,Murphyhaven,France,Regular,Social Media
3014,Male,46-55,Melissastad,Germany,Regular,Paid Ads
3015,Other,46-55,North Steveberg,Croatia,Regular,Email
3016,Female,46-55,East Joshuaport,Bulgaria,VIP,Paid Ads
3017,Female,26-35,North Gina,Germany,VIP,Organic Search
3018,Other,36-45,Richardbury,France,Regular,Paid Ads
3019,Male,66+,Port Seanfort,Italy,Regular,Paid Ads
3020,Other,36-45,Andersonport,Czech Republic,VIP,Organic Search
3021,Female,36-45,Kevinshire,Croatia,Regular,Social Media
3022,Other,18-25,Moralesport,Spain,Regular,Paid Ads
3023,Other,18-25,Velasquezmouth,Ireland,Regular,Paid Ads
3024,Other,46-55,South Shelley,Italy,VIP,Referral
3025,Male,56-65,Port Steven,Germany,Regular,Email
3026,Other,36-45,New Jonathonfurt,Germany,VIP,Organic Search
3027,Other,18-25,East Desiree,Italy,Regular,Paid Ads
3028,Female,36-45,Amandabury,Greece,VIP,Organic Search
3029,Male,46-55,Pattersonhaven,Belgium,VIP,Organic Search
3030,Other,18-25,Tylermouth,Sweden,Regular,Organic Search
3031,Male,18-25,West Katie,Poland,Regular,Referral
3032,Other,46-55,West Douglasport,Ireland,Regular,Email
3033,Other,26-35,Scottside,Italy,Regular,Email
3034,Other,46-55,Turnerland,France,Regular,Paid Ads
3035,Female,26-35,West Kevin,Spain,VIP,Paid Ads
3036,Female,36-45,Peterton,Lithuania,Regular,Social Media
3037,Female,36-45,Mendozafort,Portugal,VIP,Referral
3038,Other,26-35,Millerside,Italy,Regular,Paid Ads
3039,Female,26-35,North Carrie,Austria,Regular,Referral
3040,Female,66+,Wilsonborough,Denmark,Regular,Referral
3041,Female,36-45,Lake Isabellaport,Spain,Regular,Paid Ads
3042,Male,26-35,Sharonchester,Greece,Regular,Paid Ads
3043,Other,66+,Port Ryan,Poland,Regular,Social Media
3044,Other,46-55,East Daniel,Finland,Regular,Social Media
3045,Male,46-55,North Christianmouth,France,VIP,Referral
3046,Other,46-55,North John,France,VIP,Paid Ads
3047,Male,66+,Johnsonville,Italy,Regular,Email
3048,Female,18-25,Lake Denise,Italy,Regular,Referral
3049,Male,36-45,Christopherland,Poland,Regular,Email
3050,Other,46-55,Garciamouth,Czech Republic,Regular,Paid Ads
3051,Female,46-55,Moorefurt,Germany,Regular,Paid Ads
3052,Female,36-45,New Raymond,Czech Republic,Regular,Email
3053,Other,18-25,Holtshire,Spain,Regular,Organic Search
3054,Male,18-25,Angelafurt,Germany,Regular,Organic Search
3055,Female,26-35,Martinezburgh,France,Regular,Paid Ads
3056,Male,36-45,West Davidland,France,Regular,Social Media
3057,Female,46-55,Jessicatown,Poland,Regular,Paid Ads
3058,Male,56-65,Port Danielshire,France,VIP,Paid Ads
3059,Male,56-65,Amyville,Germany,Regular,Referral
3060,Other,66+,Lake Jennifer,Germany,Regular,Social Media
3061,Male,18-25,Onealhaven,Belgium,Regular,Paid Ads
3062,Male,18-25,New Ashley,Finland,VIP,Referral
3063,Female,26-35,Hammondville,Spain,Regular,Email
3064,Female,46-55,Johnsonton,Belgium,Regular,Paid Ads
3065,Male,46-55,Port Rhondamouth,Italy,Regular,Email
3066,Female,18-25,Cabreramouth,Italy,Regular,Organic Search
3067,Other,36-45,Berryton,Germany,Regular,Paid Ads
3068,Other,26-35,Meredithberg,Germany,Regular,Social Media
3069,Male,36-45,Edwardsberg,France,Regular,Referral
3070,Other,46-55,Melissafort,Germany,Regular,Social Media
3071,Male,56-65,South Tiffanyland,Austria,Regular,Email
3072,Male,46-55,North Calvin,Finland,Regular,Paid Ads
3073,Male,66+,Richardbury,Germany,Regular,Referral
3074,Female,18-25,Nicolestad,Bulgaria,Regular,Referral
3075,Female,56-65,North Susanberg,Netherlands,VIP,Email
3076,Other,18-25,Vangchester,Germany,Regular,Paid Ads
3077,Female,46-55,Lake Suzanne,Finland,VIP,Social Media
3078,Female,36-45,South Angela,Belgium,Regular,Referral
3079,Female,26-35,Evansborough,Italy,Regular,Social Media
3080,Female,36-45,North Tiffanyhaven,Spain,Regular,Referral
3081,Male,66+,South Kelseyside,Slovakia,Regular,Email
3082,Male,26-35,Fowlerburgh,Denmark,Regular,Organic Search
3083,Male,36-45,New Marissaview,France,VIP,Email
3084,Male,18-25,South Jose,Sweden,VIP,Organic Search
3085,Female,56-65,Gonzalezhaven,Portugal,VIP,Email
3086,Female,66+,Schwartzbury,Poland,Regular,Organic Search
3087,Male,66+,Delgadostad,Poland,VIP,Organic Search
3088,Other,18-25,Jeffreyville,France,VIP,Paid Ads
3089,Other,18-25,East Evan,France,Regular,Email
3090,Male,66+,Lake Bryanberg,France,Regular,Email
3091,Female,36-45,Shermanland,Greece,Regular,Email
3092,Male,46-55,Lake Suzanneshire,Romania,VIP,Organic Search
3093,Male,36-45,North Shane,Germany,VIP,Email
3094,Male,66+,Lake Elainemouth,Poland,VIP,Organic Search
3095,Female,26-35,Brittanyport,France,VIP,Email
3096,Female,56-65,Lake Robertmouth,France,Regular,Paid Ads
3097,Female,66+,East David,Italy,Regular,Organic Search
3098,Other,36-45,Kingberg,Netherlands,Regular,Paid Ads
3099,Male,46-55,North Veronica,Germany,Regular,Organic Search
3100,Female,18-25,West Williamville,Poland,Regular,Referral
3101,Other,66+,New Allenton,Germany,VIP,Email
3102,Female,66+,Kelseyburgh,Czech Republic,Regular,Organic Search
3103,Other,36-45,Kimberlyberg,Poland,Regular,Referral
3104,Female,46-55,Staceyton,Italy,Regular,Paid Ads
3105,Male,18-25,West Jesseland,France,Regular,Referral
3106,Female,36-45,Bellfort,Spain,Regular,Referral
3107,Female,46-55,Kathleenport,Spain,VIP,Referral
3108,Male,26-35,Brianabury,Italy,Regular,Referral
3109,Other,26-35,Sharonfort,Bulgaria,Regular,Organic Search
3110,Other,26-35,Port Kimberly,Italy,VIP,Paid Ads
3111,Male,46-55,Mckinneyshire,France,Regular,Social Media
3112,Male,46-55,Taylorville,Italy,Regular,Social Media
3113,Other,36-45,Cohenside,Hungary,Regular,Referral
3114,Female,46-55,Pricechester,Poland,Regular,Paid Ads
3115,Other,18-25,Lake Mitchell,Spain,Regular,Organic Search
3116,Female,66+,Port Rubentown,Germany,Regular,Social Media
3117,Other,46-55,Brightfort,Germany,Regular,Referral
3118,Female,66+,North Heidibury,Spain,VIP,Social Media
3119,Female,56-65,Port Ericastad,Belgium,VIP,Paid Ads
3120,Female,66+,Port Ryanshire,Spain,Regular,Paid Ads
3121,Female,18-25,East Vanessaview,Italy,VIP,Social Media
3122,Male,36-45,New Traceyview,Italy,Regular,Social Media
3123,Female,36-45,Youngchester,Netherlands,Regular,Email
3124,Other,26-35,Port Timothyburgh,Sweden,Regular,Social Media
3125,Other,26-35,Hugheschester,Czech Republic,Regular,Email
3126,Male,46-55,North Stacy,France,Regular,Organic Search
3127,Male,46-55,Brownside,France,Regular,Email
3128,Other,46-55,Port Tanyabury,France,Regular,Social Media
3129,Female,26-35,Bellmouth,Germany,Regular,Social Media
3130,Female,18-25,West Mary,Greece,Regular,Paid Ads
3131,Female,36-45,North John,Netherlands,Regular,Referral
3132,Female,36-45,West Gregoryfort,Poland,Regular,Social Media
3133,Other,26-35,South Kristopher,Poland,Regular,Paid Ads
3134,Other,56-65,South John,Lithuania,VIP,Organic Search
3135,Male,56-65,Lestad,Portugal,Regular,Social Media
3136,Female,46-55,Nicolefort,France,Regular,Organic Search
3137,Male,26-35,Cummingston,France,Regular,Organic Search
3138,Female,18-25,Rothtown,Netherlands,Regular,Paid Ads
3139,Female,56-65,Ellischester,Italy,VIP,Referral
3140,Male,36-45,West Anthony,Portugal,Regular,Paid Ads
3141,Female,36-45,Donnaside,Greece,VIP,Paid Ads
3142,Male,18-25,Kathyfurt,France,VIP,Social Media
3143,Female,26-35,East Devin,Spain,Regular,Referral
3144,Other,46-55,New Vincent,Spain,Regular,Referral
3145,Other,18-25,West John,France,Regular,Social Media
3146,Other,18-25,Paulfort,Poland,Regular,Organic Search
3147,Other,26-35,Port Gary,Greece,Regular,Organic Search
3148,Male,56-65,Lake Anthony,Germany,VIP,Paid Ads
3149,Female,36-45,South Margaretborough,Germany,Regular,Referral
3150,Male,46-55,North Saraside,Italy,Regular,Organic Search
3151,Other,46-55,Erinborough,Spain,Regular,Email
3152,Male,46-55,Port Virginia,Hungary,VIP,Social Media
3153,Male,66+,Port Debbie,France,Regular,Organic Search
3154,Other,26-35,New Shannon,Germany,Regular,Organic Search
3155,Male,26-35,Allenchester,France,Regular,Paid Ads
3156,Female,46-55,Port Mariatown,Spain,Regular,Referral
3157,Female,46-55,Nicholasstad,Germany,VIP,Referral
3158,Male,26-35,Turnerside,Spain,Regular,Paid Ads
3159,Female,18-25,Johnberg,France,Regular,Organic Search
3160,Female,56-65,North David,Poland,Regular,Paid Ads
3161,Male,56-65,East Stephenmouth,Italy,VIP,Email
3162,Other,36-45,Patrickmouth,France,Regular,Paid Ads
3163,Other,36-45,Terryfort,Hungary,Regular,Social Media
3164,Female,18-25,South Nancy,Denmark,Regular,Referral
3165,Other,66+,Martinland,Germany,Regular,Referral
3166,Male,18-25,Lindseyfort,France,Regular,Organic Search
3167,Male,26-35,West Jacquelineville,Portugal,Regular,Social Media
3168,Other,26-35,West Carloston,Hungary,Regular,Social Media
3169,Male,66+,Gilmoreport,Italy,Regular,Email
3170,Female,26-35,Buchananville,Denmark,Regular,Social Media
3171,Male,36-45,Smithbury,Germany,Regular,Referral
3172,Female,46-55,North Dustin,Greece,Regular,Paid Ads
3173,Female,56-65,Rayville,Slovakia,Regular,Paid Ads
3174,Male,18-25,Justinstad,Germany,Regular,Email
3175,Male,36-45,Joshuatown,Germany,Regular,Social Media
3176,Other,56-65,Watkinsburgh,Italy,Regular,Organic Search
3177,Male,66+,Bookerburgh,Germany,VIP,Referral
3178,Female,18-25,Jackfurt,Portugal,Regular,Organic Search
3179,Male,18-25,Marshallmouth,France,Regular,Social Media
3180,Male,18-25,East Sarahview,Spain,Regular,Organic Search
3181,Female,26-35,Port Cory,Denmark,VIP,Organic Search
3182,Female,56-65,Stephensfort,Greece,Regular,Social Media
3183,Other,56-65,Lake Ryanstad,France,Regular,Paid Ads
3184,Female,66+,East Robert,France,Regular,Organic Search
3185,Female,46-55,New Laurie,Spain,VIP,Organic Search
3186,Male,66+,Hooverberg,Poland,VIP,Social Media
3187,Other,46-55,South Robertahaven,Greece,Regular,Social Media
3188,Female,26-35,Jillbury,Germany,Regular,Referral
3189,Other,18-25,Port Sarahchester,Sweden,Regular,Referral
3190,Other,46-55,South Samantha,Poland,Regular,Organic Search
3191,Male,56-65,Hendrixview,France,Regular,Referral
3192,Female,66+,East Kyle,Spain,Regular,Email
3193,Female,66+,Victoriafort,Spain,Regular,Referral
3194,Female,36-45,Timothyfort,Germany,Regular,Social Media
3195,Male,66+,Angelachester,Czech Republic,Regular,Referral
3196,Female,36-45,Powersfurt,Belgium,Regular,Organic Search
3197,Male,36-45,North Katelynstad,Poland,Regular,Referral
3198,Other,66+,Derekburgh,Italy,VIP,Organic Search
3199,Other,26-35,Port Amandatown,Italy,Regular,Email
3200,Other,26-35,Sheltonborough,Netherlands,Regular,Email
3201,Male,66+,Carlside,Germany,Regular,Referral
3202,Other,56-65,Andreview,Denmark,VIP,Organic Search
3203,Female,56-65,South Kimberlyport,Poland,Regular,Paid Ads
3204,Other,66+,Port Zacharychester,Portugal,Regular,Referral
3205,Other,36-45,North Joshuaton,Germany,Regular,Referral
3206,Female,26-35,Hallbury,Spain,Regular,Referral
3207,Male,26-35,North Jakeburgh,Belgium,Regular,Referral
3208,Other,26-35,West Lindseyside,Germany,Regular,Email
3209,Female,26-35,New Tonya,Sweden,Regular,Social Media
3210,Female,36-45,South Tiffanyton,France,Regular,Email
3211,Male,18-25,South Ashley,Netherlands,VIP,Social Media
3212,Male,66+,Smithville,Germany,VIP,Social Media
3213,Male,46-55,Reneestad,Italy,Regular,Referral
3214,Other,36-45,Ryanview,Germany,Regular,Social Media
3215,Female,56-65,Turnerchester,France,Regular,Referral
3216,Other,18-25,New Danielborough,Netherlands,Regular,Organic Search
3217,Female,18-25,Port Sydneychester,Spain,Regular,Referral
3218,Female,56-65,New Brittanyton,Romania,Regular,Referral
3219,Other,36-45,New Mckenzie,Belgium,Regular,Referral
3220,Female,18-25,Taylorport,Bulgaria,Regular,Organic Search
3221,Other,18-25,West Joshuaburgh,Spain,VIP,Organic Search
3222,Other,36-45,Port Richardburgh,Spain,Regular,Referral
3223,Female,56-65,Meyerfurt,Germany,Regular,Referral
3224,Female,18-25,North Sergioberg,France,VIP,Paid Ads
3225,Other,18-25,Boydland,Poland,Regular,Referral
3226,Male,46-55,Boyerside,Germany,Regular,Email
3227,Other,66+,Robinchester,Italy,Regular,Social Media
3228,Other,56-65,Lake Bryan,Poland,Regular,Referral
3229,Male,18-25,Lake Heather,France,Regular,Social Media
3230,Other,26-35,North Ashleyfort,Italy,Regular,Organic Search
3231,Female,26-35,Andreaview,France,VIP,Paid Ads
3232,Male,36-45,Everettburgh,Czech Republic,VIP,Social Media
3233,Other,46-55,Lake Nicole,Romania,Regular,Referral
3234,Male,18-25,Lake Kevin,Sweden,VIP,Paid Ads
3235,Other,56-65,Lake Jameshaven,Portugal,VIP,Referral
3236,Other,46-55,West Holly,Italy,VIP,Email
3237,Female,66+,Port Michael,Denmark,Regular,Referral
3238,Female,46-55,New Catherineside,Spain,Regular,Referral
3239,Male,36-45,Audreyville,Germany,Regular,Social Media
3240,Other,26-35,East Stephanie,Spain,Regular,Paid Ads
3241,Male,18-25,Lake Peterfurt,Germany,Regular,Paid Ads
3242,Other,36-45,Madisonshire,Italy,Regular,Referral
3243,Other,26-35,Cookburgh,Germany,Regular,Organic Search
3244,Male,26-35,Sierraberg,Poland,VIP,Paid Ads
3245,Female,18-25,West Paul,Portugal,Regular,Email
3246,Male,56-65,Jacksonfort,Czech Republic,Regular,Email
3247,Female,26-35,Dawnmouth,Spain,Regular,Paid Ads
3248,Male,26-35,Jenniferfort,Romania,Regular,Referral
3249,Male,26-35,East Nancy,Spain,Regular,Email
3250,Male,26-35,Grayhaven,Austria,Regular,Email
3251,Male,46-55,East Victoria,Germany,Regular,Organic Search
3252,Male,66+,Port Timothyshire,Poland,Regular,Social Media
3253,Female,46-55,Ryanhaven,Ireland,VIP,Referral
3254,Female,46-55,North Jillberg,Germany,VIP,Social Media
3255,Other,26-35,Gabrielleton,Italy,Regular,Paid Ads
3256,Other,46-55,Collinsbury,Spain,Regular,Paid Ads
3257,Other,36-45,West Frances,France,Regular,Organic Search
3258,Male,46-55,Taylormouth,Italy,VIP,Organic Search
3259,Male,66+,Robertland,Greece,VIP,Social Media
3260,Female,66+,Susanville,Italy,Regular,Social Media
3261,Other,56-65,Gamblemouth,France,Regular,Social Media
3262,Female,56-65,New Sandrashire,Austria,Regular,Email
3263,Other,56-65,Rollinsmouth,Belgium,Regular,Email
3264,Female,18-25,Jamesstad,Germany,Regular,Social Media
3265,Other,66+,Port Jacobhaven,Spain,VIP,Social Media
3266,Female,56-65,Aliciabury,Ireland,Regular,Social Media
3267,Female,26-35,Lake Brandiberg,Slovakia,Regular,Social Media
3268,Male,36-45,West Tracyland,Latvia,Regular,Referral
3269,Other,46-55,Garciamouth,France,Regular,Paid Ads
3270,Male,66+,Lake Sandrafurt,Czech Republic,Regular,Social Media
3271,Other,36-45,Dannyhaven,Greece,Regular,Referral
3272,Male,18-25,North Yesenia,Poland,Regular,Social Media
3273,Male,56-65,Dawnberg,Netherlands,Regular,Social Media
3274,Other,46-55,Lake Kristy,France,Regular,Referral
3275,Female,56-65,Port Josetown,Spain,Regular,Social Media
3276,Other,18-25,Cheyennestad,Germany,Regular,Referral
3277,Female,18-25,West Daniel,Sweden,VIP,Social Media
3278,Female,56-65,Port Martin,Slovakia,Regular,Social Media
3279,Female,26-35,North Heatherchester,Spain,Regular,Referral
3280,Female,56-65,New Jamie,Poland,VIP,Referral
3281,Male,26-35,New Kenneth,Italy,VIP,Social Media
3282,Male,18-25,Pratttown,Czech Republic,Regular,Social Media
3283,Other,36-45,Derekport,Germany,VIP,Organic Search
3284,Other,46-55,Williamberg,Slovakia,Regular,Email
3285,Male,36-45,Pottermouth,Germany,Regular,Social Media
3286,Male,26-35,New Carla,France,Regular,Email
3287,Female,56-65,Fritzbury,Poland,Regular,Paid Ads
3288,Other,56-65,Lake Patriciaberg,Germany,Regular,Paid Ads
3289,Female,26-35,East Douglas,Germany,Regular,Organic Search
3290,Male,56-65,East Stevefort,Croatia,Regular,Social Media
3291,Male,18-25,Tonyafurt,Sweden,Regular,Referral
3292,Female,56-65,New Robert,France,VIP,Paid Ads
3293,Female,18-25,Robinsonview,Finland,VIP,Social Media
3294,Other,46-55,South Paula,Italy,Regular,Paid Ads
3295,Male,46-55,North Timothytown,Germany,Regular,Referral
3296,Female,56-65,West Ryan,Germany,Regular,Organic Search
3297,Female,26-35,New Richardborough,Spain,Regular,Referral
3298,Other,36-45,Millerville,Italy,Regular,Referral
3299,Female,46-55,Michaelborough,Spain,Regular,Social Media
3300,Male,56-65,Alisonville,Germany,Regular,Referral
3301,Female,26-35,Wrightmouth,Germany,Regular,Social Media
3302,Male,66+,Lake Monica,Italy,Regular,Paid Ads
3303,Female,18-25,Lake Carmentown,Italy,Regular,Email
3304,Other,18-25,Grantfurt,France,Regular,Organic Search
3305,Female,36-45,Susanmouth,Italy,Regular,Referral
3306,Female,46-55,Lake Courtneystad,Italy,VIP,Social Media
3307,Female,36-45,New Loriview,Italy,Regular,Social Media
3308,Male,26-35,Crystalland,Spain,Regular,Email
3309,Male,18-25,Ortizborough,Poland,Regular,Social Media
3310,Male,18-25,West Thomas,Germany,Regular,Paid Ads
3311,Other,56-65,South Justin,Germany,VIP,Organic Search
3312,Female,46-55,Hugheshaven,Spain,VIP,Paid Ads
3313,Female,26-35,Lake Christopher,Austria,Regular,Social Media
3314,Male,26-35,West Kendraview,Germany,Regular,Email
3315,Other,66+,Port Mary,Germany,VIP,Email
3316,Female,26-35,New Susan,Spain,Regular,Paid Ads
3317,Male,18-25,Michelestad,Poland,Regular,Social Media
3318,Male,56-65,Mcdonaldmouth,Sweden,VIP,Referral
3319,Female,66+,Stewartborough,Poland,VIP,Email
3320,Male,18-25,Jesuschester,Slovakia,Regular,Paid Ads
3321,Other,18-25,Wilkinsborough,Czech Republic,Regular,Organic Search
3322,Male,18-25,North Rebeccaville,Italy,Regular,Paid Ads
3323,Other,36-45,Lopezshire,France,Regular,Social Media
3324,Female,26-35,Zacharyville,Spain,Regular,Paid Ads
3325,Other,18-25,Colemanville,Germany,VIP,Referral
3326,Female,46-55,Vasquezport,Germany,Regular,Referral
3327,Female,56-65,South Connieside,Belgium,Regular,Referral
3328,Female,66+,Heatherton,Denmark,Regular,Social Media
3329,Other,66+,Jesuschester,Czech Republic,Regular,Referral
3330,Other,46-55,Kathleenfort,Portugal,VIP,Referral
3331,Male,26-35,Jerrymouth,Germany,VIP,Social Media
3332,Male,56-65,Port Paula,Austria,Regular,Referral
3333,Female,18-25,Bonnieton,Italy,Regular,Paid Ads
3334,Male,46-55,Figueroaview,Portugal,Regular,Paid Ads
3335,Other,66+,East Suzanne,Italy,VIP,Social Media
3336,Male,18-25,West Amanda,Italy,Regular,Referral
3337,Female,46-55,New Michaelmouth,France,Regular,Social Media
3338,Female,26-35,Johnnyland,Denmark,Regular,Organic Search
3339,Male,66+,Lake Cindyton,France,Regular,Social Media
3340,Female,46-55,East Anna,Italy,Regular,Referral
3341,Female,36-45,Jenkinsside,Germany,Regular,Email
3342,Female,18-25,Sandersstad,Spain,Regular,Paid Ads
3343,Other,26-35,Carlfurt,France,VIP,Organic Search
3344,Other,56-65,North Fred,Germany,Regular,Organic Search
3345,Other,56-65,Amyborough,Spain,Regular,Referral
3346,Other,46-55,North Jeffrey,Italy,Regular,Social Media
3347,Male,56-65,Ericksonside,France,Regular,Referral
3348,Female,56-65,West Jacobchester,Portugal,VIP,Email
3349,Other,56-65,Silvamouth,Greece,VIP,Paid Ads
3350,Female,36-45,Vanessaside,Ireland,Regular,Referral
3351,Other,36-45,West Kaylamouth,Portugal,VIP,Paid Ads
3352,Female,36-45,South Jessicaview,Germany,Regular,Organic Search
3353,Male,26-35,Smithland,Germany,VIP,Email
3354,Male,46-55,Gloverville,France,Regular,Social Media
3355,Male,18-25,North Maxwell,Bulgaria,Regular,Paid Ads
3356,Female,66+,West Ashley,Romania,Regular,Organic Search
3357,Male,66+,South Marie,France,Regular,Organic Search
3358,Female,56-65,Port Lynnchester,Netherlands,Regular,Social Media
3359,Female,56-65,Morrismouth,Austria,Regular,Social Media
3360,Female,56-65,Lake Melissa,Poland,VIP,Email
3361,Female,56-65,Murphyview,Spain,Regular,Paid Ads
3362,Male,46-55,Robinsonmouth,France,Regular,Social Media
3363,Female,46-55,North Danaton,Ireland,Regular,Referral
3364,Other,36-45,East Sheila,Germany,Regular,Social Media
3365,Male,56-65,Johnborough,Germany,Regular,Paid Ads
3366,Male,46-55,Catherineville,Denmark,Regular,Organic Search
3367,Other,36-45,Johnchester,Belgium,Regular,Referral
3368,Female,36-45,New Coreyfurt,Italy,VIP,Paid Ads
3369,Other,18-25,Carolberg,Poland,Regular,Organic Search
3370,Female,26-35,Garrisonburgh,Italy,Regular,Organic Search
3371,Female,18-25,Jesseport,Italy,Regular,Referral
3372,Female,46-55,Maddoxton,Denmark,Regular,Referral
3373,Male,36-45,Williamsfort,Italy,Regular,Paid Ads
3374,Other,36-45,Amybury,Italy,Regular,Organic Search
3375,Male,66+,New Michael,Germany,VIP,Email
3376,Male,66+,New Ashleyhaven,Italy,Regular,Organic Search
3377,Male,18-25,Ashleymouth,Germany,VIP,Social Media
3378,Other,36-45,Port Joseph,Belgium,Regular,Organic Search
3379,Female,36-45,Lawrencefurt,Germany,VIP,Email
3380,Male,56-65,Ricardotown,Germany,VIP,Paid Ads
3381,Female,46-55,Maloneland,Czech Republic,VIP,Email
3382,Other,18-25,Port Micheleland,France,Regular,Social Media
3383,Female,56-65,Lake Coreyshire,Germany,Regular,Paid Ads
3384,Other,56-65,Denisechester,Netherlands,VIP,Email
3385,Female,18-25,Blakefort,France,Regular,Social Media
3386,Other,46-55,Latoyaborough,Netherlands,Regular,Social Media
3387,Female,36-45,Tuckermouth,Croatia,Regular,Referral
3388,Male,36-45,South Stephaniehaven,Italy,Regular,Paid Ads
3389,Male,66+,Cobbton,France,VIP,Organic Search
3390,Male,26-35,North Catherinestad,Germany,VIP,Referral
3391,Other,18-25,Wilsonfort,Germany,Regular,Social Media
3392,Other,26-35,Port Dana,Belgium,Regular,Referral
3393,Other,66+,West Jennifertown,Italy,Regular,Email
3394,Female,66+,East Lauraside,Greece,Regular,Referral
3395,Female,26-35,Davidborough,Netherlands,Regular,Social Media
3396,Male,36-45,South Michaelbury,Germany,Regular,Referral
3397,Female,66+,Glassshire,Spain,Regular,Referral
3398,Female,66+,Collinsmouth,Germany,Regular,Referral
3399,Other,66+,Lake Diana,Netherlands,VIP,Paid Ads
3400,Female,18-25,Villanuevafurt,Croatia,Regular,Social Media
3401,Male,26-35,Michaelberg,Germany,Regular,Referral
3402,Male,66+,Derrickshire,Croatia,VIP,Organic Search
3403,Other,36-45,Lewisside,Czech Republic,Regular,Email
3404,Male,18-25,Shawntown,Italy,Regular,Email
3405,Male,36-45,Matthewmouth,France,Regular,Email
3406,Female,56-65,North Timothyport,France,Regular,Email
3407,Male,46-55,Conleymouth,Slovakia,Regular,Organic Search
3408,Other,56-65,North Ryan,Spain,Regular,Email
3409,Female,18-25,West Scottshire,Bulgaria,Regular,Organic Search
3410,Other,18-25,Brownfort,Italy,Regular,Referral
3411,Other,56-65,Lake Chad,Slovakia,Regular,Social Media
3412,Male,46-55,New Cody,Hungary,Regular,Organic Search
3413,Other,56-65,Port Dustin,Sweden,Regular,Social Media
3414,Male,18-25,Christopherhaven,Germany,Regular,Referral
3415,Male,46-55,New Kathleen,France,VIP,Organic Search
3416,Female,56-65,Frederickmouth,Sweden,Regular,Email
3417,Male,56-65,Robertton,Ireland,Regular,Social Media
3418,Other,18-25,New Austin,Czech Republic,Regular,Email
3419,Other,56-65,North Christyland,France,Regular,Organic Search
3420,Female,56-65,Kimstad,Austria,Regular,Paid Ads
3421,Male,18-25,South Christinaland,Spain,Regular,Organic Search
3422,Male,46-55,Tonifort,Italy,VIP,Paid Ads
3423,Other,36-45,Aliciabury,Slovakia,VIP,Social Media
3424,Female,26-35,South Maryland,Belgium,Regular,Paid Ads
3425,Female,18-25,Ellismouth,Greece,Regular,Social Media
3426,Other,66+,East Sandra,France,Regular,Organic Search
3427,Male,18-25,New Crystal,Germany,Regular,Organic Search
3428,Male,36-45,Millerbury,Croatia,Regular,Organic Search
3429,Female,18-25,South Colintown,Czech Republic,Regular,Email
3430,Male,46-55,New James,Spain,Regular,Social Media
3431,Female,18-25,Bensonmouth,Czech Republic,Regular,Referral
3432,Other,36-45,Port Jorge,Sweden,Regular,Email
3433,Male,18-25,Port Shirleybury,Sweden,VIP,Social Media
3434,Other,56-65,Cunninghamport,Germany,VIP,Social Media
3435,Female,46-55,South Judith,Germany,VIP,Email
3436,Female,26-35,Dakotafort,Czech Republic,VIP,Email
3437,Other,66+,Sierramouth,Netherlands,Regular,Paid Ads
3438,Female,56-65,Toddborough,Hungary,Regular,Referral
3439,Female,26-35,Robinland,France,Regular,Organic Search
3440,Male,56-65,Brianmouth,Italy,Regular,Social Media
3441,Female,66+,Matthewsfurt,Netherlands,Regular,Social Media
3442,Male,26-35,West Deborahhaven,Romania,Regular,Email
3443,Male,56-65,West Brittanyfurt,Spain,VIP,Referral
3444,Other,66+,Lauraville,Poland,Regular,Organic Search
3445,Male,66+,Millerhaven,Poland,Regular,Social Media
3446,Female,36-45,Brookehaven,Spain,VIP,Organic Search
3447,Female,66+,Ibarrachester,Germany,Regular,Paid Ads
3448,Female,26-35,Kennedyville,Belgium,Regular,Referral
3449,Other,36-45,Randybury,Cyprus,VIP,Social Media
3450,Female,18-25,Colleenview,Portugal,VIP,Social Media
3451,Other,18-25,Port Lori,Italy,Regular,Email
3452,Male,36-45,Edwardshaven,Poland,VIP,Social Media
3453,Female,18-25,Lake Dennis,Czech Republic,VIP,Paid Ads
3454,Male,26-35,New Terrancemouth,Poland,VIP,Social Media
3455,Other,56-65,Christinaside,Austria,Regular,Organic Search
3456,Other,56-65,Port Sierra,Sweden,Regular,Email
3457,Other,66+,South Levi,France,Regular,Referral
3458,Male,36-45,Laceyburgh,Portugal,Regular,Referral
3459,Female,36-45,Sandrahaven,Germany,Regular,Paid Ads
3460,Other,18-25,South Erin,Germany,VIP,Referral
3461,Female,46-55,Nathanborough,Germany,Regular,Social Media
3462,Other,26-35,Leachmouth,Germany,VIP,Paid Ads
3463,Other,66+,East Frankmouth,France,Regular,Organic Search
3464,Other,66+,New Pattyland,Spain,VIP,Email
3465,Female,18-25,Mooremouth,France,Regular,Social Media
3466,Other,26-35,Debraton,Poland,Regular,Paid Ads
3467,Male,56-65,New Sherry,Germany,Regular,Paid Ads
3468,Female,36-45,Lake Ruth,Hungary,VIP,Email
3469,Other,36-45,Breannaburgh,Italy,Regular,Email
3470,Male,66+,Port Jameshaven,Austria,Regular,Email
3471,Male,46-55,Port Denise,Spain,Regular,Social Media
3472,Other,26-35,New Melindabury,Belgium,Regular,Email
3473,Other,26-35,Millershire,Germany,VIP,Organic Search
3474,Male,66+,South Antonio,France,VIP,Organic Search
3475,Male,26-35,Ryanmouth,Belgium,Regular,Organic Search
3476,Other,26-35,East Lisaton,Poland,Regular,Organic Search
3477,Female,26-35,West Aaronton,Italy,Regular,Paid Ads
3478,Male,36-45,Bakerchester,Greece,Regular,Referral
3479,Other,66+,Dawnmouth,Italy,Regular,Paid Ads
3480,Male,26-35,Lake Matthewville,Austria,Regular,Paid Ads
3481,Other,26-35,Port Jasmine,Romania,Regular,Social Media
3482,Female,18-25,West Edward,Italy,Regular,Paid Ads
3483,Male,66+,West Benjamintown,Germany,Regular,Social Media
3484,Male,36-45,South Steven,France,VIP,Social Media
3485,Male,46-55,Aaronfort,Germany,Regular,Email
3486,Female,36-45,Port Christopherborough,Germany,Regular,Paid Ads
3487,Other,36-45,South Larry,Italy,Regular,Referral
3488,Female,26-35,East Brandonburgh,France,Regular,Paid Ads
3489,Male,66+,Perrymouth,Germany,Regular,Paid Ads
3490,Other,56-65,Longberg,Bulgaria,Regular,Paid Ads
3491,Other,36-45,South James,Germany,Regular,Organic Search
3492,Other,56-65,Port Robert,France,Regular,Referral
3493,Other,18-25,Russellberg,Germany,Regular,Social Media
3494,Male,66+,South Robertbury,France,Regular,Email
3495,Other,26-35,West Timothy,Poland,Regular,Email
3496,Male,36-45,Bishopport,Germany,Regular,Email
3497,Female,18-25,New Paulbury,Italy,Regular,Paid Ads
3498,Female,66+,Port Barbarachester,Germany,Regular,Social Media
3499,Female,56-65,New Russell,Belgium,VIP,Referral
3500,Other,56-65,North Hannah,Netherlands,Regular,Organic Search
3501,Other,26-35,Port Laurie,Italy,Regular,Social Media
3502,Female,36-45,Lake Stacy,Germany,Regular,Paid Ads
3503,Female,26-35,Port Juan,Spain,Regular,Email
3504,Male,18-25,Hendersonview,Germany,Regular,Paid Ads
3505,Male,26-35,Madisonmouth,France,Regular,Email
3506,Male,18-25,Jameston,Bulgaria,Regular,Email
3507,Male,26-35,Lorichester,Italy,Regular,Paid Ads
3508,Male,36-45,Port Daniel,Italy,VIP,Email
3509,Female,66+,Austinville,Italy,Regular,Referral
3510,Male,36-45,Lake Travis,Denmark,Regular,Email
3511,Female,56-65,Floydhaven,Germany,Regular,Paid Ads
3512,Other,36-45,Dawnville,Germany,Regular,Organic Search
3513,Female,26-35,East Anaville,Slovakia,Regular,Social Media
3514,Other,56-65,North John,Germany,Regular,Email
3515,Female,66+,Wrightchester,France,Regular,Social Media
3516,Other,66+,Deborahland,Portugal,VIP,Organic Search
3517,Other,18-25,East Tiffanyfort,Cyprus,Regular,Paid Ads
3518,Male,26-35,Jenniferfurt,Germany,Regular,Paid Ads
3519,Male,26-35,Sarahshire,France,VIP,Referral
3520,Female,26-35,East Josephstad,Germany,Regular,Organic Search
3521,Other,26-35,Odonnellburgh,Germany,Regular,Social Media
3522,Female,26-35,Valerieburgh,Hungary,Regular,Paid Ads
3523,Male,26-35,Kaylabury,Spain,Regular,Email
3524,Female,18-25,Hardinfort,Germany,VIP,Paid Ads
3525,Male,46-55,Angelaborough,France,VIP,Paid Ads
3526,Male,36-45,Grantberg,Belgium,Regular,Email
3527,Other,56-65,North Mirandamouth,Denmark,Regular,Email
3528,Female,26-35,Bridgesmouth,Malta,Regular,Email
3529,Other,26-35,North Evelynburgh,Spain,Regular,Referral
3530,Female,36-45,East Gwendolyn,Germany,Regular,Email
3531,Other,18-25,Rileyburgh,France,VIP,Social Media
3532,Other,46-55,West Barrymouth,Italy,Regular,Email
3533,Other,26-35,Port Rubenland,Germany,Regular,Paid Ads
3534,Other,18-25,North Laura,Portugal,Regular,Referral
3535,Other,66+,East Alejandro,Finland,Regular,Paid Ads
3536,Male,56-65,Lake Joshua,Germany,Regular,Paid Ads
3537,Male,56-65,Port Christopherfort,France,Regular,Email
3538,Male,56-65,Donnaton,Denmark,Regular,Social Media
3539,Male,36-45,Churchchester,Spain,Regular,Email
3540,Male,18-25,New Janetland,Germany,Regular,Paid Ads
3541,Male,66+,Campbellview,Germany,Regular,Email
3542,Female,18-25,Tinatown,Germany,Regular,Email
3543,Female,46-55,Shepherdport,Germany,VIP,Social Media
3544,Female,18-25,Merrittville,Bulgaria,VIP,Organic Search
3545,Other,66+,East Timothy,Czech Republic,VIP,Organic Search
3546,Male,66+,Port Damon,Germany,Regular,Email
3547,Other,26-35,Lukestad,Germany,Regular,Organic Search
3548,Other,66+,South Moniquetown,Italy,Regular,Email
3549,Male,36-45,Port Cynthia,Germany,Regular,Organic Search
3550,Other,66+,Nicolefurt,Sweden,Regular,Social Media
3551,Male,56-65,Brendanland,France,Regular,Email
3552,Other,46-55,North Samanthahaven,Netherlands,Regular,Email
3553,Male,26-35,West Eric,Finland,VIP,Social Media
3554,Male,36-45,Lake Rodneybury,Spain,Regular,Organic Search
3555,Female,18-25,South Emilyborough,Spain,VIP,Organic Search
3556,Female,26-35,Owenhaven,Germany,Regular,Social Media
3557,Other,56-65,Jocelynmouth,Germany,Regular,Paid Ads
3558,Other,18-25,Hallton,Italy,Regular,Paid Ads
3559,Other,26-35,East James,Sweden,Regular,Social Media
3560,Female,36-45,North Anthony,Netherlands,Regular,Email
3561,Male,56-65,Christinaside,Italy,Regular,Referral
3562,Male,26-35,East Lucas,Germany,Regular,Email
3563,Other,36-45,Lake Jamesburgh,Poland,Regular,Organic Search
3564,Other,56-65,Sheliafurt,Czech Republic,VIP,Organic Search
3565,Male,18-25,Davidview,Germany,Regular,Social Media
3566,Male,56-65,New Jennifer,Hungary,Regular,Organic Search
3567,Other,36-45,North Anthony,France,Regular,Paid Ads
3568,Female,46-55,South Brandonbury,Spain,Regular,Paid Ads
3569,Female,66+,Virginiamouth,Spain,Regular,Email
3570,Female,36-45,North Morgan,Netherlands,Regular,Organic Search
3571,Female,56-65,Webbville,Germany,Regular,Paid Ads
3572,Other,66+,East Thomasberg,Spain,Regular,Social Media
3573,Male,18-25,East Joseph,Italy,Regular,Referral
3574,Male,36-45,Hartmanland,Portugal,Regular,Email
3575,Male,36-45,Ramosbury,Italy,Regular,Social Media
3576,Male,46-55,Vargasshire,Germany,Regular,Referral
3577,Female,36-45,Priceton,Germany,Regular,Organic Search
3578,Male,66+,New Barbara,France,Regular,Social Media
3579,Male,36-45,Carlsonshire,Spain,VIP,Organic Search
3580,Female,46-55,West Jennifer,Netherlands,Regular,Social Media
3581,Other,56-65,Lake Gregorychester,Romania,Regular,Email
3582,Male,26-35,Wesleymouth,Spain,Regular,Social Media
3583,Other,56-65,East Tiffany,France,Regular,Social Media
3584,Male,46-55,New Mario,Italy,Regular,Organic Search
3585,Female,18-25,Maureenmouth,Belgium,Regular,Organic Search
3586,Female,26-35,Raymondton,Bulgaria,Regular,Paid Ads
3587,Female,26-35,New Judy,France,Regular,Social Media
3588,Other,18-25,South Keith,Poland,Regular,Paid Ads
3589,Male,18-25,Lake Jamestown,Sweden,VIP,Email
3590,Female,66+,Port Caitlinfort,Spain,Regular,Organic Search
3591,Other,26-35,Lake Michelle,Spain,Regular,Organic Search
3592,Male,46-55,Kiarafurt,Poland,Regular,Referral
3593,Male,18-25,Amyland,Netherlands,Regular,Organic Search
3594,Male,56-65,East Sabrina,Greece,Regular,Referral
3595,Female,46-55,Moniqueview,Portugal,VIP,Email
3596,Other,66+,Montoyabury,Austria,Regular,Organic Search
3597,Male,26-35,Mauriceburgh,Germany,Regular,Organic Search
3598,Female,46-55,North Rodneymouth,Poland,VIP,Paid Ads
3599,Other,18-25,West Louis,Hungary,Regular,Referral
3600,Other,66+,Fisherbury,Italy,Regular,Social Media
3601,Other,18-25,Port Andreaside,Hungary,Regular,Referral
3602,Other,66+,Christianbury,Finland,Regular,Social Media
3603,Female,26-35,West Kyleberg,Poland,Regular,Organic Search
3604,Male,18-25,Danieltown,France,Regular,Email
3605,Other,36-45,Lake Ericburgh,France,Regular,Referral
3606,Female,18-25,West Tylerbury,Spain,Regular,Referral
3607,Other,26-35,Amandaville,France,Regular,Email
3608,Male,18-25,Lisabury,Poland,Regular,Social Media
3609,Female,18-25,Jeffreyshire,Italy,VIP,Organic Search
3610,Other,36-45,Colefort,Belgium,VIP,Email
3611,Other,18-25,West Robert,Italy,Regular,Organic Search
3612,Female,26-35,West Robertberg,Czech Republic,Regular,Referral
3613,Other,18-25,South Kathrynville,Italy,Regular,Organic Search
3614,Male,46-55,South David,Germany,Regular,Organic Search
3615,Male,18-25,Johnmouth,Ireland,Regular,Paid Ads
3616,Female,56-65,Smithstad,Italy,VIP,Organic Search
3617,Other,46-55,Port Lori,Italy,VIP,Paid Ads
3618,Male,26-35,Cindystad,Germany,Regular,Social Media
3619,Female,56-65,Brownville,Italy,Regular,Referral
3620,Female,66+,Amandahaven,Poland,Regular,Referral
3621,Other,26-35,West Kevinview,Czech Republic,Regular,Email
3622,Female,66+,Faithchester,Hungary,Regular,Organic Search
3623,Other,18-25,North Linda,France,Regular,Referral
3624,Female,36-45,Lake Heathershire,Czech Republic,Regular,Email
3625,Other,26-35,Marshallville,Portugal,Regular,Paid Ads
3626,Female,56-65,Campbellfurt,France,Regular,Organic Search
3627,Female,46-55,Patrickshire,Germany,Regular,Organic Search
3628,Male,56-65,South Becky,Poland,Regular,Email
3629,Male,36-45,Lake Manuelbury,Poland,Regular,Paid Ads
3630,Other,46-55,New Annside,Ireland,Regular,Email
3631,Female,56-65,Jameston,Sweden,Regular,Email
3632,Female,56-65,East Carlshire,Ireland,Regular,Referral
3633,Other,36-45,West Danny,Romania,Regular,Email
3634,Other,66+,Stewartshire,Portugal,Regular,Referral
3635,Other,36-45,South Kevinshire,Germany,VIP,Social Media
3636,Other,56-65,Lake Donnaberg,Poland,Regular,Social Media
3637,Female,18-25,Christineport,Poland,Regular,Social Media
3638,Male,26-35,Palmerfurt,Poland,Regular,Organic Search
3639,Male,36-45,Crystalburgh,France,Regular,Referral
3640,Other,18-25,Carolland,Italy,Regular,Organic Search
3641,Female,26-35,Jacksonside,Bulgaria,Regular,Organic Search
3642,Female,18-25,Lake Danielle,Spain,Regular,Paid Ads
3643,Female,56-65,Gardnerville,Portugal,Regular,Paid Ads
3644,Male,36-45,Adamsberg,Spain,Regular,Email
3645,Other,26-35,Morrisberg,Finland,Regular,Email
3646,Other,18-25,Melissamouth,Germany,Regular,Social Media
3647,Female,46-55,New Charlesborough,Hungary,Regular,Organic Search
3648,Other,56-65,East Emilyview,Cyprus,Regular,Social Media
3649,Male,46-55,Seanside,Germany,Regular,Social Media
3650,Male,46-55,Jeromestad,Spain,Regular,Organic Search
3651,Female,56-65,Clarkview,Czech Republic,Regular,Referral
3652,Male,18-25,Waremouth,Poland,Regular,Referral
3653,Other,26-35,Yangstad,Germany,Regular,Email
3654,Female,18-25,South Dianashire,France,Regular,Paid Ads
3655,Female,56-65,Vasquezview,Czech Republic,VIP,Email
3656,Female,56-65,New Leslie,Sweden,Regular,Organic Search
3657,Male,46-55,Blairmouth,Austria,Regular,Organic Search
3658,Other,46-55,South Carlos,Germany,Regular,Referral
3659,Male,18-25,Beckerport,Germany,Regular,Referral
3660,Male,18-25,Watsonport,Spain,Regular,Email
3661,Male,18-25,North Joseph,Italy,Regular,Referral
3662,Other,66+,New Michealbury,Spain,Regular,Social Media
3663,Male,66+,Port Frankburgh,Poland,Regular,Referral
3664,Male,66+,West Luisborough,Italy,Regular,Email
3665,Other,46-55,Fullermouth,Croatia,Regular,Organic Search
3666,Male,66+,Lake Kathyborough,Greece,Regular,Organic Search
3667,Female,46-55,East Beth,Denmark,Regular,Referral
3668,Other,46-55,Port Kevinfort,Germany,Regular,Referral
3669,Female,66+,Stephaniechester,Czech Republic,VIP,Paid Ads
3670,Other,18-25,East Kevinmouth,Italy,Regular,Referral
3671,Female,46-55,North Williamstad,Greece,Regular,Paid Ads
3672,Other,18-25,Davisbury,Poland,Regular,Social Media
3673,Other,66+,Annaville,Germany,Regular,Organic Search
3674,Male,26-35,Frazierhaven,Slovenia,Regular,Organic Search
3675,Female,36-45,New David,Ireland,Regular,Paid Ads
3676,Female,18-25,Davisshire,France,Regular,Organic Search
3677,Male,26-35,New Kendra,Spain,Regular,Organic Search
3678,Male,46-55,North Jodi,Poland,VIP,Referral
3679,Other,66+,East Christopherburgh,France,Regular,Referral
3680,Other,36-45,East Katrinahaven,Spain,Regular,Paid Ads
3681,Male,66+,Lanceville,France,Regular,Social Media
3682,Male,66+,Sheppardburgh,France,Regular,Email
3683,Male,46-55,Gomezbury,France,Regular,Organic Search
3684,Male,46-55,West Stevenchester,Latvia,Regular,Organic Search
3685,Male,66+,New Brianview,France,Regular,Organic Search
3686,Other,18-25,South Joseph,Italy,Regular,Referral
3687,Female,66+,Patrickstad,Portugal,Regular,Paid Ads
3688,Male,66+,Douglasville,Germany,VIP,Referral
3689,Other,56-65,Maryland,Denmark,Regular,Organic Search
3690,Female,56-65,Hoffmanbury,Poland,Regular,Referral
3691,Other,36-45,Kennethside,Germany,Regular,Referral
3692,Other,56-65,North Williamside,Czech Republic,Regular,Referral
3693,Male,56-65,Jessicachester,Romania,Regular,Organic Search
3694,Male,56-65,Port Brian,Austria,Regular,Social Media
3695,Female,26-35,Jacquelinechester,Italy,Regular,Referral
3696,Male,46-55,Rodriguezville,Lithuania,Regular,Email
3697,Other,46-55,Port Donfurt,Spain,Regular,Organic Search
3698,Other,18-25,South Jonathanton,Italy,Regular,Referral
3699,Female,56-65,Hansenshire,France,Regular,Paid Ads
3700,Male,36-45,Lisaton,Romania,Regular,Referral
3701,Male,66+,South Debra,Spain,Regular,Paid Ads
3702,Female,36-45,North Erica,France,Regular,Organic Search
3703,Other,66+,Phillipshire,Bulgaria,Regular,Social Media
3704,Female,18-25,Jenniferside,Spain,Regular,Referral
3705,Other,18-25,North Mary,Poland,Regular,Paid Ads
3706,Other,26-35,Mccoyberg,Germany,Regular,Referral
3707,Other,18-25,Marioville,Slovenia,Regular,Email
3708,Female,26-35,Lake Kathleen,Czech Republic,Regular,Email
3709,Other,18-25,Sanchezchester,Spain,Regular,Paid Ads
3710,Male,36-45,Parrishburgh,Denmark,Regular,Email
3711,Male,66+,Port Stephanie,Belgium,Regular,Referral
3712,Other,66+,Zacharyton,Latvia,Regular,Email
3713,Other,26-35,Port Evan,Slovenia,Regular,Email
3714,Other,56-65,Hawkinston,Italy,Regular,Organic Search
3715,Female,36-45,Lake Nathaniel,Netherlands,Regular,Email
3716,Male,66+,West Lee,Spain,Regular,Organic Search
3717,Male,26-35,Port Robertchester,Italy,Regular,Referral
3718,Female,26-35,North Eugene,Italy,Regular,Paid Ads
3719,Other,46-55,North Amberhaven,Germany,Regular,Organic Search
3720,Male,66+,Frostfurt,Lithuania,Regular,Referral
3721,Other,46-55,East Joseph,Spain,Regular,Paid Ads
3722,Other,46-55,New Charlestown,Austria,Regular,Paid Ads
3723,Male,36-45,South Sherry,Hungary,Regular,Paid Ads
3724,Other,18-25,South Alyssafurt,Spain,Regular,Email
3725,Other,18-25,Morenoview,France,Regular,Paid Ads
3726,Male,36-45,North Frank,Belgium,VIP,Social Media
3727,Other,36-45,East Calebland,Denmark,Regular,Referral
3728,Other,36-45,South Stevetown,Italy,Regular,Email
3729,Other,18-25,Davisland,Germany,VIP,Email
3730,Other,36-45,Port Thomas,Germany,Regular,Social Media
3731,Other,46-55,South Susan,France,Regular,Referral
3732,Female,56-65,East Devin,France,Regular,Paid Ads
3733,Male,66+,Kimberlybury,Netherlands,Regular,Email
3734,Female,26-35,Marymouth,Austria,Regular,Paid Ads
3735,Other,18-25,East Courtneybury,Spain,Regular,Paid Ads
3736,Other,66+,Burchtown,France,Regular,Paid Ads
3737,Female,66+,Wrightton,Spain,Regular,Referral
3738,Female,46-55,Lake Nicoleburgh,France,VIP,Email
3739,Other,26-35,Harrisonmouth,Germany,Regular,Paid Ads
3740,Other,66+,Christopherland,Italy,Regular,Paid Ads
3741,Other,18-25,East Christinaview,Romania,Regular,Referral
3742,Male,66+,Chrishaven,Italy,Regular,Social Media
3743,Other,36-45,South Dennis,Croatia,VIP,Social Media
3744,Other,36-45,North Davidside,Portugal,Regular,Paid Ads
3745,Female,66+,Port Kathleen,Germany,Regular,Email
3746,Male,18-25,New Lindaville,Hungary,Regular,Email
3747,Male,26-35,Nancyberg,Spain,Regular,Social Media
3748,Female,18-25,Joshuafort,Poland,VIP,Social Media
3749,Female,18-25,Port Laura,France,Regular,Referral
3750,Female,26-35,Parkerbury,Germany,VIP,Paid Ads
3751,Male,46-55,Burnettmouth,Italy,Regular,Email
3752,Female,46-55,Stephenmouth,Germany,Regular,Organic Search
3753,Other,36-45,New Sherry,Germany,Regular,Paid Ads
3754,Other,18-25,Andersonville,Belgium,Regular,Organic Search
3755,Female,26-35,West Todd,Germany,Regular,Email
3756,Male,66+,West Robertborough,Spain,Regular,Referral
3757,Other,66+,East Nataliehaven,Poland,Regular,Referral
3758,Female,26-35,South Jerry,Germany,Regular,Email
3759,Female,46-55,Diazstad,Spain,VIP,Paid Ads
3760,Other,46-55,Marieburgh,Ireland,Regular,Social Media
3761,Other,56-65,Nelsonborough,Romania,Regular,Referral
3762,Female,36-45,Rodneyhaven,Spain,Regular,Paid Ads
3763,Female,56-65,Alexanderburgh,Spain,Regular,Social Media
3764,Female,66+,New Michaelberg,Spain,Regular,Social Media
3765,Female,66+,Mullinshaven,Sweden,Regular,Social Media
3766,Male,36-45,East Sharon,France,Regular,Organic Search
3767,Other,46-55,East Larrystad,Slovenia,Regular,Organic Search
3768,Male,18-25,Wrightbury,Germany,VIP,Social Media
3769,Male,56-65,Port Caleb,Italy,Regular,Paid Ads
3770,Male,26-35,North Lisachester,Germany,Regular,Organic Search
3771,Female,18-25,South Robert,Sweden,Regular,Social Media
3772,Male,56-65,East Brendaside,Italy,Regular,Referral
3773,Male,66+,North Rhonda,Poland,VIP,Social Media
3774,Other,56-65,Jamiefort,France,Regular,Referral
3775,Other,46-55,Angelastad,Poland,VIP,Paid Ads
3776,Other,46-55,Richardview,Italy,Regular,Social Media
3777,Male,66+,West Christopher,Netherlands,VIP,Social Media
3778,Other,66+,Tammyburgh,Austria,VIP,Social Media
3779,Male,56-65,South Lisa,France,Regular,Paid Ads
3780,Male,66+,Washingtonberg,Greece,VIP,Organic Search
3781,Other,26-35,New Leslie,Germany,Regular,Organic Search
3782,Other,18-25,Wilsonberg,Poland,VIP,Organic Search
3783,Other,26-35,Monicashire,Denmark,Regular,Referral
3784,Other,56-65,New Tanyaside,Germany,Regular,Organic Search
3785,Female,46-55,New Susanside,Spain,Regular,Organic Search
3786,Male,26-35,Mercadoland,Netherlands,Regular,Referral
3787,Female,66+,Spencershire,Spain,Regular,Email
3788,Female,26-35,East Marie,Poland,Regular,Email
3789,Female,26-35,Port Danielleshire,Ireland,Regular,Email
3790,Other,66+,Gallowayshire,Sweden,Regular,Email
3791,Male,46-55,Katrinaton,France,VIP,Paid Ads
3792,Male,66+,Port Thomasshire,Greece,Regular,Organic Search
3793,Male,26-35,Yangmouth,Spain,Regular,Paid Ads
3794,Other,56-65,Lake Kayla,Slovakia,Regular,Organic Search
3795,Male,26-35,South Susan,Italy,Regular,Email
3796,Male,66+,West Jacquelinechester,Finland,Regular,Paid Ads
3797,Other,46-55,Bradyhaven,Croatia,Regular,Email
3798,Female,26-35,West Davidview,Germany,Regular,Paid Ads
3799,Male,36-45,Welchview,France,Regular,Paid Ads
3800,Other,26-35,Nelsonfort,Czech Republic,Regular,Social Media
3801,Male,46-55,Boyleland,France,Regular,Referral
3802,Female,26-35,New Mary,Portugal,VIP,Referral
3803,Male,56-65,Ambertown,France,Regular,Social Media
3804,Female,56-65,West Crystalburgh,Poland,Regular,Organic Search
3805,Female,56-65,Richardberg,France,Regular,Email
3806,Male,56-65,West Clinton,Italy,VIP,Organic Search
3807,Female,26-35,Melissaborough,Germany,Regular,Email
3808,Other,46-55,Leeshire,Spain,Regular,Paid Ads
3809,Female,26-35,Stephenmouth,Spain,Regular,Email
3810,Other,26-35,Lake Hannahport,Ireland,VIP,Organic Search
3811,Male,26-35,Port Kennethport,Sweden,Regular,Referral
3812,Other,18-25,New Todd,Greece,Regular,Paid Ads
3813,Male,36-45,New Debra,Germany,Regular,Referral
3814,Other,46-55,Port Justinfort,Poland,Regular,Email
3815,Female,36-45,Lake Anitachester,Romania,Regular,Social Media
3816,Female,26-35,South Kimberlymouth,Netherlands,Regular,Email
3817,Male,18-25,Alvarezshire,Italy,Regular,Social Media
3818,Male,46-55,Lake Allison,Estonia,Regular,Email
3819,Other,36-45,Bethmouth,Austria,VIP,Organic Search
3820,Male,26-35,Meganstad,Italy,Regular,Email
3821,Male,18-25,Amandaport,Finland,Regular,Email
3822,Other,56-65,Johnfurt,Germany,Regular,Organic Search
3823,Male,46-55,East Troychester,Germany,Regular,Email
3824,Other,26-35,Bradchester,France,Regular,Email
3825,Female,18-25,Mccarthyview,Italy,Regular,Email
3826,Other,18-25,Port Karen,Spain,VIP,Organic Search
3827,Other,26-35,Diazport,Netherlands,VIP,Paid Ads
3828,Other,66+,Victoriastad,Germany,Regular,Referral
3829,Other,26-35,West Molly,Spain,VIP,Email
3830,Other,18-25,Garciamouth,Czech Republic,VIP,Referral
3831,Male,26-35,East Ericburgh,Italy,VIP,Email
3832,Female,26-35,Smithborough,Greece,Regular,Email
3833,Male,26-35,North Robert,Portugal,Regular,Paid Ads
3834,Other,26-35,Latoyafort,Germany,Regular,Social Media
3835,Male,66+,Stevenshire,France,VIP,Social Media
3836,Male,26-35,North Robert,Czech Republic,Regular,Social Media
3837,Male,36-45,New Jamesborough,Germany,VIP,Email
3838,Other,56-65,Christopherfort,Belgium,VIP,Social Media
3839,Other,66+,Lake Lawrenceberg,Romania,Regular,Paid Ads
3840,Female,46-55,Ramirezton,Germany,VIP,Email
3841,Female,36-45,Jamesshire,France,Regular,Organic Search
3842,Other,66+,Longport,Sweden,VIP,Paid Ads
3843,Other,56-65,New Joseph,Greece,Regular,Email
3844,Male,18-25,Bentonbury,Spain,Regular,Referral
3845,Female,26-35,Marymouth,Germany,Regular,Social Media
3846,Other,36-45,North Michael,Spain,Regular,Paid Ads
3847,Male,36-45,West Kelly,France,Regular,Paid Ads
3848,Female,18-25,Moyerside,Germany,Regular,Social Media
3849,Female,26-35,East Rileyview,Poland,Regular,Social Media
3850,Other,56-65,Port Donna,Germany,VIP,Organic Search
3851,Other,18-25,Ashleyborough,Italy,Regular,Paid Ads
3852,Female,56-65,Millerland,Germany,Regular,Organic Search
3853,Female,26-35,Morganborough,Italy,Regular,Organic Search
3854,Other,36-45,New Brandon,France,VIP,Organic Search
3855,Other,36-45,Lake Lee,Germany,Regular,Referral
3856,Other,66+,Sarahhaven,Croatia,Regular,Referral
3857,Female,56-65,Lake Connorburgh,Denmark,VIP,Referral
3858,Female,36-45,Williamchester,Poland,Regular,Paid Ads
3859,Female,46-55,Martinfurt,Ireland,Regular,Paid Ads
3860,Female,46-55,South Sally,Hungary,Regular,Organic Search
3861,Male,18-25,Penaview,Germany,Regular,Email
3862,Male,18-25,East Wandastad,Germany,Regular,Referral
3863,Male,46-55,Evansbury,Poland,Regular,Organic Search
3864,Female,56-65,West Raven,Spain,VIP,Organic Search
3865,Other,66+,Joshuaview,Spain,Regular,Organic Search
3866,Male,66+,Santiagomouth,Germany,VIP,Social Media
3867,Female,18-25,Nealbury,Greece,VIP,Organic Search
3868,Male,26-35,Lake Blakeport,Italy,VIP,Paid Ads
3869,Male,36-45,West Cynthia,Italy,Regular,Email
3870,Female,36-45,Gordonberg,Croatia,VIP,Referral
3871,Other,26-35,Scottchester,Germany,VIP,Email
3872,Female,56-65,North Joseland,Italy,Regular,Social Media
3873,Other,46-55,New Willie,Italy,Regular,Referral
3874,Male,56-65,North Donald,Germany,VIP,Paid Ads
3875,Male,56-65,South Amanda,Bulgaria,Regular,Referral
3876,Female,46-55,North Christopherton,Slovakia,Regular,Paid Ads
3877,Other,18-25,Lake Wendy,Germany,Regular,Paid Ads
3878,Female,18-25,New Bryanborough,Belgium,VIP,Social Media
3879,Female,18-25,Lake Kenneth,Italy,Regular,Social Media
3880,Male,18-25,Port Williamville,Poland,Regular,Organic Search
3881,Female,66+,South Kelly,Italy,Regular,Social Media
3882,Other,66+,Keithside,Germany,Regular,Paid Ads
3883,Other,18-25,Chasemouth,Spain,Regular,Email
3884,Other,66+,Margaretmouth,Portugal,Regular,Email
3885,Male,66+,North Dillon,Germany,Regular,Organic Search
3886,Male,18-25,New Charlesbury,France,Regular,Email
3887,Other,36-45,Ashleyshire,Spain,Regular,Email
3888,Female,56-65,Thomasfurt,Hungary,Regular,Referral
3889,Other,18-25,Lake Karenborough,Netherlands,VIP,Email
3890,Male,46-55,New Nataliefort,Italy,Regular,Email
3891,Male,46-55,Holthaven,Portugal,Regular,Organic Search
3892,Female,36-45,Port Jennifer,Germany,Regular,Referral
3893,Female,26-35,Lake Colleen,Spain,Regular,Paid Ads
3894,Female,26-35,Donaldchester,Czech Republic,Regular,Email
3895,Other,36-45,East Andrewshire,Netherlands,Regular,Organic Search
3896,Female,18-25,Ricechester,Bulgaria,VIP,Social Media
3897,Female,66+,Zimmermanburgh,Germany,VIP,Paid Ads
3898,Other,46-55,New Rebeccaton,Spain,Regular,Email
3899,Male,18-25,South Mollyhaven,Austria,Regular,Paid Ads
3900,Other,18-25,Sloanberg,Netherlands,Regular,Social Media
3901,Other,18-25,Ballardport,Germany,Regular,Email
3902,Other,56-65,North Robertville,Poland,Regular,Email
3903,Male,18-25,Cochranland,Italy,VIP,Referral
3904,Other,56-65,Copelandside,Lithuania,Regular,Email
3905,Other,56-65,South Brent,Lithuania,VIP,Organic Search
3906,Female,36-45,Lake Anne,Latvia,Regular,Paid Ads
3907,Male,46-55,East Michaelberg,Germany,Regular,Social Media
3908,Other,26-35,Theresamouth,Spain,Regular,Referral
3909,Female,46-55,Shaneport,Latvia,Regular,Email
3910,Male,36-45,Lake Michaelside,Germany,Regular,Referral
3911,Female,66+,Johnsonton,Spain,VIP,Paid Ads
3912,Female,56-65,East Jamesmouth,Austria,VIP,Email
3913,Other,66+,Lake Aaron,Italy,VIP,Paid Ads
3914,Female,66+,West Matthew,Spain,Regular,Social Media
3915,Other,66+,Kristitown,Sweden,Regular,Email
3916,Other,46-55,Michaelshire,Germany,Regular,Referral
3917,Male,36-45,Knighthaven,Netherlands,VIP,Social Media
3918,Male,36-45,Lake Michael,France,Regular,Organic Search
3919,Female,18-25,Nelsonton,Sweden,Regular,Organic Search
3920,Other,66+,West Tracy,Spain,Regular,Referral
3921,Other,56-65,New Kyle,France,Regular,Social Media
3922,Female,18-25,Powellstad,Greece,Regular,Referral
3923,Other,66+,West Geoffrey,Poland,Regular,Paid Ads
3924,Male,56-65,Longmouth,France,Regular,Social Media
3925,Female,46-55,East Douglas,Hungary,Regular,Social Media
3926,Female,18-25,Lake Samanthamouth,Ireland,Regular,Email
3927,Male,46-55,East Charles,France,VIP,Email
3928,Female,26-35,Lake Marissa,Italy,VIP,Social Media
3929,Male,66+,Matthewborough,Poland,Regular,Email
3930,Male,56-65,Warrenview,Spain,Regular,Paid Ads
3931,Female,56-65,Jensenstad,France,Regular,Paid Ads
3932,Female,26-35,North Robertfort,Poland,Regular,Referral
3933,Other,46-55,Ferrellshire,Spain,Regular,Organic Search
3934,Other,18-25,New Dennis,Italy,VIP,Organic Search
3935,Male,56-65,West Malikmouth,France,Regular,Paid Ads
3936,Other,66+,Grantbury,Italy,Regular,Paid Ads
3937,Male,26-35,East Brendan,Greece,Regular,Referral
3938,Female,26-35,East Dustin,Denmark,Regular,Organic Search
3939,Female,56-65,Mayport,Slovakia,Regular,Referral
3940,Other,18-25,Port Ashley,Italy,Regular,Social Media
3941,Female,36-45,Brewerville,Finland,Regular,Social Media
3942,Male,46-55,Kimberlyfort,Germany,Regular,Organic Search
3943,Other,36-45,South Jennifer,Romania,Regular,Email
3944,Male,46-55,Normanfurt,Italy,Regular,Referral
3945,Other,18-25,Port Hannah,Denmark,Regular,Paid Ads
3946,Other,56-65,Richardsonside,Belgium,Regular,Email
3947,Other,56-65,Port Justin,Poland,Regular,Organic Search
3948,Female,56-65,North Reginaland,Romania,VIP,Social Media
3949,Female,46-55,Lake Kathryn,Germany,Regular,Organic Search
3950,Female,56-65,West Davidside,Czech Republic,VIP,Referral
3951,Female,56-65,Craigchester,Poland,Regular,Email
3952,Male,66+,Anthonyview,Poland,Regular,Referral
3953,Other,46-55,Markhaven,Belgium,Regular,Email
3954,Female,66+,New Shannon,Italy,Regular,Organic Search
3955,Other,36-45,Port Mariashire,Italy,Regular,Organic Search
3956,Other,26-35,Port Timothytown,Germany,Regular,Paid Ads
3957,Other,46-55,Sullivanbury,Germany,Regular,Paid Ads
3958,Female,66+,North Lorishire,Belgium,VIP,Organic Search
3959,Male,46-55,Stevenburgh,Germany,Regular,Organic Search
3960,Other,56-65,East Kristinemouth,France,Regular,Email
3961,Male,46-55,East Julian,Sweden,Regular,Referral
3962,Other,26-35,Johnsonton,Estonia,VIP,Email
3963,Female,56-65,North Ryan,France,VIP,Referral
3964,Male,56-65,South Aliciaborough,Germany,Regular,Email
3965,Male,36-45,West Donna,France,Regular,Email
3966,Male,36-45,Colemanton,France,Regular,Referral
3967,Female,66+,Bookermouth,Belgium,Regular,Email
3968,Female,46-55,Campbellmouth,Italy,VIP,Referral
3969,Male,36-45,Lake Robertshire,France,Regular,Social Media
3970,Female,36-45,West Antonioton,Spain,Regular,Organic Search
3971,Female,36-45,Reginabury,Poland,Regular,Paid Ads
3972,Other,18-25,Jeffreyhaven,Czech Republic,Regular,Paid Ads
3973,Female,36-45,South Lauriemouth,Austria,Regular,Referral
3974,Other,26-35,Mossfort,Czech Republic,Regular,Social Media
3975,Male,18-25,Port Christopherburgh,Belgium,Regular,Social Media
3976,Female,26-35,Rodriguezberg,Poland,Regular,Organic Search
3977,Other,46-55,Stevenfort,Belgium,VIP,Paid Ads
3978,Male,36-45,Lake Joelside,Germany,VIP,Referral
3979,Female,66+,North Stephen,Italy,Regular,Social Media
3980,Female,56-65,Wheelerberg,Italy,VIP,Organic Search
3981,Male,36-45,Miguelville,Germany,Regular,Organic Search
3982,Other,36-45,New Brandonport,Germany,Regular,Email
3983,Male,18-25,South Gloriaburgh,Netherlands,Regular,Email
3984,Female,56-65,East Candicehaven,Germany,Regular,Referral
3985,Female,56-65,Samuelburgh,Spain,VIP,Organic Search
3986,Other,36-45,Watsonfurt,Germany,Regular,Organic Search
3987,Female,46-55,Ritterstad,Slovakia,VIP,Referral
3988,Male,66+,New Sandra,Sweden,Regular,Organic Search
3989,Male,26-35,Matthewport,Germany,VIP,Email
3990,Other,46-55,South Tracy,France,Regular,Referral
3991,Other,66+,Christopherstad,Italy,Regular,Email
3992,Other,36-45,Hartshire,Germany,Regular,Paid Ads
3993,Female,56-65,Jeremiahbury,Italy,VIP,Paid Ads
3994,Other,66+,South Jordanside,Germany,Regular,Email
3995,Female,36-45,East Stephanieborough,France,Regular,Social Media
3996,Other,46-55,South Jill,Germany,Regular,Social Media
3997,Female,36-45,Johnborough,France,Regular,Paid Ads
3998,Male,18-25,Ryanside,Austria,VIP,Paid Ads
3999,Other,46-55,Tylerland,Germany,Regular,Email
4000,Other,66+,Garciaside,Poland,Regular,Email
4001,Male,46-55,Taylorland,Portugal,Regular,Referral
4002,Male,66+,Marshfurt,Czech Republic,Regular,Paid Ads
4003,Male,26-35,West Lisa,Spain,Regular,Email
4004,Other,26-35,Port Dennisshire,Spain,Regular,Referral
4005,Male,66+,Ramosburgh,Italy,Regular,Organic Search
4006,Female,26-35,Ashleyfurt,Poland,Regular,Social Media
4007,Other,26-35,Lake Heatherland,Italy,VIP,Email
4008,Male,36-45,Paulshire,Bulgaria,Regular,Email
4009,Female,56-65,Juliantown,Hungary,Regular,Social Media
4010,Female,18-25,East Michelle,Austria,VIP,Organic Search
4011,Other,46-55,Lyonston,Spain,Regular,Email
4012,Male,46-55,Markchester,France,Regular,Paid Ads
4013,Female,66+,Wandafort,France,Regular,Social Media
4014,Male,56-65,South Emilymouth,France,Regular,Email
4015,Other,18-25,East Dustin,Denmark,Regular,Email
4016,Other,56-65,Lake Ryan,France,VIP,Social Media
4017,Other,18-25,Jordanmouth,France,VIP,Referral
4018,Other,66+,Garcialand,Lithuania,Regular,Email
4019,Other,56-65,East Sarahtown,Portugal,Regular,Email
4020,Male,66+,Ellisfort,Spain,Regular,Social Media
4021,Female,46-55,Jonhaven,Bulgaria,Regular,Paid Ads
4022,Male,36-45,East Christopherville,Hungary,Regular,Paid Ads
4023,Male,18-25,East Anthony,France,Regular,Email
4024,Female,66+,North Richard,Spain,Regular,Social Media
4025,Male,56-65,North Jessica,Germany,Regular,Email
4026,Other,26-35,Kristenhaven,Italy,Regular,Organic Search
4027,Male,66+,Jennifertown,Germany,Regular,Referral
4028,Male,56-65,West Michael,Germany,Regular,Paid Ads
4029,Other,18-25,Stephenview,Spain,Regular,Email
4030,Male,26-35,East Tiffanybury,Slovakia,VIP,Organic Search
4031,Male,26-35,Rothmouth,Germany,Regular,Organic Search
4032,Other,46-55,Weaverton,Germany,Regular,Referral
4033,Male,56-65,Lake Gloria,Germany,Regular,Email
4034,Other,66+,Ruizport,Belgium,Regular,Referral
4035,Other,18-25,Millerport,Germany,Regular,Paid Ads
4036,Male,36-45,North Brendaside,Italy,VIP,Paid Ads
4037,Female,36-45,West Michaelland,Denmark,Regular,Organic Search
4038,Male,46-55,West Alexandramouth,Poland,Regular,Email
4039,Male,36-45,North Helenmouth,Netherlands,Regular,Email
4040,Other,18-25,Deborahview,France,VIP,Paid Ads
4041,Male,46-55,North Oliviamouth,Portugal,Regular,Referral
4042,Male,36-45,Perrymouth,Finland,Regular,Social Media
4043,Other,56-65,Port Christina,Ireland,Regular,Organic Search
4044,Other,18-25,Tiffanybury,Italy,Regular,Referral
4045,Male,18-25,Meganland,Italy,VIP,Referral
4046,Female,18-25,Sarafort,Finland,Regular,Paid Ads
4047,Male,46-55,Port Michael,Bulgaria,Regular,Organic Search
4048,Other,36-45,South Jamieville,Italy,Regular,Referral
4049,Other,18-25,Lake Michael,Germany,Regular,Email
4050,Female,46-55,Huntport,Czech Republic,Regular,Social Media
4051,Female,56-65,Theresastad,Poland,Regular,Email
4052,Male,46-55,Kochview,Poland,Regular,Organic Search
4053,Other,46-55,North Marthafurt,Spain,Regular,Email
4054,Other,18-25,Port Judith,Denmark,Regular,Referral
4055,Male,36-45,West Ashley,Czech Republic,VIP,Email
4056,Female,46-55,North Scott,Italy,Regular,Email
4057,Female,18-25,West Andrewport,Spain,Regular,Paid Ads
4058,Male,26-35,Cookburgh,Germany,Regular,Social Media
4059,Other,56-65,Lake Maurice,Spain,Regular,Paid Ads
4060,Female,18-25,Andersonland,Italy,Regular,Organic Search
4061,Other,36-45,South Caitlinfort,Czech Republic,Regular,Organic Search
4062,Female,36-45,Allisonburgh,Czech Republic,Regular,Organic Search
4063,Female,36-45,North Kaitlin,Spain,Regular,Paid Ads
4064,Female,56-65,Lake Susanland,Spain,VIP,Organic Search
4065,Other,66+,Alexanderport,Germany,Regular,Social Media
4066,Other,56-65,Timothyborough,Germany,Regular,Paid Ads
4067,Male,26-35,Bassfurt,Italy,VIP,Referral
4068,Other,18-25,Francoshire,Italy,Regular,Social Media
4069,Female,36-45,Thomasside,Greece,Regular,Organic Search
4070,Female,66+,Lozanoton,Hungary,Regular,Referral
4071,Male,36-45,Leblancshire,Hungary,Regular,Email
4072,Other,26-35,Thompsonmouth,Germany,VIP,Social Media
4073,Male,66+,Thompsonborough,Spain,Regular,Organic Search
4074,Female,26-35,Sharonstad,Germany,Regular,Social Media
4075,Male,46-55,Port Jennafort,Italy,VIP,Paid Ads
4076,Female,26-35,Johnsonborough,France,Regular,Email
4077,Other,36-45,East Kristin,Poland,VIP,Organic Search
4078,Other,56-65,Lake Erica,Spain,VIP,Social Media
4079,Male,18-25,New April,Greece,VIP,Referral
4080,Other,36-45,Hawkinsview,Germany,VIP,Organic Search
4081,Female,56-65,South Maria,Germany,Regular,Organic Search
4082,Other,36-45,Hooverview,Germany,Regular,Email
4083,Female,18-25,Perryton,France,Regular,Organic Search
4084,Female,18-25,Thomasview,France,Regular,Organic Search
4085,Male,46-55,Bellburgh,Portugal,VIP,Email
4086,Male,18-25,Port Whitneyborough,Germany,Regular,Referral
4087,Other,18-25,East Abigailbury,Poland,VIP,Referral
4088,Other,66+,Troyside,France,VIP,Email
4089,Female,56-65,East Oscarchester,Poland,Regular,Social Media
4090,Other,26-35,Bishoptown,France,Regular,Email
4091,Other,56-65,Port Lauraton,Spain,Regular,Referral
4092,Other,36-45,Randallhaven,Italy,Regular,Referral
4093,Female,66+,Bellfurt,Czech Republic,VIP,Email
4094,Other,26-35,Port Adamside,Sweden,Regular,Paid Ads
4095,Other,18-25,Lake Daniel,Sweden,Regular,Organic Search
4096,Female,18-25,West Grantton,Germany,VIP,Email
4097,Female,26-35,South Justinmouth,Netherlands,Regular,Organic Search
4098,Female,26-35,Brownport,Spain,Regular,Social Media
4099,Other,26-35,Oliviaport,Italy,Regular,Paid Ads
4100,Male,46-55,Nancyview,Italy,Regular,Email
4101,Other,46-55,Guerreroshire,Italy,Regular,Email
4102,Other,36-45,New Benjamin,Spain,Regular,Email
4103,Other,36-45,Alexandrabury,Spain,Regular,Social Media
4104,Female,66+,Port Timothyborough,Sweden,Regular,Social Media
4105,Male,56-65,North Elizabethton,Italy,VIP,Social Media
4106,Female,36-45,West Catherine,Germany,Regular,Referral
4107,Other,36-45,Andersonshire,Italy,Regular,Social Media
4108,Male,26-35,Port Dawn,Lithuania,Regular,Organic Search
4109,Other,36-45,Simonberg,Poland,Regular,Social Media
4110,Female,66+,East Stephen,Germany,Regular,Organic Search
4111,Other,18-25,New Lorifort,Netherlands,Regular,Organic Search
4112,Male,46-55,South Elizabethhaven,Croatia,Regular,Referral
4113,Other,18-25,Lake Ashley,Germany,VIP,Social Media
4114,Female,66+,New Justin,Greece,Regular,Paid Ads
4115,Male,46-55,Hernandezton,Germany,Regular,Social Media
4116,Female,36-45,West Maria,Slovakia,Regular,Organic Search
4117,Male,18-25,Fieldsview,Belgium,Regular,Paid Ads
4118,Female,56-65,Port Barryton,Italy,Regular,Organic Search
4119,Female,66+,Port Patrick,Germany,Regular,Organic Search
4120,Female,26-35,East Michellebury,France,Regular,Paid Ads
4121,Female,66+,North Harrymouth,Finland,Regular,Email
4122,Other,56-65,Chavezside,France,Regular,Referral
4123,Female,18-25,East Tina,France,Regular,Paid Ads
4124,Female,56-65,Lake Jason,Austria,Regular,Social Media
4125,Other,66+,Fullerborough,Greece,Regular,Organic Search
4126,Other,18-25,South Cory,Finland,VIP,Referral
4127,Other,56-65,Lake Zacharyfort,France,Regular,Social Media
4128,Male,26-35,Nicholaschester,Czech Republic,Regular,Email
4129,Female,36-45,New Taraport,Germany,VIP,Organic Search
4130,Female,18-25,Lake Megantown,Romania,Regular,Social Media
4131,Other,36-45,West Thomas,Germany,Regular,Organic Search
4132,Other,36-45,Burchchester,Croatia,Regular,Email
4133,Other,36-45,Lake James,Denmark,Regular,Paid Ads
4134,Other,56-65,Wadeborough,Finland,Regular,Organic Search
4135,Male,18-25,New Noahport,Italy,VIP,Referral
4136,Other,18-25,Brucemouth,Poland,Regular,Referral
4137,Other,18-25,Lewisstad,Poland,VIP,Referral
4138,Female,36-45,Jonesmouth,Greece,VIP,Paid Ads
4139,Other,36-45,Gutierrezmouth,Bulgaria,Regular,Paid Ads
4140,Male,66+,Brendashire,Greece,VIP,Social Media
4141,Other,36-45,West Gabriel,France,Regular,Organic Search
4142,Female,46-55,New Heather,Germany,Regular,Paid Ads
4143,Male,26-35,Port Jennifer,Italy,VIP,Social Media
4144,Male,46-55,Hudsonfort,Hungary,Regular,Referral
4145,Male,46-55,Ballardfort,France,VIP,Organic Search
4146,Female,26-35,West Benjaminville,Spain,Regular,Paid Ads
4147,Other,66+,East Alicia,Netherlands,Regular,Paid Ads
4148,Female,36-45,Rubiomouth,Czech Republic,Regular,Organic Search
4149,Male,56-65,Port Charlesmouth,Germany,VIP,Referral
4150,Male,36-45,East Wayne,Hungary,Regular,Email
4151,Female,56-65,Wintersland,Poland,Regular,Organic Search
4152,Male,18-25,West Jennifermouth,Germany,Regular,Referral
4153,Male,56-65,Morenoside,France,Regular,Social Media
4154,Female,46-55,Port Alexandriaburgh,Denmark,Regular,Email
4155,Other,46-55,East Terri,Poland,Regular,Email
4156,Male,26-35,South Lawrence,Romania,Regular,Email
4157,Female,26-35,Mathewburgh,Czech Republic,Regular,Paid Ads
4158,Male,46-55,West Alejandrastad,Croatia,Regular,Paid Ads
4159,Other,26-35,Gregoryton,Sweden,Regular,Social Media
4160,Male,36-45,South Scottberg,Spain,Regular,Referral
4161,Other,56-65,Port Edward,Denmark,VIP,Referral
4162,Female,26-35,Lisafurt,Germany,Regular,Email
4163,Male,46-55,Patriciaville,Germany,Regular,Paid Ads
4164,Other,66+,West Michael,Germany,Regular,Organic Search
4165,Other,18-25,Welchside,Italy,Regular,Referral
4166,Other,36-45,South Tracyberg,Greece,Regular,Referral
4167,Male,56-65,Katieburgh,Germany,Regular,Email
4168,Other,56-65,Vickishire,Italy,VIP,Email
4169,Other,66+,Rileyburgh,Denmark,Regular,Referral
4170,Other,18-25,North Johnfurt,Germany,Regular,Email
4171,Male,36-45,Hallland,Germany,Regular,Referral
4172,Other,56-65,Port Danaton,Spain,Regular,Organic Search
4173,Female,56-65,West Jeffreyfort,Spain,Regular,Email
4174,Female,26-35,Frankside,Finland,Regular,Social Media
4175,Female,18-25,Seanfurt,Italy,Regular,Email
4176,Other,46-55,New Timothyfurt,Germany,VIP,Organic Search
4177,Male,56-65,New Kyle,Germany,Regular,Paid Ads
4178,Male,26-35,Barrettstad,Poland,Regular,Paid Ads
4179,Male,36-45,Jamesfort,Germany,Regular,Social Media
4180,Other,26-35,Kingtown,Netherlands,Regular,Email
4181,Male,46-55,Tanyaport,Portugal,Regular,Social Media
4182,Other,26-35,Lake Mackenziebury,Poland,Regular,Paid Ads
4183,Other,18-25,New Sandra,Portugal,VIP,Paid Ads
4184,Female,66+,South Madeline,Estonia,Regular,Paid Ads
4185,Male,66+,Wattsland,Austria,Regular,Social Media
4186,Male,66+,Mitchellton,Austria,Regular,Paid Ads
4187,Male,18-25,Dawnhaven,Italy,Regular,Paid Ads
4188,Female,36-45,Elizabethport,Spain,Regular,Referral
4189,Male,18-25,Kristenside,France,Regular,Organic Search
4190,Other,26-35,Lake Benjaminview,Italy,Regular,Referral
4191,Female,46-55,Walkermouth,Spain,Regular,Organic Search
4192,Male,26-35,East Jesse,Poland,Regular,Organic Search
4193,Other,18-25,Thomasview,Netherlands,Regular,Organic Search
4194,Female,56-65,Billyburgh,Spain,VIP,Paid Ads
4195,Other,26-35,Masonview,Poland,VIP,Organic Search
4196,Other,56-65,Dalestad,France,Regular,Organic Search
4197,Female,26-35,Hunterfurt,Poland,VIP,Organic Search
4198,Male,18-25,Kimberlyport,Sweden,Regular,Organic Search
4199,Female,46-55,Philipberg,Spain,Regular,Social Media
4200,Female,46-55,Mayerland,Slovenia,Regular,Organic Search
4201,Other,46-55,Donaldberg,Italy,Regular,Organic Search
4202,Female,36-45,Williamchester,Poland,Regular,Social Media
4203,Female,36-45,Tonyburgh,Poland,Regular,Referral
4204,Female,26-35,Amberhaven,Lithuania,Regular,Email
4205,Other,26-35,Michaelburgh,Czech Republic,Regular,Social Media
4206,Other,56-65,Dunnland,Germany,Regular,Referral
4207,Male,46-55,Lake David,France,VIP,Organic Search
4208,Male,36-45,Troymouth,Germany,Regular,Referral
4209,Other,36-45,Josephtown,Netherlands,Regular,Email
4210,Female,66+,Nicoleberg,Belgium,VIP,Email
4211,Other,18-25,Davidbury,Austria,Regular,Referral
4212,Other,66+,Marcmouth,Croatia,Regular,Email
4213,Male,66+,South Nicholas,Slovakia,Regular,Social Media
4214,Other,18-25,Sheppardchester,Finland,Regular,Email
4215,Female,26-35,Gallaghermouth,Belgium,Regular,Social Media
4216,Male,66+,West Paulborough,Sweden,Regular,Social Media
4217,Male,36-45,Port Dale,Ireland,Regular,Social Media
4218,Male,26-35,New Manuel,Spain,Regular,Paid Ads
4219,Male,66+,Barbarashire,Croatia,Regular,Organic Search
4220,Female,66+,East William,Greece,Regular,Referral
4221,Other,36-45,Port Ryanville,Germany,Regular,Referral
4222,Female,66+,Smallmouth,Czech Republic,Regular,Social Media
4223,Female,46-55,Cynthiaview,Spain,Regular,Social Media
4224,Other,36-45,West Michaelhaven,Greece,Regular,Social Media
4225,Female,36-45,Hilltown,Slovenia,Regular,Social Media
4226,Other,56-65,Caseyfurt,Italy,Regular,Referral
4227,Male,46-55,East Alyssa,Lithuania,Regular,Social Media
4228,Male,36-45,Eatonmouth,Germany,Regular,Organic Search
4229,Male,56-65,Port Gailfurt,Spain,Regular,Email
4230,Female,56-65,Matthewville,Finland,VIP,Social Media
4231,Female,56-65,Norriston,France,VIP,Social Media
4232,Female,36-45,West Donaldburgh,Poland,Regular,Paid Ads
4233,Male,18-25,Amandabury,Germany,Regular,Social Media
4234,Female,66+,Brittanyburgh,Germany,Regular,Organic Search
4235,Female,18-25,Port Marissa,France,Regular,Social Media
4236,Other,36-45,Lauraport,Germany,Regular,Email
4237,Male,46-55,Smithhaven,France,Regular,Social Media
4238,Female,26-35,North James,Czech Republic,Regular,Organic Search
4239,Female,26-35,Danielport,Italy,Regular,Referral
4240,Other,18-25,Gutierrezton,France,VIP,Organic Search
4241,Other,36-45,Robertsshire,Spain,Regular,Paid Ads
4242,Male,36-45,Jenniferville,Slovakia,Regular,Referral
4243,Other,36-45,Ericabury,Germany,Regular,Paid Ads
4244,Other,36-45,Lake Julia,Italy,Regular,Paid Ads
4245,Other,46-55,Davisside,Italy,Regular,Referral
4246,Female,26-35,Thomaschester,Germany,Regular,Paid Ads
4247,Other,18-25,North Sarahton,Romania,Regular,Referral
4248,Other,26-35,East Devinborough,Sweden,Regular,Referral
4249,Male,56-65,Lake Johnny,Spain,Regular,Social Media
4250,Male,46-55,Pooleport,Italy,VIP,Social Media
4251,Other,18-25,Robertton,Finland,Regular,Social Media
4252,Female,56-65,Adamton,Sweden,VIP,Social Media
4253,Other,66+,Port Gregoryhaven,France,Regular,Organic Search
4254,Male,46-55,Kimberlyview,Germany,Regular,Paid Ads
4255,Male,36-45,New Paula,Greece,VIP,Referral
4256,Male,18-25,Scottburgh,Netherlands,Regular,Email
4257,Other,66+,Lake Victorview,France,Regular,Paid Ads
4258,Other,66+,New Angela,Czech Republic,Regular,Referral
4259,Male,26-35,Lake Raymondbury,Bulgaria,VIP,Referral
4260,Female,66+,Lake Sherri,Poland,VIP,Referral
4261,Other,18-25,Lake Robert,Germany,Regular,Paid Ads
4262,Other,46-55,West Patriciaport,Poland,Regular,Social Media
4263,Female,56-65,North Sandra,Germany,Regular,Paid Ads
4264,Male,26-35,Port Joseph,Finland,VIP,Referral
4265,Other,26-35,West Monicatown,France,Regular,Email
4266,Male,36-45,Ramirezbury,Poland,Regular,Referral
4267,Male,36-45,Bennettchester,Belgium,Regular,Paid Ads
4268,Male,56-65,Dawnton,Italy,Regular,Organic Search
4269,Male,18-25,East Hunter,Spain,Regular,Referral
4270,Male,46-55,West Amandafort,Germany,Regular,Organic Search
4271,Male,26-35,Thomastown,Czech Republic,Regular,Organic Search
4272,Male,26-35,Port Justinfort,Germany,Regular,Social Media
4273,Other,26-35,Harrisburgh,Netherlands,Regular,Email
4274,Other,26-35,Joeside,Belgium,Regular,Referral
4275,Other,46-55,North Elizabeth,Netherlands,Regular,Social Media
4276,Female,46-55,Washingtonborough,Spain,Regular,Social Media
4277,Female,26-35,Mckayport,Italy,VIP,Paid Ads
4278,Male,26-35,South Robertmouth,Cyprus,Regular,Email
4279,Male,56-65,East Elizabeth,Germany,Regular,Paid Ads
4280,Other,66+,South Ariel,Italy,Regular,Paid Ads
4281,Female,46-55,Ewingburgh,France,VIP,Paid Ads
4282,Other,36-45,Lake Travis,Hungary,Regular,Organic Search
4283,Male,66+,Brandonmouth,Finland,Regular,Referral
4284,Male,18-25,Lake Heather,Romania,Regular,Organic Search
4285,Female,46-55,West Darren,Spain,Regular,Referral
4286,Male,18-25,Perryton,France,Regular,Social Media
4287,Other,36-45,Port Zacharyland,France,Regular,Email
4288,Male,66+,West Barbara,France,VIP,Referral
4289,Other,18-25,Evansview,Germany,Regular,Social Media
4290,Male,56-65,Coxfort,Netherlands,Regular,Referral
4291,Female,18-25,Proctorton,Netherlands,Regular,Social Media
4292,Male,36-45,South Sethhaven,Sweden,Regular,Email
4293,Male,66+,East Brian,Germany,Regular,Social Media
4294,Other,36-45,Donnaland,Germany,VIP,Email
4295,Other,36-45,Byrdburgh,Czech Republic,Regular,Social Media
4296,Other,18-25,Anthonyfort,Germany,Regular,Referral
4297,Male,56-65,South Jenniferside,Poland,Regular,Email
4298,Male,18-25,Erikachester,Spain,Regular,Organic Search
4299,Male,36-45,South Robertton,Sweden,VIP,Paid Ads
4300,Male,56-65,Greenehaven,Netherlands,Regular,Referral
4301,Other,66+,South Jamestown,Germany,VIP,Social Media
4302,Male,56-65,Smithfort,Germany,Regular,Referral
4303,Other,46-55,New Jamesmouth,Finland,Regular,Email
4304,Female,18-25,Joshuachester,Netherlands,Regular,Email
4305,Male,26-35,Susanmouth,Spain,Regular,Referral
4306,Other,26-35,East Paulberg,France,VIP,Referral
4307,Male,46-55,Port Christian,Belgium,Regular,Email
4308,Other,56-65,Ballardburgh,Lithuania,Regular,Email
4309,Male,66+,Port Erin,Italy,Regular,Email
4310,Other,66+,Douglasberg,Finland,Regular,Organic Search
4311,Other,46-55,West Maryhaven,Poland,Regular,Paid Ads
4312,Other,66+,Gabriellebury,Germany,Regular,Email
4313,Male,26-35,Whitemouth,Netherlands,VIP,Organic Search
4314,Other,18-25,Shannonstad,Germany,Regular,Organic Search
4315,Female,46-55,Garciamouth,Czech Republic,Regular,Social Media
4316,Female,36-45,Lake Jennifer,Poland,Regular,Organic Search
4317,Female,56-65,Morganchester,Germany,Regular,Social Media
4318,Other,46-55,Millerland,France,Regular,Social Media
4319,Other,46-55,Jefferyfort,Poland,Regular,Organic Search
4320,Male,46-55,New Donnabury,Italy,Regular,Referral
4321,Male,36-45,Alexandraside,Belgium,Regular,Organic Search
4322,Male,36-45,Angelaburgh,Germany,Regular,Paid Ads
4323,Male,56-65,Christophermouth,Spain,Regular,Social Media
4324,Other,26-35,North Johnmouth,Poland,Regular,Referral
4325,Other,56-65,Craigmouth,Germany,Regular,Paid Ads
4326,Female,26-35,West Michaelhaven,Poland,Regular,Organic Search
4327,Other,46-55,Andreaburgh,Belgium,Regular,Paid Ads
4328,Male,26-35,South Dustinborough,Italy,Regular,Referral
4329,Male,46-55,Benjaminmouth,Italy,Regular,Organic Search
4330,Other,36-45,Port Jon,Austria,Regular,Email
4331,Other,36-45,Shawnhaven,Austria,Regular,Social Media
4332,Female,66+,Crystaltown,Slovakia,Regular,Social Media
4333,Female,36-45,New Mathewhaven,Latvia,Regular,Social Media
4334,Male,36-45,Jonesfort,Greece,Regular,Referral
4335,Other,56-65,Smithberg,Poland,Regular,Email
4336,Other,36-45,Christybury,France,Regular,Referral
4337,Other,36-45,Zacharyville,France,Regular,Social Media
4338,Other,66+,East Marcoton,Germany,Regular,Paid Ads
4339,Male,56-65,Abigailbury,Germany,Regular,Referral
4340,Other,46-55,Blakeville,Germany,Regular,Paid Ads
4341,Other,56-65,Deniseshire,Bulgaria,Regular,Email
4342,Female,18-25,North Garymouth,Poland,Regular,Organic Search
4343,Other,46-55,Danielmouth,Slovenia,VIP,Paid Ads
4344,Female,18-25,Dixonview,Germany,Regular,Social Media
4345,Other,36-45,Rossside,Finland,VIP,Referral
4346,Female,56-65,East Jennifer,Italy,VIP,Paid Ads
4347,Male,18-25,Jamesview,Germany,Regular,Email
4348,Female,46-55,Pamelashire,Italy,Regular,Paid Ads
4349,Male,56-65,West Jenniferborough,Greece,VIP,Organic Search
4350,Other,36-45,Susanville,Germany,VIP,Organic Search
4351,Female,36-45,Royville,France,Regular,Social Media
4352,Other,46-55,Port Melissa,Spain,VIP,Email
4353,Other,46-55,South Seanshire,Italy,Regular,Email
4354,Male,56-65,Port Josephshire,Ireland,Regular,Organic Search
4355,Female,56-65,Coxview,France,Regular,Social Media
4356,Female,46-55,Amandaburgh,Belgium,Regular,Organic Search
4357,Other,56-65,Guzmanview,France,Regular,Paid Ads
4358,Male,26-35,Jonesmouth,France,Regular,Paid Ads
4359,Other,26-35,New Tanner,Slovakia,VIP,Paid Ads
4360,Female,36-45,Port Angelastad,France,VIP,Referral
4361,Male,18-25,South Kyle,France,Regular,Referral
4362,Female,56-65,Bakerland,Greece,Regular,Referral
4363,Other,18-25,Connieburgh,Czech Republic,VIP,Social Media
4364,Male,56-65,West Stefanieburgh,Greece,Regular,Referral
4365,Male,26-35,Tinaville,Portugal,Regular,Organic Search
4366,Female,46-55,Charlesshire,Netherlands,Regular,Organic Search
4367,Male,18-25,Smithshire,Spain,Regular,Social Media
4368,Male,56-65,West David,Germany,Regular,Social Media
4369,Male,26-35,Lake Williamchester,Ireland,Regular,Email
4370,Female,46-55,Port Sarahland,Ireland,Regular,Referral
4371,Other,26-35,Toddborough,Portugal,VIP,Paid Ads
4372,Male,56-65,New Jesus,Spain,Regular,Organic Search
4373,Male,36-45,East Sierra,Germany,Regular,Organic Search
4374,Male,26-35,West Loganfort,France,VIP,Paid Ads
4375,Female,46-55,Johnsontown,France,VIP,Organic Search
4376,Female,46-55,Thomasbury,Netherlands,Regular,Organic Search
4377,Female,26-35,South Michael,Italy,Regular,Email
4378,Female,26-35,East Kelseyborough,Poland,Regular,Organic Search
4379,Other,36-45,Sabrinachester,Germany,Regular,Organic Search
4380,Male,26-35,New Keithburgh,Ireland,Regular,Email
4381,Female,26-35,Barrettburgh,Czech Republic,Regular,Paid Ads
4382,Male,18-25,New Nathan,France,VIP,Social Media
4383,Other,66+,Lake Erin,Spain,Regular,Organic Search
4384,Other,26-35,Sarahfurt,Germany,Regular,Paid Ads
4385,Female,18-25,West Sharon,France,Regular,Referral
4386,Female,66+,Port Cody,Finland,Regular,Referral
4387,Male,46-55,West Catherineburgh,Greece,Regular,Referral
4388,Female,46-55,Cassiebury,France,VIP,Email
4389,Male,36-45,East John,Ireland,VIP,Social Media
4390,Male,56-65,Joshuastad,Netherlands,Regular,Referral
4391,Other,46-55,North Ashley,Germany,Regular,Social Media
4392,Male,26-35,New Dannyborough,Spain,VIP,Email
4393,Other,66+,Ethantown,Germany,Regular,Referral
4394,Female,66+,West Jerry,Portugal,Regular,Email
4395,Male,26-35,Brucestad,Greece,Regular,Paid Ads
4396,Male,26-35,Port Josephmouth,Italy,VIP,Organic Search
4397,Male,18-25,Smithshire,Germany,Regular,Email
4398,Other,36-45,West Adamtown,Germany,Regular,Email
4399,Other,56-65,Port Ethanfurt,Italy,VIP,Organic Search
4400,Male,46-55,Farleyport,Spain,Regular,Organic Search
4401,Male,56-65,West Ann,Sweden,VIP,Organic Search
4402,Other,56-65,Stevenmouth,Poland,Regular,Social Media
4403,Female,66+,Crosstown,France,Regular,Organic Search
4404,Male,26-35,Rachelport,Spain,VIP,Referral
4405,Other,36-45,Port Lydia,Ireland,Regular,Email
4406,Male,18-25,North Rachelville,Spain,Regular,Social Media
4407,Male,46-55,Murphyport,Germany,VIP,Social Media
4408,Female,56-65,North Danielport,Belgium,Regular,Referral
4409,Male,26-35,New Marissa,Austria,Regular,Organic Search
4410,Male,26-35,Wagnerstad,Belgium,Regular,Social Media
4411,Male,36-45,West Juanfurt,France,Regular,Email
4412,Other,56-65,South Misty,Spain,Regular,Organic Search
4413,Male,26-35,East Courtneyville,France,VIP,Social Media
4414,Female,56-65,Christyport,Poland,Regular,Organic Search
4415,Female,26-35,North Billy,Poland,Regular,Referral
4416,Other,66+,South Lauraborough,Spain,Regular,Referral
4417,Other,26-35,Samuelmouth,Italy,VIP,Email
4418,Female,26-35,West Keithfort,Portugal,Regular,Referral
4419,Female,36-45,East Jillstad,Slovakia,Regular,Paid Ads
4420,Other,26-35,Elizabethshire,Finland,VIP,Organic Search
4421,Female,56-65,Sototown,Denmark,VIP,Email
4422,Other,36-45,Lake Jason,Germany,Regular,Paid Ads
4423,Female,18-25,Castroton,Germany,VIP,Referral
4424,Male,56-65,Richardville,France,Regular,Email
4425,Female,26-35,Lake Krystal,Italy,Regular,Paid Ads
4426,Male,56-65,Sarahton,Netherlands,Regular,Paid Ads
4427,Female,18-25,Port Juan,Germany,Regular,Social Media
4428,Male,66+,Washingtonville,Poland,Regular,Social Media
4429,Male,66+,Gregoryview,Germany,VIP,Email
4430,Male,18-25,Stephenside,Czech Republic,Regular,Email
4431,Male,66+,Allenstad,Austria,Regular,Organic Search
4432,Male,26-35,Port Sophia,Sweden,Regular,Organic Search
4433,Male,18-25,Port Denise,Croatia,Regular,Social Media
4434,Male,66+,East Joshuafurt,Spain,Regular,Paid Ads
4435,Other,46-55,Jacobland,Romania,Regular,Referral
4436,Male,18-25,Mcdonaldchester,France,Regular,Organic Search
4437,Female,56-65,West Melissaburgh,Spain,Regular,Referral
4438,Female,26-35,Taylorshire,France,Regular,Organic Search
4439,Female,26-35,Normaland,Germany,Regular,Email
4440,Female,46-55,North Robertchester,Finland,Regular,Referral
4441,Female,56-65,Port Debbie,France,Regular,Referral
4442,Female,46-55,West Tonyport,Netherlands,Regular,Organic Search
4443,Other,26-35,Raymondview,Poland,Regular,Paid Ads
4444,Male,66+,East Matthewstad,Germany,Regular,Paid Ads
4445,Male,26-35,West Richard,France,VIP,Organic Search
4446,Male,56-65,New Christopher,Germany,Regular,Paid Ads
4447,Male,36-45,Hectorport,Sweden,Regular,Email
4448,Other,66+,Pattonview,Finland,Regular,Organic Search
4449,Other,46-55,Davisburgh,Spain,VIP,Referral
4450,Other,56-65,Jennifermouth,Poland,Regular,Email
4451,Male,56-65,Daughertychester,Germany,Regular,Organic Search
4452,Male,18-25,Gutierrezton,Portugal,Regular,Referral
4453,Male,66+,East Paul,Italy,Regular,Paid Ads
4454,Male,18-25,Nicoleshire,Greece,Regular,Paid Ads
4455,Other,36-45,Fredchester,Portugal,VIP,Referral
4456,Male,18-25,Waltonberg,France,Regular,Organic Search
4457,Male,36-45,Lake Alexis,Italy,Regular,Email
4458,Other,66+,West Lisa,Finland,VIP,Social Media
4459,Male,46-55,North Taylortown,Poland,Regular,Email
4460,Other,56-65,East Kevin,Germany,VIP,Referral
4461,Other,46-55,Debbieberg,Italy,VIP,Referral
4462,Male,26-35,Davidborough,Portugal,VIP,Email
4463,Male,56-65,Sethtown,Bulgaria,Regular,Referral
4464,Male,26-35,Simsfort,Belgium,Regular,Referral
4465,Male,56-65,Jonathanborough,Finland,Regular,Organic Search
4466,Other,46-55,Davidfurt,Denmark,VIP,Referral
4467,Female,56-65,Singhview,Germany,Regular,Organic Search
4468,Male,26-35,Lake Randallberg,Germany,VIP,Email
4469,Male,26-35,Bergerbury,Sweden,Regular,Paid Ads
4470,Other,56-65,North Johnstad,Germany,Regular,Paid Ads
4471,Male,46-55,Port Ashley,Italy,Regular,Organic Search
4472,Female,66+,Hernandezburgh,Spain,Regular,Organic Search
4473,Female,46-55,North Adamshire,Italy,Regular,Organic Search
4474,Other,66+,Franciscoport,Italy,Regular,Email
4475,Other,56-65,Williamville,Germany,Regular,Social Media
4476,Male,56-65,North Anthony,France,VIP,Email
4477,Female,18-25,Audreyland,Italy,Regular,Email
4478,Female,56-65,South Bradleyport,Belgium,Regular,Email
4479,Other,66+,Port Kelseymouth,Netherlands,Regular,Referral
4480,Other,18-25,Leachmouth,France,Regular,Paid Ads
4481,Female,36-45,Robinview,Greece,Regular,Referral
4482,Male,56-65,West James,Spain,Regular,Email
4483,Male,36-45,West Terri,Hungary,Regular,Social Media
4484,Other,56-65,Madisonfurt,Poland,Regular,Paid Ads
4485,Male,56-65,Williamfort,Italy,Regular,Referral
4486,Male,46-55,Lake Teresa,Poland,Regular,Paid Ads
4487,Other,18-25,Thorntonfurt,Poland,Regular,Referral
4488,Other,46-55,Markland,Germany,Regular,Social Media
4489,Female,56-65,New Kimberly,Germany,Regular,Referral
4490,Male,56-65,New Caitlinhaven,Germany,Regular,Referral
4491,Other,46-55,North Robert,France,Regular,Social Media
4492,Other,36-45,Robertstad,Belgium,Regular,Organic Search
4493,Male,56-65,West Juan,Croatia,Regular,Social Media
4494,Female,26-35,Jasontown,Germany,Regular,Referral
4495,Other,36-45,Aaronton,Spain,Regular,Email
4496,Other,18-25,West Melissashire,Spain,Regular,Social Media
4497,Other,18-25,South Bobbymouth,Czech Republic,Regular,Social Media
4498,Other,26-35,Duncanstad,Germany,Regular,Email
4499,Male,36-45,Pottsville,Sweden,Regular,Organic Search
4500,Male,26-35,Amandaview,Hungary,Regular,Referral
4501,Female,36-45,West William,Germany,Regular,Organic Search
4502,Other,26-35,Robinchester,Germany,Regular,Social Media
4503,Male,26-35,Lake Cynthia,Italy,VIP,Email
4504,Male,66+,Stricklandport,Poland,Regular,Social Media
4505,Other,56-65,East Shannon,Spain,Regular,Email
4506,Female,36-45,Torresport,Poland,Regular,Organic Search
4507,Female,26-35,West Jeffrey,Poland,VIP,Referral
4508,Male,18-25,New Tanyabury,Czech Republic,VIP,Organic Search
4509,Other,46-55,Graveston,Belgium,Regular,Referral
4510,Other,36-45,Veronicaburgh,Germany,Regular,Organic Search
4511,Female,46-55,Lake Dianeton,Finland,Regular,Email
4512,Other,26-35,North Kristin,France,Regular,Email
4513,Female,46-55,Stacyshire,Netherlands,Regular,Organic Search
4514,Female,66+,East Michael,Spain,Regular,Organic Search
4515,Male,46-55,New Paul,Spain,Regular,Organic Search
4516,Other,26-35,Lake Jeffreyland,Germany,Regular,Organic Search
4517,Female,36-45,Isaiahmouth,Germany,Regular,Social Media
4518,Other,18-25,Lake Lauraborough,Germany,Regular,Social Media
4519,Female,56-65,New Aaronville,Netherlands,Regular,Referral
4520,Female,26-35,Port Stevenberg,Sweden,Regular,Organic Search
4521,Male,18-25,Castromouth,Italy,Regular,Social Media
4522,Female,46-55,Lake Patricia,Poland,VIP,Referral
4523,Male,26-35,Donnashire,Czech Republic,VIP,Organic Search
4524,Male,66+,New Maryhaven,Italy,Regular,Social Media
4525,Male,36-45,Monicashire,Italy,Regular,Referral
4526,Female,56-65,Simmonsfurt,Finland,Regular,Social Media
4527,Male,56-65,East Lindseyfurt,Italy,Regular,Paid Ads
4528,Male,56-65,West Cynthiashire,Germany,Regular,Organic Search
4529,Male,26-35,Port Johnny,Spain,Regular,Social Media
4530,Male,66+,Port Kyle,France,Regular,Email
4531,Other,26-35,Port Rachel,Germany,Regular,Paid Ads
4532,Male,66+,Shepardton,Ireland,Regular,Paid Ads
4533,Other,26-35,Samanthafurt,Slovakia,Regular,Referral
4534,Female,36-45,Murphymouth,Spain,Regular,Email
4535,Other,36-45,Ramseyfort,Portugal,Regular,Social Media
4536,Male,26-35,Allisonview,Poland,Regular,Social Media
4537,Female,26-35,Jeffside,Germany,Regular,Social Media
4538,Male,56-65,North Lesliechester,Germany,Regular,Social Media
4539,Female,18-25,Joannaberg,Poland,VIP,Organic Search
4540,Other,18-25,Michelletown,Spain,Regular,Email
4541,Female,46-55,East Walterland,Germany,Regular,Referral
4542,Female,66+,Brianville,France,Regular,Paid Ads
4543,Other,66+,Ronaldshire,France,Regular,Social Media
4544,Female,18-25,West Tyler,Germany,Regular,Social Media
4545,Other,46-55,Adkinsland,Greece,VIP,Social Media
4546,Other,26-35,East Cindyshire,Austria,VIP,Paid Ads
4547,Other,18-25,Medinatown,Spain,Regular,Organic Search
4548,Female,18-25,Arnoldchester,Spain,Regular,Organic Search
4549,Male,66+,North Robertfurt,Belgium,Regular,Email
4550,Female,18-25,Dianemouth,Cyprus,Regular,Email
4551,Male,56-65,Melissafurt,Spain,VIP,Paid Ads
4552,Female,26-35,Port Kristin,Spain,VIP,Email
4553,Female,66+,Brettborough,Italy,VIP,Paid Ads
4554,Other,36-45,Port Laura,Germany,Regular,Paid Ads
4555,Other,26-35,Lake Lisa,Slovakia,Regular,Email
4556,Other,56-65,Patrickchester,Germany,Regular,Social Media
4557,Female,26-35,Lake Melanie,Italy,Regular,Referral
4558,Other,46-55,Jacksonburgh,Spain,Regular,Referral
4559,Other,46-55,Dorothyland,Ireland,Regular,Organic Search
4560,Male,26-35,New David,Bulgaria,Regular,Paid Ads
4561,Other,36-45,Jeffreyland,Poland,Regular,Referral
4562,Female,18-25,South Robertfort,France,Regular,Email
4563,Male,66+,Port Robertburgh,Poland,VIP,Organic Search
4564,Other,36-45,East Lisabury,Spain,Regular,Email
4565,Male,66+,Matthewfurt,Germany,Regular,Paid Ads
4566,Male,56-65,Lake Angelica,Germany,Regular,Email
4567,Female,26-35,Port Benjaminborough,France,Regular,Referral
4568,Other,56-65,Dennisstad,France,Regular,Email
4569,Other,36-45,West Jacob,Greece,Regular,Email
4570,Female,46-55,New Mariomouth,Finland,Regular,Email
4571,Other,26-35,Parkerhaven,Italy,Regular,Organic Search
4572,Male,26-35,North Matthewfort,Austria,VIP,Referral
4573,Female,66+,Franklinshire,Portugal,Regular,Organic Search
4574,Female,56-65,North Jason,Hungary,Regular,Email
4575,Female,18-25,Jensentown,Finland,Regular,Social Media
4576,Other,36-45,Ellisshire,Portugal,Regular,Social Media
4577,Male,36-45,Lake Rebeccaville,Slovakia,Regular,Paid Ads
4578,Male,56-65,Davidbury,Italy,Regular,Email
4579,Male,66+,West Amandastad,Germany,Regular,Organic Search
4580,Other,36-45,Amberstad,France,Regular,Email
4581,Male,56-65,South Scottshire,Germany,Regular,Referral
4582,Male,36-45,Port Katherine,Hungary,Regular,Social Media
4583,Male,66+,Lake Annachester,Poland,Regular,Email
4584,Male,18-25,Port Cody,Poland,Regular,Email
4585,Female,26-35,West Cynthiaton,Germany,Regular,Referral
4586,Other,26-35,Bowmanstad,Slovakia,Regular,Social Media
4587,Other,36-45,Port Benjaminland,Germany,Regular,Email
4588,Other,46-55,Angelicashire,Portugal,Regular,Organic Search
4589,Other,36-45,Camposmouth,Czech Republic,VIP,Referral
4590,Other,18-25,Cliffordside,Germany,VIP,Paid Ads
4591,Male,18-25,Jonesside,Czech Republic,Regular,Email
4592,Other,46-55,Mitchellland,Germany,Regular,Social Media
4593,Male,66+,Juarezmouth,Italy,Regular,Email
4594,Other,36-45,West Rachel,Germany,Regular,Organic Search
4595,Other,18-25,Lake Hectorbury,Austria,VIP,Social Media
4596,Male,36-45,Ericfurt,Germany,Regular,Referral
4597,Male,36-45,New Brianna,France,Regular,Email
4598,Female,46-55,Lake Thomaschester,Spain,VIP,Referral
4599,Other,36-45,Troyland,Germany,Regular,Email
4600,Male,26-35,Obrienmouth,Italy,Regular,Email
4601,Male,66+,Nancyport,Germany,Regular,Social Media
4602,Female,18-25,Lawrenceton,Estonia,Regular,Social Media
4603,Male,18-25,Huertaview,Italy,Regular,Referral
4604,Male,56-65,Loriland,Hungary,Regular,Paid Ads
4605,Male,18-25,West Deanna,Italy,Regular,Paid Ads
4606,Other,56-65,Coreyburgh,Italy,VIP,Paid Ads
4607,Male,46-55,Rogerchester,Hungary,Regular,Referral
4608,Male,56-65,North Dominique,Germany,Regular,Referral
4609,Female,26-35,Port Lisa,Italy,Regular,Email
4610,Female,36-45,West Jenniferstad,Germany,VIP,Referral
4611,Male,56-65,Stuartside,Germany,Regular,Referral
4612,Female,66+,West Jennifer,Lithuania,Regular,Social Media
4613,Other,36-45,Singletontown,Spain,Regular,Social Media
4614,Female,18-25,West Michelle,Germany,VIP,Email
4615,Male,46-55,Port Elizabeth,Spain,Regular,Organic Search
4616,Female,46-55,New Russell,France,Regular,Paid Ads
4617,Other,18-25,South Jessica,Ireland,Regular,Social Media
4618,Female,18-25,Websterton,Belgium,Regular,Email
4619,Female,26-35,Hartborough,France,Regular,Email
4620,Male,46-55,Cynthiastad,Italy,Regular,Social Media
4621,Other,56-65,Michaelland,Belgium,Regular,Organic Search
4622,Male,56-65,Romantown,Poland,Regular,Social Media
4623,Other,46-55,Port Sarahville,Ireland,Regular,Social Media
4624,Female,18-25,Port Kyle,Portugal,Regular,Paid Ads
4625,Female,56-65,North Johnfort,Hungary,Regular,Referral
4626,Female,18-25,Armstrongstad,Germany,Regular,Paid Ads
4627,Female,56-65,Wagnerburgh,Germany,Regular,Organic Search
4628,Female,36-45,Patriciatown,Czech Republic,Regular,Organic Search
4629,Male,56-65,Robertsburgh,France,Regular,Email
4630,Other,46-55,Crawfordchester,Finland,Regular,Referral
4631,Other,36-45,West Karenborough,Italy,Regular,Paid Ads
4632,Male,46-55,New Alicia,Portugal,Regular,Referral
4633,Female,18-25,Kellyburgh,Italy,Regular,Organic Search
4634,Other,18-25,Howehaven,Poland,Regular,Social Media
4635,Other,46-55,West Sheila,France,Regular,Paid Ads
4636,Female,26-35,Kathyville,Spain,Regular,Paid Ads
4637,Female,18-25,East Karenton,Slovenia,Regular,Paid Ads
4638,Male,18-25,Williambury,Romania,Regular,Social Media
4639,Male,18-25,Kristinebury,Italy,Regular,Social Media
4640,Male,66+,Monicashire,Germany,Regular,Email
4641,Female,18-25,Roblesview,Hungary,Regular,Paid Ads
4642,Male,56-65,Morganburgh,France,Regular,Organic Search
4643,Other,56-65,West Haroldmouth,Poland,Regular,Paid Ads
4644,Female,56-65,Emilychester,Germany,Regular,Organic Search
4645,Other,56-65,Tracyton,Poland,Regular,Referral
4646,Other,46-55,East Mary,Luxembourg,Regular,Paid Ads
4647,Female,36-45,Christophershire,Italy,Regular,Paid Ads
4648,Female,66+,New Anthonyhaven,France,Regular,Paid Ads
4649,Male,18-25,Jesseland,Germany,Regular,Email
4650,Male,36-45,Hensonmouth,Germany,Regular,Referral
4651,Female,26-35,West Stevenshire,Germany,VIP,Organic Search
4652,Female,46-55,Morseberg,Germany,Regular,Paid Ads
4653,Male,18-25,Christophermouth,Germany,VIP,Social Media
4654,Male,46-55,East Gregory,Czech Republic,Regular,Referral
4655,Male,56-65,New Danielborough,Greece,Regular,Referral
4656,Other,18-25,South James,Lithuania,VIP,Referral
4657,Female,18-25,Port Timothymouth,Spain,VIP,Referral
4658,Female,56-65,New Chloe,France,Regular,Organic Search
4659,Male,56-65,Seanfurt,Sweden,Regular,Paid Ads
4660,Male,66+,Dorisberg,Portugal,Regular,Paid Ads
4661,Male,56-65,Lake Judy,Germany,Regular,Email
4662,Other,46-55,New Erinside,Germany,Regular,Referral
4663,Male,18-25,South Jameschester,Spain,VIP,Social Media
4664,Other,36-45,West Johnshire,France,Regular,Organic Search
4665,Male,56-65,Parkerside,Bulgaria,VIP,Organic Search
4666,Male,46-55,South Gerald,Spain,Regular,Paid Ads
4667,Male,26-35,North Leslieshire,Italy,Regular,Social Media
4668,Male,26-35,New Kevin,Austria,Regular,Organic Search
4669,Male,26-35,Bowenside,Netherlands,Regular,Paid Ads
4670,Female,18-25,South Sarah,Finland,VIP,Organic Search
4671,Female,66+,Elizabethfurt,Poland,Regular,Referral
4672,Female,56-65,North Stephanie,Denmark,VIP,Paid Ads
4673,Other,36-45,New Janet,Italy,Regular,Paid Ads
4674,Female,46-55,Stephenburgh,Slovakia,VIP,Referral
4675,Female,66+,Melissamouth,Poland,Regular,Paid Ads
4676,Female,66+,Gabrielview,France,Regular,Email
4677,Female,18-25,North Peter,Italy,VIP,Organic Search
4678,Male,36-45,North Walter,Poland,Regular,Email
4679,Male,26-35,New Joshuaborough,Poland,Regular,Email
4680,Other,36-45,New Caitlin,Denmark,Regular,Email
4681,Female,46-55,Carterburgh,Denmark,Regular,Email
4682,Male,26-35,North Jennifer,Belgium,Regular,Organic Search
4683,Other,56-65,Burgessside,Finland,Regular,Referral
4684,Other,66+,East Gregory,France,Regular,Email
4685,Other,18-25,Ferrellton,Estonia,Regular,Referral
4686,Other,26-35,Fowlershire,France,VIP,Social Media
4687,Female,56-65,Courtneychester,Germany,Regular,Email
4688,Male,46-55,West Christopherbury,Ireland,Regular,Paid Ads
4689,Female,26-35,Lake Charlesfort,Hungary,Regular,Social Media
4690,Female,46-55,Port Jeremy,Spain,Regular,Organic Search
4691,Male,26-35,North Maria,Spain,Regular,Email
4692,Female,46-55,West Williamstad,Italy,VIP,Organic Search
4693,Male,26-35,Michelleton,Germany,Regular,Referral
4694,Other,26-35,Daviesshire,Belgium,Regular,Social Media
4695,Male,26-35,Ballardstad,Finland,Regular,Organic Search
4696,Male,56-65,Meyerberg,Germany,Regular,Paid Ads
4697,Other,66+,Port Jocelynmouth,Sweden,Regular,Referral
4698,Male,56-65,West Shannonberg,France,VIP,Email
4699,Other,18-25,West Michael,Spain,VIP,Organic Search
4700,Male,18-25,Brianchester,Italy,Regular,Organic Search
4701,Other,66+,New Brian,Italy,VIP,Paid Ads
4702,Female,26-35,South Henrystad,Germany,Regular,Email
4703,Other,66+,North Kayla,Belgium,Regular,Email
4704,Male,56-65,Port Loriview,Germany,Regular,Social Media
4705,Male,56-65,South Chadhaven,France,Regular,Social Media
4706,Male,18-25,Thomashaven,Italy,VIP,Email
4707,Other,56-65,Bowenview,Sweden,Regular,Paid Ads
4708,Male,18-25,Lake Jamesshire,France,Regular,Paid Ads
4709,Male,18-25,Carrfort,Croatia,Regular,Organic Search
4710,Other,56-65,West Rickeyland,France,Regular,Social Media
4711,Female,56-65,Waltersberg,Belgium,VIP,Email
4712,Female,26-35,Kellyfurt,Lithuania,Regular,Paid Ads
4713,Other,18-25,Kingmouth,Netherlands,VIP,Paid Ads
4714,Male,36-45,West Dawnmouth,France,Regular,Organic Search
4715,Female,56-65,Lake Michealton,Italy,Regular,Social Media
4716,Other,36-45,Katiefort,France,Regular,Referral
4717,Other,18-25,Davidmouth,Italy,VIP,Email
4718,Other,66+,South Heidimouth,Germany,VIP,Paid Ads
4719,Other,18-25,Richardburgh,Greece,Regular,Paid Ads
4720,Other,26-35,Lake Robert,Slovakia,Regular,Email
4721,Female,18-25,Lake Sydneyport,Slovakia,VIP,Referral
4722,Other,36-45,Amyshire,Germany,Regular,Organic Search
4723,Other,36-45,Lake Garyshire,Spain,Regular,Referral
4724,Female,66+,Alexanderside,France,Regular,Referral
4725,Male,36-45,Morrisstad,France,Regular,Organic Search
4726,Male,26-35,South Karl,Germany,Regular,Email
4727,Other,66+,Karachester,Croatia,Regular,Email
4728,Female,18-25,South Micheleport,Germany,Regular,Social Media
4729,Male,36-45,Carolville,Italy,Regular,Referral
4730,Male,18-25,East Ericland,Germany,Regular,Paid Ads
4731,Female,46-55,South Roger,France,Regular,Organic Search
4732,Other,26-35,Rebeccaborough,Germany,Regular,Referral
4733,Male,66+,West Stephenton,Germany,Regular,Paid Ads
4734,Male,56-65,Melissaport,France,Regular,Referral
4735,Male,26-35,New Carlos,Germany,VIP,Social Media
4736,Other,36-45,Craigmouth,Ireland,VIP,Referral
4737,Female,26-35,South Michael,Italy,Regular,Social Media
4738,Other,18-25,North John,France,Regular,Social Media
4739,Male,46-55,New Rebeccaville,Netherlands,Regular,Paid Ads
4740,Female,46-55,Annahaven,Austria,Regular,Organic Search
4741,Male,36-45,Josephview,Germany,Regular,Social Media
4742,Other,66+,Rodneyberg,Spain,Regular,Social Media
4743,Male,36-45,Obrientown,Spain,Regular,Email
4744,Male,46-55,Coopershire,Lithuania,Regular,Email
4745,Female,18-25,Matthewfurt,Germany,Regular,Paid Ads
4746,Other,26-35,Lake Jillmouth,Hungary,Regular,Organic Search
4747,Female,66+,Michaelberg,Spain,Regular,Social Media
4748,Female,26-35,East Matthewland,Slovakia,Regular,Social Media
4749,Other,46-55,Lamberttown,Luxembourg,Regular,Referral
4750,Female,56-65,Mikaylatown,Austria,Regular,Social Media
4751,Female,46-55,Lake Debraview,Sweden,Regular,Organic Search
4752,Other,18-25,Richardchester,Netherlands,Regular,Social Media
4753,Female,18-25,Youngbury,Germany,Regular,Social Media
4754,Female,36-45,Davidmouth,Spain,Regular,Paid Ads
4755,Female,26-35,Caseymouth,France,Regular,Social Media
4756,Other,46-55,Mannberg,Greece,Regular,Organic Search
4757,Female,66+,West Steven,Germany,Regular,Social Media
4758,Female,26-35,South Jenniferfort,Poland,Regular,Email
4759,Male,46-55,Evansside,Czech Republic,Regular,Social Media
4760,Other,18-25,Millerchester,Sweden,Regular,Organic Search
4761,Other,46-55,Karenshire,Netherlands,Regular,Email
4762,Other,26-35,Grimesstad,Spain,Regular,Organic Search
4763,Female,26-35,Morganberg,Austria,Regular,Social Media
4764,Female,56-65,West Shannon,Belgium,Regular,Email
4765,Other,18-25,Danielberg,Sweden,Regular,Social Media
4766,Female,56-65,Port Isaac,Poland,VIP,Referral
4767,Male,36-45,New Loriview,Italy,Regular,Organic Search
4768,Male,18-25,Katiefort,Bulgaria,VIP,Social Media
4769,Other,66+,Johnstonton,France,Regular,Paid Ads
4770,Male,18-25,Barnesshire,France,Regular,Organic Search
4771,Other,56-65,North Benjamin,France,Regular,Paid Ads
4772,Male,66+,Johnnyfurt,Spain,Regular,Email
4773,Male,26-35,New Meredith,Italy,VIP,Paid Ads
4774,Female,56-65,Amandafort,Germany,Regular,Email
4775,Male,18-25,Davidfort,Poland,VIP,Social Media
4776,Male,26-35,Austinhaven,Germany,Regular,Referral
4777,Male,18-25,Angelicatown,Sweden,Regular,Referral
4778,Other,46-55,Stevenview,Portugal,Regular,Email
4779,Other,18-25,South Melissa,Italy,Regular,Referral
4780,Male,36-45,Port Julie,Denmark,Regular,Email
4781,Male,66+,Vaughnhaven,Estonia,Regular,Organic Search
4782,Female,66+,Clarkefort,Poland,Regular,Email
4783,Female,18-25,Lake Jennifer,Italy,Regular,Organic Search
4784,Female,36-45,Nelsonhaven,France,Regular,Email
4785,Male,18-25,Sharpstad,Germany,Regular,Paid Ads
4786,Other,46-55,Hernandezfurt,Poland,Regular,Organic Search
4787,Female,56-65,Kurtfort,Spain,Regular,Paid Ads
4788,Female,18-25,Millsshire,Spain,Regular,Email
4789,Male,56-65,New Charlesstad,Belgium,Regular,Paid Ads
4790,Male,66+,North Amyhaven,Germany,Regular,Email
4791,Female,36-45,Erintown,Netherlands,Regular,Organic Search
4792,Female,36-45,Herreraville,Spain,Regular,Organic Search
4793,Female,56-65,East Johnchester,Italy,Regular,Organic Search
4794,Female,56-65,Lake Kathrynborough,France,VIP,Email
4795,Female,46-55,Brendachester,Italy,Regular,Email
4796,Male,66+,New Shari,Germany,Regular,Social Media
4797,Male,26-35,Dylanland,France,Regular,Paid Ads
4798,Male,46-55,Butlerside,Germany,Regular,Referral
4799,Female,56-65,Sarahburgh,Poland,Regular,Referral
4800,Other,46-55,East Ann,France,VIP,Referral
4801,Female,18-25,North Linda,Belgium,Regular,Organic Search
4802,Female,66+,Youngborough,France,Regular,Paid Ads
4803,Male,66+,East Joshua,Germany,VIP,Referral
4804,Male,46-55,Port Caseyport,Denmark,VIP,Referral
4805,Male,26-35,Fernandezfurt,Slovakia,Regular,Email
4806,Male,36-45,East Elizabethbury,Czech Republic,Regular,Organic Search
4807,Male,56-65,Port David,Poland,VIP,Email
4808,Other,18-25,Toddbury,Austria,Regular,Organic Search
4809,Male,66+,North Jameshaven,France,Regular,Organic Search
4810,Female,26-35,Port Matthew,Sweden,VIP,Organic Search
4811,Male,46-55,Alyssaview,Italy,Regular,Social Media
4812,Other,56-65,Port Ericview,Czech Republic,Regular,Social Media
4813,Male,26-35,Davidborough,Italy,Regular,Email
4814,Male,36-45,Irwinberg,Romania,Regular,Organic Search
4815,Male,18-25,South Bryanmouth,Germany,Regular,Social Media
4816,Female,36-45,Jacquelineville,Finland,Regular,Paid Ads
4817,Other,46-55,Port Cheryl,Spain,Regular,Organic Search
4818,Male,56-65,Coltonburgh,France,Regular,Organic Search
4819,Male,46-55,East Nathantown,Germany,Regular,Social Media
4820,Male,26-35,Millerside,Sweden,Regular,Email
4821,Male,36-45,Guzmanville,Spain,Regular,Paid Ads
4822,Other,18-25,Richardbury,Italy,Regular,Email
4823,Male,66+,Lake Laurentown,Spain,Regular,Paid Ads
4824,Female,46-55,Chambersbury,France,Regular,Social Media
4825,Female,46-55,Sherriland,Czech Republic,Regular,Organic Search
4826,Female,18-25,Montgomeryland,Italy,VIP,Paid Ads
4827,Other,46-55,Port Leeport,Germany,VIP,Referral
4828,Other,46-55,West Peterburgh,Sweden,Regular,Paid Ads
4829,Other,18-25,Ellenton,Spain,Regular,Referral
4830,Male,56-65,South Adam,France,VIP,Paid Ads
4831,Female,18-25,Smithchester,Denmark,Regular,Email
4832,Other,46-55,Josephton,Austria,Regular,Referral
4833,Other,26-35,Port Vanessa,Germany,Regular,Referral
4834,Female,26-35,New Brookeview,Belgium,Regular,Paid Ads
4835,Female,18-25,Langstad,Poland,Regular,Referral
4836,Male,46-55,Amybury,France,Regular,Referral
4837,Male,46-55,New Jonathanmouth,Belgium,Regular,Paid Ads
4838,Male,66+,Port Vanessaton,Ireland,Regular,Referral
4839,Other,26-35,Ayalachester,Spain,Regular,Paid Ads
4840,Other,46-55,Port Patriciabury,France,Regular,Referral
4841,Female,66+,New Samanthaberg,Poland,Regular,Social Media
4842,Other,46-55,Theresaside,Spain,Regular,Paid Ads
4843,Other,36-45,New Jamesmouth,Germany,Regular,Paid Ads
4844,Female,18-25,Anthonymouth,France,Regular,Email
4845,Female,26-35,Brianshire,Czech Republic,Regular,Organic Search
4846,Female,56-65,Garyport,Croatia,Regular,Referral
4847,Male,36-45,New Cynthiafurt,Croatia,VIP,Social Media
4848,Male,66+,Matthewsshire,Italy,Regular,Email
4849,Female,66+,Lake Garrettberg,Denmark,Regular,Social Media
4850,Male,56-65,North Craigburgh,Germany,Regular,Organic Search
4851,Other,36-45,Villachester,France,VIP,Paid Ads
4852,Female,66+,Haleyville,Spain,Regular,Referral
4853,Male,18-25,Jamesland,Greece,Regular,Paid Ads
4854,Male,46-55,Arthurchester,Ireland,VIP,Organic Search
4855,Female,66+,Brownburgh,Hungary,Regular,Referral
4856,Female,18-25,North Wendyborough,Poland,Regular,Organic Search
4857,Male,56-65,New Jessicaside,Czech Republic,Regular,Social Media
4858,Female,56-65,Taylorchester,Germany,Regular,Email
4859,Female,26-35,Phillipburgh,France,Regular,Referral
4860,Male,26-35,West Heatherton,Croatia,Regular,Paid Ads
4861,Male,66+,Silvaside,France,Regular,Email
4862,Male,18-25,Baileystad,Sweden,Regular,Social Media
4863,Female,36-45,Kimberlytown,France,Regular,Organic Search
4864,Other,18-25,West Maryview,Germany,Regular,Referral
4865,Male,26-35,Seanchester,Spain,Regular,Organic Search
4866,Male,46-55,South Kimberly,Italy,Regular,Organic Search
4867,Other,18-25,West Ryan,Denmark,Regular,Social Media
4868,Male,26-35,South Carla,Poland,Regular,Referral
4869,Female,46-55,Grahambury,France,Regular,Organic Search
4870,Female,26-35,South Phillipborough,Romania,Regular,Referral
4871,Male,56-65,Boyerberg,Italy,VIP,Paid Ads
4872,Male,66+,Johnsonborough,Lithuania,Regular,Social Media
4873,Male,36-45,East Samantha,France,Regular,Email
4874,Other,36-45,New Lisaland,Sweden,VIP,Email
4875,Other,26-35,Potterhaven,France,VIP,Paid Ads
4876,Female,26-35,West John,Bulgaria,Regular,Organic Search
4877,Other,18-25,Simpsonfort,Germany,Regular,Paid Ads
4878,Male,36-45,East Ronald,Italy,Regular,Email
4879,Male,26-35,Tonyshire,Sweden,Regular,Referral
4880,Other,36-45,Kevinview,Italy,Regular,Referral
4881,Other,66+,Hunterhaven,Romania,Regular,Paid Ads
4882,Female,56-65,Lake Ryanfort,Poland,Regular,Email
4883,Female,66+,New Mikaylaside,Italy,VIP,Email
4884,Male,46-55,New Mackenzieland,Italy,Regular,Social Media
4885,Male,26-35,South Thomaschester,Portugal,VIP,Organic Search
4886,Male,56-65,Laurafort,Netherlands,Regular,Paid Ads
4887,Male,26-35,Melissafurt,Poland,Regular,Social Media
4888,Female,26-35,North Brianfort,Czech Republic,Regular,Social Media
4889,Other,18-25,Holtmouth,France,Regular,Paid Ads
4890,Female,26-35,Johnsonton,Finland,Regular,Paid Ads
4891,Male,26-35,North Andrewmouth,Germany,Regular,Organic Search
4892,Female,66+,South Lisaton,Germany,Regular,Social Media
4893,Male,18-25,East Curtis,Austria,Regular,Paid Ads
4894,Female,36-45,Port Carolyn,Bulgaria,Regular,Organic Search
4895,Female,56-65,Port Ronnie,France,Regular,Email
4896,Female,66+,Lake Shawnchester,Sweden,Regular,Email
4897,Male,26-35,Lake Brentview,France,Regular,Social Media
4898,Female,26-35,New Danielmouth,Austria,Regular,Paid Ads
4899,Other,18-25,Vegaburgh,Germany,Regular,Email
4900,Male,18-25,New Brianview,Bulgaria,VIP,Social Media
4901,Male,26-35,New Christianfurt,Portugal,Regular,Organic Search
4902,Female,56-65,Richardbury,Italy,Regular,Email
4903,Male,18-25,Robbinston,Poland,VIP,Paid Ads
4904,Female,26-35,Scotttown,Slovenia,VIP,Referral
4905,Female,36-45,Youngstad,France,VIP,Organic Search
4906,Other,36-45,Gillton,Italy,Regular,Email
4907,Female,36-45,East Anthony,France,Regular,Organic Search
4908,Male,46-55,Rossburgh,Poland,Regular,Paid Ads
4909,Female,26-35,Lake Sarah,Germany,Regular,Paid Ads
4910,Female,46-55,East Derekshire,Ireland,Regular,Email
4911,Female,36-45,Johnsonborough,Poland,Regular,Paid Ads
4912,Other,46-55,North Stephanietown,Greece,VIP,Paid Ads
4913,Other,56-65,Pamelashire,Germany,VIP,Email
4914,Female,26-35,Hallville,Finland,Regular,Paid Ads
4915,Male,18-25,South Michaelhaven,Germany,Regular,Paid Ads
4916,Female,18-25,Wrightland,Romania,Regular,Social Media
4917,Male,18-25,North Christinemouth,France,Regular,Organic Search
4918,Other,18-25,Michellefurt,France,Regular,Referral
4919,Other,46-55,North Williamborough,Spain,Regular,Social Media
4920,Male,36-45,Ashleyside,Spain,Regular,Social Media
4921,Male,18-25,Millermouth,Romania,Regular,Paid Ads
4922,Female,66+,Port Brandiview,Greece,Regular,Social Media
4923,Other,18-25,West Ericastad,Belgium,Regular,Organic Search
4924,Other,46-55,North Danielmouth,France,Regular,Referral
4925,Female,56-65,Thomasmouth,Spain,VIP,Paid Ads
4926,Male,56-65,Lewismouth,Denmark,Regular,Email
4927,Male,36-45,Kingstad,Italy,Regular,Organic Search
4928,Female,66+,Dwaynestad,Germany,Regular,Social Media
4929,Female,18-25,New Holly,Lithuania,Regular,Social Media
4930,Female,66+,North Elizabethburgh,Netherlands,Regular,Paid Ads
4931,Other,26-35,North Ryanstad,Hungary,Regular,Social Media
4932,Other,46-55,Whiteland,Belgium,VIP,Paid Ads
4933,Other,36-45,East Jacqueline,Germany,Regular,Paid Ads
4934,Male,36-45,North Christina,Netherlands,Regular,Paid Ads
4935,Other,36-45,Kristinview,Romania,Regular,Organic Search
4936,Female,26-35,East Robert,Czech Republic,Regular,Paid Ads
4937,Female,18-25,Timothymouth,France,Regular,Email
4938,Other,66+,Jenniferstad,France,Regular,Referral
4939,Female,46-55,Valdezland,Germany,VIP,Referral
4940,Female,26-35,Port Madeline,France,Regular,Organic Search
4941,Male,26-35,Gibsonburgh,Austria,Regular,Social Media
4942,Other,56-65,West Marthachester,Germany,VIP,Organic Search
4943,Other,66+,Vargaschester,Czech Republic,Regular,Referral
4944,Other,46-55,Johnport,Germany,VIP,Referral
4945,Female,36-45,Rosalesmouth,Italy,Regular,Organic Search
4946,Female,46-55,Amyshire,Lithuania,VIP,Organic Search
4947,Female,66+,Nicoleside,Spain,VIP,Paid Ads
4948,Male,66+,Carsonstad,Poland,Regular,Email
4949,Female,26-35,Nicholemouth,France,Regular,Paid Ads
4950,Female,46-55,Mitchellberg,Germany,VIP,Email
4951,Male,66+,Fergusonland,France,VIP,Organic Search
4952,Male,46-55,Murrayville,Slovakia,Regular,Organic Search
4953,Female,46-55,Mcmillanside,France,VIP,Referral
4954,Male,46-55,Juliemouth,Hungary,Regular,Paid Ads
4955,Male,66+,Williamsview,Italy,Regular,Social Media
4956,Other,36-45,New Robert,Germany,Regular,Paid Ads
4957,Female,18-25,Port Kim,France,Regular,Referral
4958,Male,66+,Petersonfurt,Netherlands,VIP,Paid Ads
4959,Male,18-25,South Darrell,Czech Republic,Regular,Email
4960,Other,18-25,Martinville,France,Regular,Social Media
4961,Male,66+,Kelseyshire,Germany,VIP,Social Media
4962,Female,18-25,Jasonberg,France,Regular,Paid Ads
4963,Female,46-55,East Anthony,Spain,Regular,Referral
4964,Female,46-55,South Melissafurt,Spain,Regular,Organic Search
4965,Other,26-35,Susanborough,Italy,Regular,Email
4966,Other,18-25,Nicoleton,France,Regular,Referral
4967,Female,36-45,Kelliberg,Sweden,Regular,Organic Search
4968,Female,18-25,New Vanessa,Spain,Regular,Referral
4969,Other,26-35,North Brandon,Poland,VIP,Paid Ads
4970,Male,36-45,New Charlesfurt,Germany,Regular,Referral
4971,Female,18-25,Danielleville,France,Regular,Paid Ads
4972,Female,46-55,Finleyburgh,France,Regular,Paid Ads
4973,Female,56-65,Conleyhaven,Spain,Regular,Email
4974,Male,26-35,Wrightmouth,Czech Republic,Regular,Social Media
4975,Female,66+,East Wendyfurt,Czech Republic,Regular,Paid Ads
4976,Other,18-25,Lake Matthew,Italy,Regular,Referral
4977,Other,46-55,West Sheilaland,Germany,Regular,Social Media
4978,Male,18-25,East Deannahaven,Germany,Regular,Paid Ads
4979,Female,66+,South Stephanieside,Spain,Regular,Referral
4980,Female,26-35,Kennethfort,Portugal,VIP,Social Media
4981,Other,56-65,New Mariaborough,France,VIP,Organic Search
4982,Male,46-55,Oneillhaven,Poland,Regular,Social Media
4983,Male,36-45,Benjaminfurt,Belgium,Regular,Referral
4984,Female,26-35,South Terri,Portugal,Regular,Email
4985,Male,46-55,Ashleyborough,France,VIP,Referral
4986,Female,66+,Lake Mackenzie,Germany,Regular,Social Media
4987,Female,46-55,Barreraberg,Romania,Regular,Paid Ads
4988,Female,26-35,Nicoleshire,Belgium,Regular,Organic Search
4989,Female,66+,Cynthiachester,Italy,VIP,Social Media
4990,Other,56-65,Floresmouth,Sweden,Regular,Organic Search
4991,Female,66+,Smithbury,Germany,VIP,Organic Search
4992,Other,36-45,Jennifershire,Germany,Regular,Referral
4993,Other,46-55,Sawyerville,Netherlands,VIP,Paid Ads
4994,Female,18-25,Thomasshire,Italy,Regular,Organic Search
4995,Male,46-55,Frederickmouth,France,Regular,Referral
4996,Male,26-35,Hoganshire,Poland,VIP,Referral
4997,Other,26-35,West Brandonchester,Netherlands,VIP,Referral
4998,Male,56-65,Lake Carly,Spain,Regular,Paid Ads
4999,Female,46-55,Lake Robertshire,Portugal,Regular,Referral
5000,Other,36-45,New Luisbury,Finland,Regular,Email
5001,Other,46-55,West Larry,Germany,Regular,Email
5002,Male,56-65,East Jeffrey,Italy,Regular,Email
5003,Male,46-55,Phillipsburgh,Sweden,Regular,Paid Ads
5004,Male,36-45,New Sarah,Poland,Regular,Paid Ads
5005,Other,56-65,Cruzfort,Belgium,Regular,Email
5006,Female,18-25,Rachaelchester,Portugal,Regular,Social Media
5007,Other,36-45,Kennethfort,Sweden,Regular,Social Media
5008,Male,18-25,Port Michele,Poland,Regular,Organic Search
5009,Other,46-55,Pearsonfort,France,Regular,Organic Search
5010,Female,66+,East Lauraborough,Spain,Regular,Organic Search
5011,Male,26-35,Christianport,Italy,Regular,Organic Search
5012,Male,56-65,Petersonport,Italy,Regular,Organic Search
5013,Other,56-65,Wilsonhaven,Spain,VIP,Email
5014,Male,66+,Meghanside,Austria,Regular,Email
5015,Female,18-25,West Elizabethbury,Slovakia,Regular,Referral
5016,Male,26-35,North Rebeccaborough,Greece,Regular,Referral
5017,Male,56-65,Port Abigail,Portugal,Regular,Social Media
5018,Male,46-55,Lake Sarahstad,Poland,Regular,Paid Ads
5019,Other,66+,Lake Devin,Germany,Regular,Paid Ads
5020,Male,66+,Brianastad,Latvia,Regular,Social Media
5021,Other,56-65,North Joshuaside,France,Regular,Organic Search
5022,Other,56-65,Briantown,France,Regular,Referral
5023,Female,56-65,South Charlotte,Germany,VIP,Email
5024,Other,46-55,West Ianborough,Italy,VIP,Social Media
5025,Other,56-65,Jasonburgh,France,VIP,Social Media
5026,Other,66+,Ruthberg,France,Regular,Paid Ads
5027,Other,26-35,Lake Howard,Sweden,Regular,Organic Search
5028,Other,18-25,Fosterstad,Spain,Regular,Email
5029,Male,46-55,North Frank,Romania,Regular,Social Media
5030,Other,18-25,Bakertown,Netherlands,Regular,Email
5031,Male,18-25,Peterborough,Poland,Regular,Social Media
5032,Other,66+,North Kayla,Denmark,Regular,Email
5033,Male,26-35,Garciamouth,Germany,Regular,Organic Search
5034,Male,56-65,East Tammyville,Germany,Regular,Referral
5035,Male,46-55,Breannaville,Poland,Regular,Paid Ads
5036,Other,56-65,North Tracey,Germany,VIP,Organic Search
5037,Female,26-35,Abigailside,Spain,Regular,Email
5038,Other,26-35,North Michelleton,Ireland,Regular,Social Media
5039,Other,36-45,Stacytown,Hungary,Regular,Organic Search
5040,Male,46-55,North Timothy,Netherlands,VIP,Email
5041,Female,56-65,Jamiemouth,Netherlands,VIP,Referral
5042,Male,18-25,Port Darryl,Poland,Regular,Organic Search
5043,Other,66+,North Jenniferside,Italy,VIP,Email
5044,Female,18-25,Lake Linda,Denmark,VIP,Referral
5045,Male,18-25,Powellborough,Italy,Regular,Email
5046,Male,26-35,Lake Justinstad,Germany,Regular,Referral
5047,Male,46-55,Nathanielmouth,Germany,VIP,Social Media
5048,Male,36-45,Chamberston,France,Regular,Referral
5049,Male,66+,Leahport,Poland,Regular,Email
5050,Female,18-25,Lake Joshua,Belgium,VIP,Organic Search
5051,Female,66+,South Markmouth,Portugal,Regular,Paid Ads
5052,Other,36-45,Lake Kellytown,France,Regular,Email
5053,Male,26-35,New Daniellemouth,Germany,Regular,Referral
5054,Male,26-35,Pattersonhaven,Italy,Regular,Social Media
5055,Female,66+,Sethport,Poland,VIP,Email
5056,Female,18-25,Port Heather,Italy,VIP,Social Media
5057,Female,26-35,Laurieville,France,Regular,Social Media
5058,Female,26-35,Port Edwinview,Germany,Regular,Referral
5059,Male,66+,West Kimberlymouth,France,Regular,Referral
5060,Female,66+,Catherinefurt,Sweden,VIP,Paid Ads
5061,Other,36-45,South Johnton,Romania,Regular,Email
5062,Male,36-45,New Lisa,Spain,Regular,Email
5063,Female,26-35,New Bonnieton,Italy,Regular,Social Media
5064,Female,46-55,Port Henrybury,Ireland,VIP,Paid Ads
5065,Male,46-55,Luisport,Lithuania,VIP,Referral
5066,Other,56-65,East Paul,Sweden,Regular,Referral
5067,Male,26-35,Doyleberg,France,Regular,Social Media
5068,Female,66+,Lisatown,Poland,Regular,Paid Ads
5069,Female,26-35,West Kathleenchester,Portugal,Regular,Referral
5070,Female,56-65,Port Kevinshire,France,Regular,Organic Search
5071,Female,18-25,Donaldmouth,Italy,Regular,Email
5072,Male,26-35,Guerreroside,Poland,Regular,Referral
5073,Other,56-65,Keithton,Poland,Regular,Paid Ads
5074,Other,56-65,Jeffreyland,Poland,Regular,Email
5075,Female,56-65,Evanport,France,Regular,Referral
5076,Female,66+,Torresberg,Poland,Regular,Email
5077,Female,18-25,East Tiffany,France,Regular,Paid Ads
5078,Male,18-25,Port April,France,Regular,Social Media
5079,Male,18-25,Pamchester,Denmark,Regular,Email
5080,Male,56-65,Boydside,Spain,VIP,Paid Ads
5081,Male,18-25,Gomezhaven,Italy,Regular,Social Media
5082,Other,66+,Port Brian,France,Regular,Referral
5083,Other,66+,New Sara,Germany,Regular,Organic Search
5084,Female,66+,Tylerstad,Croatia,Regular,Paid Ads
5085,Female,66+,West Edward,Austria,Regular,Organic Search
5086,Male,18-25,New Michael,France,Regular,Email
5087,Male,66+,Lauriehaven,Spain,Regular,Referral
5088,Other,56-65,West Natalie,Germany,Regular,Social Media
5089,Female,36-45,New Adamburgh,Hungary,VIP,Paid Ads
5090,Male,36-45,North Justinside,France,Regular,Paid Ads
5091,Male,26-35,Johnsonville,Germany,Regular,Paid Ads
5092,Female,46-55,East Kenneth,Germany,Regular,Organic Search
5093,Female,56-65,South Dale,Poland,Regular,Referral
5094,Other,56-65,Port Jamesmouth,Germany,Regular,Organic Search
5095,Female,46-55,Markville,Netherlands,Regular,Organic Search
5096,Other,36-45,Everettburgh,Germany,Regular,Organic Search
5097,Female,46-55,East Elizabeth,Italy,VIP,Email
5098,Female,46-55,Donaldbury,Italy,VIP,Social Media
5099,Male,36-45,Stephaniefort,Austria,Regular,Social Media
5100,Male,66+,Port Cherylview,Spain,VIP,Paid Ads
5101,Other,26-35,Angelashire,Lithuania,Regular,Email
5102,Female,18-25,East Jenna,France,VIP,Referral
5103,Male,66+,Veronicafurt,Spain,VIP,Referral
5104,Female,18-25,New John,Bulgaria,Regular,Organic Search
5105,Other,26-35,West Rodney,Portugal,Regular,Paid Ads
5106,Other,66+,East Jefferyville,Belgium,Regular,Email
5107,Other,26-35,Cassandraport,Greece,Regular,Paid Ads
5108,Male,26-35,Thompsonside,France,Regular,Paid Ads
5109,Female,36-45,Tannerside,Sweden,Regular,Social Media
5110,Male,36-45,West Anthonymouth,Spain,Regular,Organic Search
5111,Other,46-55,Darrellbury,Italy,Regular,Paid Ads
5112,Male,18-25,Donaldfort,France,Regular,Referral
5113,Male,56-65,Port Sarah,Italy,VIP,Referral
5114,Other,56-65,Andrewshire,Poland,Regular,Social Media
5115,Other,26-35,New Valerietown,Germany,Regular,Paid Ads
5116,Other,36-45,North Erichaven,Romania,VIP,Social Media
5117,Female,18-25,Lake Debra,Italy,Regular,Organic Search
5118,Female,56-65,Tuckerfort,Poland,VIP,Social Media
5119,Male,66+,Jodiborough,Spain,Regular,Organic Search
5120,Female,36-45,East Elizabethstad,France,Regular,Email
5121,Female,26-35,Gonzalezport,Italy,Regular,Organic Search
5122,Male,66+,East Kevin,Slovakia,Regular,Referral
5123,Female,18-25,South Rodney,Germany,Regular,Organic Search
5124,Female,36-45,Lake Crystal,Greece,VIP,Social Media
5125,Male,56-65,East Christinaton,Malta,Regular,Email
5126,Male,56-65,New Bethbury,Germany,VIP,Paid Ads
5127,Female,26-35,Nicholaston,Poland,Regular,Organic Search
5128,Female,56-65,North Julieport,France,Regular,Social Media
5129,Other,66+,Sandersfurt,Poland,VIP,Referral
5130,Male,26-35,Brownchester,Spain,Regular,Paid Ads
5131,Female,18-25,West Heather,Poland,Regular,Referral
5132,Female,66+,Jasonside,France,Regular,Paid Ads
5133,Female,66+,Whiteport,Greece,Regular,Paid Ads
5134,Male,56-65,Brianfort,Germany,Regular,Social Media
5135,Male,56-65,New Meganhaven,France,Regular,Organic Search
5136,Female,46-55,Port Jonathan,Czech Republic,VIP,Email
5137,Male,56-65,North Michelefort,Poland,VIP,Organic Search
5138,Other,18-25,West Aaron,Poland,Regular,Social Media
5139,Male,18-25,Taylorland,Romania,VIP,Paid Ads
5140,Female,18-25,Vazqueztown,Sweden,VIP,Email
5141,Female,56-65,Collierfurt,France,VIP,Paid Ads
5142,Male,26-35,East Stevehaven,Sweden,Regular,Organic Search
5143,Female,18-25,Richardville,Poland,Regular,Referral
5144,Other,26-35,Lake Emilyton,Sweden,VIP,Social Media
5145,Female,66+,South Kyleborough,France,VIP,Referral
5146,Female,66+,Johnsonfort,Croatia,Regular,Referral
5147,Male,56-65,Kingchester,Greece,Regular,Paid Ads
5148,Male,18-25,Jonesberg,Slovakia,Regular,Organic Search
5149,Other,18-25,Lambhaven,France,Regular,Email
5150,Male,56-65,New Beth,Italy,Regular,Referral
5151,Female,26-35,East Felicia,Sweden,Regular,Paid Ads
5152,Other,56-65,Williamsville,France,Regular,Organic Search
5153,Male,26-35,Thomasshire,Italy,Regular,Organic Search
5154,Female,18-25,Port Angelaberg,Portugal,VIP,Referral
5155,Female,18-25,Alexandrashire,Sweden,Regular,Referral
5156,Male,36-45,Randyburgh,Spain,Regular,Organic Search
5157,Male,46-55,Arthurview,Italy,Regular,Referral
5158,Female,18-25,North Adrianview,Hungary,VIP,Email
5159,Male,66+,Ryanbury,Denmark,Regular,Social Media
5160,Other,56-65,Lake Bradleyhaven,Hungary,Regular,Organic Search
5161,Other,18-25,Marcusville,Romania,Regular,Paid Ads
5162,Other,26-35,Morganville,Germany,Regular,Paid Ads
5163,Male,56-65,New Anitaburgh,Italy,Regular,Paid Ads
5164,Female,36-45,Riveraland,Belgium,Regular,Email
5165,Male,56-65,Wilsonstad,Italy,Regular,Paid Ads
5166,Male,18-25,Morrisonborough,Slovenia,Regular,Email
5167,Male,46-55,Martinezshire,Italy,Regular,Referral
5168,Other,36-45,Adamland,Ireland,Regular,Social Media
5169,Other,26-35,Lewisport,Cyprus,VIP,Social Media
5170,Other,36-45,Victoriaport,Portugal,Regular,Social Media
5171,Male,18-25,Mayoborough,France,Regular,Email
5172,Other,56-65,North Brendahaven,Germany,Regular,Social Media
5173,Female,36-45,Fletcherstad,Spain,Regular,Referral
5174,Male,26-35,West Jenniferside,Cyprus,Regular,Social Media
5175,Female,56-65,South Barbarafurt,Germany,Regular,Social Media
5176,Female,18-25,New Kimberly,Belgium,Regular,Referral
5177,Female,26-35,Mataberg,Germany,Regular,Referral
5178,Male,36-45,North Jennifer,Germany,Regular,Paid Ads
5179,Female,18-25,Woodtown,Portugal,VIP,Social Media
5180,Male,36-45,South Catherinefurt,Sweden,Regular,Organic Search
5181,Male,66+,Staceyville,Germany,VIP,Referral
5182,Other,66+,Sheppardburgh,France,Regular,Referral
5183,Male,36-45,Andreahaven,Spain,Regular,Social Media
5184,Other,18-25,Jessicafort,Spain,Regular,Paid Ads
5185,Male,26-35,West Joan,France,Regular,Social Media
5186,Other,36-45,East Hannah,France,VIP,Referral
5187,Other,66+,Hendricksmouth,Slovenia,Regular,Organic Search
5188,Female,66+,Austinfurt,Belgium,Regular,Referral
5189,Female,66+,North Sandra,Poland,Regular,Email
5190,Male,66+,South Lindafort,Ireland,Regular,Email
5191,Female,66+,Mayfurt,Spain,Regular,Referral
5192,Female,36-45,South Jessica,Poland,Regular,Organic Search
5193,Male,36-45,New Jeffreystad,Poland,Regular,Referral
5194,Other,56-65,Hutchinsontown,France,Regular,Email
5195,Female,66+,East Elizabeth,Croatia,Regular,Paid Ads
5196,Other,66+,Levyborough,Latvia,Regular,Referral
5197,Male,56-65,Adamsshire,Sweden,Regular,Organic Search
5198,Male,56-65,Jessicamouth,Sweden,VIP,Organic Search
5199,Female,46-55,South Nicoleberg,Poland,Regular,Paid Ads
5200,Male,66+,Caseyville,Austria,Regular,Referral
5201,Other,26-35,South Kevinville,France,Regular,Referral
5202,Male,26-35,Lake Mackenzieton,France,Regular,Paid Ads
5203,Male,46-55,Bradbury,France,Regular,Referral
5204,Other,66+,West Stephanieberg,Italy,VIP,Paid Ads
5205,Male,56-65,South Joseph,Italy,Regular,Paid Ads
5206,Other,36-45,West Candacefort,France,Regular,Organic Search
5207,Other,26-35,North Jonathanstad,Germany,VIP,Organic Search
5208,Male,18-25,Lake Anthony,France,Regular,Paid Ads
5209,Male,56-65,Guerreroton,France,Regular,Paid Ads
5210,Female,46-55,North Tamara,France,Regular,Email
5211,Male,56-65,North Melissaview,Poland,VIP,Referral
5212,Female,18-25,Deleonmouth,Italy,Regular,Social Media
5213,Male,46-55,Mayborough,Belgium,VIP,Referral
5214,Other,66+,West Nicolemouth,France,Regular,Organic Search
5215,Male,18-25,Jeffreyton,France,VIP,Referral
5216,Male,26-35,East James,Czech Republic,Regular,Paid Ads
5217,Female,66+,Richardsonburgh,Czech Republic,Regular,Paid Ads
5218,Female,46-55,South Brent,Finland,Regular,Paid Ads
5219,Male,46-55,Port Tiffanyland,France,Regular,Email
5220,Male,46-55,Daviesland,Belgium,Regular,Social Media
5221,Male,46-55,Olsenhaven,Greece,VIP,Email
5222,Male,46-55,East Timothyfort,Italy,Regular,Social Media
5223,Male,56-65,Johnnytown,Poland,Regular,Social Media
5224,Female,18-25,Bensonmouth,Germany,Regular,Organic Search
5225,Other,36-45,Coleberg,Netherlands,Regular,Paid Ads
5226,Female,18-25,East Morgan,Denmark,Regular,Referral
5227,Female,56-65,Tylerside,Spain,VIP,Referral
5228,Female,56-65,Nancyland,Italy,Regular,Referral
5229,Male,18-25,Kimberlymouth,Hungary,Regular,Referral
5230,Other,66+,Port Amandaland,France,Regular,Referral
5231,Female,46-55,Richardsonfurt,Denmark,Regular,Social Media
5232,Female,36-45,South Samantha,Poland,Regular,Email
5233,Other,26-35,Port Deborah,France,Regular,Email
5234,Other,56-65,East Pamela,Belgium,Regular,Social Media
5235,Other,18-25,Pattersonhaven,Austria,Regular,Email
5236,Other,66+,East Michaelport,Italy,Regular,Social Media
5237,Male,36-45,Melendezport,Sweden,Regular,Paid Ads
5238,Female,46-55,Lake Jonathanberg,Germany,Regular,Paid Ads
5239,Male,56-65,Calvinstad,Germany,Regular,Referral
5240,Male,26-35,Brownport,Germany,Regular,Email
5241,Other,66+,Allisonhaven,Greece,VIP,Organic Search
5242,Female,56-65,South Annebury,Italy,Regular,Paid Ads
5243,Male,66+,Lisahaven,France,VIP,Referral
5244,Other,26-35,South Brenda,Italy,VIP,Paid Ads
5245,Other,66+,West Michael,Sweden,Regular,Referral
5246,Other,26-35,Kellyfurt,France,Regular,Referral
5247,Other,46-55,Robinsonside,Portugal,VIP,Email
5248,Other,26-35,Emilymouth,Czech Republic,Regular,Paid Ads
5249,Other,66+,Stephenview,France,Regular,Referral
5250,Other,56-65,Chelseatown,Germany,Regular,Social Media
5251,Other,18-25,North Mercedesport,Germany,Regular,Organic Search
5252,Male,66+,West Taraland,Bulgaria,Regular,Email
5253,Female,36-45,Morrowchester,Netherlands,Regular,Email
5254,Female,46-55,New Robertmouth,Poland,VIP,Social Media
5255,Other,46-55,Gonzalezborough,Spain,Regular,Email
5256,Female,26-35,Richardsonstad,Czech Republic,Regular,Email
5257,Male,56-65,Tinamouth,France,Regular,Referral
5258,Female,18-25,North Daniel,Germany,VIP,Email
5259,Male,46-55,Christinachester,Germany,VIP,Referral
5260,Male,46-55,West Andrew,Germany,Regular,Social Media
5261,Other,56-65,Stoutfurt,Portugal,Regular,Social Media
5262,Other,56-65,Jeremiahbury,Italy,Regular,Social Media
5263,Female,46-55,Victoriafort,Italy,Regular,Paid Ads
5264,Female,36-45,Lake Stephanie,France,VIP,Organic Search
5265,Female,36-45,North Patrickhaven,Italy,Regular,Referral
5266,Male,36-45,New Brian,Sweden,Regular,Social Media
5267,Female,36-45,Port Angela,Germany,Regular,Organic Search
5268,Female,36-45,Crystalview,Germany,Regular,Email
5269,Female,36-45,Simmonshaven,Poland,VIP,Paid Ads
5270,Female,56-65,Montoyashire,France,Regular,Organic Search
5271,Male,36-45,East Melissafurt,Spain,Regular,Organic Search
5272,Female,18-25,North Melissachester,Greece,Regular,Referral
5273,Other,36-45,Port Chelseaberg,France,Regular,Social Media
5274,Male,56-65,Rosston,Germany,Regular,Organic Search
5275,Other,36-45,Scottmouth,Germany,Regular,Email
5276,Other,26-35,Ramosport,Poland,VIP,Email
5277,Female,66+,Lake Josephfort,Czech Republic,VIP,Social Media
5278,Male,56-65,Port Teresa,Netherlands,Regular,Organic Search
5279,Female,56-65,North Kathleen,Hungary,Regular,Email
5280,Male,36-45,North Faith,Romania,Regular,Paid Ads
5281,Male,26-35,South Katherine,Poland,Regular,Email
5282,Male,36-45,Woodsmouth,France,Regular,Organic Search
5283,Female,46-55,Sanchezburgh,Spain,Regular,Referral
5284,Other,18-25,Grahamstad,France,Regular,Referral
5285,Male,56-65,East Teresabury,Netherlands,Regular,Organic Search
5286,Other,66+,Karichester,Denmark,Regular,Organic Search
5287,Female,18-25,North Lori,Germany,VIP,Email
5288,Male,66+,Lake Paulborough,France,Regular,Organic Search
5289,Male,36-45,Singhbury,Sweden,Regular,Email
5290,Male,36-45,East Robert,Latvia,Regular,Email
5291,Male,46-55,Thompsonmouth,Austria,VIP,Social Media
5292,Male,18-25,South Amberside,Germany,Regular,Referral
5293,Female,36-45,Porterbury,Netherlands,Regular,Referral
5294,Female,18-25,South Coreyfurt,Italy,Regular,Organic Search
5295,Female,66+,Nelsonberg,Spain,Regular,Email
5296,Male,18-25,East Janet,Greece,Regular,Paid Ads
5297,Female,66+,Michaelhaven,Austria,Regular,Referral
5298,Female,18-25,New Kimberly,Belgium,Regular,Paid Ads
5299,Male,26-35,Ashleyton,France,Regular,Referral
5300,Other,36-45,Danielshire,Germany,Regular,Referral
5301,Female,26-35,New Stephaniemouth,Greece,Regular,Referral
5302,Other,26-35,Hartville,France,VIP,Referral
5303,Male,46-55,New Heidiberg,France,Regular,Email
5304,Other,66+,Lake Amanda,France,VIP,Organic Search
5305,Other,18-25,Thomasborough,Cyprus,Regular,Email
5306,Male,46-55,North Amandaborough,Germany,Regular,Social Media
5307,Female,56-65,Evansstad,Poland,Regular,Organic Search
5308,Male,26-35,New Joan,Ireland,VIP,Paid Ads
5309,Female,18-25,Patriciahaven,France,Regular,Email
5310,Male,26-35,Mortonport,Ireland,Regular,Paid Ads
5311,Other,18-25,New Stephanieview,Spain,VIP,Referral
5312,Female,66+,Rodriguezville,France,Regular,Referral
5313,Other,36-45,Autumnhaven,Germany,Regular,Referral
5314,Other,36-45,West Warren,Poland,VIP,Referral
5315,Female,36-45,Lake Gail,Italy,Regular,Email
5316,Other,56-65,Ritamouth,Germany,Regular,Organic Search
5317,Other,26-35,Port Darryl,Austria,Regular,Organic Search
5318,Male,36-45,Baileyfort,Italy,Regular,Organic Search
5319,Female,36-45,Port Hollyshire,Poland,Regular,Email
5320,Other,46-55,Margaretfurt,Czech Republic,VIP,Email
5321,Female,56-65,South Christopher,France,Regular,Referral
5322,Male,26-35,Maysmouth,France,Regular,Referral
5323,Male,26-35,North Grace,Italy,Regular,Organic Search
5324,Other,66+,South Davidhaven,France,Regular,Social Media
5325,Other,56-65,Natalieville,Portugal,VIP,Email
5326,Other,56-65,Dennisshire,Netherlands,Regular,Organic Search
5327,Male,18-25,Seanland,Spain,Regular,Referral
5328,Female,46-55,Donnaberg,Germany,Regular,Email
5329,Male,18-25,Mackenzieview,Germany,Regular,Paid Ads
5330,Male,56-65,Watsonfort,France,Regular,Referral
5331,Male,26-35,South Johnhaven,Poland,Regular,Email
5332,Female,66+,East Daniel,Netherlands,Regular,Referral
5333,Male,66+,Bryanview,Slovakia,Regular,Referral
5334,Female,56-65,South Katieton,Spain,Regular,Email
5335,Male,26-35,Michelletown,Czech Republic,Regular,Referral
5336,Female,46-55,Blevinstown,Germany,Regular,Organic Search
5337,Other,26-35,New Charles,Czech Republic,VIP,Social Media
5338,Male,66+,East Claytonshire,Italy,Regular,Social Media
5339,Male,36-45,Matthewfort,Italy,VIP,Organic Search
5340,Other,56-65,Hensleymouth,Spain,Regular,Paid Ads
5341,Other,36-45,Taylorstad,Spain,Regular,Social Media
5342,Other,56-65,West Lindseyport,Italy,Regular,Organic Search
5343,Female,46-55,Lake Georgehaven,France,Regular,Organic Search
5344,Male,66+,Lake Jenna,Portugal,Regular,Organic Search
5345,Other,46-55,Bennettview,France,VIP,Referral
5346,Other,56-65,East Sean,Sweden,VIP,Organic Search
5347,Female,46-55,West Robert,Poland,Regular,Email
5348,Male,26-35,Amandaton,Germany,Regular,Social Media
5349,Other,36-45,Martinezberg,Sweden,Regular,Email
5350,Female,46-55,Lake James,France,Regular,Social Media
5351,Male,46-55,East Rachelmouth,Germany,Regular,Referral
5352,Male,18-25,Port Christopher,Croatia,Regular,Paid Ads
5353,Female,26-35,Hudsonbury,Poland,Regular,Email
5354,Male,36-45,Ashleyport,Netherlands,Regular,Referral
5355,Other,26-35,Fleminghaven,Italy,Regular,Paid Ads
5356,Male,18-25,East Jamesstad,Netherlands,Regular,Email
5357,Male,66+,South Aliceland,Czech Republic,VIP,Email
5358,Female,56-65,Robertsonhaven,Hungary,Regular,Social Media
5359,Male,26-35,North Jenniferstad,Netherlands,VIP,Organic Search
5360,Other,36-45,Perezfort,Italy,VIP,Social Media
5361,Female,56-65,West Joseshire,Poland,Regular,Referral
5362,Male,46-55,Amyville,Sweden,Regular,Social Media
5363,Female,46-55,South Alison,France,Regular,Referral
5364,Male,36-45,Melissafurt,Germany,Regular,Email
5365,Female,66+,Port Laurenton,Italy,VIP,Referral
5366,Other,18-25,East Corey,France,Regular,Referral
5367,Male,26-35,Sanderschester,Germany,Regular,Organic Search
5368,Male,46-55,Lake Maryburgh,Spain,Regular,Organic Search
5369,Female,18-25,Elizabethville,Netherlands,Regular,Social Media
5370,Other,46-55,North Henrytown,Hungary,Regular,Organic Search
5371,Female,56-65,Barryport,Greece,Regular,Referral
5372,Female,18-25,Lake Annette,Sweden,Regular,Paid Ads
5373,Other,26-35,Lake Judith,Poland,Regular,Social Media
5374,Male,26-35,Port Tarashire,Netherlands,Regular,Organic Search
5375,Female,66+,Ricechester,Sweden,Regular,Organic Search
5376,Other,56-65,Boydville,Poland,Regular,Paid Ads
5377,Male,46-55,Lake Thomas,Germany,Regular,Referral
5378,Other,46-55,Lake Karen,Germany,Regular,Referral
5379,Male,18-25,Lake Lisa,Italy,VIP,Social Media
5380,Male,36-45,Port Lindamouth,Portugal,VIP,Organic Search
5381,Male,26-35,West Douglaston,Germany,Regular,Paid Ads
5382,Other,56-65,Mcgrathborough,France,VIP,Paid Ads
5383,Female,56-65,Sullivanfort,Greece,Regular,Referral
5384,Other,66+,North Jacobmouth,Spain,VIP,Referral
5385,Other,18-25,Damonshire,Romania,Regular,Social Media
5386,Female,18-25,South Christopherland,France,Regular,Organic Search
5387,Male,26-35,North Nicholasland,Poland,Regular,Social Media
5388,Female,46-55,Dawnburgh,Germany,Regular,Referral
5389,Male,46-55,Nancyburgh,Denmark,Regular,Organic Search
5390,Male,46-55,South Joseph,Spain,Regular,Referral
5391,Other,56-65,Port Ashlee,France,Regular,Social Media
5392,Other,46-55,New Amy,Portugal,Regular,Social Media
5393,Male,66+,Justintown,Italy,VIP,Referral
5394,Female,18-25,South Robertfurt,Italy,Regular,Organic Search
5395,Other,36-45,Deborahmouth,Germany,VIP,Paid Ads
5396,Female,36-45,North Tiffany,Portugal,VIP,Paid Ads
5397,Female,36-45,North Beverly,Hungary,Regular,Social Media
5398,Female,46-55,Branchfurt,Romania,VIP,Email
5399,Male,56-65,North Robertfurt,Finland,VIP,Referral
5400,Male,18-25,Port Olivia,Portugal,Regular,Social Media
5401,Other,66+,Campbellport,France,Regular,Social Media
5402,Female,56-65,Terrychester,Belgium,Regular,Paid Ads
5403,Male,36-45,Thomasmouth,Italy,Regular,Email
5404,Other,46-55,Hansenfurt,Spain,Regular,Social Media
5405,Male,66+,North Nancy,France,VIP,Organic Search
5406,Female,26-35,Seanton,Poland,Regular,Referral
5407,Other,26-35,New Vincentland,Italy,VIP,Email
5408,Other,18-25,North Felicia,Sweden,VIP,Email
5409,Male,18-25,Lake Sarahberg,Spain,Regular,Email
5410,Male,18-25,Ritterfurt,Germany,Regular,Referral
5411,Female,26-35,Meganfort,Spain,Regular,Organic Search
5412,Other,18-25,New Randyview,Spain,Regular,Organic Search
5413,Other,46-55,Smithview,Germany,Regular,Social Media
5414,Male,36-45,Aguilartown,Italy,Regular,Organic Search
5415,Other,66+,Mcculloughside,Italy,Regular,Paid Ads
5416,Other,66+,Port Michaelbury,Romania,VIP,Organic Search
5417,Female,26-35,Ortizside,Italy,Regular,Paid Ads
5418,Male,18-25,Robertsside,Germany,VIP,Organic Search
5419,Other,46-55,Port Alexport,France,Regular,Social Media
5420,Male,66+,Lake Jonathonton,Finland,Regular,Paid Ads
5421,Other,18-25,Russellborough,Germany,VIP,Paid Ads
5422,Female,46-55,Barryport,Germany,VIP,Social Media
5423,Female,66+,Danielberg,Germany,Regular,Paid Ads
5424,Female,46-55,Lake Deborahland,Germany,Regular,Paid Ads
5425,Other,26-35,Lake Kimmouth,Austria,VIP,Paid Ads
5426,Male,36-45,Jennifermouth,France,Regular,Email
5427,Other,26-35,New Kelsey,Germany,VIP,Referral
5428,Male,18-25,Christopherview,Germany,Regular,Email
5429,Male,18-25,Matthewstad,Portugal,Regular,Social Media
5430,Male,26-35,Hallborough,Spain,Regular,Paid Ads
5431,Male,36-45,Sandratown,France,VIP,Referral
5432,Male,26-35,Benjaminstad,Croatia,VIP,Email
5433,Female,66+,South Robert,France,Regular,Paid Ads
5434,Male,56-65,Fordchester,France,Regular,Social Media
5435,Female,18-25,Jamesburgh,Poland,VIP,Email
5436,Female,26-35,North Kelsey,Spain,Regular,Organic Search
5437,Other,36-45,Rosefurt,Greece,Regular,Referral
5438,Female,66+,New Andrew,Netherlands,Regular,Paid Ads
5439,Other,56-65,Ayersmouth,France,Regular,Social Media
5440,Female,26-35,South Victoriafort,Germany,Regular,Organic Search
5441,Male,46-55,New Peterstad,Italy,Regular,Referral
5442,Female,56-65,Lake Danielleside,Italy,Regular,Social Media
5443,Female,26-35,New Andrew,Spain,Regular,Paid Ads
5444,Other,18-25,Port Veronicafort,Romania,Regular,Referral
5445,Male,36-45,Lake Aaronville,Italy,Regular,Social Media
5446,Female,56-65,Troyborough,France,Regular,Paid Ads
5447,Female,36-45,Morrisville,France,Regular,Referral
5448,Female,66+,North Eric,Italy,Regular,Paid Ads
5449,Other,66+,Lake Katrina,Poland,Regular,Referral
5450,Other,56-65,Edwardtown,Germany,Regular,Social Media
5451,Male,36-45,South Lisafurt,Portugal,Regular,Referral
5452,Other,26-35,New Wanda,Spain,Regular,Social Media
5453,Male,66+,Harrisville,Spain,Regular,Referral
5454,Other,66+,Jenkinsview,Croatia,Regular,Paid Ads
5455,Male,66+,South Peterport,France,Regular,Email
5456,Other,46-55,Larsonview,Italy,Regular,Email
5457,Male,46-55,Christopherland,Germany,Regular,Paid Ads
5458,Female,56-65,Margarettown,France,Regular,Email
5459,Other,66+,Kurtside,Poland,VIP,Organic Search
5460,Male,66+,Lake Melissachester,Italy,Regular,Organic Search
5461,Other,66+,East Edward,Germany,VIP,Referral
5462,Male,18-25,New Erinville,Germany,Regular,Paid Ads
5463,Female,18-25,Lake Scott,Spain,Regular,Paid Ads
5464,Male,18-25,Lake Jenniferberg,Czech Republic,Regular,Email
5465,Female,56-65,Elizabethview,Italy,Regular,Organic Search
5466,Male,46-55,Mullenside,Poland,Regular,Email
5467,Male,18-25,Richardsonchester,France,Regular,Referral
5468,Other,36-45,Antoniochester,Czech Republic,Regular,Referral
5469,Female,66+,Annaborough,Italy,Regular,Paid Ads
5470,Other,26-35,Port Charlesport,Portugal,Regular,Social Media
5471,Female,26-35,New Norman,Italy,Regular,Paid Ads
5472,Female,26-35,Walkertown,Poland,Regular,Email
5473,Other,66+,Coryville,Romania,Regular,Organic Search
5474,Other,36-45,New Lindahaven,France,Regular,Organic Search
5475,Male,26-35,Smithview,Bulgaria,Regular,Referral
5476,Other,46-55,North Kristina,Greece,VIP,Referral
5477,Other,18-25,South Donaldland,Italy,Regular,Email
5478,Female,26-35,Johnberg,France,Regular,Organic Search
5479,Female,18-25,Knightfurt,Germany,VIP,Email
5480,Female,66+,Jacobsonstad,Germany,Regular,Email
5481,Other,18-25,Lake Cherylfort,France,Regular,Organic Search
5482,Male,36-45,East Kimberly,France,Regular,Paid Ads
5483,Other,46-55,East Kristitown,Spain,Regular,Paid Ads
5484,Female,56-65,Christinahaven,Croatia,Regular,Social Media
5485,Other,56-65,Rodriguezburgh,Germany,Regular,Social Media
5486,Male,18-25,Andreaberg,Germany,Regular,Referral
5487,Male,18-25,Port Heatherhaven,Poland,Regular,Email
5488,Female,18-25,Lake George,Germany,Regular,Email
5489,Other,66+,Randyville,Netherlands,Regular,Organic Search
5490,Female,66+,East Brittneybury,Germany,Regular,Paid Ads
5491,Male,26-35,Allenside,Denmark,Regular,Referral
5492,Male,46-55,Graymouth,Austria,Regular,Organic Search
5493,Male,56-65,Ellisstad,Portugal,Regular,Paid Ads
5494,Male,26-35,South Edwardborough,France,Regular,Social Media
5495,Female,26-35,South Justinview,France,Regular,Paid Ads
5496,Male,46-55,Adamsville,France,VIP,Referral
5497,Other,18-25,East David,Poland,Regular,Email
5498,Other,46-55,Kennedyshire,Germany,VIP,Social Media
5499,Male,66+,Becktown,Czech Republic,Regular,Referral
5500,Male,66+,New Shawnborough,Germany,VIP,Social Media
5501,Male,26-35,Goldenstad,Slovakia,Regular,Referral
5502,Male,26-35,Brianstad,Netherlands,Regular,Email
5503,Other,18-25,Port Amanda,Poland,Regular,Organic Search
5504,Other,46-55,Garciashire,Germany,Regular,Social Media
5505,Female,66+,New Kevin,France,VIP,Email
5506,Female,46-55,Port Joseph,France,Regular,Social Media
5507,Female,46-55,New Edward,Spain,VIP,Organic Search
5508,Male,18-25,Port Steven,France,Regular,Referral
5509,Male,66+,South Leslie,France,Regular,Organic Search
5510,Female,26-35,Port Holly,Czech Republic,Regular,Paid Ads
5511,Female,18-25,Robertland,Germany,VIP,Paid Ads
5512,Female,26-35,New Michelle,Germany,Regular,Referral
5513,Female,66+,Courtneytown,Poland,VIP,Organic Search
5514,Female,36-45,Kylehaven,Italy,Regular,Social Media
5515,Other,46-55,Goodtown,Germany,Regular,Organic Search
5516,Other,36-45,North Chadside,Germany,Regular,Organic Search
5517,Female,56-65,Port Kevin,Ireland,Regular,Email
5518,Other,36-45,West Jill,France,Regular,Email
5519,Other,56-65,New Katrina,France,Regular,Organic Search
5520,Male,56-65,Oneillville,Germany,Regular,Social Media
5521,Female,66+,New Andreachester,Italy,Regular,Paid Ads
5522,Other,36-45,North Jennifermouth,Italy,Regular,Paid Ads
5523,Other,18-25,Nicholaschester,Italy,Regular,Referral
5524,Other,36-45,Port Katrina,Italy,Regular,Organic Search
5525,Male,46-55,Anthonymouth,France,VIP,Organic Search
5526,Other,36-45,South Joshuafurt,Germany,VIP,Paid Ads
5527,Female,56-65,Elizabethshire,Germany,Regular,Referral
5528,Female,18-25,East Jeffery,Romania,Regular,Email
5529,Male,18-25,Nicholasview,Italy,VIP,Referral
5530,Other,18-25,Lewisland,Italy,Regular,Organic Search
5531,Other,26-35,Port Johnstad,Spain,VIP,Referral
5532,Other,66+,West Christopher,Germany,VIP,Social Media
5533,Other,26-35,Alyssafort,Romania,VIP,Paid Ads
5534,Male,26-35,Kleinbury,Spain,Regular,Social Media
5535,Female,46-55,South Megan,Germany,Regular,Paid Ads
5536,Female,56-65,Edwardmouth,Spain,Regular,Social Media
5537,Female,18-25,Port Jeremiah,Germany,VIP,Email
5538,Other,18-25,Janicehaven,France,Regular,Organic Search
5539,Male,36-45,Dominguezmouth,Greece,Regular,Social Media
5540,Female,26-35,Laurachester,France,VIP,Email
5541,Male,46-55,Millerview,Poland,Regular,Social Media
5542,Other,18-25,New Timothyton,Croatia,Regular,Referral
5543,Male,26-35,Tracytown,Spain,Regular,Organic Search
5544,Male,36-45,Martinezport,Austria,VIP,Social Media
5545,Other,36-45,Spencermouth,Finland,Regular,Organic Search
5546,Male,56-65,North Jesse,Poland,Regular,Organic Search
5547,Female,36-45,New Barbara,Slovakia,Regular,Referral
5548,Female,66+,Conleyfort,Sweden,Regular,Paid Ads
5549,Male,18-25,Shaffertown,Spain,Regular,Email
5550,Male,18-25,Gentryport,Slovakia,Regular,Social Media
5551,Other,66+,Marcside,Spain,Regular,Organic Search
5552,Male,46-55,East Johnview,Belgium,Regular,Organic Search
5553,Male,26-35,Smithside,Netherlands,Regular,Email
5554,Other,46-55,New Benjaminshire,Greece,Regular,Paid Ads
5555,Female,56-65,Port Dennis,Hungary,Regular,Social Media
5556,Other,36-45,Perezmouth,Sweden,Regular,Referral
5557,Other,56-65,Woodardmouth,Czech Republic,Regular,Organic Search
5558,Female,26-35,Howeton,Spain,Regular,Organic Search
5559,Other,46-55,Lake Jesse,Hungary,Regular,Organic Search
5560,Female,26-35,Vanessastad,Belgium,Regular,Email
5561,Female,18-25,South Abigailmouth,Italy,Regular,Referral
5562,Female,26-35,Chapmanstad,Italy,Regular,Social Media
5563,Male,18-25,South Alicia,Italy,Regular,Paid Ads
5564,Male,26-35,North Jennifer,Italy,Regular,Email
5565,Other,56-65,East Leslie,Germany,VIP,Social Media
5566,Male,56-65,South Jasonshire,France,Regular,Referral
5567,Other,56-65,Lake Jeffreyland,Greece,VIP,Email
5568,Female,36-45,New Jeremyshire,Austria,Regular,Referral
5569,Male,36-45,Stevenport,Romania,Regular,Organic Search
5570,Other,26-35,Waltonburgh,Spain,Regular,Paid Ads
5571,Male,26-35,East Sarah,Finland,Regular,Organic Search
5572,Female,18-25,South Elizabethland,Czech Republic,Regular,Paid Ads
5573,Other,36-45,Carsonchester,France,Regular,Referral
5574,Female,56-65,Port Miguel,Poland,Regular,Referral
5575,Other,18-25,East Michaelfurt,France,Regular,Referral
5576,Female,18-25,Lopezhaven,Poland,VIP,Paid Ads
5577,Male,26-35,East Jasmineport,Italy,Regular,Paid Ads
5578,Male,56-65,Carolynville,France,Regular,Email
5579,Male,26-35,Whiteview,France,Regular,Social Media
5580,Male,56-65,Lake Jillmouth,Netherlands,Regular,Organic Search
5581,Male,56-65,Parkerchester,France,Regular,Paid Ads
5582,Other,56-65,Port Caitlin,Finland,Regular,Referral
5583,Female,36-45,East Jenniferland,Germany,Regular,Email
5584,Male,18-25,Bassland,Germany,Regular,Referral
5585,Male,18-25,Jamesberg,Spain,Regular,Paid Ads
5586,Female,46-55,South Anitachester,Poland,Regular,Referral
5587,Male,46-55,Gordonville,Austria,Regular,Paid Ads
5588,Male,26-35,Robertsfort,Hungary,VIP,Paid Ads
5589,Other,18-25,East Trevor,Poland,Regular,Social Media
5590,Male,18-25,East David,Germany,Regular,Email
5591,Other,26-35,Andersonland,Germany,Regular,Paid Ads
5592,Male,46-55,East Kevinmouth,Italy,Regular,Organic Search
5593,Male,18-25,Port Jessicabury,Poland,Regular,Paid Ads
5594,Other,36-45,South Juanstad,Greece,Regular,Referral
5595,Female,46-55,Emilymouth,Germany,Regular,Social Media
5596,Male,56-65,Matthewland,Belgium,Regular,Social Media
5597,Female,18-25,Seanstad,Slovenia,Regular,Email
5598,Male,26-35,Munozside,Bulgaria,VIP,Social Media
5599,Male,26-35,Lake Nicholasport,Greece,Regular,Organic Search
5600,Other,66+,East Frederick,Lithuania,Regular,Email
5601,Female,36-45,Reedmouth,Czech Republic,Regular,Referral
5602,Male,46-55,Port Mackenzie,Portugal,VIP,Organic Search
5603,Female,26-35,East Jordanberg,Poland,Regular,Organic Search
5604,Other,46-55,Williamsburgh,Slovakia,Regular,Referral
5605,Other,46-55,Port Samuelberg,Slovenia,Regular,Social Media
5606,Female,66+,Samuelfort,Germany,Regular,Referral
5607,Male,56-65,Elizabethland,Germany,VIP,Organic Search
5608,Other,36-45,West Sheila,Hungary,Regular,Organic Search
5609,Male,66+,Hayesborough,Italy,Regular,Paid Ads
5610,Male,66+,South William,Germany,VIP,Referral
5611,Other,46-55,Lake Joshuaberg,Poland,VIP,Referral
5612,Male,36-45,Port Gary,Netherlands,Regular,Paid Ads
5613,Female,18-25,Duranside,France,Regular,Email
5614,Male,46-55,North Angelaton,Germany,Regular,Email
5615,Other,56-65,East Jamesstad,Greece,Regular,Paid Ads
5616,Male,18-25,Woodsfurt,Finland,Regular,Paid Ads
5617,Male,18-25,New Anna,Poland,VIP,Paid Ads
5618,Female,26-35,New Destinyside,Italy,Regular,Email
5619,Other,26-35,Lake Cory,Poland,Regular,Organic Search
5620,Female,46-55,South Michaelport,France,Regular,Email
5621,Female,56-65,West Dakota,Austria,Regular,Referral
5622,Other,66+,Port Timborough,Portugal,Regular,Referral
5623,Male,66+,Rogersburgh,Netherlands,Regular,Social Media
5624,Female,26-35,Marcfurt,Poland,Regular,Paid Ads
5625,Male,36-45,Francisberg,Germany,Regular,Organic Search
5626,Female,26-35,Joshuaview,Sweden,Regular,Referral
5627,Female,46-55,Lake Jennifermouth,France,Regular,Paid Ads
5628,Female,18-25,New Margaret,Romania,Regular,Referral
5629,Female,36-45,Port Angieview,France,Regular,Paid Ads
5630,Male,46-55,South Richardberg,Lithuania,Regular,Social Media
5631,Female,46-55,West Emily,Belgium,Regular,Referral
5632,Female,56-65,Kyleport,France,Regular,Referral
5633,Female,56-65,North Lisa,Germany,Regular,Social Media
5634,Male,36-45,West Ryanfurt,Hungary,Regular,Paid Ads
5635,Female,56-65,Spencerside,France,VIP,Email
5636,Female,56-65,Lake Javierside,Italy,Regular,Organic Search
5637,Other,18-25,Port Peter,Germany,Regular,Paid Ads
5638,Female,66+,Reneeview,Portugal,Regular,Email
5639,Other,36-45,New Emily,Ireland,Regular,Email
5640,Male,36-45,Boyerside,Italy,Regular,Social Media
5641,Male,26-35,Buchananshire,Romania,Regular,Social Media
5642,Other,36-45,East Marciamouth,Italy,Regular,Paid Ads
5643,Male,36-45,Richardview,Germany,Regular,Referral
5644,Other,66+,West Valerieborough,Spain,Regular,Organic Search
5645,Female,46-55,Georgeton,France,Regular,Referral
5646,Male,36-45,Mcdonaldfort,Austria,VIP,Email
5647,Other,18-25,Hannahberg,France,Regular,Paid Ads
5648,Other,56-65,Lisaport,France,VIP,Social Media
5649,Other,26-35,Fitzgeraldhaven,Italy,Regular,Paid Ads
5650,Other,26-35,Cunninghamstad,Italy,Regular,Email
5651,Female,36-45,South Brandon,Belgium,VIP,Referral
5652,Other,46-55,Port Drewport,Spain,VIP,Paid Ads
5653,Male,66+,North Laura,Italy,VIP,Email
5654,Male,18-25,Shannonhaven,Italy,VIP,Paid Ads
5655,Male,18-25,Port Pamela,Denmark,Regular,Organic Search
5656,Other,66+,South Kristin,Denmark,Regular,Email
5657,Male,46-55,East Lee,Slovakia,Regular,Email
5658,Male,46-55,Port Kevin,France,Regular,Email
5659,Other,26-35,Lopezshire,Italy,Regular,Email
5660,Female,66+,Walkertown,Poland,Regular,Organic Search
5661,Female,18-25,New David,Belgium,Regular,Social Media
5662,Female,46-55,Robertsonton,Poland,Regular,Email
5663,Other,36-45,Port Regina,Germany,Regular,Social Media
5664,Male,18-25,North Jefferyberg,Poland,Regular,Paid Ads
5665,Female,18-25,Moorechester,France,Regular,Paid Ads
5666,Other,18-25,Prattmouth,Italy,VIP,Social Media
5667,Male,46-55,West Allisonport,France,Regular,Email
5668,Other,66+,East Elizabethmouth,Greece,VIP,Organic Search
5669,Other,66+,West Vincenttown,France,Regular,Organic Search
5670,Other,18-25,Harveymouth,France,VIP,Organic Search
5671,Male,36-45,West Wesleyfort,France,Regular,Email
5672,Other,26-35,North Mary,Italy,Regular,Paid Ads
5673,Other,18-25,Tranport,Spain,Regular,Paid Ads
5674,Female,36-45,Nunezview,Spain,Regular,Organic Search
5675,Other,66+,Deborahfurt,France,VIP,Referral
5676,Female,46-55,West Lukeville,Spain,Regular,Organic Search
5677,Female,56-65,West Heidi,Spain,Regular,Organic Search
5678,Other,18-25,Jamesville,Lithuania,VIP,Referral
5679,Other,18-25,Mahoneyberg,Sweden,Regular,Email
5680,Other,66+,Hannahbury,Spain,Regular,Referral
5681,Female,18-25,Aprilfort,Greece,VIP,Email
5682,Female,56-65,New Diane,Slovakia,Regular,Organic Search
5683,Other,46-55,Port Randyton,Germany,Regular,Referral
5684,Other,66+,Longfurt,Italy,Regular,Paid Ads
5685,Male,46-55,Danielland,Netherlands,VIP,Organic Search
5686,Male,36-45,Lake Jamesfurt,Greece,Regular,Email
5687,Male,36-45,Ramosberg,France,Regular,Email
5688,Female,46-55,Lake Bradleyside,Germany,Regular,Paid Ads
5689,Male,36-45,North Joseph,Spain,Regular,Paid Ads
5690,Other,56-65,South Thomas,Poland,VIP,Paid Ads
5691,Other,26-35,Obrienport,Italy,VIP,Referral
5692,Male,18-25,Parkerhaven,Italy,Regular,Email
5693,Female,46-55,West Kellyberg,Sweden,Regular,Email
5694,Male,26-35,Thomasland,Romania,VIP,Email
5695,Male,46-55,New Christopherfurt,Italy,VIP,Referral
5696,Other,66+,Johnsonborough,Italy,Regular,Social Media
5697,Female,66+,Reedton,Germany,Regular,Paid Ads
5698,Other,36-45,Port Tiffanyside,France,Regular,Referral
5699,Male,18-25,East Tracey,Germany,Regular,Referral
5700,Male,56-65,Caseyside,Sweden,Regular,Referral
5701,Other,18-25,Michelleborough,Germany,Regular,Paid Ads
5702,Other,26-35,New Brandon,Poland,Regular,Referral
5703,Other,18-25,Douglashaven,Spain,VIP,Email
5704,Female,26-35,Christophermouth,France,Regular,Referral
5705,Female,26-35,Scottbury,Netherlands,VIP,Email
5706,Female,18-25,Chamberston,Germany,VIP,Organic Search
5707,Other,36-45,Lake Mitchellland,Hungary,VIP,Social Media
5708,Female,26-35,Lake Paigehaven,Belgium,Regular,Organic Search
5709,Other,46-55,Jesseborough,Italy,Regular,Referral
5710,Male,56-65,West Alexanderbury,Bulgaria,Regular,Referral
5711,Other,56-65,Jasonton,Ireland,Regular,Referral
5712,Female,66+,Gonzalezbury,Germany,Regular,Social Media
5713,Female,46-55,South Kristin,Czech Republic,Regular,Organic Search
5714,Other,66+,Robertbury,Poland,Regular,Paid Ads
5715,Female,18-25,Amyfort,France,VIP,Social Media
5716,Female,26-35,South Eileenmouth,Germany,Regular,Referral
5717,Female,26-35,Mistytown,Belgium,Regular,Email
5718,Other,26-35,North Taylorhaven,France,VIP,Organic Search
5719,Female,26-35,Bradyside,Poland,Regular,Organic Search
5720,Female,66+,Port Amyberg,Spain,Regular,Paid Ads
5721,Male,36-45,Bowersberg,Italy,Regular,Email
5722,Female,18-25,Stevenview,Germany,Regular,Organic Search
5723,Female,66+,Butlerfort,Germany,Regular,Paid Ads
5724,Male,56-65,North Dana,Italy,VIP,Referral
5725,Other,66+,West Mollychester,Italy,Regular,Social Media
5726,Female,56-65,Gonzalezshire,Austria,Regular,Email
5727,Male,26-35,Gonzalezbury,Slovakia,Regular,Email
5728,Male,36-45,Linport,Spain,Regular,Organic Search
5729,Male,36-45,Kathleenside,Poland,Regular,Referral
5730,Female,46-55,Elizabethview,Poland,Regular,Email
5731,Other,46-55,New Antonio,Slovakia,Regular,Paid Ads
5732,Male,26-35,Salinasfort,Sweden,VIP,Referral
5733,Other,46-55,West Donaldside,Belgium,Regular,Paid Ads
5734,Male,36-45,Millerville,Czech Republic,Regular,Social Media
5735,Other,26-35,Bethanyport,France,Regular,Referral
5736,Female,18-25,New Susanborough,Netherlands,VIP,Organic Search
5737,Other,66+,Ruizville,Belgium,Regular,Organic Search
5738,Other,18-25,Parkstown,Spain,VIP,Referral
5739,Female,18-25,Lopezland,Sweden,Regular,Email
5740,Female,26-35,West Nathanmouth,Czech Republic,Regular,Referral
5741,Female,66+,Lake Theresa,Romania,Regular,Organic Search
5742,Other,66+,Ramosmouth,Denmark,VIP,Paid Ads
5743,Female,66+,Tonyaburgh,France,Regular,Referral
5744,Male,18-25,West Stephen,Poland,VIP,Organic Search
5745,Male,56-65,New Elizabeth,Germany,VIP,Email
5746,Male,56-65,West Adamport,Poland,Regular,Organic Search
5747,Female,56-65,Port Kennethhaven,Greece,Regular,Paid Ads
5748,Male,36-45,South Jonathon,Spain,Regular,Social Media
5749,Other,56-65,West Frederick,Germany,Regular,Email
5750,Other,66+,Christiemouth,Belgium,Regular,Social Media
5751,Other,46-55,North Brianville,Greece,Regular,Organic Search
5752,Female,46-55,Kristinetown,France,VIP,Organic Search
5753,Male,26-35,Port Carolmouth,Spain,Regular,Referral
5754,Female,56-65,Lake Joannstad,Spain,Regular,Referral
5755,Female,46-55,Katherinetown,Denmark,Regular,Social Media
5756,Male,18-25,Port Lindamouth,Finland,Regular,Organic Search
5757,Female,66+,Susanmouth,Germany,Regular,Paid Ads
5758,Other,26-35,Williamston,Belgium,VIP,Email
5759,Male,56-65,Hartmouth,Italy,Regular,Email
5760,Male,18-25,Williammouth,France,Regular,Organic Search
5761,Male,66+,West Helenmouth,Portugal,Regular,Paid Ads
5762,Female,66+,Perezbury,Spain,Regular,Organic Search
5763,Male,46-55,Gutierrezmouth,Portugal,Regular,Referral
5764,Male,56-65,Jonesmouth,Spain,Regular,Referral
5765,Male,66+,Sloanmouth,Romania,Regular,Paid Ads
5766,Male,46-55,New Amy,Italy,Regular,Social Media
5767,Other,66+,South Stephanie,Germany,Regular,Paid Ads
5768,Female,26-35,New Samantha,Spain,Regular,Paid Ads
5769,Female,46-55,Figueroamouth,Italy,Regular,Email
5770,Other,66+,Wilsonberg,Germany,VIP,Referral
5771,Female,36-45,New Jamesmouth,Germany,VIP,Email
5772,Other,66+,Allisonstad,Finland,Regular,Email
5773,Male,46-55,West Kristyport,Slovenia,Regular,Email
5774,Female,56-65,East Dwaynefurt,France,Regular,Paid Ads
5775,Other,46-55,Sharonberg,France,Regular,Paid Ads
5776,Other,46-55,New Christian,Italy,Regular,Organic Search
5777,Male,56-65,Jacksonmouth,Spain,Regular,Email
5778,Male,18-25,Katherinestad,Germany,Regular,Social Media
5779,Female,18-25,Jasmineburgh,Germany,Regular,Referral
5780,Other,56-65,New Heather,Italy,VIP,Organic Search
5781,Male,56-65,West Albert,Croatia,Regular,Social Media
5782,Female,18-25,New Amanda,Romania,Regular,Referral
5783,Male,36-45,Lake Krista,Germany,Regular,Organic Search
5784,Other,36-45,Robbinsview,Germany,Regular,Organic Search
5785,Male,36-45,East Sarah,Greece,Regular,Paid Ads
5786,Female,56-65,New Meghan,Spain,Regular,Referral
5787,Female,18-25,Jacobborough,Italy,Regular,Organic Search
5788,Other,26-35,Port Tyler,Czech Republic,VIP,Organic Search
5789,Male,36-45,Joyceview,Portugal,Regular,Organic Search
5790,Female,66+,Staceyborough,Netherlands,VIP,Social Media
5791,Male,46-55,Kingport,Germany,Regular,Email
5792,Male,26-35,East Cody,Italy,Regular,Paid Ads
5793,Male,18-25,Dariusborough,Italy,Regular,Organic Search
5794,Male,18-25,Calvinshire,Italy,Regular,Referral
5795,Male,26-35,Jamesside,Netherlands,Regular,Paid Ads
5796,Other,66+,Robertsonside,Finland,Regular,Social Media
5797,Other,46-55,Woodsstad,Greece,Regular,Referral
5798,Other,66+,Rogerborough,Ireland,Regular,Organic Search
5799,Female,46-55,South Christopherchester,Belgium,Regular,Organic Search
5800,Female,36-45,Merrittmouth,Sweden,Regular,Email
5801,Female,66+,Randolphview,Italy,Regular,Referral
5802,Other,46-55,Port Danachester,France,Regular,Referral
5803,Female,66+,Lake Debra,Czech Republic,Regular,Social Media
5804,Female,66+,Port Raymond,France,VIP,Referral
5805,Other,56-65,Ebonymouth,Netherlands,Regular,Referral
5806,Other,26-35,Petersonbury,Italy,Regular,Social Media
5807,Female,56-65,New Kimberly,Spain,Regular,Paid Ads
5808,Female,66+,South Edward,Netherlands,Regular,Referral
5809,Female,46-55,New Kimberlystad,Poland,Regular,Referral
5810,Other,36-45,Port Kellychester,Hungary,Regular,Organic Search
5811,Female,46-55,Lake Dennis,Romania,Regular,Referral
5812,Other,56-65,Danaview,Germany,Regular,Paid Ads
5813,Other,46-55,Emilyside,Czech Republic,Regular,Email
5814,Other,66+,New Krystal,Poland,Regular,Paid Ads
5815,Other,46-55,Michelleville,Romania,Regular,Social Media
5816,Male,36-45,Adamsmouth,Romania,VIP,Social Media
5817,Male,36-45,West Timothyland,France,Regular,Organic Search
5818,Other,36-45,Hayesmouth,Poland,Regular,Paid Ads
5819,Male,18-25,North Joseph,Portugal,Regular,Social Media
5820,Other,26-35,Williamberg,Germany,Regular,Referral
5821,Other,46-55,West Madison,Italy,Regular,Email
5822,Other,36-45,Davidland,France,Regular,Organic Search
5823,Male,18-25,Brianfurt,France,Regular,Social Media
5824,Female,18-25,Port Andrew,Poland,Regular,Paid Ads
5825,Other,18-25,South Andrewville,Belgium,Regular,Social Media
5826,Male,56-65,Lake Michelle,Germany,VIP,Paid Ads
5827,Male,26-35,Garciaborough,Italy,Regular,Email
5828,Other,66+,Juanstad,France,Regular,Paid Ads
5829,Female,56-65,West Michael,Hungary,Regular,Social Media
5830,Other,66+,New Susanshire,France,Regular,Organic Search
5831,Other,36-45,North Scottborough,Germany,Regular,Social Media
5832,Male,46-55,West Alexis,Bulgaria,Regular,Referral
5833,Male,56-65,Lake Brittany,Sweden,Regular,Referral
5834,Other,36-45,North Nancy,Finland,VIP,Organic Search
5835,Female,26-35,Lake Aaronburgh,Spain,Regular,Email
5836,Female,36-45,East Michelle,Greece,Regular,Organic Search
5837,Female,18-25,Marymouth,France,Regular,Organic Search
5838,Female,18-25,Barronborough,Poland,VIP,Social Media
5839,Female,36-45,Delacruzborough,Italy,Regular,Paid Ads
5840,Other,18-25,Davidsonport,Belgium,Regular,Referral
5841,Male,56-65,Dylanhaven,Germany,Regular,Referral
5842,Male,46-55,Kevinfurt,Spain,Regular,Organic Search
5843,Male,18-25,Bishophaven,Bulgaria,Regular,Referral
5844,Female,66+,Kimberlyville,Italy,Regular,Paid Ads
5845,Female,18-25,Kennethburgh,Czech Republic,VIP,Referral
5846,Female,56-65,Veronicaview,Germany,VIP,Referral
5847,Male,56-65,Port Christopherbury,Italy,Regular,Organic Search
5848,Male,18-25,Greeneland,Italy,Regular,Referral
5849,Male,56-65,Michelleview,France,Regular,Organic Search
5850,Female,18-25,Williammouth,Italy,Regular,Organic Search
5851,Other,56-65,New Scottland,Greece,Regular,Email
5852,Male,66+,Nguyenborough,Germany,Regular,Referral
5853,Other,18-25,Warrenchester,Italy,Regular,Paid Ads
5854,Male,56-65,Andreaborough,France,Regular,Email
5855,Female,56-65,Destinybury,Croatia,Regular,Organic Search
5856,Other,26-35,New Emily,Netherlands,VIP,Social Media
5857,Male,46-55,West Juliahaven,Poland,Regular,Organic Search
5858,Male,56-65,Smithmouth,Romania,VIP,Paid Ads
5859,Female,26-35,Lake Kyle,Germany,Regular,Social Media
5860,Female,26-35,New Amber,Italy,Regular,Organic Search
5861,Female,36-45,West Kenneth,Germany,Regular,Social Media
5862,Male,18-25,Beckyside,Poland,Regular,Paid Ads
5863,Male,46-55,New Judith,Netherlands,Regular,Social Media
5864,Male,18-25,Aguirrestad,France,Regular,Paid Ads
5865,Other,46-55,Nguyenmouth,Netherlands,Regular,Organic Search
5866,Female,26-35,Port Dean,France,Regular,Organic Search
5867,Female,56-65,Lake Traciebury,Croatia,VIP,Social Media
5868,Female,26-35,North Peterberg,Sweden,Regular,Email
5869,Female,26-35,New Emma,Germany,Regular,Organic Search
5870,Other,56-65,Philiphaven,Portugal,Regular,Email
5871,Male,56-65,Lake Isaactown,Germany,Regular,Referral
5872,Male,36-45,East Jeffrey,Poland,Regular,Referral
5873,Female,18-25,Mcconnellport,Italy,Regular,Social Media
5874,Other,66+,West Clayton,Germany,Regular,Organic Search
5875,Female,36-45,Lake Victoriaton,Italy,Regular,Email
5876,Male,36-45,New Steven,Austria,Regular,Organic Search
5877,Female,18-25,Amandatown,France,VIP,Paid Ads
5878,Other,46-55,North Robin,Germany,Regular,Email
5879,Female,56-65,West Tracitown,France,Regular,Paid Ads
5880,Female,66+,Port Douglas,Portugal,Regular,Organic Search
5881,Female,56-65,Port Jennifer,Germany,Regular,Referral
5882,Other,18-25,Nelsonton,Germany,Regular,Email
5883,Male,36-45,West Laurentown,Czech Republic,Regular,Referral
5884,Female,66+,South James,Belgium,VIP,Paid Ads
5885,Female,56-65,Port Joseph,France,Regular,Organic Search
5886,Male,56-65,Lake Jacob,Germany,Regular,Referral
5887,Male,36-45,Annatown,Germany,VIP,Paid Ads
5888,Male,18-25,Port Kenneth,France,Regular,Paid Ads
5889,Male,26-35,Walkerstad,Germany,Regular,Email
5890,Male,26-35,Lake Cindyhaven,Germany,VIP,Email
5891,Other,66+,Douglasport,Portugal,VIP,Referral
5892,Other,66+,South Jenniferview,Spain,Regular,Referral
5893,Male,56-65,New Shawn,Austria,Regular,Organic Search
5894,Other,46-55,Christopherfort,Netherlands,Regular,Referral
5895,Female,66+,Velasquezville,Poland,Regular,Social Media
5896,Female,46-55,Hoodfurt,Netherlands,VIP,Organic Search
5897,Male,18-25,West Michael,Germany,Regular,Organic Search
5898,Female,18-25,Edwardhaven,Czech Republic,Regular,Referral
5899,Other,36-45,Gutierrezmouth,France,Regular,Organic Search
5900,Other,56-65,East Melissa,Sweden,Regular,Social Media
5901,Male,46-55,Hughesland,Germany,VIP,Social Media
5902,Male,56-65,Gutierrezview,Germany,Regular,Email
5903,Other,36-45,East Victoriaton,France,Regular,Social Media
5904,Female,26-35,Port Colleenberg,Italy,Regular,Social Media
5905,Male,56-65,East Brandonfurt,Italy,VIP,Referral
5906,Male,46-55,Emilystad,Spain,Regular,Organic Search
5907,Other,56-65,Ballstad,Belgium,Regular,Paid Ads
5908,Male,56-65,West Christineborough,Austria,Regular,Organic Search
5909,Female,46-55,North Mark,Germany,Regular,Referral
5910,Male,36-45,South Robert,Spain,Regular,Paid Ads
5911,Male,56-65,Thomashaven,Spain,Regular,Email
5912,Female,18-25,Kleintown,Spain,VIP,Paid Ads
5913,Other,66+,Marktown,France,Regular,Social Media
5914,Male,36-45,Port William,Netherlands,Regular,Referral
5915,Male,46-55,Port William,Denmark,Regular,Paid Ads
5916,Other,18-25,Wadetown,Germany,VIP,Referral
5917,Male,66+,Westside,Italy,Regular,Organic Search
5918,Female,56-65,New Christopher,Italy,Regular,Email
5919,Other,66+,Nicoleborough,Italy,Regular,Referral
5920,Male,36-45,South Jessica,France,Regular,Referral
5921,Other,46-55,Ryanhaven,Spain,Regular,Referral
5922,Male,46-55,Herringfurt,Slovakia,Regular,Paid Ads
5923,Female,56-65,New Heather,Germany,Regular,Email
5924,Male,46-55,West Clayton,Slovakia,Regular,Organic Search
5925,Other,26-35,Carriebury,Czech Republic,Regular,Paid Ads
5926,Other,56-65,New Christopher,Czech Republic,VIP,Paid Ads
5927,Male,46-55,Port Paulland,Spain,Regular,Paid Ads
5928,Male,36-45,Rodriguezville,France,VIP,Paid Ads
5929,Male,56-65,Erikaville,Poland,Regular,Paid Ads
5930,Female,46-55,Josephview,Spain,VIP,Paid Ads
5931,Other,18-25,Josephville,Germany,Regular,Email
5932,Female,66+,Beckport,Czech Republic,VIP,Referral
5933,Female,56-65,West Kevinshire,Italy,Regular,Email
5934,Other,46-55,West Felicia,Netherlands,Regular,Email
5935,Other,56-65,Mcguirefort,Poland,VIP,Paid Ads
5936,Male,18-25,Wilsonfurt,Slovakia,Regular,Organic Search
5937,Female,36-45,Carpenterhaven,France,Regular,Social Media
5938,Male,56-65,Lake Robert,Spain,Regular,Organic Search
5939,Male,46-55,West Melissaville,Bulgaria,VIP,Paid Ads
5940,Other,66+,East Jacqueline,Netherlands,Regular,Paid Ads
5941,Female,26-35,Kimberlytown,Germany,Regular,Paid Ads
5942,Female,36-45,North Ian,Poland,Regular,Paid Ads
5943,Female,18-25,Haleybury,Portugal,Regular,Social Media
5944,Male,46-55,Pamelahaven,Poland,Regular,Email
5945,Other,26-35,Matthewburgh,Germany,Regular,Email
5946,Other,18-25,New Michael,Netherlands,Regular,Paid Ads
5947,Male,26-35,South Ann,Belgium,Regular,Organic Search
5948,Female,46-55,Dennisfort,Spain,Regular,Paid Ads
5949,Male,66+,Lake Jacobfurt,Germany,VIP,Organic Search
5950,Male,18-25,North Eugeneview,Sweden,Regular,Email
5951,Other,18-25,Lake Kimberly,Italy,Regular,Organic Search
5952,Other,18-25,Colinland,France,Regular,Paid Ads
5953,Other,36-45,Riceland,Poland,Regular,Social Media
5954,Female,66+,North Meganberg,Spain,Regular,Paid Ads
5955,Other,56-65,West Maryfort,Belgium,Regular,Organic Search
5956,Female,66+,West Michael,Germany,Regular,Paid Ads
5957,Female,36-45,Jacksonton,Germany,VIP,Social Media
5958,Other,66+,Erinmouth,Germany,Regular,Social Media
5959,Male,66+,Tannermouth,Poland,Regular,Social Media
5960,Female,26-35,Elizabethstad,Hungary,Regular,Organic Search
5961,Male,66+,Kleinton,Sweden,VIP,Organic Search
5962,Other,46-55,Millerport,Germany,Regular,Email
5963,Female,18-25,South Jessica,France,Regular,Email
5964,Male,18-25,Geoffreystad,France,Regular,Paid Ads
5965,Other,26-35,East Joshua,Czech Republic,VIP,Referral
5966,Other,66+,West Kevin,Poland,Regular,Email
5967,Other,46-55,Michellebury,Germany,Regular,Social Media
5968,Other,56-65,Wellschester,Italy,Regular,Social Media
5969,Male,56-65,Joshuamouth,Finland,Regular,Email
5970,Male,66+,Davisburgh,Poland,VIP,Referral
5971,Male,36-45,New Kimberlyport,Netherlands,Regular,Organic Search
5972,Other,18-25,West Andrew,Italy,VIP,Paid Ads
5973,Other,46-55,South Christopher,France,VIP,Referral
5974,Female,66+,Morrisbury,Italy,VIP,Referral
5975,Other,36-45,North Samantha,Netherlands,Regular,Paid Ads
5976,Other,26-35,North Brandimouth,France,Regular,Social Media
5977,Other,56-65,Waltersburgh,Germany,Regular,Paid Ads
5978,Male,46-55,North Anthony,Sweden,Regular,Paid Ads
5979,Male,46-55,Alexandraberg,France,Regular,Organic Search
5980,Other,18-25,South Shawnachester,Germany,Regular,Social Media
5981,Male,36-45,North Drew,France,Regular,Email
5982,Female,26-35,North Michaelberg,Romania,Regular,Organic Search
5983,Female,26-35,Laurieland,Germany,Regular,Social Media
5984,Other,36-45,North Jacobborough,Germany,Regular,Social Media
5985,Male,18-25,New David,Greece,Regular,Email
5986,Male,36-45,South Dominiqueberg,Italy,Regular,Social Media
5987,Other,36-45,Marksborough,Germany,VIP,Referral
5988,Other,56-65,Lake James,Italy,Regular,Organic Search
5989,Female,18-25,Port Tylerborough,Denmark,Regular,Paid Ads
5990,Female,18-25,Jasonmouth,France,Regular,Email
5991,Male,46-55,Port Justin,Germany,Regular,Organic Search
5992,Male,36-45,Samuelstad,Germany,Regular,Email
5993,Other,56-65,West Williamstad,France,Regular,Paid Ads
5994,Male,26-35,Port Jessica,Germany,Regular,Referral
5995,Other,46-55,Lake Heidiview,Italy,Regular,Paid Ads
5996,Male,26-35,Paulachester,Poland,Regular,Organic Search
5997,Male,18-25,East Tiffanyberg,Poland,Regular,Email
5998,Male,56-65,New Earl,Czech Republic,Regular,Email
5999,Female,26-35,Port Robert,Sweden,Regular,Paid Ads
6000,Female,46-55,Duffyburgh,France,Regular,Email
6001,Female,46-55,North Susan,Portugal,VIP,Social Media
6002,Other,56-65,Port Mary,Belgium,Regular,Paid Ads
6003,Female,36-45,Kaylaville,France,VIP,Email
6004,Other,36-45,New Karen,Italy,Regular,Email
6005,Female,36-45,New Richardstad,Italy,VIP,Paid Ads
6006,Male,46-55,Kennedymouth,Greece,Regular,Paid Ads
6007,Female,18-25,North Brandy,Poland,Regular,Paid Ads
6008,Male,56-65,Lake Williamland,Italy,Regular,Paid Ads
6009,Other,66+,North Rebecca,Latvia,Regular,Email
6010,Female,56-65,Fowlerbury,Sweden,Regular,Referral
6011,Male,26-35,East Briannachester,Austria,Regular,Email
6012,Female,36-45,Jacquelinestad,Romania,Regular,Social Media
6013,Female,46-55,South Garyport,Poland,Regular,Social Media
6014,Other,56-65,South Kayla,Spain,Regular,Organic Search
6015,Other,36-45,West Vanessafurt,Czech Republic,Regular,Email
6016,Female,26-35,West Andrew,Spain,Regular,Social Media
6017,Other,66+,New Reneeland,Portugal,Regular,Referral
6018,Female,46-55,Lake Michelleville,Spain,Regular,Email
6019,Female,46-55,Goodmanland,Poland,VIP,Organic Search
6020,Other,18-25,Lake Jonathanmouth,Spain,Regular,Referral
6021,Male,36-45,Smithville,Poland,Regular,Organic Search
6022,Male,56-65,Lake Ryanmouth,Germany,Regular,Referral
6023,Female,46-55,South Nataliestad,Germany,Regular,Referral
6024,Female,18-25,Adamtown,Italy,Regular,Organic Search
6025,Other,46-55,Port Morgan,Spain,Regular,Organic Search
6026,Other,36-45,Lake John,Italy,Regular,Paid Ads
6027,Other,26-35,Smithmouth,France,Regular,Social Media
6028,Other,46-55,Nicolefurt,Poland,Regular,Social Media
6029,Female,36-45,East Megan,Germany,Regular,Organic Search
6030,Female,46-55,Tiffanybury,Netherlands,Regular,Email
6031,Male,46-55,Ramirezmouth,Sweden,Regular,Organic Search
6032,Other,66+,Mariahaven,Germany,Regular,Paid Ads
6033,Female,18-25,South Brendabury,Sweden,Regular,Email
6034,Female,46-55,Nicholshaven,Poland,VIP,Organic Search
6035,Female,18-25,Reillytown,Austria,Regular,Paid Ads
6036,Other,46-55,Port Toniside,Spain,Regular,Paid Ads
6037,Female,56-65,West Eugeneville,Portugal,Regular,Organic Search
6038,Male,56-65,East Elizabeth,Poland,Regular,Email
6039,Other,46-55,Kristinville,France,Regular,Organic Search
6040,Male,36-45,West Julian,Netherlands,Regular,Paid Ads
6041,Male,18-25,Mirandashire,Germany,Regular,Paid Ads
6042,Other,46-55,East Lindsay,Italy,Regular,Organic Search
6043,Other,66+,South Laurenfort,Slovenia,Regular,Social Media
6044,Other,36-45,South Thomas,Netherlands,VIP,Referral
6045,Other,46-55,Robersonland,Spain,Regular,Organic Search
6046,Female,36-45,Lake Allison,Denmark,Regular,Organic Search
6047,Other,46-55,Lucashaven,Ireland,Regular,Social Media
6048,Male,66+,East Heathermouth,Belgium,Regular,Referral
6049,Other,46-55,Youngview,Spain,Regular,Paid Ads
6050,Other,18-25,Kennethside,France,Regular,Paid Ads
6051,Female,46-55,Alecstad,France,Regular,Organic Search
6052,Other,18-25,Alisonfurt,Spain,Regular,Paid Ads
6053,Female,36-45,Lake Madisonberg,Hungary,Regular,Social Media
6054,Female,26-35,Lake Jamie,Spain,Regular,Paid Ads
6055,Female,46-55,East Danielchester,Italy,Regular,Organic Search
6056,Other,56-65,Nicholastown,Spain,Regular,Referral
6057,Female,36-45,South Kimberlyhaven,France,Regular,Social Media
6058,Female,56-65,Port Vanessa,Netherlands,Regular,Paid Ads
6059,Male,46-55,Dyerbury,Poland,Regular,Social Media
6060,Male,26-35,North Jeffrey,Romania,Regular,Referral
6061,Female,36-45,New Jacob,Italy,VIP,Paid Ads
6062,Female,46-55,Michellemouth,Germany,Regular,Organic Search
6063,Female,36-45,Kellerside,France,VIP,Organic Search
6064,Female,26-35,Port Amy,Germany,Regular,Paid Ads
6065,Other,18-25,Lake Dawn,Germany,Regular,Organic Search
6066,Female,66+,Port Jocelynberg,Poland,VIP,Referral
6067,Female,66+,Williamston,Italy,Regular,Paid Ads
6068,Other,36-45,South Shannonton,Portugal,Regular,Email
6069,Female,66+,North Brianna,Luxembourg,Regular,Social Media
6070,Male,26-35,New Colleenton,France,Regular,Paid Ads
6071,Female,18-25,Tracyfort,Ireland,Regular,Organic Search
6072,Male,36-45,Burnsburgh,Romania,Regular,Email
6073,Male,18-25,Angelicaview,Portugal,Regular,Social Media
6074,Other,36-45,New Carlos,Poland,Regular,Organic Search
6075,Other,56-65,Rebeccamouth,Germany,Regular,Email
6076,Female,18-25,West Thomasborough,Portugal,VIP,Organic Search
6077,Female,56-65,North Michelle,Belgium,Regular,Referral
6078,Female,46-55,Lake Jacqueline,Czech Republic,Regular,Social Media
6079,Female,46-55,Greeneton,Greece,Regular,Organic Search
6080,Other,46-55,East Tylerside,Spain,Regular,Organic Search
6081,Female,66+,New Jeffrey,France,Regular,Referral
6082,Female,56-65,North Tracy,Netherlands,Regular,Email
6083,Female,66+,Lake Michael,Germany,VIP,Referral
6084,Other,56-65,Brownburgh,Italy,Regular,Email
6085,Male,36-45,Lake Coryberg,Netherlands,Regular,Paid Ads
6086,Male,66+,Paultown,Belgium,VIP,Paid Ads
6087,Female,18-25,North Elizabethside,Spain,Regular,Referral
6088,Other,56-65,New Lisaburgh,Belgium,Regular,Paid Ads
6089,Male,36-45,Williamsburgh,Germany,VIP,Organic Search
6090,Female,18-25,Port Sarahview,Spain,Regular,Social Media
6091,Male,26-35,West Benjaminburgh,Italy,Regular,Organic Search
6092,Other,66+,Martinezfort,France,Regular,Paid Ads
6093,Female,36-45,West Josefurt,France,Regular,Organic Search
6094,Other,36-45,South Andrewland,France,Regular,Organic Search
6095,Other,66+,South James,Slovakia,VIP,Paid Ads
6096,Female,66+,New Cole,Czech Republic,Regular,Social Media
6097,Other,66+,West Jenniferburgh,Bulgaria,Regular,Referral
6098,Female,46-55,Mclaughlinhaven,Italy,Regular,Paid Ads
6099,Male,36-45,Michaelchester,Germany,VIP,Paid Ads
6100,Female,56-65,Port Glennfurt,Germany,Regular,Social Media
6101,Female,36-45,Wangmouth,Finland,Regular,Organic Search
6102,Other,56-65,North Anne,Italy,Regular,Social Media
6103,Other,18-25,Lake Larryfort,Netherlands,Regular,Email
6104,Other,56-65,Taylormouth,Italy,VIP,Email
6105,Other,66+,West Lisa,Spain,Regular,Organic Search
6106,Other,46-55,Port Aaronport,Finland,Regular,Email
6107,Male,46-55,South Kelsey,Austria,Regular,Email
6108,Other,26-35,North Thomasland,France,Regular,Organic Search
6109,Female,56-65,Catherineburgh,Poland,Regular,Email
6110,Other,18-25,East Jessetown,Germany,Regular,Paid Ads
6111,Male,36-45,South Aliciaville,Lithuania,Regular,Paid Ads
6112,Other,56-65,Lake Patrick,France,Regular,Paid Ads
6113,Male,18-25,Mooreshire,France,Regular,Social Media
6114,Other,26-35,Hillland,Poland,Regular,Organic Search
6115,Other,18-25,Port Emilychester,Austria,VIP,Email
6116,Female,26-35,Donnaberg,France,Regular,Organic Search
6117,Female,18-25,Pittsfurt,France,VIP,Organic Search
6118,Other,36-45,New Ginaport,Italy,Regular,Organic Search
6119,Female,26-35,North Elizabeth,Croatia,VIP,Organic Search
6120,Female,18-25,Bentleyhaven,Sweden,Regular,Email
6121,Other,18-25,Stacyport,Germany,Regular,Email
6122,Other,46-55,South Ronaldburgh,Bulgaria,Regular,Email
6123,Female,36-45,South Davidmouth,France,Regular,Referral
6124,Female,36-45,East Michaeltown,France,Regular,Social Media
6125,Other,66+,East Carolynside,Germany,Regular,Email
6126,Male,46-55,East Andrewland,Poland,Regular,Email
6127,Male,18-25,South Amandahaven,France,Regular,Organic Search
6128,Other,18-25,New Alexander,Ireland,VIP,Organic Search
6129,Other,46-55,West Dustinton,Finland,Regular,Referral
6130,Male,18-25,Johnfurt,Belgium,VIP,Email
6131,Male,66+,Port Rubenborough,Netherlands,Regular,Organic Search
6132,Male,46-55,Carpenterburgh,Italy,Regular,Paid Ads
6133,Male,66+,Lynnborough,Germany,Regular,Social Media
6134,Female,26-35,Kathrynton,Slovakia,Regular,Referral
6135,Other,46-55,Tristanfort,Hungary,Regular,Organic Search
6136,Other,36-45,East Jenniferview,Spain,Regular,Organic Search
6137,Male,36-45,Victoriaborough,Portugal,Regular,Paid Ads
6138,Other,66+,Ramosborough,Netherlands,Regular,Social Media
6139,Male,56-65,Lake Michael,Spain,Regular,Organic Search
6140,Male,26-35,Williambury,Greece,VIP,Referral
6141,Female,56-65,South Lisa,Finland,Regular,Referral
6142,Female,26-35,North Rebecca,Portugal,Regular,Organic Search
6143,Female,18-25,Mariotown,Germany,Regular,Paid Ads
6144,Male,36-45,Pattersonbury,Finland,Regular,Email
6145,Other,18-25,East Shawn,Denmark,Regular,Paid Ads
6146,Other,46-55,New Grant,Finland,VIP,Referral
6147,Other,18-25,Clarktown,Germany,VIP,Paid Ads
6148,Female,36-45,Lowefurt,France,Regular,Referral
6149,Female,66+,Perezland,France,Regular,Social Media
6150,Other,18-25,Forbesbury,Germany,Regular,Organic Search
6151,Other,56-65,West Cherylborough,Netherlands,Regular,Referral
6152,Other,36-45,Bobbymouth,Italy,Regular,Organic Search
6153,Female,66+,Kevinmouth,Finland,Regular,Referral
6154,Male,56-65,Tammymouth,Sweden,Regular,Email
6155,Other,46-55,Mezastad,Spain,Regular,Referral
6156,Other,56-65,Lucasborough,Italy,Regular,Paid Ads
6157,Female,66+,New Catherine,Germany,Regular,Referral
6158,Male,56-65,Bryanport,Netherlands,VIP,Organic Search
6159,Other,26-35,Lake Aliciamouth,Bulgaria,Regular,Organic Search
6160,Female,56-65,West William,Slovakia,Regular,Referral
6161,Male,56-65,Kevinton,Finland,Regular,Paid Ads
6162,Male,36-45,Alyssastad,Spain,VIP,Social Media
6163,Other,56-65,East Christine,Austria,Regular,Social Media
6164,Other,26-35,Port Karenbury,Greece,Regular,Email
6165,Male,56-65,Douglaston,France,Regular,Organic Search
6166,Other,66+,Sandraville,France,VIP,Social Media
6167,Female,26-35,Bauerview,France,Regular,Email
6168,Male,66+,East Hayley,Italy,Regular,Paid Ads
6169,Other,36-45,South Teresa,Netherlands,Regular,Paid Ads
6170,Female,46-55,Tommyhaven,Netherlands,VIP,Email
6171,Other,56-65,Brownmouth,France,Regular,Email
6172,Female,36-45,New Jennifer,Portugal,Regular,Paid Ads
6173,Male,36-45,Lake Scott,Poland,Regular,Email
6174,Male,56-65,Carolinefort,Netherlands,Regular,Email
6175,Male,56-65,Lake Rickyborough,Finland,Regular,Paid Ads
6176,Male,46-55,Michaelmouth,Italy,Regular,Email
6177,Other,66+,Port Catherinefort,Italy,Regular,Referral
6178,Female,66+,Smalltown,Spain,Regular,Organic Search
6179,Female,36-45,West Jonathan,Poland,Regular,Email
6180,Female,66+,Nicholasview,France,Regular,Social Media
6181,Female,36-45,New Jamestown,Hungary,VIP,Paid Ads
6182,Male,18-25,Jonesmouth,Italy,Regular,Social Media
6183,Other,66+,Paulberg,Denmark,Regular,Paid Ads
6184,Other,56-65,East Davidton,Slovakia,Regular,Email
6185,Female,18-25,East Jasonmouth,Greece,Regular,Organic Search
6186,Female,56-65,Perezside,Greece,Regular,Paid Ads
6187,Female,18-25,South Matthew,Italy,Regular,Organic Search
6188,Other,46-55,Acevedoland,Sweden,Regular,Social Media
6189,Other,46-55,Riversburgh,France,Regular,Social Media
6190,Female,66+,Laurieville,Germany,Regular,Organic Search
6191,Female,56-65,Port Brad,Poland,Regular,Paid Ads
6192,Male,18-25,West Brendashire,Ireland,Regular,Paid Ads
6193,Other,26-35,Figueroaport,Italy,VIP,Organic Search
6194,Male,18-25,Jensenfurt,Italy,VIP,Social Media
6195,Other,66+,Andersonberg,Poland,VIP,Social Media
6196,Other,36-45,Paulhaven,Germany,Regular,Paid Ads
6197,Other,56-65,West Victoriaville,France,VIP,Referral
6198,Male,56-65,New Nicholas,Italy,Regular,Social Media
6199,Other,18-25,North Darrellchester,Italy,Regular,Email
6200,Female,18-25,Port Christianfurt,Latvia,Regular,Paid Ads
6201,Other,18-25,North Julie,Finland,VIP,Social Media
6202,Female,66+,New Matthewstad,Romania,Regular,Email
6203,Other,46-55,South Jasonside,Italy,VIP,Social Media
6204,Female,46-55,Dylanfurt,Italy,Regular,Social Media
6205,Male,46-55,Kaylahaven,France,VIP,Referral
6206,Female,66+,Simsshire,Spain,Regular,Referral
6207,Male,46-55,Port Chad,Netherlands,VIP,Social Media
6208,Female,66+,Nortonburgh,Portugal,Regular,Social Media
6209,Male,18-25,Brittanyhaven,Poland,Regular,Paid Ads
6210,Female,46-55,Jenniferville,Greece,Regular,Paid Ads
6211,Female,66+,Olsonfurt,Sweden,VIP,Organic Search
6212,Female,36-45,Port Michaelport,Denmark,Regular,Paid Ads
6213,Male,66+,Patrickview,Poland,Regular,Social Media
6214,Other,26-35,West Victoria,Romania,VIP,Paid Ads
6215,Female,36-45,Michelleburgh,Italy,Regular,Email
6216,Female,66+,Fowlerfort,Italy,Regular,Social Media
6217,Male,46-55,New Tonyaland,Portugal,Regular,Organic Search
6218,Female,18-25,Thomastown,Hungary,Regular,Email
6219,Male,56-65,Lake Jenniferfurt,Belgium,Regular,Referral
6220,Female,18-25,Paultown,Spain,VIP,Social Media
6221,Female,56-65,Medinaville,France,Regular,Social Media
6222,Male,46-55,Humphreychester,France,Regular,Email
6223,Other,66+,Lake Justin,Spain,Regular,Email
6224,Female,66+,Lake Jeremiahstad,Czech Republic,Regular,Social Media
6225,Female,36-45,Port Donaldborough,Italy,Regular,Social Media
6226,Male,46-55,Bradleyshire,Poland,VIP,Social Media
6227,Other,36-45,North Caitlinland,France,Regular,Paid Ads
6228,Female,26-35,South Melanieburgh,Netherlands,Regular,Referral
6229,Other,46-55,Anthonystad,Spain,VIP,Referral
6230,Male,26-35,Georgeview,Sweden,Regular,Email
6231,Other,18-25,Aprilview,France,Regular,Paid Ads
6232,Male,36-45,Port Maryborough,France,Regular,Email
6233,Male,18-25,Port Melissafurt,Spain,Regular,Organic Search
6234,Female,66+,Pattontown,Germany,Regular,Referral
6235,Female,56-65,West Diane,Austria,Regular,Paid Ads
6236,Other,36-45,Princeside,Netherlands,Regular,Referral
6237,Female,36-45,Danielfort,Germany,Regular,Email
6238,Female,18-25,Kennedyside,Italy,Regular,Social Media
6239,Other,66+,North Robinfurt,Netherlands,Regular,Organic Search
6240,Female,66+,Paulside,Italy,Regular,Paid Ads
6241,Female,26-35,Burketon,Poland,Regular,Paid Ads
6242,Female,36-45,Shannonton,Spain,Regular,Email
6243,Female,46-55,Wrightville,Czech Republic,Regular,Social Media
6244,Female,56-65,West Markmouth,Hungary,VIP,Referral
6245,Male,56-65,West Thomas,Italy,Regular,Social Media
6246,Male,26-35,Whitebury,Poland,Regular,Paid Ads
6247,Other,66+,Josephland,France,Regular,Social Media
6248,Female,18-25,Gabriellabury,Italy,Regular,Social Media
6249,Other,46-55,Mccartystad,Italy,Regular,Organic Search
6250,Female,66+,Tylerstad,France,Regular,Paid Ads
6251,Male,56-65,Hickmantown,Latvia,Regular,Social Media
6252,Male,56-65,East Frankmouth,Poland,Regular,Referral
6253,Female,66+,North Kristen,Ireland,Regular,Organic Search
6254,Male,26-35,Kimberlyhaven,Germany,Regular,Referral
6255,Male,46-55,Staceyville,Germany,Regular,Organic Search
6256,Male,18-25,Port Sherrishire,Netherlands,Regular,Organic Search
6257,Female,56-65,New Rachelburgh,Ireland,Regular,Social Media
6258,Female,56-65,East Joshua,Poland,Regular,Email
6259,Other,36-45,New Laurashire,France,Regular,Organic Search
6260,Other,26-35,Beckymouth,Italy,VIP,Social Media
6261,Male,66+,New Allison,Poland,Regular,Email
6262,Female,66+,Dixonville,Italy,Regular,Paid Ads
6263,Female,26-35,Rhodesfort,Sweden,Regular,Social Media
6264,Other,46-55,Teresaview,Greece,VIP,Organic Search
6265,Male,56-65,North Craigton,Spain,Regular,Social Media
6266,Male,26-35,New Nicole,Czech Republic,Regular,Organic Search
6267,Other,18-25,South Sean,Portugal,VIP,Paid Ads
6268,Female,36-45,South Veronica,Germany,VIP,Social Media
6269,Male,46-55,South Chad,Estonia,Regular,Paid Ads
6270,Other,66+,Ethanfort,France,Regular,Referral
6271,Male,66+,Benjamintown,Czech Republic,Regular,Organic Search
6272,Other,18-25,Greenfort,France,Regular,Referral
6273,Male,36-45,New Jackie,Belgium,Regular,Referral
6274,Other,26-35,Whitehaven,Austria,Regular,Organic Search
6275,Female,26-35,Forbeschester,Spain,Regular,Referral
6276,Other,46-55,Lake Samanthaborough,France,Regular,Social Media
6277,Male,26-35,East Lydiafurt,Greece,Regular,Email
6278,Other,18-25,Davidburgh,Italy,VIP,Paid Ads
6279,Male,26-35,Henryside,Belgium,VIP,Paid Ads
6280,Male,46-55,West Sharon,France,VIP,Organic Search
6281,Other,56-65,North Sean,Poland,Regular,Paid Ads
6282,Other,36-45,North Catherine,Austria,Regular,Social Media
6283,Female,66+,West Timtown,Italy,Regular,Referral
6284,Other,26-35,Rodriguezshire,Finland,VIP,Social Media
6285,Male,18-25,Shaneburgh,France,Regular,Email
6286,Other,36-45,East Kyleside,Netherlands,VIP,Referral
6287,Male,56-65,Port Jasonfurt,Slovakia,Regular,Social Media
6288,Male,56-65,Fisherport,Germany,Regular,Email
6289,Other,26-35,South Jennifer,Germany,Regular,Referral
6290,Male,56-65,Markhaven,Spain,Regular,Social Media
6291,Male,36-45,Brittanyside,Romania,Regular,Paid Ads
6292,Male,36-45,Georgeshire,Germany,Regular,Paid Ads
6293,Female,36-45,Jamesland,France,Regular,Organic Search
6294,Female,26-35,West Sarahstad,Germany,Regular,Referral
6295,Male,56-65,Moranshire,Germany,Regular,Referral
6296,Female,46-55,Juliaport,Slovakia,VIP,Email
6297,Female,66+,West Barbaraland,Germany,Regular,Referral
6298,Other,26-35,East Donna,Germany,Regular,Referral
6299,Other,36-45,Port Tinaland,Germany,VIP,Referral
6300,Other,18-25,Tonyafurt,Netherlands,Regular,Paid Ads
6301,Female,26-35,Fernandomouth,Lithuania,VIP,Email
6302,Other,46-55,Grahamland,Spain,Regular,Social Media
6303,Female,56-65,North Ryan,Germany,Regular,Paid Ads
6304,Other,26-35,Michaelfurt,Denmark,Regular,Social Media
6305,Female,36-45,East Melissaville,Netherlands,Regular,Referral
6306,Other,56-65,West Kimberg,France,VIP,Organic Search
6307,Other,26-35,Floresberg,France,Regular,Organic Search
6308,Female,56-65,South Evan,Italy,VIP,Email
6309,Female,66+,Sharpport,Greece,VIP,Social Media
6310,Other,18-25,Port Rebecca,Germany,Regular,Email
6311,Male,18-25,Molinaport,Italy,Regular,Social Media
6312,Male,26-35,East Jessicaville,Poland,Regular,Email
6313,Female,46-55,Lake David,Germany,Regular,Referral
6314,Male,36-45,Port Eric,France,Regular,Organic Search
6315,Other,46-55,North David,Poland,Regular,Social Media
6316,Female,18-25,Lake Moniquehaven,Croatia,VIP,Organic Search
6317,Other,18-25,Lake Megan,Italy,Regular,Email
6318,Female,56-65,New Cherylborough,Spain,VIP,Email
6319,Female,56-65,Lake Thomashaven,France,Regular,Email
6320,Male,66+,Smithberg,Hungary,Regular,Organic Search
6321,Female,46-55,North Patricia,Germany,Regular,Social Media
6322,Female,36-45,Deborahbury,Austria,Regular,Social Media
6323,Male,66+,Gibsonchester,Italy,Regular,Organic Search
6324,Male,66+,Port Thomasshire,Germany,VIP,Organic Search
6325,Male,26-35,Lake Jose,Finland,Regular,Paid Ads
6326,Other,36-45,North Peter,France,Regular,Email
6327,Other,56-65,East Tara,Greece,VIP,Paid Ads
6328,Other,46-55,Chambersfurt,Italy,VIP,Referral
6329,Female,66+,North Shanebury,Germany,VIP,Organic Search
6330,Other,46-55,Thomastown,Italy,Regular,Email
6331,Male,36-45,North Lisa,France,Regular,Referral
6332,Male,46-55,North Theresafurt,Germany,Regular,Paid Ads
6333,Other,56-65,Nancyburgh,Czech Republic,Regular,Paid Ads
6334,Female,56-65,East Lisafort,France,Regular,Email
6335,Female,46-55,Haleyville,Italy,Regular,Referral
6336,Male,46-55,Lake Sandrastad,Austria,Regular,Social Media
6337,Other,66+,Beltranfort,France,Regular,Referral
6338,Other,26-35,Melissaborough,Belgium,Regular,Referral
6339,Male,26-35,Michaelchester,Czech Republic,Regular,Social Media
6340,Female,66+,East Wesley,Poland,Regular,Referral
6341,Female,36-45,Lake Patricktown,Italy,Regular,Social Media
6342,Male,36-45,Perezmouth,Germany,Regular,Email
6343,Other,36-45,North Robert,Austria,Regular,Referral
6344,Male,18-25,Port Steve,Greece,Regular,Social Media
6345,Female,36-45,West Larryland,Italy,VIP,Organic Search
6346,Other,36-45,Crystalmouth,Spain,Regular,Social Media
6347,Female,18-25,West Renee,Sweden,VIP,Organic Search
6348,Other,46-55,West Erica,Spain,Regular,Referral
6349,Other,66+,Paulhaven,Italy,Regular,Social Media
6350,Other,56-65,South Donald,Spain,Regular,Paid Ads
6351,Other,56-65,Montgomeryfort,Germany,Regular,Email
6352,Other,18-25,Romanfort,Italy,Regular,Email
6353,Other,36-45,East Johntown,Germany,Regular,Referral
6354,Female,66+,Brittanymouth,Spain,Regular,Referral
6355,Other,66+,Olsonmouth,Italy,Regular,Referral
6356,Other,26-35,South Heathermouth,Germany,Regular,Email
6357,Other,46-55,Rachelfort,Spain,Regular,Referral
6358,Female,46-55,Leemouth,Italy,VIP,Paid Ads
6359,Female,26-35,New Kelly,Poland,Regular,Referral
6360,Male,66+,East Mariaside,Spain,Regular,Referral
6361,Male,18-25,West Taramouth,Germany,Regular,Paid Ads
6362,Male,26-35,Lake Michaelmouth,Bulgaria,Regular,Referral
6363,Other,18-25,North Jennifer,Germany,Regular,Paid Ads
6364,Male,26-35,Brianchester,France,VIP,Paid Ads
6365,Male,26-35,West Kevin,Germany,Regular,Paid Ads
6366,Female,18-25,Brookefort,France,Regular,Organic Search
6367,Female,56-65,New Andrea,Hungary,Regular,Social Media
6368,Other,18-25,Munozchester,Greece,Regular,Social Media
6369,Male,36-45,East Katrina,Netherlands,Regular,Referral
6370,Male,56-65,Lake Nicholasshire,France,Regular,Paid Ads
6371,Male,46-55,New Alexberg,Spain,Regular,Organic Search
6372,Female,36-45,Batesside,Germany,Regular,Email
6373,Other,46-55,Karenburgh,Italy,Regular,Social Media
6374,Male,56-65,Adamsside,France,Regular,Email
6375,Female,26-35,Annaside,Czech Republic,Regular,Social Media
6376,Other,18-25,South Michaelview,Finland,Regular,Referral
6377,Female,26-35,South Cherylville,Italy,Regular,Organic Search
6378,Female,56-65,North Heather,Spain,Regular,Referral
6379,Male,66+,Mosleyshire,Spain,VIP,Paid Ads
6380,Male,26-35,Hollowaybury,Greece,VIP,Organic Search
6381,Male,18-25,Escobarton,Finland,Regular,Social Media
6382,Female,26-35,West Evan,Poland,Regular,Email
6383,Other,46-55,Parkerport,Netherlands,Regular,Referral
6384,Other,46-55,Jackchester,Germany,Regular,Organic Search
6385,Male,36-45,Lucaschester,France,Regular,Referral
6386,Male,46-55,West Justinville,Germany,Regular,Email
6387,Female,18-25,Diazborough,Italy,Regular,Paid Ads
6388,Male,56-65,East Amy,France,Regular,Organic Search
6389,Male,36-45,New Carrieside,Spain,VIP,Organic Search
6390,Female,36-45,West Penny,France,Regular,Organic Search
6391,Male,26-35,Batesville,Germany,Regular,Organic Search
6392,Female,36-45,Port Williamchester,Germany,Regular,Social Media
6393,Female,56-65,West Ashleyfurt,Germany,Regular,Paid Ads
6394,Other,18-25,Kiarashire,Netherlands,VIP,Social Media
6395,Male,46-55,Knappmouth,Italy,Regular,Organic Search
6396,Female,26-35,Robertview,Czech Republic,Regular,Email
6397,Female,26-35,South Trevorside,Italy,Regular,Paid Ads
6398,Female,18-25,Port Shelleychester,Romania,Regular,Social Media
6399,Other,26-35,South Paigeberg,France,Regular,Email
6400,Other,46-55,Lowehaven,Slovenia,VIP,Paid Ads
6401,Male,46-55,West Charles,Belgium,Regular,Organic Search
6402,Male,36-45,Sylviashire,Italy,Regular,Email
6403,Male,46-55,Port Brandyview,Germany,Regular,Social Media
6404,Other,36-45,Blakeborough,Portugal,Regular,Organic Search
6405,Female,18-25,Thomasstad,Poland,VIP,Organic Search
6406,Other,46-55,Pamelachester,Greece,Regular,Referral
6407,Male,56-65,Hernandezborough,Netherlands,VIP,Organic Search
6408,Male,18-25,Shawstad,Poland,Regular,Paid Ads
6409,Other,36-45,Ryantown,Spain,VIP,Paid Ads
6410,Other,46-55,Watsontown,Greece,Regular,Social Media
6411,Male,46-55,Lake Anthonystad,Poland,Regular,Email
6412,Male,36-45,New Shannon,Germany,Regular,Social Media
6413,Male,18-25,Nguyenton,Finland,Regular,Paid Ads
6414,Other,46-55,New Victoriatown,Sweden,VIP,Email
6415,Male,46-55,Nicoleborough,Germany,Regular,Referral
6416,Male,36-45,Port Christopherport,France,Regular,Social Media
6417,Female,26-35,Andersonfurt,Poland,Regular,Paid Ads
6418,Female,56-65,Lake Johnathanburgh,Italy,VIP,Email
6419,Male,26-35,Allentown,France,Regular,Email
6420,Female,66+,Ramseymouth,Croatia,Regular,Referral
6421,Female,46-55,North Mollyfort,Greece,VIP,Social Media
6422,Other,36-45,Simsport,France,VIP,Social Media
6423,Other,46-55,Raymondfurt,Romania,Regular,Paid Ads
6424,Female,36-45,Richardburgh,Poland,Regular,Social Media
6425,Other,36-45,Port Kathryn,Finland,Regular,Email
6426,Other,18-25,West Martin,Romania,Regular,Email
6427,Male,26-35,Webbton,Finland,Regular,Email
6428,Other,36-45,North Jamesbury,Netherlands,VIP,Referral
6429,Female,18-25,Castanedaland,Poland,Regular,Organic Search
6430,Male,56-65,Jonesview,Poland,VIP,Social Media
6431,Female,46-55,New Steventown,Spain,VIP,Paid Ads
6432,Other,66+,Batesport,Italy,Regular,Paid Ads
6433,Other,26-35,West Caitlinstad,Italy,Regular,Paid Ads
6434,Other,26-35,New Johnstad,Italy,VIP,Organic Search
6435,Female,66+,Mollyview,Greece,Regular,Organic Search
6436,Male,46-55,Hubbardview,Belgium,Regular,Organic Search
6437,Male,26-35,East Natalie,Portugal,Regular,Organic Search
6438,Female,46-55,Finleyberg,France,Regular,Organic Search
6439,Other,18-25,Port Louis,Denmark,Regular,Paid Ads
6440,Male,26-35,Johnland,Slovakia,Regular,Email
6441,Other,36-45,Lake Hunterport,Spain,Regular,Social Media
6442,Other,56-65,Juanbury,Germany,Regular,Social Media
6443,Other,46-55,East Carlaland,Poland,Regular,Referral
6444,Male,36-45,West Michaelberg,Czech Republic,Regular,Email
6445,Male,26-35,Michaelmouth,Germany,Regular,Paid Ads
6446,Female,66+,Parkshaven,Portugal,Regular,Referral
6447,Male,66+,Lake Alanstad,France,Regular,Email
6448,Other,18-25,Pooleland,Poland,Regular,Organic Search
6449,Female,46-55,South Victor,Italy,VIP,Social Media
6450,Female,56-65,Watersland,France,Regular,Social Media
6451,Other,18-25,Torresside,France,Regular,Social Media
6452,Male,18-25,Port Cynthia,Germany,Regular,Referral
6453,Other,66+,Hernandezbury,Poland,Regular,Referral
6454,Female,36-45,Thomasborough,Italy,Regular,Paid Ads
6455,Female,26-35,Port Felicia,Poland,Regular,Referral
6456,Female,36-45,West Karina,Poland,Regular,Email
6457,Other,36-45,West Krystal,Romania,VIP,Referral
6458,Male,36-45,Wallacemouth,Poland,Regular,Paid Ads
6459,Other,18-25,New Hannahview,Hungary,Regular,Paid Ads
6460,Female,26-35,New Shannon,Germany,Regular,Paid Ads
6461,Other,26-35,Timothyburgh,Poland,VIP,Paid Ads
6462,Male,26-35,Johnnyfort,Italy,VIP,Referral
6463,Male,66+,Lake Amyview,Ireland,Regular,Social Media
6464,Female,26-35,Michaelburgh,France,VIP,Paid Ads
6465,Female,18-25,Andrewville,Italy,Regular,Paid Ads
6466,Male,36-45,Davisville,France,VIP,Organic Search
6467,Male,36-45,Oconnorbury,Spain,Regular,Social Media
6468,Female,18-25,Port Joshuastad,Spain,Regular,Social Media
6469,Other,18-25,East Frankstad,Netherlands,Regular,Paid Ads
6470,Other,66+,South John,Denmark,Regular,Social Media
6471,Male,18-25,North Anitafurt,Italy,Regular,Paid Ads
6472,Female,18-25,Port Kari,Italy,VIP,Paid Ads
6473,Male,46-55,Millerfurt,Spain,Regular,Organic Search
6474,Male,66+,Lake Benjamintown,Poland,Regular,Social Media
6475,Female,66+,Port Gregory,Finland,Regular,Social Media
6476,Female,18-25,North Sherry,Poland,Regular,Referral
6477,Other,46-55,North Mackenzietown,Germany,Regular,Social Media
6478,Male,46-55,East Sue,Italy,Regular,Paid Ads
6479,Other,66+,Gabrielchester,Germany,Regular,Social Media
6480,Male,46-55,New John,Italy,VIP,Referral
6481,Male,66+,North Stephen,Germany,Regular,Email
6482,Other,46-55,New Michaelshire,Netherlands,Regular,Paid Ads
6483,Male,46-55,Foxfurt,Germany,Regular,Organic Search
6484,Female,26-35,Port Cristian,France,VIP,Email
6485,Female,56-65,East Shannon,Poland,Regular,Referral
6486,Female,18-25,North Toddfort,Poland,Regular,Paid Ads
6487,Female,18-25,East Debbie,Belgium,Regular,Email
6488,Other,18-25,South Shaun,Germany,VIP,Organic Search
6489,Female,66+,Ronaldmouth,Finland,VIP,Organic Search
6490,Other,26-35,Jenkinsside,Portugal,Regular,Email
6491,Other,18-25,New Bryanport,Spain,Regular,Paid Ads
6492,Female,66+,South Jeremy,Germany,VIP,Paid Ads
6493,Male,46-55,Powersburgh,Poland,Regular,Referral
6494,Other,36-45,North Jamie,Greece,VIP,Social Media
6495,Other,18-25,Port Cassandra,Slovakia,Regular,Organic Search
6496,Female,36-45,East Aprilstad,Netherlands,Regular,Email
6497,Male,46-55,Jayville,Spain,Regular,Email
6498,Female,26-35,Mccoyborough,Germany,Regular,Paid Ads
6499,Other,66+,New Cristinaland,Hungary,Regular,Organic Search
6500,Female,46-55,East Michael,Belgium,VIP,Paid Ads
6501,Female,46-55,South Anthony,Spain,Regular,Referral
6502,Other,66+,North Justin,Spain,Regular,Organic Search
6503,Male,18-25,West Devonmouth,Lithuania,Regular,Email
6504,Other,56-65,Chandlerstad,Italy,Regular,Email
6505,Other,36-45,Madisonbury,Italy,Regular,Social Media
6506,Male,46-55,North Sabrinafurt,Poland,Regular,Organic Search
6507,Female,36-45,Huffmanland,France,Regular,Referral
6508,Other,66+,Clementston,Italy,Regular,Social Media
6509,Other,36-45,East Maureen,Germany,Regular,Organic Search
6510,Female,36-45,North Nathanville,Germany,Regular,Social Media
6511,Female,46-55,Lake Stephanie,Netherlands,Regular,Social Media
6512,Male,56-65,Chelseashire,France,VIP,Referral
6513,Male,18-25,Collinsview,France,Regular,Paid Ads
6514,Female,46-55,South Rebecca,Italy,Regular,Paid Ads
6515,Female,66+,South Crystal,France,Regular,Paid Ads
6516,Male,18-25,Wilsonchester,Germany,Regular,Email
6517,Other,26-35,New Taraburgh,Spain,Regular,Organic Search
6518,Other,46-55,Samanthaland,Italy,Regular,Organic Search
6519,Male,36-45,West Shelby,Austria,Regular,Paid Ads
6520,Female,36-45,South Wendy,Croatia,Regular,Organic Search
6521,Female,56-65,South Darius,Bulgaria,Regular,Email
6522,Other,18-25,Daniellehaven,Bulgaria,Regular,Email
6523,Male,56-65,Nielsenburgh,Slovakia,Regular,Referral
6524,Male,56-65,Keyborough,Poland,Regular,Paid Ads
6525,Male,46-55,East April,France,Regular,Paid Ads
6526,Female,26-35,Melissahaven,Sweden,Regular,Organic Search
6527,Other,18-25,South Katrina,Germany,Regular,Social Media
6528,Female,56-65,East Courtney,Germany,Regular,Organic Search
6529,Other,36-45,South Melissa,Spain,VIP,Email
6530,Other,46-55,Wilsonmouth,Poland,Regular,Social Media
6531,Female,26-35,East Lisaburgh,Italy,Regular,Referral
6532,Female,18-25,South Jonathanstad,Belgium,Regular,Referral
6533,Female,26-35,Jessicamouth,Germany,Regular,Social Media
6534,Male,18-25,Lake Jasonmouth,Netherlands,VIP,Paid Ads
6535,Male,36-45,Barnestown,Germany,VIP,Referral
6536,Female,18-25,Reillybury,Portugal,VIP,Organic Search
6537,Other,56-65,Andrewmouth,Netherlands,Regular,Social Media
6538,Other,66+,East Lisafurt,Germany,VIP,Email
6539,Male,36-45,Barnesfort,Denmark,VIP,Referral
6540,Other,56-65,Greenland,Italy,Regular,Paid Ads
6541,Male,46-55,Amandastad,France,Regular,Social Media
6542,Female,66+,Hannaborough,Czech Republic,Regular,Email
6543,Male,46-55,Guerreroside,Poland,VIP,Paid Ads
6544,Other,36-45,Travisstad,Spain,Regular,Social Media
6545,Male,18-25,Christopherfurt,France,VIP,Social Media
6546,Male,36-45,Pattersonmouth,Belgium,Regular,Referral
6547,Male,26-35,Lake Matthew,France,Regular,Paid Ads
6548,Female,36-45,Derrickmouth,Spain,VIP,Organic Search
6549,Male,56-65,New Luisside,Hungary,VIP,Paid Ads
6550,Female,66+,New Pamela,Italy,Regular,Organic Search
6551,Male,56-65,East Andrew,Slovakia,Regular,Email
6552,Female,18-25,Danielton,Italy,VIP,Referral
6553,Male,56-65,East Susan,Slovakia,Regular,Organic Search
6554,Other,56-65,Dyerton,Hungary,VIP,Social Media
6555,Female,66+,West Andrewfort,Austria,Regular,Paid Ads
6556,Other,46-55,East Carolbury,Denmark,Regular,Email
6557,Male,36-45,North Andrefurt,Netherlands,VIP,Organic Search
6558,Male,36-45,West Amber,France,VIP,Organic Search
6559,Male,56-65,Hannahburgh,Spain,Regular,Social Media
6560,Female,18-25,Dawnhaven,Germany,Regular,Paid Ads
6561,Other,18-25,Acostaside,Germany,Regular,Email
6562,Female,36-45,Hillmouth,Netherlands,Regular,Email
6563,Male,56-65,Lake Chloemouth,Italy,Regular,Organic Search
6564,Female,46-55,Pamelamouth,Sweden,VIP,Email
6565,Male,18-25,Tammyfurt,Spain,VIP,Organic Search
6566,Female,46-55,Pamelafort,France,Regular,Referral
6567,Male,46-55,Andrewfort,Germany,Regular,Referral
6568,Male,46-55,Gonzalezberg,Poland,Regular,Organic Search
6569,Female,36-45,Phelpsshire,France,Regular,Email
6570,Other,46-55,Thomasbury,Poland,VIP,Paid Ads
6571,Male,66+,West Timothy,France,Regular,Email
6572,Male,66+,New Michael,France,Regular,Social Media
6573,Female,18-25,North Brittney,Germany,Regular,Referral
6574,Female,36-45,North Morgan,Portugal,Regular,Organic Search
6575,Other,18-25,Reidstad,Greece,Regular,Referral
6576,Other,18-25,South Randyburgh,France,VIP,Email
6577,Other,36-45,East Kristina,Poland,Regular,Organic Search
6578,Male,46-55,East Amber,Germany,VIP,Social Media
6579,Female,46-55,Collinsfort,Germany,Regular,Email
6580,Other,36-45,North Joseph,Italy,Regular,Referral
6581,Other,56-65,West Andreland,Czech Republic,Regular,Email
6582,Female,56-65,Lake Shaneside,France,VIP,Organic Search
6583,Male,46-55,South Brendaborough,Denmark,Regular,Organic Search
6584,Female,46-55,Lake Kevin,Bulgaria,VIP,Organic Search
6585,Male,66+,Lake Stephanie,Italy,Regular,Email
6586,Other,26-35,Clarktown,Finland,Regular,Organic Search
6587,Male,18-25,North Madison,Italy,Regular,Organic Search
6588,Other,66+,Seanport,Italy,Regular,Organic Search
6589,Female,56-65,Rodriguezburgh,Bulgaria,VIP,Organic Search
6590,Female,18-25,Michelletown,France,Regular,Social Media
6591,Other,46-55,Jonathanchester,Italy,Regular,Paid Ads
6592,Other,66+,Traceystad,France,Regular,Email
6593,Other,36-45,Jayshire,Greece,Regular,Paid Ads
6594,Male,46-55,Rochaburgh,France,Regular,Organic Search
6595,Other,26-35,Andrewstown,Sweden,Regular,Organic Search
6596,Male,36-45,Petershire,Romania,Regular,Email
6597,Female,66+,East James,Poland,Regular,Social Media
6598,Female,66+,Garnerside,France,VIP,Email
6599,Female,26-35,Chelseaton,Spain,VIP,Referral
6600,Other,36-45,Davismouth,France,Regular,Paid Ads
6601,Female,66+,Zacharymouth,France,Regular,Paid Ads
6602,Other,36-45,Hillborough,Sweden,Regular,Referral
6603,Other,26-35,Watkinsshire,Austria,Regular,Paid Ads
6604,Other,46-55,Lake Jennifer,Romania,Regular,Organic Search
6605,Male,26-35,West Erinfurt,France,Regular,Paid Ads
6606,Female,56-65,Lake Laura,Sweden,Regular,Organic Search
6607,Female,36-45,Parksberg,Italy,Regular,Organic Search
6608,Male,36-45,West Audrey,Spain,Regular,Paid Ads
6609,Other,18-25,Brandonton,Germany,Regular,Social Media
6610,Other,56-65,Ryanmouth,Germany,Regular,Paid Ads
6611,Female,36-45,South Thomasview,Ireland,Regular,Referral
6612,Other,56-65,Courtneyborough,France,Regular,Referral
6613,Female,66+,Gregorymouth,Germany,Regular,Social Media
6614,Male,26-35,Joyceview,Italy,Regular,Paid Ads
6615,Male,46-55,West Austin,France,Regular,Organic Search
6616,Female,46-55,East Tammy,Greece,Regular,Email
6617,Female,36-45,East Taylor,Lithuania,VIP,Organic Search
6618,Other,26-35,Campbellland,Italy,Regular,Organic Search
6619,Other,18-25,Richardsfurt,Germany,Regular,Organic Search
6620,Other,18-25,Port Lisafort,Netherlands,VIP,Social Media
6621,Female,18-25,Annaview,Italy,Regular,Referral
6622,Female,36-45,Port David,France,Regular,Email
6623,Male,26-35,Peckstad,Poland,Regular,Paid Ads
6624,Other,66+,Robertberg,Germany,Regular,Paid Ads
6625,Male,56-65,Lisaburgh,Netherlands,Regular,Referral
6626,Other,18-25,South Brian,Hungary,Regular,Email
6627,Female,26-35,New Kathryn,Austria,VIP,Paid Ads
6628,Female,66+,Michelechester,Germany,Regular,Organic Search
6629,Female,66+,Port Davidview,Spain,Regular,Referral
6630,Female,36-45,East Brittney,Austria,Regular,Organic Search
6631,Male,18-25,West Vanessa,Poland,Regular,Email
6632,Male,18-25,West Garyview,Spain,Regular,Organic Search
6633,Female,36-45,Websterstad,Spain,VIP,Referral
6634,Other,66+,North Melinda,Germany,Regular,Paid Ads
6635,Male,26-35,Johnsonview,Hungary,Regular,Organic Search
6636,Female,56-65,Annaport,Belgium,Regular,Email
6637,Other,56-65,East Richardview,France,Regular,Referral
6638,Female,36-45,Amandaside,Austria,VIP,Paid Ads
6639,Other,66+,Scottmouth,Germany,VIP,Email
6640,Other,26-35,Marquezfort,Portugal,Regular,Paid Ads
6641,Other,26-35,South Cynthia,Czech Republic,Regular,Referral
6642,Male,26-35,Jacksontown,Sweden,Regular,Email
6643,Other,36-45,Joshuahaven,France,Regular,Email
6644,Male,26-35,South Angelachester,Poland,Regular,Email
6645,Female,36-45,Howardshire,Italy,Regular,Email
6646,Male,66+,Wigginston,France,Regular,Email
6647,Male,18-25,Sharonview,Italy,VIP,Paid Ads
6648,Female,36-45,New Patriciastad,France,VIP,Email
6649,Other,46-55,Douglasfurt,Germany,Regular,Social Media
6650,Female,56-65,Meganborough,France,Regular,Organic Search
6651,Female,66+,Aarontown,Czech Republic,Regular,Referral
6652,Other,18-25,Lake Lisamouth,Spain,VIP,Social Media
6653,Other,26-35,Richardland,Poland,VIP,Social Media
6654,Male,46-55,North Laura,Croatia,VIP,Referral
6655,Other,46-55,Michelleshire,France,Regular,Organic Search
6656,Male,36-45,Wallaceton,France,Regular,Organic Search
6657,Male,26-35,Gabrielport,Spain,Regular,Social Media
6658,Other,56-65,Grahamstad,Netherlands,Regular,Referral
6659,Other,46-55,West Gregoryton,Czech Republic,Regular,Email
6660,Female,46-55,North Maria,France,Regular,Social Media
6661,Male,56-65,West Donna,Czech Republic,Regular,Paid Ads
6662,Female,36-45,Andrewfort,France,Regular,Organic Search
6663,Other,26-35,Joshuamouth,Germany,Regular,Referral
6664,Other,56-65,Durhamport,Germany,Regular,Social Media
6665,Other,46-55,North Rebeccashire,Italy,Regular,Organic Search
6666,Female,56-65,Lake Jacobstad,Germany,Regular,Paid Ads
6667,Male,18-25,Derekview,France,Regular,Social Media
6668,Male,18-25,Jensenbury,Italy,Regular,Email
6669,Other,26-35,West Kylehaven,Belgium,Regular,Email
6670,Female,26-35,Davisburgh,Germany,Regular,Paid Ads
6671,Male,46-55,Dianefurt,Sweden,Regular,Email
6672,Male,26-35,West Linda,Spain,Regular,Paid Ads
6673,Female,36-45,South Markfurt,Greece,Regular,Paid Ads
6674,Female,26-35,Walkerside,France,VIP,Email
6675,Male,56-65,North Lynnmouth,Italy,Regular,Email
6676,Other,18-25,Michaelchester,Spain,Regular,Paid Ads
6677,Other,46-55,Pamelaberg,Spain,Regular,Paid Ads
6678,Female,18-25,Port Dianeshire,Poland,VIP,Social Media
6679,Male,66+,New Susanhaven,Italy,Regular,Organic Search
6680,Male,18-25,Port Isabella,Croatia,Regular,Email
6681,Other,36-45,Jasonside,France,Regular,Paid Ads
6682,Male,26-35,South Jasmine,Italy,Regular,Organic Search
6683,Male,46-55,North Nicole,France,VIP,Paid Ads
6684,Male,66+,Juliaview,France,Regular,Paid Ads
6685,Male,66+,Abbottside,Germany,Regular,Paid Ads
6686,Other,36-45,South Abigailland,Romania,VIP,Referral
6687,Male,56-65,South Kathleen,Italy,VIP,Referral
6688,Male,56-65,New Malloryborough,Czech Republic,VIP,Email
6689,Female,66+,Lopezmouth,Germany,Regular,Organic Search
6690,Female,56-65,Bethanybury,Italy,Regular,Email
6691,Other,36-45,North Christinabury,Spain,VIP,Paid Ads
6692,Female,36-45,Port Andrew,Austria,Regular,Social Media
6693,Male,46-55,Mirandaview,Germany,VIP,Referral
6694,Female,18-25,East Matthewstad,France,VIP,Email
6695,Other,36-45,East Joel,France,Regular,Organic Search
6696,Other,18-25,Jonesville,Italy,Regular,Social Media
6697,Female,66+,Durhamland,Germany,VIP,Organic Search
6698,Female,18-25,Martinezstad,Poland,VIP,Organic Search
6699,Male,66+,North Michaelfurt,France,Regular,Referral
6700,Other,46-55,East Brianbury,Poland,VIP,Paid Ads
6701,Male,66+,Veronicachester,Germany,Regular,Paid Ads
6702,Other,26-35,Lake Stanleyborough,Belgium,VIP,Email
6703,Female,56-65,South Linda,Ireland,Regular,Paid Ads
6704,Other,46-55,New Brenda,Luxembourg,Regular,Paid Ads
6705,Female,66+,Figueroashire,Italy,VIP,Social Media
6706,Female,26-35,Gabrielborough,Spain,Regular,Paid Ads
6707,Male,18-25,West Kristina,Poland,VIP,Social Media
6708,Female,36-45,Wendytown,Czech Republic,Regular,Referral
6709,Female,46-55,New Misty,Hungary,Regular,Email
6710,Female,18-25,New Jonathan,Spain,Regular,Referral
6711,Other,18-25,Lake Cynthiatown,France,Regular,Organic Search
6712,Female,56-65,Michaelhaven,France,Regular,Email
6713,Other,46-55,Georgehaven,Germany,VIP,Email
6714,Female,26-35,Thomasborough,Italy,VIP,Paid Ads
6715,Other,36-45,Martinezhaven,Italy,Regular,Social Media
6716,Female,56-65,Hartmanshire,Netherlands,Regular,Organic Search
6717,Female,56-65,Mariahaven,Italy,Regular,Social Media
6718,Other,56-65,East Taylor,Italy,Regular,Organic Search
6719,Male,46-55,Port Alexandraport,Germany,Regular,Email
6720,Other,36-45,Allenville,France,Regular,Referral
6721,Male,46-55,East James,Italy,Regular,Social Media
6722,Other,18-25,Charlesville,Czech Republic,VIP,Referral
6723,Other,36-45,West Theodoreland,Germany,Regular,Email
6724,Male,18-25,Port Kariborough,Spain,Regular,Paid Ads
6725,Male,26-35,Bradyville,France,Regular,Email
6726,Female,18-25,Caldwellhaven,Poland,VIP,Email
6727,Female,46-55,South Alyssa,France,Regular,Organic Search
6728,Other,66+,Lake Abigail,Germany,Regular,Email
6729,Other,26-35,New Stephanie,Poland,VIP,Referral
6730,Male,66+,Robertston,France,VIP,Paid Ads
6731,Other,56-65,West Stefanieborough,Portugal,Regular,Referral
6732,Other,26-35,Stewartside,Poland,Regular,Social Media
6733,Male,26-35,Michellebury,Belgium,Regular,Referral
6734,Other,66+,Faulknermouth,Portugal,Regular,Paid Ads
6735,Other,66+,West Kyle,Spain,Regular,Email
6736,Other,46-55,South Roymouth,Romania,Regular,Organic Search
6737,Female,26-35,Lake Markmouth,Spain,Regular,Referral
6738,Male,18-25,New Denise,Italy,Regular,Email
6739,Male,46-55,Lisamouth,Germany,Regular,Email
6740,Other,56-65,East Amanda,France,Regular,Social Media
6741,Female,46-55,New Edwin,Czech Republic,Regular,Social Media
6742,Female,36-45,Allenfort,Romania,VIP,Organic Search
6743,Other,26-35,Davidsonton,Italy,Regular,Paid Ads
6744,Female,36-45,Lisaport,Italy,Regular,Social Media
6745,Female,56-65,Lake Mark,Czech Republic,VIP,Referral
6746,Other,36-45,North Julian,Germany,Regular,Email
6747,Other,26-35,East Larry,Netherlands,Regular,Email
6748,Other,66+,Kevinhaven,Italy,Regular,Email
6749,Female,56-65,Patelton,Portugal,Regular,Email
6750,Female,56-65,Williamsport,Slovenia,Regular,Referral
6751,Male,66+,South Adamland,Spain,Regular,Referral
6752,Other,18-25,East Robertburgh,Netherlands,Regular,Email
6753,Male,36-45,Port Peter,France,Regular,Referral
6754,Other,26-35,Barnesfort,Austria,VIP,Referral
6755,Male,66+,North Timothyport,Netherlands,Regular,Referral
6756,Male,66+,Port Grant,Croatia,Regular,Paid Ads
6757,Male,66+,Lake Angela,France,Regular,Referral
6758,Male,46-55,New Johnnytown,Spain,Regular,Paid Ads
6759,Other,66+,Davidport,France,Regular,Social Media
6760,Male,46-55,New Angelicaton,Germany,Regular,Email
6761,Other,36-45,West Tonyaberg,Italy,Regular,Organic Search
6762,Male,18-25,Woodfurt,Greece,Regular,Paid Ads
6763,Other,46-55,Vasquezhaven,Slovakia,Regular,Paid Ads
6764,Female,66+,Port Sally,Spain,Regular,Social Media
6765,Female,56-65,West Bradley,Sweden,Regular,Social Media
6766,Male,26-35,Payneshire,Poland,VIP,Paid Ads
6767,Female,46-55,Tracyberg,France,VIP,Referral
6768,Female,18-25,South Matthewmouth,Sweden,Regular,Social Media
6769,Female,66+,Frazierville,France,Regular,Organic Search
6770,Male,18-25,Port Devonburgh,Finland,VIP,Organic Search
6771,Male,26-35,Christophertown,Spain,Regular,Social Media
6772,Female,56-65,South Amandashire,France,Regular,Referral
6773,Male,26-35,Port Jimmy,Sweden,VIP,Email
6774,Other,56-65,Jessicatown,France,VIP,Paid Ads
6775,Other,18-25,North Nichole,Spain,Regular,Social Media
6776,Other,46-55,Malikfurt,Germany,VIP,Paid Ads
6777,Male,56-65,Fisherview,Germany,Regular,Organic Search
6778,Female,36-45,Lake Ericmouth,Italy,Regular,Social Media
6779,Male,36-45,South Matthew,France,Regular,Social Media
6780,Female,56-65,East Brandi,Sweden,Regular,Paid Ads
6781,Male,66+,Lake Bridget,Slovenia,Regular,Organic Search
6782,Female,56-65,South Traceybury,Spain,Regular,Social Media
6783,Male,26-35,East Matthewmouth,Slovakia,Regular,Referral
6784,Male,56-65,East Jefferymouth,Italy,Regular,Organic Search
6785,Female,18-25,Perezborough,France,VIP,Paid Ads
6786,Male,46-55,East Nancy,Belgium,Regular,Paid Ads
6787,Female,56-65,West Courtney,Croatia,VIP,Paid Ads
6788,Other,46-55,New Scottstad,Germany,Regular,Social Media
6789,Female,18-25,West David,Belgium,Regular,Email
6790,Other,46-55,South Davidshire,Germany,VIP,Organic Search
6791,Other,18-25,Brandimouth,Croatia,VIP,Organic Search
6792,Male,36-45,Tinastad,France,Regular,Organic Search
6793,Other,46-55,Port Joshua,Spain,Regular,Organic Search
6794,Other,18-25,Lawrenceport,Italy,Regular,Paid Ads
6795,Other,26-35,Huntburgh,Belgium,Regular,Organic Search
6796,Male,56-65,Davisview,Portugal,Regular,Email
6797,Male,36-45,Bethanyview,Germany,Regular,Referral
6798,Male,46-55,Angelborough,Germany,VIP,Organic Search
6799,Male,26-35,Morganmouth,Denmark,Regular,Referral
6800,Female,26-35,Kochtown,Italy,Regular,Organic Search
6801,Other,56-65,Davidview,France,Regular,Email
6802,Female,26-35,Paulhaven,Spain,Regular,Paid Ads
6803,Male,26-35,Kerrchester,Germany,VIP,Email
6804,Other,66+,North Sallystad,Hungary,VIP,Organic Search
6805,Male,46-55,Lopezmouth,Cyprus,Regular,Email
6806,Female,36-45,Stricklandberg,Germany,Regular,Referral
6807,Other,36-45,Crawfordland,Italy,VIP,Social Media
6808,Male,56-65,West Deanna,Spain,Regular,Organic Search
6809,Female,46-55,West Victoriahaven,Netherlands,VIP,Social Media
6810,Female,26-35,East Sandra,Finland,Regular,Paid Ads
6811,Female,66+,Lake Laurieton,Italy,Regular,Referral
6812,Other,36-45,New Amberberg,Spain,VIP,Organic Search
6813,Other,56-65,East Alison,Sweden,Regular,Social Media
6814,Female,18-25,Chapmanbury,Spain,Regular,Organic Search
6815,Other,56-65,New Patriciaburgh,Germany,Regular,Referral
6816,Male,56-65,Allenside,Croatia,Regular,Referral
6817,Other,26-35,Simsville,Spain,Regular,Paid Ads
6818,Other,66+,Angelicashire,Denmark,VIP,Referral
6819,Female,18-25,Williamsville,France,VIP,Paid Ads
6820,Male,66+,Owensburgh,Romania,Regular,Referral
6821,Female,66+,Craigton,Germany,Regular,Email
6822,Male,18-25,Rayhaven,Spain,Regular,Referral
6823,Female,56-65,West Nicholas,Italy,Regular,Organic Search
6824,Other,56-65,Davidburgh,Germany,VIP,Organic Search
6825,Female,26-35,South Andrea,Denmark,Regular,Social Media
6826,Female,66+,South Donaldville,France,Regular,Organic Search
6827,Male,18-25,North Stevenberg,Hungary,Regular,Organic Search
6828,Other,66+,Stewartfort,Estonia,Regular,Organic Search
6829,Male,66+,Port Amberborough,Spain,VIP,Organic Search
6830,Other,66+,Ericfurt,Belgium,Regular,Organic Search
6831,Male,46-55,New Aaron,Italy,Regular,Organic Search
6832,Male,46-55,East Mark,Greece,Regular,Organic Search
6833,Male,46-55,South Timothy,France,Regular,Email
6834,Female,56-65,East Oliviaburgh,Italy,Regular,Paid Ads
6835,Female,46-55,East Deborahbury,Netherlands,VIP,Organic Search
6836,Male,18-25,East Scott,Italy,VIP,Email
6837,Male,66+,New Davidshire,Slovakia,Regular,Organic Search
6838,Other,36-45,Careyfort,Spain,VIP,Paid Ads
6839,Male,26-35,East Ericchester,Germany,Regular,Social Media
6840,Male,66+,Lisamouth,Poland,Regular,Paid Ads
6841,Other,26-35,Jasonfurt,Greece,VIP,Organic Search
6842,Male,56-65,South Michelle,Bulgaria,Regular,Referral
6843,Other,56-65,Port Ernest,Italy,Regular,Referral
6844,Other,66+,Ronaldland,Belgium,Regular,Social Media
6845,Other,46-55,Port Jasonland,Netherlands,Regular,Referral
6846,Female,26-35,Rasmussenton,Portugal,Regular,Referral
6847,Other,56-65,Lake Robert,Netherlands,Regular,Social Media
6848,Male,18-25,Judithstad,Netherlands,Regular,Referral
6849,Female,66+,West Natalie,France,Regular,Social Media
6850,Other,36-45,Ricardofurt,Germany,VIP,Paid Ads
6851,Other,26-35,Kellyview,France,Regular,Referral
6852,Female,66+,East Theresa,Sweden,Regular,Email
6853,Other,18-25,Edwardside,Italy,Regular,Referral
6854,Male,56-65,Martinchester,Czech Republic,Regular,Referral
6855,Female,36-45,New Allisonfurt,Czech Republic,Regular,Organic Search
6856,Other,36-45,South Erinbury,Sweden,Regular,Referral
6857,Male,36-45,East Travis,Spain,Regular,Email
6858,Male,26-35,North Steventown,Germany,Regular,Social Media
6859,Male,36-45,Port Erin,Spain,Regular,Social Media
6860,Female,36-45,South Jeffrey,Italy,VIP,Email
6861,Female,26-35,North Gary,Poland,VIP,Social Media
6862,Female,26-35,North Nicole,Czech Republic,Regular,Email
6863,Male,18-25,Annaland,Germany,Regular,Organic Search
6864,Other,36-45,North Melvinberg,Finland,Regular,Organic Search
6865,Female,46-55,West Sarah,Lithuania,Regular,Email
6866,Other,66+,Lake Rubenbury,Poland,Regular,Paid Ads
6867,Male,26-35,Lake Linda,Sweden,Regular,Email
6868,Other,66+,Lake Brittany,Italy,Regular,Referral
6869,Male,66+,Lake Derek,Greece,Regular,Email
6870,Male,26-35,Lake Markberg,Germany,VIP,Referral
6871,Female,56-65,West Erika,France,Regular,Referral
6872,Male,18-25,Susanstad,Netherlands,Regular,Social Media
6873,Male,56-65,South Ronald,France,Regular,Referral
6874,Other,18-25,Campbellburgh,Slovakia,Regular,Paid Ads
6875,Female,46-55,East Angelicafort,Slovenia,Regular,Social Media
6876,Other,36-45,Port Jacquelinemouth,Poland,Regular,Referral
6877,Male,56-65,Wagnerton,Germany,Regular,Referral
6878,Female,66+,Cookchester,Lithuania,Regular,Social Media
6879,Male,18-25,Rubenville,Belgium,Regular,Organic Search
6880,Female,36-45,Clarkland,Spain,Regular,Social Media
6881,Male,56-65,Port Aliciafurt,Italy,Regular,Paid Ads
6882,Female,56-65,South Marybury,Italy,Regular,Email
6883,Female,56-65,Lake Chris,Netherlands,Regular,Email
6884,Female,36-45,Lake Garyburgh,Spain,Regular,Social Media
6885,Female,36-45,North Madisonstad,Spain,Regular,Paid Ads
6886,Male,56-65,South Bryan,France,Regular,Paid Ads
6887,Other,66+,New Angela,Greece,Regular,Referral
6888,Male,66+,North Amanda,Bulgaria,Regular,Email
6889,Other,46-55,South Rodney,Italy,Regular,Organic Search
6890,Other,26-35,West Matthew,Bulgaria,Regular,Paid Ads
6891,Male,18-25,North Pamelaberg,Spain,VIP,Social Media
6892,Other,36-45,Alexandraland,Austria,Regular,Referral
6893,Female,66+,Larryfurt,Poland,Regular,Social Media
6894,Male,36-45,South Alexander,Italy,Regular,Referral
6895,Male,66+,Hurstland,Germany,Regular,Organic Search
6896,Female,18-25,Normanshire,Slovenia,Regular,Social Media
6897,Other,18-25,New Amanda,Poland,Regular,Paid Ads
6898,Male,26-35,Figueroatown,Germany,Regular,Referral
6899,Female,26-35,North Carlos,Netherlands,Regular,Paid Ads
6900,Other,26-35,Clarkland,Hungary,Regular,Referral
6901,Female,66+,Shaneside,Germany,Regular,Social Media
6902,Female,46-55,Scottshire,France,VIP,Organic Search
6903,Male,26-35,North Douglaschester,Sweden,Regular,Paid Ads
6904,Male,46-55,Maryborough,Spain,Regular,Paid Ads
6905,Female,56-65,New Alexander,Poland,Regular,Organic Search
6906,Female,18-25,Paulville,Finland,Regular,Social Media
6907,Other,36-45,Carneyberg,Italy,Regular,Referral
6908,Female,36-45,Haynesside,France,Regular,Social Media
6909,Male,26-35,West Brandi,Germany,Regular,Email
6910,Male,36-45,South Brenda,Belgium,VIP,Paid Ads
6911,Other,66+,New Jamesmouth,Finland,Regular,Referral
6912,Female,56-65,Port Andrew,Poland,Regular,Email
6913,Other,56-65,South Penny,Slovakia,Regular,Paid Ads
6914,Male,66+,Christopherberg,Spain,Regular,Social Media
6915,Male,36-45,North Rachel,Italy,VIP,Paid Ads
6916,Male,66+,Lewismouth,Germany,VIP,Email
6917,Female,18-25,Stevenchester,Spain,Regular,Paid Ads
6918,Male,18-25,West Melissatown,France,Regular,Referral
6919,Other,46-55,Jeffreymouth,Ireland,Regular,Paid Ads
6920,Other,46-55,Kennethview,Czech Republic,Regular,Paid Ads
6921,Other,66+,Lake Victor,Italy,Regular,Social Media
6922,Male,56-65,East Michaelberg,France,Regular,Referral
6923,Other,26-35,Townsendtown,Cyprus,VIP,Email
6924,Female,46-55,Brettfurt,Bulgaria,Regular,Social Media
6925,Male,66+,Carlsonshire,Italy,VIP,Paid Ads
6926,Male,26-35,West Josephfort,Netherlands,Regular,Social Media
6927,Other,66+,Rothberg,Sweden,Regular,Paid Ads
6928,Female,26-35,South Williammouth,Italy,VIP,Paid Ads
6929,Female,46-55,West Mark,Austria,Regular,Organic Search
6930,Female,26-35,Rasmussenbury,Germany,Regular,Social Media
6931,Female,26-35,West Brian,Greece,VIP,Paid Ads
6932,Male,66+,Mariostad,Czech Republic,Regular,Paid Ads
6933,Female,46-55,Josephburgh,Germany,Regular,Organic Search
6934,Male,36-45,New Randyberg,France,VIP,Paid Ads
6935,Female,36-45,South Jennifer,Italy,Regular,Email
6936,Other,66+,Lambbury,Poland,Regular,Email
6937,Female,66+,South Jasmine,Sweden,VIP,Organic Search
6938,Female,56-65,Millerborough,Germany,Regular,Organic Search
6939,Other,46-55,East Jessicaville,Italy,Regular,Social Media
6940,Other,46-55,North Williamland,Italy,Regular,Referral
6941,Female,46-55,Cookestad,Austria,Regular,Social Media
6942,Female,56-65,North Jacobmouth,Lithuania,Regular,Social Media
6943,Female,46-55,Jamesside,Portugal,Regular,Paid Ads
6944,Male,56-65,North Natalie,France,Regular,Paid Ads
6945,Other,36-45,Kimmouth,France,Regular,Referral
6946,Female,18-25,New Daniel,Finland,VIP,Referral
6947,Male,66+,Phillipschester,Denmark,Regular,Social Media
6948,Other,66+,Moralesmouth,Poland,Regular,Paid Ads
6949,Male,46-55,Port Shannon,Italy,Regular,Email
6950,Male,18-25,Jenniferport,Poland,VIP,Organic Search
6951,Male,56-65,East Timothy,France,Regular,Organic Search
6952,Other,46-55,Richardsonland,France,VIP,Referral
6953,Male,26-35,Ryanstad,Germany,Regular,Email
6954,Female,56-65,Richardsstad,Poland,Regular,Organic Search
6955,Other,18-25,North Joseph,Germany,Regular,Social Media
6956,Male,46-55,Kleinmouth,Sweden,Regular,Paid Ads
6957,Female,18-25,Sarahstad,Italy,VIP,Referral
6958,Other,46-55,South Jamestown,Spain,VIP,Social Media
6959,Female,56-65,Port Lorimouth,Slovakia,Regular,Email
6960,Other,56-65,New Derek,Italy,Regular,Social Media
6961,Female,36-45,Jonathanfurt,Italy,Regular,Email
6962,Female,18-25,Joyceborough,Poland,Regular,Social Media
6963,Male,66+,Port Thomastown,Denmark,Regular,Paid Ads
6964,Other,18-25,East Eileen,Poland,Regular,Social Media
6965,Female,18-25,West Jonathanstad,Spain,Regular,Email
6966,Male,66+,Patrickstad,Italy,Regular,Social Media
6967,Male,46-55,North Scottville,Germany,Regular,Email
6968,Other,26-35,Weberstad,Netherlands,Regular,Organic Search
6969,Female,18-25,Livingstonborough,Italy,Regular,Email
6970,Male,18-25,Piercemouth,Poland,Regular,Social Media
6971,Other,36-45,West Elizabethview,Spain,Regular,Organic Search
6972,Male,66+,Williamhaven,Sweden,VIP,Referral
6973,Female,46-55,South Kevinmouth,Czech Republic,Regular,Email
6974,Other,26-35,Amyhaven,Portugal,Regular,Organic Search
6975,Other,36-45,Port Timothy,France,Regular,Paid Ads
6976,Male,26-35,North William,Germany,Regular,Social Media
6977,Female,18-25,North Adam,Romania,Regular,Paid Ads
6978,Female,26-35,Garyborough,Poland,Regular,Organic Search
6979,Male,26-35,Kramerfort,Poland,Regular,Organic Search
6980,Male,36-45,West Tami,Hungary,Regular,Paid Ads
6981,Other,36-45,Mathewville,Italy,Regular,Organic Search
6982,Female,46-55,Ricardoborough,Greece,Regular,Social Media
6983,Other,26-35,Gibbstown,Germany,Regular,Social Media
6984,Male,18-25,Ryanport,France,Regular,Email
6985,Male,26-35,Clintonshire,Germany,Regular,Paid Ads
6986,Other,66+,Williamchester,France,Regular,Organic Search
6987,Other,66+,New Jessica,France,Regular,Paid Ads
6988,Female,56-65,Dustinport,Denmark,Regular,Paid Ads
6989,Female,26-35,East Christopher,Spain,VIP,Organic Search
6990,Male,56-65,North Edwardhaven,Germany,VIP,Paid Ads
6991,Male,18-25,East James,Spain,VIP,Email
6992,Other,18-25,North Rachel,Romania,VIP,Email
6993,Male,56-65,West Malloryport,Croatia,Regular,Email
6994,Other,46-55,Allenchester,Greece,Regular,Social Media
6995,Male,26-35,South Richardmouth,Sweden,VIP,Email
6996,Other,56-65,Branditown,Germany,VIP,Paid Ads
6997,Male,26-35,South Terry,Germany,Regular,Email
6998,Other,26-35,East Zacharymouth,Greece,VIP,Paid Ads
6999,Female,66+,Williamsberg,France,Regular,Organic Search
7000,Other,66+,Smithshire,Bulgaria,Regular,Referral
7001,Other,26-35,Ferrellmouth,Germany,Regular,Email
7002,Male,56-65,Lake Robertfort,Germany,Regular,Referral
7003,Female,18-25,West Blake,France,VIP,Paid Ads
7004,Male,26-35,Jacobton,Czech Republic,Regular,Social Media
7005,Female,18-25,Paulafurt,Poland,Regular,Organic Search
7006,Other,46-55,Angelaton,France,Regular,Social Media
7007,Other,46-55,Hooperchester,Germany,Regular,Paid Ads
7008,Other,46-55,South Kelly,Italy,VIP,Organic Search
7009,Other,26-35,West Michael,Hungary,VIP,Organic Search
7010,Other,46-55,West Victoria,Hungary,Regular,Email
7011,Male,66+,Port Roberthaven,Greece,Regular,Organic Search
7012,Other,46-55,Port Juliemouth,France,Regular,Organic Search
7013,Other,56-65,Jennifermouth,Croatia,Regular,Paid Ads
7014,Female,46-55,Lopezville,Germany,VIP,Social Media
7015,Female,46-55,South Alejandro,Poland,Regular,Referral
7016,Other,26-35,Brianbury,Italy,Regular,Paid Ads
7017,Male,26-35,West James,Bulgaria,Regular,Organic Search
7018,Male,66+,West Codyborough,Germany,Regular,Email
7019,Male,56-65,Robertmouth,Sweden,Regular,Organic Search
7020,Male,56-65,Lake Tabitha,France,Regular,Paid Ads
7021,Female,26-35,Markbury,France,Regular,Referral
7022,Other,46-55,Hopkinsburgh,Italy,Regular,Email
7023,Other,26-35,Mendezchester,Belgium,Regular,Paid Ads
7024,Female,56-65,West Thomas,France,Regular,Email
7025,Male,56-65,North Huntermouth,Spain,Regular,Social Media
7026,Other,26-35,Baxterborough,Finland,Regular,Email
7027,Other,36-45,East Steven,Ireland,Regular,Organic Search
7028,Male,56-65,Sharonville,France,Regular,Organic Search
7029,Female,56-65,New Denise,Lithuania,Regular,Paid Ads
7030,Other,56-65,Port Kevin,Italy,Regular,Email
7031,Male,46-55,North James,Greece,Regular,Paid Ads
7032,Male,56-65,New Marybury,Germany,VIP,Social Media
7033,Female,36-45,Simpsonborough,Belgium,Regular,Email
7034,Female,36-45,Lake Cassandraport,France,Regular,Referral
7035,Female,18-25,Jonathanfort,Ireland,Regular,Referral
7036,Male,18-25,Hicksfurt,Czech Republic,Regular,Organic Search
7037,Female,26-35,Carolynton,Spain,Regular,Referral
7038,Male,36-45,North Robert,Italy,Regular,Social Media
7039,Male,18-25,West Kelly,Germany,Regular,Social Media
7040,Male,36-45,North Meganburgh,France,Regular,Email
7041,Female,66+,Salasland,Germany,Regular,Referral
7042,Male,46-55,East Kevinton,Denmark,Regular,Organic Search
7043,Female,18-25,East Danielleland,Germany,Regular,Referral
7044,Other,56-65,Lake Suzanne,Germany,VIP,Organic Search
7045,Female,36-45,Port Laurieport,Czech Republic,Regular,Social Media
7046,Female,36-45,New Elizabethville,Italy,VIP,Referral
7047,Male,46-55,New Troyville,Spain,Regular,Social Media
7048,Male,46-55,Lake Timothy,Slovakia,Regular,Social Media
7049,Male,36-45,Reynoldschester,Sweden,Regular,Social Media
7050,Female,36-45,Adamfurt,Netherlands,Regular,Email
7051,Female,46-55,Lake Victoriahaven,Italy,VIP,Paid Ads
7052,Male,18-25,Port Bradley,Bulgaria,Regular,Referral
7053,Male,26-35,Melissaton,Netherlands,Regular,Paid Ads
7054,Other,46-55,Kennethmouth,Croatia,Regular,Referral
7055,Other,26-35,New Michelle,Finland,Regular,Referral
7056,Male,46-55,Brockton,Portugal,Regular,Paid Ads
7057,Other,18-25,Lake Rodneyburgh,Spain,Regular,Social Media
7058,Other,46-55,Medinaburgh,Hungary,VIP,Email
7059,Male,66+,Salazarburgh,France,Regular,Organic Search
7060,Female,18-25,North Anthonyton,Italy,Regular,Organic Search
7061,Other,36-45,Gutierrezhaven,France,Regular,Organic Search
7062,Other,66+,New Wendy,France,Regular,Social Media
7063,Other,46-55,Lake Michael,France,Regular,Organic Search
7064,Female,26-35,Greenefurt,Germany,Regular,Email
7065,Other,56-65,Marthafurt,Italy,Regular,Organic Search
7066,Male,56-65,New Andrewhaven,France,Regular,Social Media
7067,Other,46-55,Michaelville,France,Regular,Social Media
7068,Male,66+,New Michaelshire,France,Regular,Referral
7069,Other,36-45,Stephenfort,Austria,Regular,Paid Ads
7070,Male,56-65,Lake Timothystad,Spain,VIP,Organic Search
7071,Other,66+,Victormouth,Germany,Regular,Referral
7072,Female,46-55,Whitneyton,France,Regular,Social Media
7073,Female,56-65,Kevinmouth,Belgium,VIP,Social Media
7074,Female,66+,Jonesville,Belgium,Regular,Paid Ads
7075,Female,36-45,Munozfort,Hungary,Regular,Email
7076,Other,18-25,Port Thomastown,Poland,Regular,Organic Search
7077,Female,18-25,Lake Chadchester,Germany,Regular,Organic Search
7078,Other,56-65,Lisastad,Germany,Regular,Social Media
7079,Male,66+,West Denise,Italy,Regular,Organic Search
7080,Other,36-45,Brownview,Austria,Regular,Organic Search
7081,Female,26-35,Medinatown,Belgium,Regular,Paid Ads
7082,Female,26-35,Ryanland,France,Regular,Email
7083,Male,46-55,Port Lee,France,VIP,Email
7084,Other,36-45,Christopherville,Sweden,Regular,Referral
7085,Other,18-25,North Davidview,Poland,Regular,Organic Search
7086,Female,36-45,Greenstad,Slovakia,Regular,Referral
7087,Female,18-25,Edgarside,Croatia,Regular,Social Media
7088,Male,66+,New Michael,Spain,Regular,Organic Search
7089,Female,18-25,Port Danieltown,Hungary,Regular,Email
7090,Female,18-25,Wallacestad,Sweden,Regular,Organic Search
7091,Other,18-25,Jonathonmouth,Spain,VIP,Referral
7092,Female,46-55,Floydberg,Germany,Regular,Referral
7093,Male,18-25,East Christymouth,Greece,Regular,Email
7094,Other,46-55,East Kathrynburgh,France,Regular,Social Media
7095,Female,46-55,Rachelport,Germany,Regular,Email
7096,Other,36-45,Melissafort,Finland,Regular,Paid Ads
7097,Other,66+,Cameronmouth,France,Regular,Social Media
7098,Other,46-55,Caseyberg,Poland,Regular,Organic Search
7099,Other,18-25,North William,Spain,Regular,Social Media
7100,Female,18-25,West Kevin,France,VIP,Email
7101,Other,26-35,Youngfort,Hungary,Regular,Referral
7102,Other,18-25,West Renee,Spain,Regular,Referral
7103,Male,26-35,Lake Janetshire,Italy,Regular,Social Media
7104,Male,56-65,Cruzmouth,Finland,Regular,Email
7105,Female,46-55,West Loriview,Netherlands,VIP,Social Media
7106,Other,56-65,Jenniferville,Italy,VIP,Organic Search
7107,Male,18-25,Travismouth,Czech Republic,VIP,Referral
7108,Other,56-65,South Christophermouth,Germany,Regular,Organic Search
7109,Male,46-55,Navarroborough,Italy,Regular,Organic Search
7110,Other,66+,Christinaville,Spain,Regular,Referral
7111,Other,26-35,North Joshuaville,Portugal,VIP,Referral
7112,Other,18-25,Port Stephanie,Sweden,Regular,Email
7113,Other,36-45,New Catherinechester,France,Regular,Referral
7114,Female,56-65,Stephanieland,Spain,Regular,Referral
7115,Male,56-65,West Eric,Ireland,Regular,Organic Search
7116,Female,66+,East Waynemouth,Austria,Regular,Social Media
7117,Female,26-35,Donaldstad,Italy,Regular,Referral
7118,Female,18-25,Garciachester,Italy,Regular,Email
7119,Male,46-55,East Melissaville,Germany,Regular,Social Media
7120,Other,36-45,West Vincent,Spain,VIP,Organic Search
7121,Female,26-35,Charlenemouth,France,Regular,Organic Search
7122,Male,46-55,North Kimberlyland,France,Regular,Paid Ads
7123,Male,66+,New Jessemouth,Germany,Regular,Social Media
7124,Female,46-55,Lake Matthew,Italy,Regular,Organic Search
7125,Other,18-25,South Georgemouth,Poland,Regular,Referral
7126,Female,18-25,Johnsonshire,Portugal,Regular,Paid Ads
7127,Female,56-65,Jeanville,Italy,Regular,Paid Ads
7128,Female,66+,Heatherview,France,Regular,Organic Search
7129,Other,56-65,Lake Jamesfort,Germany,Regular,Email
7130,Male,18-25,North Katie,Poland,Regular,Social Media
7131,Male,46-55,Drakechester,Austria,Regular,Referral
7132,Male,26-35,South Megan,Poland,VIP,Referral
7133,Female,26-35,Jarvisville,France,VIP,Social Media
7134,Male,56-65,East Jessica,Belgium,Regular,Paid Ads
7135,Male,46-55,Campbellport,Denmark,Regular,Paid Ads
7136,Other,26-35,North Thomas,Italy,VIP,Paid Ads
7137,Other,46-55,Katrinafurt,Sweden,Regular,Organic Search
7138,Other,56-65,Changmouth,Germany,Regular,Paid Ads
7139,Male,26-35,Bakerport,France,Regular,Organic Search
7140,Male,26-35,North Markburgh,France,Regular,Paid Ads
7141,Other,66+,South Davidport,Belgium,Regular,Email
7142,Female,36-45,Port Timothyland,France,Regular,Organic Search
7143,Other,46-55,New Jason,Germany,Regular,Organic Search
7144,Male,46-55,Valdezhaven,France,VIP,Email
7145,Other,66+,Lake Nicholasport,Sweden,Regular,Organic Search
7146,Female,56-65,North Kayla,Spain,Regular,Email
7147,Other,66+,Craigside,Germany,Regular,Social Media
7148,Female,36-45,Lake Donnaburgh,Austria,Regular,Paid Ads
7149,Female,66+,North Davidland,Germany,Regular,Paid Ads
7150,Other,26-35,Kathleenburgh,Spain,Regular,Organic Search
7151,Other,26-35,Alexandraview,France,Regular,Referral
7152,Other,46-55,Lake Jeffreyside,France,Regular,Social Media
7153,Female,66+,Nelsonchester,Poland,Regular,Email
7154,Male,66+,Berrymouth,Bulgaria,Regular,Organic Search
7155,Female,56-65,Port Paula,France,Regular,Referral
7156,Other,66+,West Eric,Finland,Regular,Paid Ads
7157,Male,66+,Howellfurt,Belgium,Regular,Paid Ads
7158,Other,56-65,Laceyside,Germany,Regular,Email
7159,Female,36-45,East Anthony,Hungary,Regular,Organic Search
7160,Other,18-25,Port Shannonview,Belgium,VIP,Organic Search
7161,Female,66+,New Josephtown,Italy,Regular,Referral
7162,Male,46-55,North Nathan,Netherlands,Regular,Paid Ads
7163,Female,46-55,South Staceyside,Bulgaria,Regular,Social Media
7164,Other,66+,Lake Joan,Hungary,Regular,Paid Ads
7165,Other,36-45,Port Taylor,Germany,Regular,Organic Search
7166,Male,26-35,Davidsonstad,Denmark,Regular,Paid Ads
7167,Female,46-55,East Danielville,France,VIP,Organic Search
7168,Other,46-55,Oliviatown,France,Regular,Referral
7169,Other,66+,Lake Jennifer,France,Regular,Paid Ads
7170,Female,56-65,Port James,Poland,Regular,Email
7171,Male,56-65,Lake Paulville,France,Regular,Social Media
7172,Female,46-55,Simsmouth,Czech Republic,Regular,Social Media
7173,Female,18-25,Lake Jonmouth,France,Regular,Paid Ads
7174,Male,66+,New Katelyn,Germany,Regular,Organic Search
7175,Other,46-55,Hortonville,Netherlands,Regular,Referral
7176,Male,66+,Rodneystad,Belgium,Regular,Paid Ads
7177,Female,66+,Port Jeffery,Italy,Regular,Paid Ads
7178,Male,26-35,Kirkport,Greece,Regular,Paid Ads
7179,Other,46-55,Higginstown,France,Regular,Paid Ads
7180,Male,46-55,Patriciatown,Poland,Regular,Organic Search
7181,Other,18-25,Stephenview,Sweden,VIP,Organic Search
7182,Other,46-55,Port Stephanieburgh,France,Regular,Organic Search
7183,Male,66+,Foxstad,Portugal,VIP,Social Media
7184,Female,56-65,Brownshire,France,Regular,Paid Ads
7185,Other,36-45,South Amyfort,Netherlands,Regular,Social Media
7186,Female,18-25,New Erinside,Germany,Regular,Email
7187,Other,26-35,Clintontown,Netherlands,Regular,Referral
7188,Other,66+,Port Richard,France,Regular,Email
7189,Female,36-45,Andrewburgh,Germany,Regular,Paid Ads
7190,Female,46-55,Port Nicholasside,Greece,Regular,Social Media
7191,Female,26-35,Lake Patrickstad,France,Regular,Paid Ads
7192,Other,18-25,Dennisstad,Spain,Regular,Social Media
7193,Other,18-25,South Cody,Germany,Regular,Referral
7194,Male,56-65,Rowlandfort,Italy,VIP,Email
7195,Female,66+,Port Daniel,Sweden,Regular,Organic Search
7196,Other,56-65,Meganmouth,Poland,Regular,Referral
7197,Female,36-45,Port Jordan,France,VIP,Referral
7198,Other,26-35,West Michelle,Spain,Regular,Referral
7199,Female,18-25,North Davidmouth,Germany,VIP,Organic Search
7200,Other,66+,Ericaview,Spain,Regular,Referral
7201,Other,66+,Ashleyland,France,VIP,Paid Ads
7202,Male,36-45,South Justinberg,France,Regular,Referral
7203,Male,18-25,Adamchester,Poland,VIP,Organic Search
7204,Female,18-25,Clairefurt,Belgium,Regular,Email
7205,Male,56-65,New Lori,Italy,Regular,Paid Ads
7206,Female,46-55,South Ruben,Italy,Regular,Referral
7207,Female,56-65,West Timothy,Italy,Regular,Paid Ads
7208,Female,46-55,Christophertown,Spain,Regular,Referral
7209,Other,18-25,North Melissa,Portugal,Regular,Organic Search
7210,Male,26-35,Port Robertville,Italy,VIP,Social Media
7211,Male,66+,Lake Christopher,Germany,Regular,Referral
7212,Female,56-65,South Amber,Belgium,Regular,Email
7213,Other,18-25,West Robertborough,Greece,Regular,Organic Search
7214,Female,18-25,East Samuel,Germany,Regular,Email
7215,Male,36-45,Garciaville,France,VIP,Email
7216,Other,66+,Keithland,Italy,Regular,Organic Search
7217,Other,36-45,Amyfurt,Sweden,Regular,Organic Search
7218,Male,26-35,Dianeville,Czech Republic,Regular,Referral
7219,Other,18-25,New John,France,VIP,Organic Search
7220,Female,36-45,South Gregory,Germany,Regular,Organic Search
7221,Male,36-45,Wadefurt,Lithuania,Regular,Referral
7222,Other,18-25,New Duaneburgh,Portugal,Regular,Email
7223,Other,18-25,Lake Edwardshire,Poland,VIP,Referral
7224,Other,36-45,Reidmouth,Poland,VIP,Social Media
7225,Other,18-25,Marilynview,Italy,Regular,Email
7226,Other,46-55,Leeville,France,Regular,Organic Search
7227,Other,46-55,Stephenmouth,Spain,VIP,Organic Search
7228,Other,36-45,East Nicholasburgh,Spain,Regular,Paid Ads
7229,Male,66+,East David,Poland,VIP,Email
7230,Female,18-25,East Brittany,Finland,Regular,Organic Search
7231,Male,26-35,North Madisonburgh,Poland,Regular,Paid Ads
7232,Male,18-25,North Tammyhaven,France,Regular,Social Media
7233,Male,26-35,Sotoside,Poland,VIP,Social Media
7234,Male,26-35,Kristenberg,Germany,Regular,Organic Search
7235,Female,46-55,West Kevin,Ireland,Regular,Email
7236,Male,66+,South Christina,Italy,Regular,Email
7237,Female,18-25,South Michaelberg,Germany,VIP,Paid Ads
7238,Other,26-35,Johnnyfurt,Finland,Regular,Paid Ads
7239,Female,56-65,Nancyview,Finland,Regular,Social Media
7240,Female,36-45,North Maryfort,Ireland,Regular,Organic Search
7241,Male,56-65,New Hollyfort,Germany,Regular,Organic Search
7242,Male,66+,Lake Erin,Spain,Regular,Paid Ads
7243,Other,56-65,Port Kevin,Romania,Regular,Paid Ads
7244,Female,36-45,South Lynnmouth,Germany,Regular,Email
7245,Other,66+,Lake Randallchester,Czech Republic,Regular,Organic Search
7246,Male,26-35,Gutierrezland,Italy,VIP,Social Media
7247,Female,56-65,Port Williamland,Sweden,Regular,Email
7248,Male,18-25,Adammouth,Greece,Regular,Referral
7249,Other,46-55,Aaronburgh,Netherlands,Regular,Organic Search
7250,Female,18-25,Thomastown,Slovenia,Regular,Organic Search
7251,Male,26-35,New Ashleytown,Germany,Regular,Organic Search
7252,Female,36-45,Chrisland,Spain,Regular,Email
7253,Female,36-45,Yvonneland,Czech Republic,Regular,Referral
7254,Other,66+,Port Markside,Austria,VIP,Email
7255,Male,36-45,Lambertberg,Spain,VIP,Email
7256,Female,46-55,East David,Austria,Regular,Social Media
7257,Female,18-25,Cindyhaven,France,Regular,Organic Search
7258,Other,36-45,West Ryanshire,Poland,Regular,Email
7259,Male,66+,Aaronton,Germany,Regular,Social Media
7260,Female,56-65,South Paul,Italy,Regular,Email
7261,Female,56-65,Kristinaton,Netherlands,Regular,Referral
7262,Other,36-45,Rhodesside,France,VIP,Paid Ads
7263,Other,18-25,East Chris,Netherlands,Regular,Social Media
7264,Other,46-55,Lanebury,Spain,Regular,Paid Ads
7265,Male,66+,East Jordan,France,Regular,Email
7266,Female,46-55,Port Marytown,France,Regular,Email
7267,Male,18-25,North Ericborough,Sweden,VIP,Social Media
7268,Other,66+,Barronberg,Spain,Regular,Referral
7269,Other,66+,East Lisabury,Bulgaria,Regular,Email
7270,Male,26-35,New Allison,France,Regular,Referral
7271,Female,46-55,Travisport,Germany,VIP,Referral
7272,Other,56-65,North Michael,Italy,Regular,Organic Search
7273,Female,56-65,Calvinport,Czech Republic,Regular,Social Media
7274,Female,56-65,West Josephside,Sweden,Regular,Referral
7275,Male,18-25,Mckenziebury,Spain,Regular,Referral
7276,Female,66+,Fischerborough,Germany,Regular,Social Media
7277,Male,36-45,Thompsonfort,Germany,Regular,Referral
7278,Male,18-25,Mullinsstad,Croatia,Regular,Paid Ads
7279,Female,26-35,Morganview,France,Regular,Social Media
7280,Other,46-55,West Amy,Germany,Regular,Organic Search
7281,Other,56-65,Angelatown,Spain,Regular,Social Media
7282,Male,46-55,East Stephaniemouth,Poland,VIP,Social Media
7283,Male,36-45,Alexisport,Croatia,Regular,Organic Search
7284,Other,26-35,Campbellville,Poland,Regular,Organic Search
7285,Male,56-65,Gilbertbury,France,Regular,Referral
7286,Other,56-65,Ryanland,Germany,Regular,Paid Ads
7287,Male,66+,Choifort,France,Regular,Organic Search
7288,Male,26-35,Joshuashire,Germany,Regular,Email
7289,Female,66+,Cathyland,France,Regular,Organic Search
7290,Female,66+,New Carla,Sweden,Regular,Organic Search
7291,Male,56-65,East Kimberly,France,Regular,Referral
7292,Female,66+,Ryanbury,Spain,Regular,Paid Ads
7293,Other,46-55,Donnatown,Belgium,Regular,Referral
7294,Other,26-35,Vickieville,Poland,Regular,Social Media
7295,Male,18-25,Luisfurt,Germany,Regular,Referral
7296,Male,26-35,Port Jennifer,Slovakia,VIP,Referral
7297,Other,66+,Haleymouth,Poland,Regular,Email
7298,Male,66+,Jimmyview,Germany,VIP,Organic Search
7299,Other,46-55,East Patrickville,Sweden,VIP,Social Media
7300,Female,36-45,South Anthonyhaven,Germany,Regular,Email
7301,Female,26-35,Lisaview,Czech Republic,Regular,Social Media
7302,Female,36-45,South Michelleville,Spain,Regular,Social Media
7303,Female,26-35,Port Loriborough,Romania,Regular,Social Media
7304,Other,26-35,Josephport,Spain,VIP,Referral
7305,Male,36-45,Port Robert,Hungary,Regular,Paid Ads
7306,Female,26-35,Porterhaven,Germany,Regular,Organic Search
7307,Other,66+,Branchberg,Finland,Regular,Paid Ads
7308,Female,18-25,East Jessefurt,Poland,Regular,Social Media
7309,Male,56-65,Blakeport,Italy,Regular,Paid Ads
7310,Female,26-35,East Kimberly,Spain,VIP,Social Media
7311,Female,46-55,Angelamouth,Italy,Regular,Referral
7312,Other,26-35,South Donna,Greece,Regular,Referral
7313,Other,66+,Lake Kaitlynmouth,France,Regular,Referral
7314,Other,26-35,Lake Amyfurt,Germany,VIP,Referral
7315,Male,66+,New Kyleborough,France,Regular,Paid Ads
7316,Female,56-65,Alisonfurt,Greece,Regular,Paid Ads
7317,Other,26-35,West Justin,Germany,Regular,Organic Search
7318,Male,46-55,Lake Annette,Netherlands,Regular,Organic Search
7319,Female,26-35,Richardstad,France,VIP,Organic Search
7320,Female,18-25,Torresview,Germany,Regular,Social Media
7321,Other,56-65,New Vincent,Italy,Regular,Social Media
7322,Female,36-45,Reyesfurt,Italy,Regular,Paid Ads
7323,Other,56-65,Castrobury,France,Regular,Organic Search
7324,Other,36-45,East Angela,Sweden,Regular,Paid Ads
7325,Other,46-55,Bryanchester,Denmark,VIP,Referral
7326,Female,18-25,North Melissashire,Austria,VIP,Organic Search
7327,Other,36-45,Danaberg,Portugal,Regular,Social Media
7328,Female,36-45,Donnafort,Poland,Regular,Email
7329,Other,66+,North Stephenshire,Greece,Regular,Organic Search
7330,Other,56-65,Meganview,Portugal,VIP,Referral
7331,Male,66+,West Jose,Spain,Regular,Paid Ads
7332,Other,56-65,East Patricialand,Germany,VIP,Email
7333,Female,46-55,Thomaschester,France,Regular,Paid Ads
7334,Female,36-45,Michaelmouth,Spain,Regular,Organic Search
7335,Male,26-35,New Gina,Croatia,VIP,Paid Ads
7336,Other,36-45,Lake Christopher,France,Regular,Organic Search
7337,Female,18-25,Jamesshire,Slovakia,Regular,Paid Ads
7338,Female,66+,West Taylorshire,Belgium,Regular,Email
7339,Female,56-65,West Christinaview,France,Regular,Referral
7340,Female,36-45,West Mariaton,Spain,VIP,Organic Search
7341,Female,46-55,Stephenton,France,Regular,Social Media
7342,Male,66+,Moorebury,Italy,Regular,Referral
7343,Male,26-35,North John,Lithuania,Regular,Email
7344,Male,26-35,Port Jefferyton,Austria,Regular,Email
7345,Other,26-35,Sheltonland,Germany,Regular,Email
7346,Other,26-35,East Erica,Italy,Regular,Social Media
7347,Male,46-55,Charlesmouth,Czech Republic,Regular,Paid Ads
7348,Male,18-25,Johnsonhaven,Poland,Regular,Social Media
7349,Female,56-65,South James,Netherlands,VIP,Organic Search
7350,Female,66+,New Stephanie,Finland,Regular,Organic Search
7351,Other,36-45,Port Jacob,Denmark,Regular,Organic Search
7352,Female,66+,West Summer,France,Regular,Paid Ads
7353,Other,66+,Ramirezville,Bulgaria,Regular,Email
7354,Other,66+,Snyderton,Germany,Regular,Referral
7355,Male,36-45,Lake Hannah,Italy,VIP,Organic Search
7356,Other,26-35,North Neil,Romania,Regular,Organic Search
7357,Other,18-25,North Frankside,Spain,Regular,Paid Ads
7358,Female,66+,Edwardburgh,Czech Republic,Regular,Organic Search
7359,Female,66+,Lake Tiffanyberg,Germany,Regular,Social Media
7360,Other,56-65,Michaelside,Slovakia,Regular,Social Media
7361,Female,26-35,Millerland,Poland,VIP,Paid Ads
7362,Male,18-25,Pamelabury,Spain,Regular,Referral
7363,Other,46-55,Johnville,France,Regular,Referral
7364,Female,46-55,South Michelle,Germany,Regular,Referral
7365,Female,56-65,Brittanyfurt,Spain,Regular,Email
7366,Male,36-45,West Roberta,Italy,VIP,Social Media
7367,Male,56-65,Lake Caroline,Bulgaria,Regular,Email
7368,Other,66+,East John,Germany,Regular,Social Media
7369,Female,26-35,New Melaniemouth,France,VIP,Email
7370,Other,46-55,South Michelle,Poland,Regular,Organic Search
7371,Male,18-25,Port Amandaview,Italy,VIP,Organic Search
7372,Male,36-45,Port Billytown,France,Regular,Organic Search
7373,Male,66+,Lake Claudiatown,France,VIP,Social Media
7374,Male,18-25,Jenniferstad,Spain,Regular,Email
7375,Male,18-25,Brownview,Poland,Regular,Email
7376,Male,46-55,Johnathanberg,Croatia,Regular,Social Media
7377,Other,56-65,South Peterberg,Hungary,VIP,Email
7378,Male,36-45,Davismouth,Poland,Regular,Referral
7379,Other,18-25,Ashleyhaven,France,Regular,Email
7380,Female,46-55,Scottburgh,Ireland,Regular,Referral
7381,Male,56-65,Christopherside,Italy,Regular,Organic Search
7382,Male,26-35,Olsenshire,Germany,Regular,Referral
7383,Other,26-35,Marshallborough,France,VIP,Email
7384,Other,56-65,Michaelchester,Sweden,Regular,Paid Ads
7385,Female,56-65,Vickiemouth,Denmark,Regular,Organic Search
7386,Other,36-45,North Tinahaven,Netherlands,Regular,Referral
7387,Male,46-55,East Andrew,Poland,Regular,Organic Search
7388,Female,36-45,North Victoria,Germany,Regular,Organic Search
7389,Female,66+,Lake Lisa,Hungary,Regular,Paid Ads
7390,Female,18-25,North Charlesville,Greece,Regular,Email
7391,Female,46-55,Erinbury,Italy,Regular,Email
7392,Other,56-65,Yuside,Romania,Regular,Organic Search
7393,Other,36-45,New Richard,Germany,Regular,Referral
7394,Female,56-65,Johnsontown,France,Regular,Referral
7395,Other,36-45,East Dylan,Romania,Regular,Paid Ads
7396,Female,36-45,Andrewville,Bulgaria,Regular,Referral
7397,Female,26-35,Lake Michaelstad,Germany,VIP,Referral
7398,Other,46-55,Johnsonborough,Austria,Regular,Social Media
7399,Female,66+,New Adam,Poland,Regular,Referral
7400,Female,46-55,Barneston,Netherlands,Regular,Email
7401,Female,66+,North Matthewberg,Netherlands,VIP,Social Media
7402,Other,26-35,Liuland,Austria,Regular,Referral
7403,Female,66+,Rubenton,Finland,VIP,Paid Ads
7404,Female,26-35,South James,France,Regular,Paid Ads
7405,Male,56-65,East Katherineside,Poland,Regular,Email
7406,Female,26-35,Jenniferview,Poland,Regular,Social Media
7407,Male,26-35,Cookmouth,Italy,Regular,Social Media
7408,Male,46-55,Joshuaberg,France,Regular,Social Media
7409,Male,26-35,Nicoleton,France,Regular,Social Media
7410,Other,26-35,Benjaminview,Slovakia,VIP,Email
7411,Female,56-65,Philipbury,Germany,Regular,Email
7412,Female,18-25,Rivasburgh,Germany,Regular,Referral
7413,Female,18-25,Petersshire,France,Regular,Referral
7414,Other,36-45,Port Rhonda,France,Regular,Social Media
7415,Other,26-35,West Jennifer,Germany,Regular,Email
7416,Other,46-55,West Kevinmouth,France,Regular,Referral
7417,Female,46-55,Longmouth,France,Regular,Referral
7418,Female,46-55,Jasonstad,France,Regular,Paid Ads
7419,Male,46-55,New Kathyton,France,VIP,Email
7420,Female,18-25,Johnstad,Poland,Regular,Paid Ads
7421,Other,56-65,Port Suzanne,Czech Republic,Regular,Organic Search
7422,Male,18-25,Courtneyfort,Germany,VIP,Referral
7423,Female,56-65,New Jade,Italy,VIP,Email
7424,Female,36-45,Woodsmouth,Italy,Regular,Social Media
7425,Female,46-55,East Timothyport,Poland,Regular,Referral
7426,Male,26-35,New Williamton,France,Regular,Organic Search
7427,Female,36-45,Terryton,Italy,Regular,Social Media
7428,Other,36-45,North Michaelbury,Italy,Regular,Referral
7429,Male,36-45,South Kylechester,Spain,VIP,Social Media
7430,Other,66+,Port Tina,Netherlands,VIP,Organic Search
7431,Female,18-25,Hendersonhaven,France,Regular,Email
7432,Female,46-55,Port Christine,Spain,VIP,Organic Search
7433,Other,56-65,Lesliehaven,Netherlands,Regular,Organic Search
7434,Other,26-35,Josemouth,Ireland,Regular,Referral
7435,Male,56-65,Lake Christine,Slovakia,VIP,Paid Ads
7436,Female,36-45,West Joshua,Spain,Regular,Email
7437,Female,66+,Jenniferland,Spain,VIP,Paid Ads
7438,Male,46-55,South Justin,Finland,Regular,Email
7439,Female,66+,New Samantha,Italy,Regular,Organic Search
7440,Male,18-25,Lake Mark,Spain,Regular,Referral
7441,Female,18-25,Port Lori,Austria,Regular,Referral
7442,Female,18-25,Matthewborough,France,Regular,Email
7443,Other,66+,Thompsontown,France,Regular,Referral
7444,Female,56-65,Brownhaven,Spain,Regular,Organic Search
7445,Other,36-45,East Jonathanberg,France,Regular,Referral
7446,Female,66+,North Brandonmouth,Slovakia,Regular,Organic Search
7447,Female,56-65,Lake Johnside,Romania,VIP,Paid Ads
7448,Other,18-25,West Jasonland,Spain,VIP,Referral
7449,Other,26-35,Jerryfurt,Poland,Regular,Referral
7450,Female,26-35,South Dianamouth,Sweden,Regular,Organic Search
7451,Other,56-65,Knoxstad,Italy,Regular,Email
7452,Female,36-45,Stephanieborough,Spain,Regular,Organic Search
7453,Other,56-65,East Bill,Spain,Regular,Email
7454,Male,26-35,Jeffreystad,France,Regular,Organic Search
7455,Female,46-55,East Nancy,Spain,VIP,Social Media
7456,Other,56-65,Myerstown,Germany,Regular,Organic Search
7457,Male,26-35,Jessicashire,Portugal,Regular,Organic Search
7458,Other,56-65,Hamiltonton,Finland,Regular,Referral
7459,Male,18-25,Lucaston,Italy,Regular,Paid Ads
7460,Female,46-55,Gregoryville,Finland,Regular,Organic Search
7461,Male,46-55,Port Stephanieview,Estonia,Regular,Email
7462,Female,36-45,South Matthewland,Germany,Regular,Organic Search
7463,Other,46-55,West Ann,Sweden,Regular,Paid Ads
7464,Male,66+,North Tonyview,Germany,Regular,Paid Ads
7465,Female,18-25,Kimberlyhaven,Germany,VIP,Paid Ads
7466,Other,56-65,Jessicafurt,France,VIP,Organic Search
7467,Other,46-55,North Kristaview,Portugal,Regular,Paid Ads
7468,Male,36-45,Darrenshire,Sweden,Regular,Organic Search
7469,Male,56-65,Lake Bryanview,Czech Republic,Regular,Organic Search
7470,Female,36-45,Annview,Finland,Regular,Referral
7471,Other,36-45,Georgefurt,France,Regular,Referral
7472,Male,56-65,Port Jamesshire,Poland,Regular,Paid Ads
7473,Other,36-45,Kristinaborough,France,Regular,Social Media
7474,Male,36-45,North Bradleyberg,France,Regular,Email
7475,Male,66+,New Zacharyfurt,Germany,VIP,Email
7476,Female,36-45,Harrismouth,Romania,Regular,Email
7477,Male,56-65,West Anthonybury,Italy,Regular,Social Media
7478,Female,66+,South Michael,Italy,Regular,Email
7479,Other,66+,North Alyssa,Czech Republic,VIP,Social Media
7480,Male,18-25,North Mitchell,Poland,Regular,Organic Search
7481,Other,66+,Lake Jenniferberg,Poland,Regular,Email
7482,Female,36-45,Kaylastad,Italy,Regular,Referral
7483,Other,36-45,New Monica,Italy,VIP,Social Media
7484,Female,56-65,East Charles,Spain,Regular,Social Media
7485,Other,56-65,Port Tina,Portugal,VIP,Social Media
7486,Other,36-45,South Carolynfurt,France,VIP,Social Media
7487,Female,56-65,Heidishire,Germany,Regular,Social Media
7488,Other,66+,Wallton,Czech Republic,Regular,Paid Ads
7489,Female,56-65,Turnermouth,Italy,Regular,Organic Search
7490,Other,26-35,West Anthony,Spain,Regular,Referral
7491,Female,36-45,North Hunterstad,Italy,Regular,Referral
7492,Female,36-45,Smithfurt,Poland,Regular,Paid Ads
7493,Other,18-25,Adamsmouth,Italy,VIP,Email
7494,Female,66+,Alvarezmouth,Italy,Regular,Paid Ads
7495,Female,56-65,Paulmouth,Spain,VIP,Referral
7496,Female,36-45,Brucefort,Germany,Regular,Email
7497,Other,36-45,East Mirandamouth,Luxembourg,Regular,Referral
7498,Female,66+,Lake Amy,Spain,Regular,Organic Search
7499,Male,26-35,Kennethhaven,Italy,Regular,Social Media
7500,Other,46-55,North Jessica,Czech Republic,VIP,Social Media
7501,Male,36-45,East Ian,Italy,Regular,Paid Ads
7502,Female,46-55,Port Teresahaven,Czech Republic,Regular,Organic Search
7503,Male,26-35,Simpsonbury,Italy,Regular,Paid Ads
7504,Other,46-55,West Alexanderberg,Spain,Regular,Paid Ads
7505,Female,36-45,West Susan,Sweden,Regular,Paid Ads
7506,Female,66+,Andrewland,France,Regular,Organic Search
7507,Female,36-45,West Davidhaven,Italy,Regular,Social Media
7508,Other,36-45,Port David,Italy,Regular,Social Media
7509,Male,18-25,Burnsmouth,Slovakia,Regular,Email
7510,Other,26-35,North Cody,Croatia,Regular,Referral
7511,Female,46-55,Olsonville,Belgium,Regular,Email
7512,Other,36-45,Bryceside,Hungary,Regular,Social Media
7513,Other,56-65,Johnburgh,Bulgaria,VIP,Email
7514,Other,18-25,North Stephenmouth,Italy,Regular,Organic Search
7515,Female,36-45,Lake Peterville,Spain,Regular,Email
7516,Male,18-25,East Patricia,France,Regular,Email
7517,Male,26-35,Richardbury,Spain,Regular,Referral
7518,Other,66+,East Shannon,Denmark,Regular,Organic Search
7519,Female,18-25,Blackhaven,Netherlands,Regular,Email
7520,Other,36-45,Danielmouth,Luxembourg,Regular,Organic Search
7521,Male,36-45,New Michael,Cyprus,Regular,Email
7522,Male,18-25,Port Loriburgh,France,VIP,Paid Ads
7523,Male,46-55,Elizabethtown,Germany,Regular,Organic Search
7524,Male,66+,Alyssachester,Poland,Regular,Paid Ads
7525,Other,46-55,Lake Heatherport,Greece,Regular,Email
7526,Male,66+,Jonesbury,Germany,Regular,Paid Ads
7527,Other,46-55,Audreyberg,Spain,Regular,Organic Search
7528,Other,26-35,Port Mariah,Poland,Regular,Social Media
7529,Female,56-65,Marthaland,Croatia,VIP,Referral
7530,Female,46-55,Williamsfurt,Czech Republic,Regular,Social Media
7531,Male,66+,Robertside,Denmark,VIP,Paid Ads
7532,Other,18-25,Smithtown,France,VIP,Paid Ads
7533,Female,46-55,Kathrynshire,Portugal,Regular,Social Media
7534,Female,36-45,South Michaelview,Germany,Regular,Organic Search
7535,Other,56-65,Millerborough,France,VIP,Paid Ads
7536,Other,46-55,Goldenchester,Czech Republic,Regular,Referral
7537,Other,36-45,Youngview,Poland,Regular,Email
7538,Female,36-45,Martinmouth,Spain,Regular,Paid Ads
7539,Other,46-55,West Angela,France,Regular,Social Media
7540,Female,46-55,Griffinburgh,Slovakia,Regular,Paid Ads
7541,Other,56-65,East Troyshire,Luxembourg,Regular,Paid Ads
7542,Female,36-45,Vargasmouth,Germany,Regular,Referral
7543,Male,26-35,Brianland,France,Regular,Organic Search
7544,Other,46-55,Phillipsmouth,Ireland,Regular,Email
7545,Other,56-65,Reedside,Portugal,Regular,Social Media
7546,Other,46-55,Christopherfort,Czech Republic,Regular,Email
7547,Male,66+,Lake Katrina,Germany,Regular,Paid Ads
7548,Other,26-35,New Tony,Austria,Regular,Paid Ads
7549,Other,46-55,Rossport,France,VIP,Organic Search
7550,Male,26-35,South Kimberly,France,Regular,Email
7551,Male,46-55,Mathewsside,Czech Republic,Regular,Organic Search
7552,Female,46-55,Lake Samantha,France,Regular,Email
7553,Female,56-65,New Nicole,Lithuania,Regular,Social Media
7554,Female,56-65,Lake Keith,Czech Republic,Regular,Social Media
7555,Female,66+,West Joseph,Belgium,Regular,Social Media
7556,Female,56-65,East Dustin,Hungary,Regular,Organic Search
7557,Female,36-45,North James,Germany,VIP,Paid Ads
7558,Other,66+,West Valerie,Finland,Regular,Referral
7559,Female,56-65,Marcview,France,Regular,Referral
7560,Male,46-55,Andrewsshire,Finland,VIP,Referral
7561,Female,36-45,Lake Crystalbury,Germany,VIP,Social Media
7562,Male,18-25,Wrightchester,Sweden,VIP,Paid Ads
7563,Other,56-65,Lake Thomas,Germany,Regular,Social Media
7564,Male,36-45,East Timothymouth,Spain,VIP,Paid Ads
7565,Other,56-65,Floresshire,Italy,VIP,Email
7566,Other,18-25,South Catherine,Italy,Regular,Referral
7567,Male,26-35,Port Josephstad,Italy,Regular,Email
7568,Other,18-25,Martinezstad,France,Regular,Paid Ads
7569,Male,66+,West Jamie,Finland,Regular,Referral
7570,Female,66+,Lake Christopher,Finland,Regular,Paid Ads
7571,Other,56-65,New Sherry,Austria,Regular,Organic Search
7572,Male,26-35,Jasonmouth,Czech Republic,Regular,Organic Search
7573,Male,66+,Port Catherine,Germany,Regular,Email
7574,Other,46-55,New Deborahstad,Latvia,VIP,Social Media
7575,Other,18-25,Grantberg,Germany,Regular,Social Media
7576,Other,36-45,East Sandrafurt,Spain,Regular,Referral
7577,Other,18-25,Marksport,Italy,Regular,Paid Ads
7578,Other,26-35,Port Jennymouth,Spain,Regular,Email
7579,Male,36-45,Christineburgh,Italy,Regular,Email
7580,Male,36-45,Port Gregorymouth,Hungary,Regular,Organic Search
7581,Female,66+,Lake Joannfurt,Poland,Regular,Social Media
7582,Male,46-55,North Alan,Germany,VIP,Email
7583,Male,18-25,Shannonshire,Portugal,Regular,Email
7584,Female,26-35,North Dylan,Spain,Regular,Organic Search
7585,Female,26-35,East Stacyton,France,Regular,Paid Ads
7586,Male,18-25,Port Angela,Germany,Regular,Referral
7587,Male,26-35,Charlesfurt,France,Regular,Referral
7588,Male,26-35,New Phillipborough,Italy,Regular,Referral
7589,Female,36-45,South Tylerland,Germany,Regular,Organic Search
7590,Male,36-45,West Jamesbury,Italy,Regular,Social Media
7591,Female,46-55,Port Aaron,Italy,Regular,Organic Search
7592,Female,66+,New Adamburgh,Belgium,Regular,Organic Search
7593,Other,36-45,East Katie,Germany,VIP,Organic Search
7594,Female,66+,Mollymouth,Denmark,Regular,Referral
7595,Male,46-55,West Williamfurt,Spain,Regular,Social Media
7596,Male,18-25,Brianberg,Spain,Regular,Organic Search
7597,Male,46-55,New Timothymouth,Belgium,Regular,Email
7598,Male,26-35,Drakestad,France,Regular,Paid Ads
7599,Male,66+,West Colton,Poland,Regular,Organic Search
7600,Female,36-45,Oliverton,Poland,Regular,Email
7601,Male,46-55,South Angela,Belgium,Regular,Organic Search
7602,Other,36-45,Payneville,Denmark,VIP,Organic Search
7603,Male,18-25,Lake Dustin,Greece,VIP,Paid Ads
7604,Female,46-55,North Shannonview,Italy,Regular,Social Media
7605,Other,36-45,New Jonathan,Poland,Regular,Email
7606,Other,18-25,South Jason,Germany,Regular,Organic Search
7607,Female,56-65,West Kelseyborough,France,Regular,Social Media
7608,Other,26-35,South Thomaschester,Germany,VIP,Referral
7609,Other,26-35,New Melissachester,Czech Republic,Regular,Referral
7610,Male,18-25,West Jamie,France,Regular,Social Media
7611,Male,46-55,Port Dennis,Belgium,Regular,Organic Search
7612,Other,36-45,Victoriaside,Germany,VIP,Social Media
7613,Female,18-25,Grantport,France,Regular,Paid Ads
7614,Female,18-25,Bryanborough,Germany,Regular,Social Media
7615,Male,26-35,Tiffanytown,Italy,Regular,Email
7616,Other,26-35,South Nicole,Germany,Regular,Email
7617,Male,46-55,New Wandashire,Portugal,Regular,Email
7618,Other,18-25,Ashleybury,Italy,Regular,Email
7619,Male,36-45,South Brookeborough,Italy,Regular,Referral
7620,Male,66+,Scotttown,Croatia,Regular,Paid Ads
7621,Other,18-25,Lake Lisamouth,Germany,Regular,Social Media
7622,Other,18-25,New Melissamouth,Greece,Regular,Email
7623,Male,26-35,Thomaschester,Czech Republic,Regular,Organic Search
7624,Male,46-55,Penatown,Spain,Regular,Referral
7625,Other,66+,Samanthafurt,Germany,Regular,Social Media
7626,Female,66+,Sotobury,Germany,Regular,Social Media
7627,Female,26-35,North Andrealand,Slovakia,Regular,Social Media
7628,Female,46-55,Obrienville,Poland,VIP,Referral
7629,Female,36-45,Huntstad,Austria,VIP,Social Media
7630,Male,46-55,Stevenland,Italy,Regular,Social Media
7631,Other,66+,New Ericamouth,Italy,VIP,Organic Search
7632,Male,46-55,West Rebeccaland,Poland,VIP,Paid Ads
7633,Other,66+,West Sarah,Estonia,Regular,Organic Search
7634,Female,56-65,East Derekfort,Germany,Regular,Organic Search
7635,Male,56-65,Vanessashire,Portugal,Regular,Paid Ads
7636,Male,56-65,West Meganside,Italy,Regular,Email
7637,Other,18-25,Theresaton,France,Regular,Organic Search
7638,Male,18-25,Maureenfort,Netherlands,Regular,Paid Ads
7639,Female,66+,Zimmermanchester,Spain,VIP,Organic Search
7640,Other,66+,North Kevinstad,Italy,Regular,Referral
7641,Female,46-55,Snyderbury,Spain,Regular,Organic Search
7642,Other,46-55,Ashleystad,France,VIP,Referral
7643,Male,18-25,Bridgetfurt,Spain,Regular,Referral
7644,Other,56-65,North Lawrence,Netherlands,Regular,Social Media
7645,Female,46-55,Ayersshire,Italy,Regular,Social Media
7646,Female,46-55,South Adrianfort,Lithuania,Regular,Email
7647,Other,26-35,Marybury,Belgium,VIP,Social Media
7648,Male,26-35,Lake Andrewmouth,Romania,Regular,Paid Ads
7649,Other,56-65,West Robinshire,Austria,Regular,Referral
7650,Other,56-65,Terrellside,Sweden,Regular,Email
7651,Male,18-25,Thomasmouth,Germany,Regular,Organic Search
7652,Other,36-45,New Michelle,Italy,Regular,Email
7653,Female,26-35,East Robert,Italy,Regular,Organic Search
7654,Other,18-25,Jonesshire,Spain,Regular,Referral
7655,Female,36-45,Port Phyllis,France,Regular,Email
7656,Other,56-65,West Daniel,France,Regular,Social Media
7657,Female,26-35,Greerstad,Netherlands,Regular,Social Media
7658,Other,56-65,Hermantown,Italy,Regular,Organic Search
7659,Male,18-25,Sullivanborough,Germany,Regular,Email
7660,Other,46-55,Shirleyfurt,France,Regular,Referral
7661,Male,26-35,Morganmouth,Netherlands,Regular,Referral
7662,Male,56-65,North Emilychester,Germany,Regular,Email
7663,Male,36-45,Strongton,Poland,Regular,Organic Search
7664,Male,26-35,Andersonshire,France,Regular,Referral
7665,Male,36-45,Floreston,Poland,Regular,Email
7666,Other,66+,East Christinemouth,Germany,Regular,Social Media
7667,Female,36-45,Robertbury,France,VIP,Paid Ads
7668,Other,66+,Stuartstad,Germany,Regular,Email
7669,Female,46-55,East Tony,Croatia,Regular,Organic Search
7670,Male,46-55,Johnsonberg,France,Regular,Email
7671,Other,36-45,Lake Lisa,France,VIP,Paid Ads
7672,Male,26-35,North Lauren,Poland,VIP,Paid Ads
7673,Other,46-55,East Thomas,Germany,Regular,Social Media
7674,Male,26-35,Davisview,Finland,Regular,Social Media
7675,Female,36-45,North Kennethland,Belgium,Regular,Organic Search
7676,Female,66+,East Anne,France,Regular,Referral
7677,Other,18-25,Port Randy,Czech Republic,Regular,Paid Ads
7678,Male,66+,South Lisa,Germany,Regular,Social Media
7679,Male,36-45,Collinsfort,Netherlands,Regular,Organic Search
7680,Female,46-55,Amandastad,Germany,Regular,Email
7681,Female,26-35,New Stephanieburgh,Germany,VIP,Social Media
7682,Other,26-35,West Andreaborough,Spain,Regular,Social Media
7683,Female,46-55,Joshuatown,Italy,VIP,Email
7684,Male,56-65,Hannahland,France,VIP,Email
7685,Female,18-25,North Cheryl,Italy,Regular,Email
7686,Male,46-55,West Margaretfort,France,Regular,Social Media
7687,Other,66+,East Amanda,France,Regular,Social Media
7688,Male,66+,Glendahaven,Sweden,VIP,Social Media
7689,Female,66+,Millertown,Germany,Regular,Social Media
7690,Female,36-45,West Zacharyfurt,Poland,Regular,Paid Ads
7691,Male,18-25,Nelsonland,Germany,Regular,Organic Search
7692,Other,56-65,Port Theodoreburgh,Spain,Regular,Email
7693,Male,26-35,Port Ryanhaven,Netherlands,Regular,Email
7694,Female,36-45,Webbmouth,France,Regular,Social Media
7695,Other,18-25,North Robinport,Sweden,VIP,Social Media
7696,Male,26-35,New Davidtown,Greece,Regular,Social Media
7697,Other,18-25,West Monicamouth,Italy,Regular,Referral
7698,Other,26-35,Osbornemouth,France,Regular,Social Media
7699,Female,36-45,West Rickyland,Hungary,Regular,Paid Ads
7700,Male,18-25,Amandaborough,Germany,Regular,Social Media
7701,Female,56-65,Donmouth,Greece,Regular,Paid Ads
7702,Male,56-65,Josephton,Germany,Regular,Referral
7703,Male,46-55,Christopherburgh,Hungary,Regular,Social Media
7704,Female,46-55,West Jerrymouth,France,Regular,Email
7705,Female,46-55,Emilyton,Slovakia,Regular,Organic Search
7706,Male,56-65,Lake Edward,Italy,Regular,Organic Search
7707,Other,36-45,Floydstad,Germany,VIP,Paid Ads
7708,Male,36-45,Kiddberg,Italy,Regular,Organic Search
7709,Male,26-35,Davidshire,Portugal,VIP,Organic Search
7710,Female,18-25,North Petershire,Spain,Regular,Organic Search
7711,Female,46-55,Wallberg,Finland,Regular,Organic Search
7712,Female,36-45,South Lori,Spain,VIP,Paid Ads
7713,Female,46-55,Melissafort,Belgium,Regular,Organic Search
7714,Female,56-65,Port Kevin,Germany,Regular,Organic Search
7715,Female,66+,Lewisview,Italy,Regular,Social Media
7716,Female,66+,New Donnaside,Spain,Regular,Social Media
7717,Other,26-35,East Jennifer,Greece,Regular,Social Media
7718,Female,56-65,Johnsonville,Germany,VIP,Organic Search
7719,Male,66+,Melissamouth,Sweden,Regular,Social Media
7720,Other,56-65,South Frederickbury,Germany,Regular,Organic Search
7721,Female,18-25,South Tylerfort,France,Regular,Paid Ads
7722,Female,66+,East Emily,Sweden,Regular,Email
7723,Other,18-25,Thomastown,Poland,Regular,Paid Ads
7724,Male,18-25,Ericton,Italy,Regular,Paid Ads
7725,Male,18-25,Jacquelineville,Hungary,Regular,Organic Search
7726,Other,56-65,West Blakehaven,Germany,Regular,Social Media
7727,Other,56-65,West Frederickton,Italy,Regular,Referral
7728,Other,36-45,West Debrafurt,Italy,Regular,Email
7729,Male,56-65,Brandonchester,Germany,VIP,Referral
7730,Other,36-45,Jamesfurt,Spain,Regular,Organic Search
7731,Female,36-45,Wendytown,Finland,Regular,Email
7732,Female,26-35,Johnstad,Germany,Regular,Organic Search
7733,Male,18-25,South Mitchellshire,Poland,VIP,Organic Search
7734,Male,26-35,Perryburgh,Spain,VIP,Referral
7735,Other,26-35,Shawview,Hungary,Regular,Paid Ads
7736,Other,36-45,East Christopher,France,Regular,Organic Search
7737,Male,66+,Paynetown,Greece,Regular,Social Media
7738,Female,46-55,East Morgan,Italy,Regular,Paid Ads
7739,Male,18-25,East Danny,Bulgaria,Regular,Social Media
7740,Female,26-35,Pooletown,France,Regular,Referral
7741,Male,46-55,Lake Adam,Italy,Regular,Organic Search
7742,Male,56-65,Paulafort,France,Regular,Paid Ads
7743,Other,66+,Grayborough,Netherlands,Regular,Email
7744,Other,46-55,Austinville,Spain,Regular,Referral
7745,Other,66+,Port Johnburgh,France,Regular,Referral
7746,Male,18-25,Martinport,Spain,VIP,Social Media
7747,Female,66+,Garrettbury,France,VIP,Paid Ads
7748,Other,18-25,Franklinside,Hungary,Regular,Social Media
7749,Male,66+,Christopherville,Austria,Regular,Email
7750,Female,26-35,Davisside,Greece,Regular,Referral
7751,Male,36-45,East Johnland,Sweden,Regular,Referral
7752,Male,46-55,West Christopher,Italy,Regular,Email
7753,Male,56-65,West Joshua,Poland,VIP,Referral
7754,Other,66+,New Lorishire,Portugal,Regular,Email
7755,Male,26-35,Michelleborough,France,Regular,Organic Search
7756,Male,56-65,East Tyronebury,Sweden,Regular,Referral
7757,Other,66+,Lake Lindastad,Netherlands,VIP,Referral
7758,Female,56-65,West Paulberg,Spain,VIP,Organic Search
7759,Other,26-35,New Kimberly,France,Regular,Referral
7760,Male,18-25,Ayersmouth,Czech Republic,Regular,Email
7761,Male,18-25,New Tinahaven,Italy,Regular,Referral
7762,Other,26-35,Simmonsmouth,Belgium,Regular,Paid Ads
7763,Female,66+,Grayfort,France,Regular,Organic Search
7764,Female,66+,Lake James,Italy,VIP,Referral
7765,Other,56-65,North Mariahaven,Italy,Regular,Social Media
7766,Other,56-65,Jorgefort,Poland,Regular,Referral
7767,Female,46-55,West Adamside,France,Regular,Referral
7768,Female,26-35,New John,Greece,Regular,Paid Ads
7769,Male,36-45,Melissaland,Spain,Regular,Social Media
7770,Female,56-65,North Tracy,Germany,Regular,Social Media
7771,Male,26-35,Port James,France,Regular,Email
7772,Male,26-35,Lake Matthew,Italy,Regular,Paid Ads
7773,Other,36-45,West Dominique,Greece,Regular,Social Media
7774,Other,46-55,South Mark,France,Regular,Social Media
7775,Other,66+,Port Julie,Germany,Regular,Organic Search
7776,Female,46-55,Velezport,Germany,Regular,Organic Search
7777,Female,26-35,Luisstad,Belgium,Regular,Social Media
7778,Male,36-45,Lake Cynthiaport,Portugal,Regular,Social Media
7779,Male,46-55,Jonfort,Germany,Regular,Paid Ads
7780,Female,26-35,South Peter,Germany,Regular,Referral
7781,Female,18-25,Jonathanton,Austria,Regular,Paid Ads
7782,Other,26-35,North Jessica,Denmark,Regular,Email
7783,Other,18-25,Greerburgh,Germany,Regular,Email
7784,Other,66+,Whitakershire,Sweden,Regular,Paid Ads
7785,Female,66+,West Crystal,Italy,Regular,Social Media
7786,Male,18-25,Hawkinsshire,Romania,Regular,Referral
7787,Other,46-55,Port Juliefort,Portugal,Regular,Referral
7788,Male,18-25,South Joshua,Denmark,VIP,Email
7789,Male,26-35,Laraton,Austria,Regular,Organic Search
7790,Other,56-65,Sanchezshire,Denmark,Regular,Paid Ads
7791,Female,66+,West Maryville,Germany,Regular,Email
7792,Other,18-25,Annaburgh,Denmark,VIP,Email
7793,Male,26-35,Farrellstad,Germany,Regular,Social Media
7794,Female,66+,Clarkfurt,Spain,VIP,Organic Search
7795,Male,18-25,Ballardstad,Finland,Regular,Social Media
7796,Female,18-25,Angelaborough,Germany,Regular,Referral
7797,Other,36-45,Jeffreychester,Germany,Regular,Organic Search
7798,Other,46-55,Port Alecport,Italy,Regular,Paid Ads
7799,Male,36-45,Aprilbury,France,Regular,Email
7800,Male,26-35,Lake Randallberg,Spain,Regular,Organic Search
7801,Other,36-45,Nelsonborough,France,Regular,Social Media
7802,Male,36-45,Port Elizabethchester,France,Regular,Organic Search
7803,Female,18-25,Ibarraton,Germany,Regular,Organic Search
7804,Female,18-25,Johnland,France,VIP,Social Media
7805,Male,26-35,Emilyfort,Germany,Regular,Social Media
7806,Female,56-65,West Karen,Lithuania,Regular,Organic Search
7807,Male,66+,East Haroldland,Greece,Regular,Paid Ads
7808,Female,46-55,Garciabury,Poland,Regular,Referral
7809,Male,46-55,South Lisatown,Germany,Regular,Organic Search
7810,Other,56-65,North Robert,Greece,Regular,Email
7811,Other,46-55,Baileyville,Spain,Regular,Referral
7812,Female,18-25,Lake Michael,Portugal,Regular,Referral
7813,Male,26-35,Kennedyshire,Spain,Regular,Email
7814,Other,56-65,Lake Meredith,Spain,Regular,Referral
7815,Male,18-25,Johnsonville,Netherlands,Regular,Referral
7816,Female,36-45,Fernandezborough,France,VIP,Social Media
7817,Other,56-65,Lake Ronaldport,France,Regular,Email
7818,Male,66+,New Matthewland,Sweden,Regular,Referral
7819,Male,36-45,Lake Christopher,Hungary,VIP,Email
7820,Male,46-55,Stevensville,Finland,Regular,Email
7821,Female,66+,East Joshua,Netherlands,Regular,Paid Ads
7822,Male,36-45,Roberttown,Poland,Regular,Social Media
7823,Other,26-35,Davischester,Spain,Regular,Organic Search
7824,Other,66+,East Jessica,Czech Republic,Regular,Referral
7825,Male,36-45,Smallmouth,Greece,Regular,Social Media
7826,Male,56-65,East Manuelport,Poland,VIP,Organic Search
7827,Female,36-45,Hunterton,Belgium,VIP,Referral
7828,Female,46-55,Suzannehaven,France,Regular,Organic Search
7829,Male,66+,Lake Justinstad,Germany,Regular,Organic Search
7830,Male,46-55,North Jordanmouth,Czech Republic,Regular,Social Media
7831,Other,36-45,South Phillip,France,Regular,Social Media
7832,Male,66+,East Mark,Greece,Regular,Social Media
7833,Male,46-55,Smithberg,Ireland,Regular,Email
7834,Other,46-55,West Charles,Greece,Regular,Email
7835,Other,56-65,Greenshire,Romania,Regular,Paid Ads
7836,Other,26-35,Blackwellmouth,Netherlands,Regular,Organic Search
7837,Male,66+,Williamport,Czech Republic,VIP,Paid Ads
7838,Male,36-45,Daltonton,Belgium,VIP,Email
7839,Male,18-25,South Rubenfort,France,Regular,Social Media
7840,Other,46-55,Wallaceburgh,Italy,Regular,Referral
7841,Male,36-45,New Lisaside,Spain,VIP,Organic Search
7842,Female,56-65,Carlychester,Croatia,Regular,Referral
7843,Female,36-45,Sheppardport,Germany,Regular,Paid Ads
7844,Male,36-45,Barkerville,Lithuania,Regular,Referral
7845,Female,56-65,Christopherfurt,Germany,Regular,Referral
7846,Male,18-25,North Terrence,Germany,Regular,Referral
7847,Male,26-35,Williamschester,Czech Republic,VIP,Referral
7848,Other,36-45,Rebeccaland,Czech Republic,Regular,Paid Ads
7849,Male,46-55,New Robertview,Czech Republic,Regular,Social Media
7850,Other,46-55,Port Ryan,Austria,Regular,Email
7851,Female,66+,Williamston,Bulgaria,Regular,Email
7852,Other,18-25,Obrienton,Sweden,Regular,Organic Search
7853,Male,56-65,Stantonshire,France,Regular,Referral
7854,Other,66+,Banksfort,Italy,Regular,Email
7855,Female,46-55,Lake Juan,Poland,Regular,Paid Ads
7856,Male,36-45,Warrenberg,France,Regular,Organic Search
7857,Other,26-35,North Donnamouth,Germany,VIP,Email
7858,Female,26-35,Dannybury,Italy,VIP,Organic Search
7859,Female,66+,South Karlberg,Sweden,Regular,Social Media
7860,Male,26-35,East Mark,Germany,Regular,Email
7861,Female,18-25,Lake Sophiabury,Germany,VIP,Social Media
7862,Female,36-45,Mcmahonfort,France,VIP,Paid Ads
7863,Female,66+,Sheilastad,Italy,Regular,Organic Search
7864,Other,36-45,Cunninghamfurt,Latvia,Regular,Paid Ads
7865,Other,66+,North Valerieside,France,VIP,Organic Search
7866,Female,36-45,Bakertown,Germany,VIP,Organic Search
7867,Male,66+,Nealfurt,Germany,VIP,Referral
7868,Male,26-35,Carlosmouth,Germany,Regular,Email
7869,Male,36-45,North Judithburgh,France,Regular,Paid Ads
7870,Other,36-45,Mcdonaldshire,Germany,Regular,Referral
7871,Female,66+,Blackmouth,Czech Republic,Regular,Paid Ads
7872,Female,26-35,Lynchfort,Portugal,Regular,Paid Ads
7873,Female,18-25,New Christopher,France,VIP,Referral
7874,Other,36-45,South Michelleside,Germany,Regular,Email
7875,Other,36-45,West Patricia,Poland,Regular,Paid Ads
7876,Other,18-25,Royfurt,Italy,Regular,Social Media
7877,Female,36-45,Tylerhaven,France,Regular,Paid Ads
7878,Male,66+,Rodriguezstad,Italy,Regular,Social Media
7879,Male,36-45,Kariville,Germany,Regular,Email
7880,Other,36-45,New Crystal,Sweden,Regular,Paid Ads
7881,Male,26-35,Leeside,Sweden,Regular,Social Media
7882,Female,56-65,Lake James,Poland,VIP,Paid Ads
7883,Other,66+,Evansside,Croatia,Regular,Paid Ads
7884,Male,36-45,Arnoldburgh,Spain,VIP,Referral
7885,Female,66+,East Andreafurt,France,Regular,Organic Search
7886,Other,46-55,Lake Sherry,Poland,Regular,Social Media
7887,Female,26-35,Morenobury,France,Regular,Social Media
7888,Female,46-55,Rachelbury,Greece,Regular,Social Media
7889,Female,56-65,North David,France,Regular,Email
7890,Female,46-55,Burgessburgh,France,Regular,Organic Search
7891,Male,46-55,Rodrigueztown,Germany,Regular,Email
7892,Female,36-45,South Justinmouth,Slovakia,Regular,Paid Ads
7893,Other,46-55,Fullerhaven,Lithuania,Regular,Social Media
7894,Female,46-55,Smithberg,Sweden,Regular,Email
7895,Other,36-45,Kevinmouth,Italy,Regular,Referral
7896,Male,26-35,New Robertstad,Germany,VIP,Social Media
7897,Male,36-45,Port Megan,Germany,Regular,Social Media
7898,Other,46-55,Port Jennifermouth,Portugal,VIP,Referral
7899,Other,26-35,Parkerstad,Germany,VIP,Social Media
7900,Female,56-65,Charlesburgh,Spain,VIP,Paid Ads
7901,Male,66+,South Haydenmouth,Italy,Regular,Paid Ads
7902,Female,18-25,East Gary,Germany,Regular,Social Media
7903,Male,66+,Port Vincent,Germany,Regular,Email
7904,Other,66+,South Michael,France,Regular,Email
7905,Female,26-35,Port Julie,France,Regular,Email
7906,Other,26-35,Davidton,Italy,Regular,Referral
7907,Female,56-65,West Rebekah,Poland,Regular,Social Media
7908,Female,56-65,Brianmouth,Italy,Regular,Social Media
7909,Female,46-55,South Rebeccaberg,Greece,Regular,Organic Search
7910,Other,26-35,Amberfort,Germany,Regular,Referral
7911,Female,66+,New Timothy,Greece,Regular,Paid Ads
7912,Male,56-65,South Corytown,Italy,Regular,Paid Ads
7913,Female,18-25,Lake Kellytown,Slovakia,VIP,Email
7914,Female,66+,North Christopher,Lithuania,Regular,Referral
7915,Female,46-55,Davidton,Italy,Regular,Social Media
7916,Other,36-45,Blakeville,Greece,Regular,Social Media
7917,Female,36-45,New Julie,Greece,Regular,Organic Search
7918,Other,46-55,South Heather,Germany,Regular,Organic Search
7919,Male,36-45,South Bethmouth,Croatia,VIP,Paid Ads
7920,Male,56-65,Davidport,Greece,Regular,Paid Ads
7921,Other,36-45,South Bridgetbury,Germany,Regular,Social Media
7922,Male,56-65,West Aaron,Poland,Regular,Paid Ads
7923,Female,46-55,Lake Sean,Italy,Regular,Social Media
7924,Other,26-35,Lake James,France,Regular,Social Media
7925,Male,66+,Wellsland,France,Regular,Referral
7926,Male,66+,Wayneshire,France,Regular,Paid Ads
7927,Other,56-65,Port Nancy,Poland,VIP,Social Media
7928,Male,26-35,Gordonfurt,Germany,Regular,Referral
7929,Male,18-25,Lake Ricardoport,Italy,Regular,Social Media
7930,Other,56-65,Conniefort,Croatia,Regular,Email
7931,Female,36-45,Nicholsburgh,Netherlands,Regular,Referral
7932,Female,46-55,Lake Jesse,Germany,Regular,Organic Search
7933,Male,56-65,Hulltown,Italy,Regular,Paid Ads
7934,Female,26-35,South Victoria,Germany,VIP,Email
7935,Male,46-55,North Marcus,Bulgaria,Regular,Paid Ads
7936,Male,18-25,Williamsshire,Spain,Regular,Email
7937,Male,36-45,Kimberlyport,Spain,Regular,Social Media
7938,Male,26-35,Hendrixtown,Spain,Regular,Referral
7939,Female,56-65,Jenniferfort,Netherlands,Regular,Organic Search
7940,Female,56-65,West Michaelmouth,Spain,Regular,Organic Search
7941,Female,26-35,New Rosefurt,Poland,VIP,Email
7942,Female,18-25,Connieberg,Netherlands,Regular,Organic Search
7943,Female,36-45,Port Melissaland,Spain,VIP,Email
7944,Other,36-45,Lake Gerald,Bulgaria,Regular,Organic Search
7945,Male,18-25,North Jonathanville,Germany,Regular,Email
7946,Other,56-65,North Rose,Finland,Regular,Social Media
7947,Female,46-55,West Matthewchester,Germany,Regular,Organic Search
7948,Male,18-25,Port Michael,France,Regular,Email
7949,Male,46-55,Lake Christopher,Spain,Regular,Email
7950,Male,46-55,Lake Jackson,France,Regular,Paid Ads
7951,Other,36-45,East Jonathanside,Croatia,VIP,Paid Ads
7952,Male,46-55,Angelaside,Slovakia,Regular,Email
7953,Other,36-45,North Angelaport,Italy,Regular,Referral
7954,Other,56-65,Johnsonland,France,Regular,Organic Search
7955,Other,18-25,Lake Russell,Poland,Regular,Organic Search
7956,Female,26-35,Gracebury,France,Regular,Referral
7957,Female,66+,Barbaramouth,Italy,Regular,Referral
7958,Female,36-45,Emilyton,France,VIP,Organic Search
7959,Other,26-35,Lake Marymouth,France,VIP,Paid Ads
7960,Female,66+,Stephensland,Netherlands,Regular,Organic Search
7961,Other,36-45,North Darrenfort,Belgium,Regular,Paid Ads
7962,Female,36-45,South Brandonfort,Germany,Regular,Social Media
7963,Male,56-65,South Ronaldland,Poland,Regular,Organic Search
7964,Other,46-55,Connieview,Italy,Regular,Organic Search
7965,Other,56-65,Hartmanburgh,Italy,Regular,Referral
7966,Other,66+,East Patrickstad,Poland,Regular,Social Media
7967,Female,36-45,Welchfort,Spain,Regular,Organic Search
7968,Other,46-55,Cindyborough,Germany,Regular,Paid Ads
7969,Female,18-25,Floresport,Estonia,Regular,Email
7970,Other,46-55,Jeremiahside,France,Regular,Social Media
7971,Female,18-25,Port Matthewchester,France,VIP,Paid Ads
7972,Male,18-25,Cookland,France,Regular,Social Media
7973,Other,56-65,Lake Sarafurt,Italy,Regular,Paid Ads
7974,Female,26-35,South Brandon,Slovakia,Regular,Referral
7975,Female,46-55,Zoebury,Spain,VIP,Organic Search
7976,Other,26-35,West Jennifer,Spain,Regular,Organic Search
7977,Female,36-45,Smithbury,Sweden,Regular,Email
7978,Female,66+,Port Darren,France,Regular,Paid Ads
7979,Male,66+,Bernardstad,Portugal,Regular,Paid Ads
7980,Male,36-45,Ryanland,Spain,Regular,Organic Search
7981,Female,46-55,Karenmouth,Germany,Regular,Organic Search
7982,Male,18-25,Coreymouth,Germany,VIP,Social Media
7983,Other,56-65,New Austinchester,Spain,Regular,Email
7984,Male,26-35,Dustinfurt,Germany,Regular,Paid Ads
7985,Female,46-55,South Sherry,Italy,VIP,Email
7986,Other,18-25,West Kathryn,Spain,Regular,Social Media
7987,Other,26-35,West Jamesland,Finland,Regular,Email
7988,Male,18-25,New Roger,Germany,Regular,Social Media
7989,Male,66+,Currystad,Germany,Regular,Paid Ads
7990,Other,36-45,Tannerhaven,Germany,Regular,Email
7991,Other,56-65,Lake Samanthaview,France,Regular,Referral
7992,Female,18-25,North Jamestown,Romania,Regular,Organic Search
7993,Male,46-55,Cooperborough,Italy,Regular,Referral
7994,Female,26-35,Ortegaport,Germany,Regular,Referral
7995,Male,36-45,Lake Susan,Germany,Regular,Organic Search
7996,Other,46-55,Irwintown,Greece,Regular,Social Media
7997,Other,46-55,Michaelburgh,France,VIP,Referral
7998,Other,46-55,Port Tanya,France,Regular,Organic Search
7999,Female,66+,Martinezside,Finland,Regular,Social Media
8000,Other,36-45,North James,Hungary,Regular,Social Media
8001,Female,46-55,West Bryan,Hungary,VIP,Paid Ads
8002,Other,66+,East Willieberg,France,Regular,Organic Search
8003,Female,56-65,Lake Jonathanfurt,France,Regular,Paid Ads
8004,Female,18-25,Larsonborough,Poland,Regular,Email
8005,Female,26-35,New Gregorybury,Spain,Regular,Social Media
8006,Male,18-25,Lake Vincent,Belgium,Regular,Paid Ads
8007,Male,56-65,East Robin,France,Regular,Email
8008,Male,18-25,Port Elizabeth,Denmark,Regular,Organic Search
8009,Other,18-25,North Jodichester,Germany,Regular,Paid Ads
8010,Male,36-45,Shellymouth,Netherlands,Regular,Email
8011,Female,46-55,Murilloshire,France,Regular,Referral
8012,Other,36-45,Solisfort,Germany,VIP,Referral
8013,Female,46-55,New Stevenhaven,Netherlands,VIP,Social Media
8014,Other,26-35,Catherinemouth,Italy,Regular,Organic Search
8015,Other,36-45,Christopherville,Italy,Regular,Referral
8016,Other,46-55,Matthewchester,Spain,Regular,Referral
8017,Female,66+,Francoview,Slovakia,Regular,Referral
8018,Female,46-55,Mccormickberg,Romania,VIP,Social Media
8019,Other,66+,Markstad,Germany,Regular,Social Media
8020,Male,56-65,Alexatown,Austria,Regular,Social Media
8021,Male,18-25,South Christinaton,Denmark,Regular,Organic Search
8022,Other,56-65,Port Kimberly,France,Regular,Email
8023,Other,56-65,East Bethchester,Germany,Regular,Paid Ads
8024,Female,66+,Donovanmouth,Spain,Regular,Paid Ads
8025,Male,66+,Nicolemouth,Germany,Regular,Social Media
8026,Female,56-65,North Terry,Belgium,VIP,Email
8027,Other,26-35,Ryanside,Spain,Regular,Referral
8028,Female,18-25,Justinview,Czech Republic,VIP,Referral
8029,Female,46-55,Ryanhaven,Germany,Regular,Organic Search
8030,Male,36-45,West Chelsea,France,Regular,Paid Ads
8031,Other,26-35,Teresaton,Germany,Regular,Paid Ads
8032,Male,18-25,South George,France,VIP,Organic Search
8033,Other,36-45,Karenview,Sweden,Regular,Referral
8034,Other,56-65,West Anthony,Italy,Regular,Email
8035,Female,26-35,Jodiport,Spain,Regular,Social Media
8036,Female,18-25,Loriview,Germany,Regular,Social Media
8037,Other,46-55,Jacobbury,France,Regular,Social Media
8038,Other,26-35,Clintonshire,Spain,Regular,Referral
8039,Other,26-35,New Rebekah,Lithuania,Regular,Referral
8040,Male,66+,North Briannafurt,Greece,Regular,Social Media
8041,Female,56-65,New Deborahmouth,Slovenia,Regular,Paid Ads
8042,Male,56-65,Wilcoxstad,Netherlands,Regular,Email
8043,Other,56-65,East Kaitlynland,Italy,Regular,Social Media
8044,Other,56-65,South Marystad,Germany,Regular,Social Media
8045,Female,18-25,Michaelmouth,Ireland,Regular,Email
8046,Other,18-25,Branchborough,Poland,Regular,Referral
8047,Female,56-65,East Bradleyville,Germany,Regular,Referral
8048,Male,56-65,Jillianfort,Italy,VIP,Email
8049,Female,56-65,Cooperside,France,Regular,Organic Search
8050,Other,46-55,North Cynthiafurt,Spain,VIP,Referral
8051,Other,18-25,Mooretown,Poland,VIP,Organic Search
8052,Female,18-25,East Deborahton,Germany,Regular,Organic Search
8053,Other,36-45,Jordanbury,Belgium,Regular,Paid Ads
8054,Male,56-65,New Micheleport,Hungary,Regular,Referral
8055,Male,18-25,New Erikamouth,Germany,Regular,Social Media
8056,Other,18-25,East Jessicaburgh,Netherlands,Regular,Social Media
8057,Female,26-35,North Dana,Portugal,Regular,Social Media
8058,Male,26-35,West Lisaburgh,Italy,VIP,Referral
8059,Female,26-35,Munozport,Italy,Regular,Paid Ads
8060,Other,36-45,West Joseph,Poland,VIP,Paid Ads
8061,Other,26-35,Lynnbury,France,Regular,Social Media
8062,Other,18-25,Port Timothymouth,France,Regular,Organic Search
8063,Other,46-55,New Robertchester,France,Regular,Email
8064,Female,18-25,Harrisfurt,Portugal,Regular,Paid Ads
8065,Female,56-65,Joshuatown,Germany,Regular,Social Media
8066,Female,36-45,South Leslie,Germany,VIP,Email
8067,Male,26-35,South Laura,France,Regular,Email
8068,Other,56-65,Anthonyburgh,Netherlands,Regular,Organic Search
8069,Female,18-25,East Ronaldfort,Germany,Regular,Paid Ads
8070,Other,18-25,Jenniferbury,Germany,Regular,Organic Search
8071,Male,26-35,Stokeshaven,Netherlands,Regular,Paid Ads
8072,Male,46-55,North Matthewton,Ireland,Regular,Paid Ads
8073,Female,36-45,South Michael,Spain,Regular,Referral
8074,Male,46-55,Kimburgh,Germany,Regular,Paid Ads
8075,Female,56-65,Brianburgh,Italy,Regular,Social Media
8076,Male,26-35,Mayerland,Spain,Regular,Referral
8077,Female,66+,Robertsfort,Italy,Regular,Paid Ads
8078,Other,66+,Chadport,Sweden,Regular,Email
8079,Female,66+,Martinchester,France,VIP,Paid Ads
8080,Female,18-25,Tylertown,Lithuania,Regular,Organic Search
8081,Female,26-35,Wattsbury,France,Regular,Email
8082,Male,46-55,South Aaronville,Germany,Regular,Email
8083,Other,36-45,Robertberg,Latvia,Regular,Social Media
8084,Female,26-35,Port Julia,Sweden,Regular,Email
8085,Male,56-65,South Johnside,Germany,Regular,Organic Search
8086,Male,66+,Johnsonmouth,France,Regular,Paid Ads
8087,Female,56-65,Lambertmouth,Bulgaria,Regular,Social Media
8088,Other,18-25,Lake Susanberg,France,Regular,Paid Ads
8089,Other,18-25,Brownfort,Germany,Regular,Paid Ads
8090,Male,66+,Hammondberg,Luxembourg,Regular,Social Media
8091,Male,18-25,East Roberttown,Poland,Regular,Social Media
8092,Female,26-35,Kathleenfurt,France,Regular,Social Media
8093,Male,66+,East Shannon,France,Regular,Referral
8094,Female,26-35,New Rhondaport,Poland,VIP,Organic Search
8095,Female,66+,Port Michael,Poland,VIP,Referral
8096,Other,26-35,Warnerberg,Italy,Regular,Referral
8097,Other,56-65,Ericland,Spain,Regular,Referral
8098,Female,66+,New Williamstad,Slovakia,Regular,Organic Search
8099,Male,26-35,Mendezton,Poland,Regular,Social Media
8100,Male,18-25,Mccormickshire,France,Regular,Organic Search
8101,Male,66+,Lake Teresaton,Netherlands,Regular,Social Media
8102,Female,66+,Lake Cassandra,Spain,Regular,Referral
8103,Female,46-55,New Ericmouth,Denmark,Regular,Referral
8104,Male,56-65,Masonside,Germany,Regular,Referral
8105,Male,36-45,Deannafort,Netherlands,Regular,Referral
8106,Male,26-35,Heathermouth,Netherlands,Regular,Referral
8107,Other,46-55,Cathyview,Italy,Regular,Email
8108,Male,36-45,Yatesshire,France,Regular,Referral
8109,Female,18-25,South David,Portugal,Regular,Referral
8110,Male,56-65,Heatherview,France,Regular,Referral
8111,Other,46-55,West Joseph,Italy,Regular,Email
8112,Other,46-55,South Erikastad,Italy,Regular,Referral
8113,Other,26-35,West Jeremyfort,Germany,Regular,Referral
8114,Male,26-35,Mendozaton,Portugal,Regular,Referral
8115,Other,36-45,Jenniferland,Portugal,Regular,Organic Search
8116,Male,26-35,North Ellenville,Germany,Regular,Paid Ads
8117,Other,36-45,Jadeborough,Italy,Regular,Referral
8118,Other,36-45,Brianton,Finland,Regular,Paid Ads
8119,Male,26-35,Amystad,Italy,Regular,Referral
8120,Male,36-45,Port Jack,Germany,VIP,Referral
8121,Male,26-35,Hubbardshire,France,Regular,Referral
8122,Male,26-35,North Courtney,Germany,Regular,Paid Ads
8123,Other,26-35,West Kaitlynland,France,VIP,Email
8124,Female,66+,Lake Christopher,Czech Republic,Regular,Social Media
8125,Other,26-35,Jacobchester,Denmark,Regular,Paid Ads
8126,Female,18-25,West Elaine,Poland,VIP,Social Media
8127,Male,56-65,Thompsonview,Poland,Regular,Referral
8128,Other,66+,Copelandville,Sweden,Regular,Social Media
8129,Male,56-65,West Kylefurt,France,Regular,Paid Ads
8130,Other,36-45,Laurenville,Netherlands,Regular,Referral
8131,Other,18-25,Lake Christophermouth,Spain,VIP,Referral
8132,Female,36-45,Lake Davidville,Spain,Regular,Referral
8133,Female,66+,South Danielle,Italy,Regular,Referral
8134,Male,66+,Juliachester,Slovakia,Regular,Social Media
8135,Female,56-65,North Kristina,France,VIP,Social Media
8136,Male,56-65,East Ginahaven,Finland,Regular,Email
8137,Other,46-55,Millerchester,France,VIP,Referral
8138,Female,46-55,Sanchezmouth,Sweden,Regular,Paid Ads
8139,Male,36-45,Adamland,France,Regular,Paid Ads
8140,Other,36-45,Berryville,Spain,Regular,Referral
8141,Other,56-65,New Cassandra,Slovakia,Regular,Referral
8142,Other,66+,East Patriciaview,Lithuania,Regular,Paid Ads
8143,Other,66+,West Nicolestad,France,Regular,Social Media
8144,Female,46-55,Mercerstad,Romania,Regular,Organic Search
8145,Female,56-65,Sylviaside,Italy,Regular,Referral
8146,Male,46-55,Travisshire,Germany,Regular,Referral
8147,Other,46-55,New Monique,Germany,Regular,Email
8148,Female,56-65,Port Caroline,Belgium,Regular,Social Media
8149,Other,36-45,West Michele,Latvia,Regular,Paid Ads
8150,Other,66+,Ramosfurt,Belgium,Regular,Social Media
8151,Female,56-65,Lake Teresaland,Germany,Regular,Referral
8152,Male,66+,Lake Kevinshire,Sweden,Regular,Organic Search
8153,Other,26-35,South Melissa,Austria,Regular,Paid Ads
8154,Other,26-35,Leslieview,Romania,Regular,Organic Search
8155,Other,26-35,Mercadoville,Italy,Regular,Referral
8156,Male,66+,Knightfurt,Poland,Regular,Paid Ads
8157,Female,56-65,Craigview,Spain,Regular,Paid Ads
8158,Other,56-65,West Kathrynshire,Poland,Regular,Organic Search
8159,Male,26-35,Floydchester,Czech Republic,Regular,Organic Search
8160,Male,18-25,Mckayport,Germany,Regular,Social Media
8161,Male,66+,East Jessicaview,France,VIP,Email
8162,Male,26-35,Port Hannahland,Germany,VIP,Paid Ads
8163,Female,66+,North Sharon,France,Regular,Paid Ads
8164,Female,18-25,Lewismouth,Belgium,Regular,Paid Ads
8165,Female,18-25,North Shannonberg,Germany,VIP,Organic Search
8166,Female,46-55,Robertbury,Spain,VIP,Organic Search
8167,Female,56-65,Deborahshire,France,VIP,Paid Ads
8168,Female,46-55,Millsland,Germany,Regular,Referral
8169,Other,66+,Georgestad,Finland,VIP,Organic Search
8170,Other,56-65,North William,Belgium,Regular,Organic Search
8171,Female,36-45,Port Robert,Croatia,Regular,Paid Ads
8172,Male,36-45,Marystad,Hungary,Regular,Email
8173,Male,56-65,Ayersstad,France,Regular,Referral
8174,Male,36-45,Tylerborough,Germany,Regular,Referral
8175,Other,18-25,New Stephanie,France,VIP,Organic Search
8176,Other,56-65,Carlchester,Denmark,Regular,Paid Ads
8177,Other,26-35,North Michael,Spain,Regular,Social Media
8178,Other,26-35,North Michelleberg,Germany,Regular,Email
8179,Other,66+,East Sarah,Germany,Regular,Email
8180,Male,26-35,Andreachester,Netherlands,VIP,Referral
8181,Male,18-25,North Rachel,Netherlands,Regular,Email
8182,Male,26-35,Lake Joshuaport,Romania,Regular,Organic Search
8183,Male,66+,Port Davidfurt,Spain,Regular,Social Media
8184,Female,46-55,South Pamela,France,VIP,Paid Ads
8185,Male,26-35,Charlesville,Netherlands,VIP,Organic Search
8186,Female,56-65,Aprilmouth,Germany,Regular,Social Media
8187,Other,26-35,Elizabethshire,Germany,VIP,Referral
8188,Male,18-25,Williamsport,Spain,Regular,Organic Search
8189,Other,18-25,South Toddshire,Italy,VIP,Referral
8190,Female,66+,Williamsfort,Bulgaria,Regular,Paid Ads
8191,Male,26-35,Cherylmouth,Croatia,Regular,Social Media
8192,Female,36-45,Olsenborough,France,Regular,Referral
8193,Male,26-35,South Michelle,Italy,VIP,Email
8194,Male,46-55,North Johnny,Poland,Regular,Social Media
8195,Male,36-45,Newtonton,France,Regular,Organic Search
8196,Male,18-25,New Erica,Italy,Regular,Social Media
8197,Male,66+,Schultzport,Czech Republic,Regular,Referral
8198,Female,18-25,Shepherdmouth,France,Regular,Email
8199,Other,36-45,Lake Richard,France,Regular,Referral
8200,Male,46-55,Port Kimberly,Italy,Regular,Referral
8201,Female,18-25,East Tiffanymouth,Italy,Regular,Email
8202,Male,18-25,Johnport,Netherlands,Regular,Referral
8203,Female,18-25,Port Jameshaven,France,Regular,Email
8204,Female,66+,Port Teresa,France,Regular,Organic Search
8205,Male,46-55,West Adam,Spain,VIP,Email
8206,Male,66+,New Robertfort,Cyprus,VIP,Paid Ads
8207,Male,66+,Adamhaven,Poland,Regular,Paid Ads
8208,Female,18-25,Cassandrahaven,Germany,VIP,Paid Ads
8209,Male,36-45,Rickychester,Germany,VIP,Paid Ads
8210,Other,18-25,Caitlinside,Austria,VIP,Email
8211,Female,18-25,Lake Deborahville,Poland,VIP,Organic Search
8212,Male,18-25,Port Carolynstad,Italy,Regular,Social Media
8213,Female,18-25,Charleschester,Austria,Regular,Referral
8214,Female,36-45,Santanaville,Germany,Regular,Referral
8215,Other,56-65,West Julian,Poland,Regular,Paid Ads
8216,Male,26-35,Hobbschester,Poland,Regular,Social Media
8217,Female,66+,West Ashley,Hungary,Regular,Organic Search
8218,Female,56-65,New Tracy,France,Regular,Paid Ads
8219,Other,56-65,Taylorstad,Spain,VIP,Organic Search
8220,Male,36-45,Halefort,Finland,Regular,Social Media
8221,Female,66+,Amyfort,Belgium,Regular,Referral
8222,Male,56-65,Torrestown,Italy,Regular,Paid Ads
8223,Female,66+,West Kyle,France,VIP,Referral
8224,Male,18-25,Marvinberg,Germany,Regular,Social Media
8225,Female,46-55,North Ryanberg,Italy,Regular,Organic Search
8226,Male,66+,New Jasminebury,Germany,Regular,Organic Search
8227,Female,26-35,Cathyview,France,Regular,Email
8228,Female,46-55,Sarahside,Romania,Regular,Social Media
8229,Other,26-35,Lake Jonathanburgh,Romania,VIP,Social Media
8230,Other,66+,Lake Kevinview,Netherlands,VIP,Social Media
8231,Other,46-55,Annaburgh,Spain,Regular,Social Media
8232,Female,26-35,South Shannonfort,Greece,Regular,Paid Ads
8233,Male,26-35,North Raymondburgh,Poland,Regular,Social Media
8234,Other,66+,Port Robert,Belgium,VIP,Social Media
8235,Other,26-35,South Brittanystad,Germany,Regular,Referral
8236,Male,66+,East Julia,Netherlands,Regular,Email
8237,Female,36-45,Vargashaven,France,Regular,Social Media
8238,Female,26-35,Nashland,Germany,Regular,Paid Ads
8239,Female,66+,Jeffreyshire,France,Regular,Paid Ads
8240,Other,66+,Jenniferfort,Poland,Regular,Referral
8241,Male,46-55,Alvaradoport,Italy,Regular,Paid Ads
8242,Female,18-25,Lake Andrewstad,Hungary,Regular,Paid Ads
8243,Male,46-55,New Debbie,Germany,Regular,Paid Ads
8244,Male,18-25,Bethbury,France,Regular,Paid Ads
8245,Female,66+,New Nicolebury,Germany,VIP,Social Media
8246,Female,26-35,South Ricardo,Germany,Regular,Email
8247,Male,26-35,East Manuelshire,Poland,VIP,Referral
8248,Female,36-45,Sandersborough,Germany,Regular,Organic Search
8249,Other,36-45,Turnershire,Portugal,Regular,Social Media
8250,Male,18-25,Hillberg,Ireland,VIP,Social Media
8251,Other,36-45,East Davidville,France,Regular,Email
8252,Other,36-45,South Nathanville,Italy,VIP,Organic Search
8253,Other,66+,North Danielleborough,Poland,Regular,Social Media
8254,Other,18-25,North Joseph,Italy,Regular,Organic Search
8255,Male,18-25,Donaldfurt,Germany,Regular,Referral
8256,Female,66+,Nathanielland,France,Regular,Social Media
8257,Female,26-35,Jameschester,Netherlands,Regular,Email
8258,Male,36-45,Schneiderton,Bulgaria,Regular,Paid Ads
8259,Other,56-65,North Leslieport,France,Regular,Referral
8260,Other,56-65,New Christopher,Italy,Regular,Social Media
8261,Male,18-25,Robertstad,France,Regular,Organic Search
8262,Other,18-25,Austinport,France,Regular,Paid Ads
8263,Female,56-65,Danielsfurt,Austria,VIP,Paid Ads
8264,Female,56-65,Reedland,Germany,VIP,Social Media
8265,Male,18-25,Jamesstad,Portugal,Regular,Organic Search
8266,Female,36-45,Jacquelinestad,Germany,Regular,Paid Ads
8267,Other,66+,Cooleyport,Portugal,Regular,Referral
8268,Female,26-35,Hollyhaven,Ireland,Regular,Organic Search
8269,Other,46-55,Taylorview,Slovakia,VIP,Referral
8270,Other,46-55,Judyshire,Portugal,VIP,Organic Search
8271,Other,66+,Leahburgh,Italy,Regular,Referral
8272,Other,18-25,Jennifermouth,Finland,Regular,Paid Ads
8273,Male,56-65,Kimtown,Sweden,Regular,Email
8274,Other,18-25,Lake Virginia,Croatia,Regular,Organic Search
8275,Female,46-55,Wardburgh,Italy,VIP,Email
8276,Male,26-35,Derekton,Germany,Regular,Paid Ads
8277,Male,18-25,West Aaronfort,Greece,Regular,Organic Search
8278,Male,26-35,Port Leebury,Finland,Regular,Referral
8279,Other,56-65,East Lisabury,Germany,Regular,Email
8280,Other,26-35,North Kathleenmouth,Lithuania,VIP,Paid Ads
8281,Female,18-25,Ryanburgh,Germany,Regular,Email
8282,Male,36-45,East Matthewfort,Spain,VIP,Referral
8283,Female,56-65,Wadeview,Poland,Regular,Referral
8284,Female,26-35,Lake Bryanville,Spain,VIP,Organic Search
8285,Female,18-25,Dawnstad,Netherlands,Regular,Social Media
8286,Female,18-25,Harrisonstad,Germany,Regular,Paid Ads
8287,Male,26-35,Cunninghammouth,Austria,Regular,Email
8288,Male,66+,Osbornefort,Finland,Regular,Email
8289,Other,66+,Amandaport,Italy,Regular,Social Media
8290,Other,56-65,East Shelly,Portugal,Regular,Social Media
8291,Other,46-55,Jasminetown,Netherlands,Regular,Referral
8292,Other,56-65,Lake Karenfort,Greece,VIP,Paid Ads
8293,Female,46-55,West Leeport,Germany,Regular,Referral
8294,Other,66+,New Miranda,Netherlands,Regular,Paid Ads
8295,Female,18-25,Jesseland,Italy,Regular,Organic Search
8296,Other,26-35,East Stephanie,Germany,Regular,Email
8297,Male,36-45,Nicolemouth,Germany,Regular,Paid Ads
8298,Male,36-45,Port Sandra,Poland,Regular,Referral
8299,Male,56-65,Thomasville,Portugal,Regular,Email
8300,Other,66+,New Ashleymouth,Netherlands,Regular,Referral
8301,Other,46-55,Port Davidtown,Greece,Regular,Social Media
8302,Female,18-25,East Ericachester,Belgium,Regular,Social Media
8303,Male,18-25,Miguelport,Austria,VIP,Email
8304,Female,26-35,Maryland,France,Regular,Referral
8305,Other,36-45,North Aaronmouth,France,Regular,Email
8306,Male,36-45,Dudleyfurt,Germany,Regular,Social Media
8307,Female,56-65,Elizabethshire,Germany,Regular,Social Media
8308,Male,36-45,West Cathyberg,Italy,VIP,Social Media
8309,Female,46-55,South Kimberlyburgh,Netherlands,Regular,Email
8310,Female,66+,Sandovalview,Italy,Regular,Social Media
8311,Female,46-55,Matthewberg,Czech Republic,Regular,Referral
8312,Female,56-65,West Jordan,Romania,Regular,Social Media
8313,Other,26-35,Lake Beth,Greece,Regular,Paid Ads
8314,Female,66+,Weaverberg,Germany,Regular,Social Media
8315,Other,66+,Jillburgh,Italy,VIP,Referral
8316,Male,26-35,South Brian,Sweden,Regular,Email
8317,Male,56-65,Matthewview,Portugal,Regular,Referral
8318,Male,26-35,Port Michele,Italy,Regular,Referral
8319,Other,56-65,Christopherfort,Spain,Regular,Email
8320,Male,18-25,Leebury,Poland,Regular,Email
8321,Male,46-55,South Patrick,Italy,VIP,Email
8322,Male,36-45,North Johnshire,France,Regular,Organic Search
8323,Female,26-35,Shannonview,Ireland,Regular,Social Media
8324,Female,26-35,Port James,Spain,Regular,Email
8325,Other,26-35,Yuside,Italy,Regular,Email
8326,Female,66+,Williamburgh,Romania,Regular,Paid Ads
8327,Female,18-25,Downsmouth,Poland,Regular,Referral
8328,Male,36-45,Millermouth,Portugal,VIP,Social Media
8329,Female,26-35,Alexanderfurt,Germany,Regular,Referral
8330,Other,56-65,Mitchellbury,Germany,Regular,Referral
8331,Male,56-65,Schmidtmouth,France,VIP,Referral
8332,Other,26-35,South Darrylborough,Finland,Regular,Email
8333,Male,66+,Port Michelle,Germany,Regular,Organic Search
8334,Female,18-25,Codyside,Spain,Regular,Paid Ads
8335,Other,66+,New Andreamouth,Bulgaria,Regular,Email
8336,Female,36-45,Lynnside,Sweden,VIP,Social Media
8337,Other,46-55,Gravesshire,France,VIP,Paid Ads
8338,Other,56-65,Lake Sarahville,Belgium,Regular,Organic Search
8339,Other,56-65,South Tyler,France,VIP,Paid Ads
8340,Male,18-25,Morrisonview,Belgium,Regular,Referral
8341,Other,46-55,New Stephanie,Spain,Regular,Referral
8342,Female,26-35,East Tammyland,Czech Republic,Regular,Social Media
8343,Female,46-55,New Elizabeth,Czech Republic,Regular,Social Media
8344,Other,18-25,Anthonyfurt,France,Regular,Email
8345,Female,66+,Weberberg,Germany,Regular,Social Media
8346,Other,18-25,Port Dawn,Czech Republic,VIP,Organic Search
8347,Other,26-35,South Brittany,Germany,Regular,Social Media
8348,Male,56-65,West Danielstad,France,Regular,Paid Ads
8349,Male,26-35,Sarahville,France,Regular,Organic Search
8350,Other,66+,Morrisport,France,Regular,Social Media
8351,Other,36-45,South Jamie,Latvia,Regular,Organic Search
8352,Male,46-55,New Andreahaven,Spain,Regular,Referral
8353,Female,18-25,Port Shawnmouth,Germany,Regular,Social Media
8354,Female,66+,Lake Erika,Greece,Regular,Social Media
8355,Other,46-55,North Michaelhaven,France,Regular,Organic Search
8356,Female,36-45,North Jeremiah,Slovakia,Regular,Paid Ads
8357,Female,66+,New Melissa,Portugal,VIP,Email
8358,Male,26-35,Ronaldfort,Italy,Regular,Organic Search
8359,Female,46-55,Port Matthewland,Italy,Regular,Social Media
8360,Male,26-35,Robertsport,Germany,Regular,Social Media
8361,Male,46-55,Johnsonfort,Spain,Regular,Organic Search
8362,Other,26-35,East Lynnton,Germany,Regular,Email
8363,Other,56-65,Port Mark,Bulgaria,Regular,Email
8364,Other,56-65,West Carolyn,Netherlands,Regular,Social Media
8365,Female,18-25,New John,Hungary,Regular,Social Media
8366,Male,66+,North Kathryn,Poland,Regular,Email
8367,Female,66+,New Douglasview,France,Regular,Social Media
8368,Female,26-35,Lake Elizabethbury,Italy,Regular,Email
8369,Female,18-25,Morganberg,Germany,Regular,Paid Ads
8370,Male,66+,North Daniellechester,France,Regular,Referral
8371,Female,36-45,Brownfurt,Spain,Regular,Organic Search
8372,Other,56-65,Noahside,Czech Republic,Regular,Referral
8373,Female,18-25,West Melissaberg,Poland,VIP,Social Media
8374,Male,66+,East Georgeside,Italy,Regular,Paid Ads
8375,Male,66+,Johnview,Italy,Regular,Organic Search
8376,Other,66+,Laurenmouth,Portugal,VIP,Social Media
8377,Female,46-55,Port Gregory,Netherlands,Regular,Organic Search
8378,Female,26-35,Jasonshire,Hungary,Regular,Referral
8379,Male,18-25,Lake Stanley,Germany,Regular,Paid Ads
8380,Male,66+,New Andrea,Netherlands,Regular,Email
8381,Other,66+,West Earl,Germany,VIP,Social Media
8382,Female,26-35,New Stephenmouth,Italy,Regular,Social Media
8383,Other,56-65,Lake Davidton,Netherlands,Regular,Paid Ads
8384,Other,46-55,East Chasemouth,Romania,Regular,Email
8385,Male,36-45,North Madisontown,Italy,Regular,Referral
8386,Female,56-65,Lake Josephport,Finland,Regular,Organic Search
8387,Other,46-55,South Josephmouth,Italy,VIP,Social Media
8388,Female,66+,Allisontown,Italy,Regular,Referral
8389,Other,36-45,Mooreville,Italy,Regular,Email
8390,Other,26-35,West Karen,France,Regular,Referral
8391,Female,56-65,Leehaven,Netherlands,Regular,Social Media
8392,Female,18-25,Cowanchester,Germany,Regular,Organic Search
8393,Other,36-45,New William,France,Regular,Paid Ads
8394,Female,36-45,Lake Eugene,France,Regular,Email
8395,Female,56-65,Port Ruben,Germany,Regular,Email
8396,Male,66+,Wrightbury,Germany,Regular,Email
8397,Other,36-45,Snyderside,Italy,Regular,Referral
8398,Other,36-45,West Jimmy,Poland,Regular,Email
8399,Other,66+,Mcmillanland,Portugal,Regular,Referral
8400,Male,56-65,Port Anthony,Portugal,Regular,Paid Ads
8401,Male,46-55,Austinfurt,Germany,Regular,Social Media
8402,Female,56-65,New Christopher,Greece,Regular,Paid Ads
8403,Female,56-65,West Stacyland,France,Regular,Referral
8404,Male,18-25,Montgomeryberg,France,Regular,Paid Ads
8405,Female,56-65,Lake Bradley,Spain,Regular,Organic Search
8406,Female,26-35,East Scott,Germany,Regular,Email
8407,Other,46-55,Bentonport,Germany,Regular,Organic Search
8408,Female,66+,Lake Daniel,Hungary,Regular,Referral
8409,Male,26-35,East Cherylbury,Germany,VIP,Referral
8410,Female,46-55,Port James,France,Regular,Social Media
8411,Female,46-55,Brittanyshire,Spain,Regular,Social Media
8412,Other,56-65,Lake Robertotown,Germany,Regular,Organic Search
8413,Female,18-25,West Brian,Germany,Regular,Organic Search
8414,Other,26-35,Danielberg,France,Regular,Organic Search
8415,Male,36-45,Markview,France,Regular,Paid Ads
8416,Female,66+,Adamsmouth,Greece,Regular,Paid Ads
8417,Female,26-35,North Tonyaburgh,Portugal,Regular,Paid Ads
8418,Female,18-25,Samuelburgh,Czech Republic,VIP,Email
8419,Male,18-25,South Jamesside,Belgium,Regular,Email
8420,Female,66+,Adamland,Germany,Regular,Email
8421,Other,46-55,Baileystad,Italy,Regular,Organic Search
8422,Male,66+,Pooleport,Poland,Regular,Organic Search
8423,Male,66+,Leetown,Greece,Regular,Email
8424,Female,46-55,New Vickieborough,Czech Republic,Regular,Organic Search
8425,Male,66+,Thompsonfurt,Sweden,Regular,Referral
8426,Female,66+,Jesusfort,Italy,Regular,Email
8427,Male,56-65,South Christineshire,France,VIP,Paid Ads
8428,Female,56-65,North Kyleborough,Germany,Regular,Social Media
8429,Male,66+,Gilbertton,Germany,Regular,Organic Search
8430,Other,66+,Alyssaville,Greece,Regular,Organic Search
8431,Female,36-45,Sandrashire,Hungary,Regular,Paid Ads
8432,Male,66+,Omarside,Netherlands,Regular,Social Media
8433,Male,66+,Danielburgh,Portugal,Regular,Social Media
8434,Male,56-65,Port Frankburgh,Italy,Regular,Organic Search
8435,Other,26-35,New Rebecca,Sweden,VIP,Referral
8436,Other,18-25,Gregoryton,Spain,Regular,Organic Search
8437,Female,36-45,Caldwellmouth,Germany,VIP,Email
8438,Other,56-65,East Elizabethburgh,France,VIP,Social Media
8439,Other,56-65,North Stacybury,Germany,Regular,Paid Ads
8440,Male,18-25,West Michael,Spain,Regular,Organic Search
8441,Female,56-65,West Janice,Italy,Regular,Referral
8442,Other,18-25,East Andrew,Italy,Regular,Organic Search
8443,Female,46-55,Edwardsbury,Italy,Regular,Social Media
8444,Male,26-35,Greenefurt,Germany,Regular,Referral
8445,Other,66+,Francischester,Germany,Regular,Social Media
8446,Other,66+,Lake Steven,Greece,Regular,Paid Ads
8447,Other,36-45,Amberside,Poland,Regular,Social Media
8448,Other,36-45,Mikaylastad,France,Regular,Social Media
8449,Female,46-55,New William,Spain,VIP,Paid Ads
8450,Other,46-55,Ericstad,Slovakia,Regular,Social Media
8451,Other,18-25,Jamesmouth,Germany,Regular,Email
8452,Other,36-45,Brownside,Austria,Regular,Referral
8453,Other,26-35,New Heatherfort,Portugal,VIP,Paid Ads
8454,Other,66+,South Curtisville,Poland,Regular,Social Media
8455,Other,26-35,New Scottfurt,Lithuania,Regular,Organic Search
8456,Other,36-45,East Scott,Slovakia,VIP,Referral
8457,Female,18-25,Floresmouth,Germany,Regular,Social Media
8458,Female,18-25,Rogersmouth,Belgium,Regular,Referral
8459,Female,26-35,Penaland,Spain,VIP,Paid Ads
8460,Male,66+,East Rodneystad,Germany,Regular,Email
8461,Male,18-25,Heberttown,Ireland,VIP,Email
8462,Female,46-55,Port John,Poland,Regular,Paid Ads
8463,Male,26-35,East Triciamouth,Italy,Regular,Paid Ads
8464,Female,56-65,Carlostown,France,Regular,Referral
8465,Female,18-25,Mayerbury,Italy,Regular,Organic Search
8466,Other,18-25,South Brittany,Poland,Regular,Social Media
8467,Female,26-35,East Christina,Spain,Regular,Referral
8468,Female,36-45,New Kayleeport,Spain,Regular,Referral
8469,Male,18-25,South Jody,France,Regular,Email
8470,Other,36-45,Hancockbury,Germany,Regular,Referral
8471,Other,56-65,New Apriltown,Denmark,Regular,Paid Ads
8472,Male,36-45,Port Kyle,Greece,Regular,Email
8473,Male,18-25,West Jessica,Italy,Regular,Social Media
8474,Male,26-35,North Brandon,France,Regular,Paid Ads
8475,Female,26-35,West Jillstad,Italy,Regular,Referral
8476,Male,66+,Wallsview,Czech Republic,VIP,Social Media
8477,Female,18-25,Port Karenchester,Spain,Regular,Social Media
8478,Female,56-65,West Donbury,Italy,Regular,Organic Search
8479,Male,56-65,Andersonhaven,Germany,Regular,Organic Search
8480,Other,56-65,Muellerbury,Italy,Regular,Social Media
8481,Other,26-35,Fergusonborough,Italy,Regular,Referral
8482,Female,56-65,East Antoniomouth,France,Regular,Email
8483,Male,56-65,Ronaldborough,Netherlands,Regular,Organic Search
8484,Other,56-65,New Shawna,France,Regular,Email
8485,Male,56-65,Rogersburgh,Italy,Regular,Organic Search
8486,Male,36-45,Oliverbury,France,Regular,Email
8487,Other,66+,Morganberg,Netherlands,VIP,Organic Search
8488,Other,66+,Leahstad,Germany,VIP,Social Media
8489,Other,18-25,West Haleytown,Poland,Regular,Paid Ads
8490,Female,18-25,Lewisfort,Netherlands,Regular,Social Media
8491,Other,56-65,Lake Samuelbury,Poland,Regular,Email
8492,Other,26-35,Bryantchester,Germany,Regular,Paid Ads
8493,Other,66+,New Austin,France,Regular,Referral
8494,Female,46-55,Andreaton,Bulgaria,VIP,Referral
8495,Other,56-65,Port Jon,Hungary,Regular,Social Media
8496,Male,26-35,Kathrynton,Denmark,Regular,Social Media
8497,Male,56-65,South Sandraport,Germany,Regular,Referral
8498,Other,46-55,Hodgesview,Spain,Regular,Paid Ads
8499,Male,56-65,Estradaville,Germany,VIP,Paid Ads
8500,Other,66+,Lynchchester,Germany,Regular,Email
8501,Female,66+,New Sean,Romania,VIP,Referral
8502,Male,56-65,Carrieport,Portugal,VIP,Organic Search
8503,Female,36-45,West Veronica,Spain,Regular,Email
8504,Male,26-35,North William,France,Regular,Organic Search
8505,Female,56-65,Christineview,Germany,Regular,Social Media
8506,Female,46-55,New Joseberg,Italy,Regular,Referral
8507,Male,66+,Port Charlesfurt,Germany,Regular,Email
8508,Male,18-25,East Danastad,Spain,Regular,Organic Search
8509,Other,46-55,Sandraton,Slovakia,Regular,Referral
8510,Female,56-65,Richburgh,France,Regular,Paid Ads
8511,Male,26-35,Jenkinsfurt,France,Regular,Referral
8512,Other,46-55,South Michellemouth,Italy,VIP,Paid Ads
8513,Other,46-55,North Dalton,France,Regular,Paid Ads
8514,Female,46-55,Ashleyfurt,Italy,VIP,Referral
8515,Female,46-55,Gomezfurt,France,Regular,Social Media
8516,Other,36-45,Port Joseph,Germany,Regular,Referral
8517,Male,36-45,New Andrewport,Italy,Regular,Social Media
8518,Female,66+,Shellyport,Latvia,Regular,Email
8519,Female,26-35,South Garymouth,Spain,Regular,Email
8520,Male,66+,Hooverberg,Poland,VIP,Email
8521,Male,18-25,Annefort,Italy,Regular,Social Media
8522,Female,26-35,Claytonchester,Portugal,Regular,Email
8523,Male,36-45,South Elizabeth,Romania,Regular,Social Media
8524,Female,18-25,West Scott,Portugal,Regular,Organic Search
8525,Other,18-25,Port Erinstad,Netherlands,Regular,Email
8526,Other,26-35,North Aaron,France,Regular,Email
8527,Female,36-45,Lake Alexisview,France,Regular,Paid Ads
8528,Female,56-65,Port Joannaville,Portugal,Regular,Organic Search
8529,Other,36-45,North Jeffrey,France,Regular,Social Media
8530,Other,26-35,Dunlaphaven,Italy,Regular,Email
8531,Male,36-45,Westville,Poland,Regular,Social Media
8532,Female,46-55,South Kathy,Germany,VIP,Organic Search
8533,Female,66+,West Jose,France,Regular,Email
8534,Other,26-35,West Tyler,Ireland,Regular,Email
8535,Other,26-35,West Richardside,Spain,Regular,Social Media
8536,Other,26-35,Douglasborough,Bulgaria,Regular,Referral
8537,Other,66+,Port Patriciahaven,Germany,Regular,Paid Ads
8538,Other,56-65,Lawrencebury,Greece,Regular,Referral
8539,Female,66+,South Danielle,Poland,Regular,Referral
8540,Male,26-35,Lake Melissahaven,Greece,Regular,Organic Search
8541,Other,36-45,Taylorfurt,France,Regular,Social Media
8542,Female,66+,Mistyberg,Spain,VIP,Email
8543,Male,18-25,Changside,Germany,Regular,Paid Ads
8544,Other,36-45,Katherineton,France,VIP,Paid Ads
8545,Other,26-35,Millerborough,Ireland,VIP,Organic Search
8546,Female,26-35,Guzmanport,Romania,Regular,Email
8547,Other,18-25,Jeffreyberg,France,Regular,Social Media
8548,Female,36-45,New Mark,France,VIP,Email
8549,Female,56-65,West Deborahland,Poland,Regular,Paid Ads
8550,Male,18-25,New Robertton,Germany,Regular,Social Media
8551,Male,26-35,North Theodore,Italy,Regular,Paid Ads
8552,Female,46-55,West April,Spain,VIP,Social Media
8553,Male,36-45,Port Dawnberg,Romania,Regular,Email
8554,Other,46-55,Alexandramouth,Sweden,Regular,Organic Search
8555,Other,56-65,New William,Italy,Regular,Paid Ads
8556,Male,66+,Harrisview,Germany,Regular,Organic Search
8557,Male,56-65,New Lori,Spain,Regular,Email
8558,Female,66+,Michaelfurt,France,Regular,Referral
8559,Other,66+,Lake Randallside,Italy,Regular,Email
8560,Male,56-65,Phillipchester,Germany,VIP,Social Media
8561,Male,56-65,Jamesberg,Spain,Regular,Social Media
8562,Other,26-35,Brownburgh,Italy,Regular,Organic Search
8563,Male,18-25,Port Stephenstad,Italy,Regular,Social Media
8564,Male,46-55,North Juan,Italy,VIP,Referral
8565,Male,56-65,East Dennisland,Slovenia,Regular,Paid Ads
8566,Other,46-55,Port Bruce,Ireland,Regular,Organic Search
8567,Female,66+,New Alexismouth,Spain,Regular,Email
8568,Male,46-55,Ramosland,Germany,Regular,Paid Ads
8569,Other,66+,Changberg,France,Regular,Organic Search
8570,Male,18-25,New Nicole,France,Regular,Organic Search
8571,Male,46-55,Perezstad,Italy,Regular,Paid Ads
8572,Female,36-45,Rachelland,Spain,Regular,Social Media
8573,Other,66+,Lake Amanda,Portugal,Regular,Email
8574,Female,26-35,North Maryborough,Finland,VIP,Email
8575,Male,66+,Port Michele,Italy,VIP,Social Media
8576,Male,18-25,Lake Theresaborough,Spain,Regular,Referral
8577,Other,66+,Mcgrathside,Portugal,Regular,Paid Ads
8578,Male,36-45,Gentryland,Romania,Regular,Organic Search
8579,Female,36-45,Daniellestad,Netherlands,Regular,Social Media
8580,Other,56-65,Linville,France,VIP,Referral
8581,Male,36-45,East Christopherland,Denmark,Regular,Organic Search
8582,Other,46-55,Michaelborough,Italy,Regular,Social Media
8583,Female,26-35,Leechester,France,Regular,Paid Ads
8584,Female,36-45,Jamesfurt,Finland,VIP,Paid Ads
8585,Female,26-35,Lake Tammyville,Finland,Regular,Email
8586,Female,36-45,Butlerport,Poland,Regular,Organic Search
8587,Male,66+,South Dawnborough,Spain,Regular,Referral
8588,Other,56-65,Paulshire,Portugal,Regular,Paid Ads
8589,Other,18-25,Dianeland,France,Regular,Organic Search
8590,Female,46-55,Lake Wendy,Austria,VIP,Email
8591,Male,66+,Brownstad,Italy,VIP,Organic Search
8592,Male,36-45,Ricardoside,Spain,Regular,Social Media
8593,Other,18-25,Port Cynthiachester,Italy,VIP,Email
8594,Female,56-65,Meyerberg,Belgium,VIP,Organic Search
8595,Male,56-65,Jamesshire,Hungary,Regular,Email
8596,Other,26-35,Emilyville,Germany,VIP,Email
8597,Other,36-45,West Peterport,Romania,VIP,Referral
8598,Other,18-25,Bobbyfurt,Romania,VIP,Paid Ads
8599,Female,26-35,Clarkmouth,Italy,Regular,Organic Search
8600,Male,46-55,Lake Coleview,Austria,Regular,Paid Ads
8601,Other,18-25,Barronhaven,France,Regular,Email
8602,Male,26-35,Sherryland,France,Regular,Paid Ads
8603,Other,26-35,Hooperfort,Italy,Regular,Email
8604,Male,26-35,Deanville,Italy,Regular,Email
8605,Female,18-25,North Wendyborough,Lithuania,Regular,Paid Ads
8606,Female,36-45,Joneston,Spain,Regular,Email
8607,Female,26-35,Fletcherhaven,Poland,Regular,Email
8608,Other,56-65,South Jillshire,Portugal,VIP,Paid Ads
8609,Other,46-55,North Jessica,Bulgaria,Regular,Organic Search
8610,Female,66+,South Ryan,France,Regular,Paid Ads
8611,Male,56-65,West Erin,Poland,Regular,Organic Search
8612,Male,36-45,Travisland,Italy,Regular,Email
8613,Other,18-25,West Kurttown,Austria,Regular,Organic Search
8614,Male,56-65,Murrayborough,Hungary,VIP,Paid Ads
8615,Male,18-25,Melissamouth,Spain,VIP,Organic Search
8616,Female,36-45,Roberttown,Spain,Regular,Paid Ads
8617,Other,18-25,Josephstad,Poland,Regular,Referral
8618,Other,18-25,Pattersonburgh,Ireland,VIP,Social Media
8619,Other,66+,North Karen,Italy,Regular,Social Media
8620,Other,46-55,Fullerfurt,Finland,Regular,Referral
8621,Female,36-45,Port John,Portugal,Regular,Email
8622,Female,18-25,Port Amystad,Italy,Regular,Paid Ads
8623,Other,18-25,Livingstonmouth,Italy,Regular,Referral
8624,Male,18-25,Port Caroline,France,Regular,Email
8625,Female,56-65,South Craig,Germany,Regular,Email
8626,Female,26-35,Gabrielshire,Netherlands,Regular,Email
8627,Male,36-45,Mooreborough,Poland,Regular,Paid Ads
8628,Male,46-55,West Richardton,Czech Republic,VIP,Referral
8629,Other,36-45,Lake Mitchellhaven,Poland,Regular,Referral
8630,Other,46-55,North Tyler,Italy,Regular,Social Media
8631,Male,26-35,North Robert,Ireland,Regular,Organic Search
8632,Female,46-55,Lake Tanya,Italy,Regular,Referral
8633,Female,66+,Hermanshire,France,Regular,Paid Ads
8634,Female,46-55,Timothyland,Italy,Regular,Paid Ads
8635,Other,26-35,West Kaitlyn,Poland,Regular,Paid Ads
8636,Other,36-45,Kaylamouth,Germany,Regular,Social Media
8637,Other,46-55,Devinmouth,Germany,VIP,Email
8638,Male,26-35,Diazton,Cyprus,Regular,Email
8639,Male,36-45,North Ruthstad,Hungary,Regular,Organic Search
8640,Female,56-65,Port Samuel,Germany,Regular,Referral
8641,Female,46-55,North Laurie,Hungary,Regular,Social Media
8642,Male,66+,West Karen,Greece,Regular,Referral
8643,Male,36-45,Sophiaburgh,Austria,Regular,Email
8644,Female,46-55,New Ashleymouth,Germany,Regular,Email
8645,Female,36-45,Hollyside,France,Regular,Referral
8646,Female,18-25,Harmonberg,France,Regular,Organic Search
8647,Other,36-45,Terriberg,Netherlands,VIP,Referral
8648,Female,56-65,Grayfurt,France,Regular,Email
8649,Male,56-65,Gatesside,Germany,Regular,Organic Search
8650,Male,66+,Bennettberg,France,Regular,Social Media
8651,Other,36-45,Port Ariel,Italy,Regular,Organic Search
8652,Other,26-35,Port Lee,Spain,Regular,Email
8653,Other,46-55,Arnoldburgh,Netherlands,Regular,Organic Search
8654,Female,56-65,Lindsaymouth,Belgium,Regular,Referral
8655,Female,26-35,North Jennifer,France,Regular,Paid Ads
8656,Male,18-25,Clarkport,France,VIP,Email
8657,Female,56-65,Johnsonview,Romania,Regular,Referral
8658,Male,26-35,Jonathanview,Italy,Regular,Referral
8659,Other,18-25,New Logan,Belgium,Regular,Paid Ads
8660,Other,18-25,South Sheila,Austria,VIP,Referral
8661,Other,66+,Markville,Portugal,Regular,Email
8662,Other,26-35,Katherinefort,Italy,Regular,Email
8663,Female,18-25,Ryanton,Germany,Regular,Social Media
8664,Other,36-45,New Laura,Germany,Regular,Email
8665,Female,26-35,East Sharonstad,Czech Republic,Regular,Paid Ads
8666,Female,26-35,Ashleyberg,Germany,Regular,Referral
8667,Other,36-45,North John,France,Regular,Referral
8668,Male,46-55,New Nancymouth,Latvia,Regular,Referral
8669,Female,36-45,Chelseaville,Portugal,Regular,Organic Search
8670,Female,18-25,Turnerberg,France,VIP,Social Media
8671,Female,36-45,Port Jennifermouth,Germany,Regular,Paid Ads
8672,Male,18-25,Stevenburgh,France,Regular,Social Media
8673,Male,46-55,Griffinberg,Slovenia,Regular,Email
8674,Other,46-55,Mendezville,Spain,Regular,Paid Ads
8675,Other,56-65,Port Colleenton,Germany,Regular,Social Media
8676,Female,26-35,Charlesstad,Portugal,Regular,Paid Ads
8677,Female,56-65,Port Tammychester,Portugal,Regular,Email
8678,Other,26-35,Shermanstad,Hungary,Regular,Social Media
8679,Other,56-65,South Wayneberg,Germany,Regular,Paid Ads
8680,Female,66+,Shawborough,Sweden,Regular,Social Media
8681,Female,66+,Schmittberg,Bulgaria,Regular,Email
8682,Female,56-65,North Jerome,Finland,Regular,Paid Ads
8683,Female,18-25,New Krista,Croatia,Regular,Social Media
8684,Other,66+,South Ruth,France,Regular,Social Media
8685,Other,18-25,Port Robertburgh,Netherlands,Regular,Referral
8686,Other,36-45,South Rebecca,Spain,VIP,Referral
8687,Other,18-25,Benitezport,Germany,Regular,Paid Ads
8688,Female,18-25,West Kevinside,Belgium,Regular,Paid Ads
8689,Male,18-25,North Derrickmouth,Italy,Regular,Paid Ads
8690,Female,66+,Griffinhaven,Finland,Regular,Referral
8691,Male,46-55,Rubiohaven,Spain,Regular,Organic Search
8692,Male,46-55,Perryville,Italy,Regular,Referral
8693,Female,26-35,Isaacville,Germany,Regular,Social Media
8694,Female,26-35,Ronaldport,Germany,Regular,Referral
8695,Other,56-65,Ericaberg,Germany,Regular,Social Media
8696,Other,66+,Zacharyhaven,France,VIP,Referral
8697,Male,26-35,Shannonfurt,Spain,Regular,Referral
8698,Other,36-45,Ryantown,Germany,Regular,Organic Search
8699,Male,56-65,Bishopchester,Italy,VIP,Email
8700,Female,36-45,Port Derrick,France,Regular,Paid Ads
8701,Male,36-45,South Denisechester,Italy,Regular,Referral
8702,Other,26-35,Schneiderside,Bulgaria,Regular,Organic Search
8703,Female,56-65,Victorville,Belgium,VIP,Organic Search
8704,Other,36-45,New Dennis,France,VIP,Paid Ads
8705,Male,26-35,Lake Adam,Italy,Regular,Email
8706,Female,26-35,Sethland,Romania,VIP,Paid Ads
8707,Other,18-25,Katherineborough,Germany,Regular,Referral
8708,Female,46-55,Mcfarlandmouth,Italy,Regular,Social Media
8709,Female,26-35,Andersontown,Netherlands,Regular,Paid Ads
8710,Other,66+,East Marc,France,VIP,Referral
8711,Female,26-35,North Jerryfort,Estonia,Regular,Paid Ads
8712,Other,66+,Lake James,Ireland,Regular,Organic Search
8713,Other,18-25,Fernandezburgh,Spain,Regular,Organic Search
8714,Other,18-25,Dominiquemouth,France,Regular,Referral
8715,Male,26-35,Wheelermouth,France,Regular,Referral
8716,Other,56-65,West Connietown,Austria,Regular,Social Media
8717,Female,26-35,Fletchermouth,Italy,Regular,Social Media
8718,Female,18-25,Nancyberg,Germany,Regular,Social Media
8719,Female,18-25,Lake Robertside,Netherlands,Regular,Paid Ads
8720,Female,18-25,West Danielleborough,Poland,Regular,Email
8721,Female,36-45,Copelandside,Spain,VIP,Paid Ads
8722,Other,56-65,Stephanieton,Italy,Regular,Email
8723,Other,26-35,Stephenborough,Poland,Regular,Social Media
8724,Other,26-35,Kellyview,Poland,Regular,Paid Ads
8725,Male,18-25,Fordburgh,France,Regular,Paid Ads
8726,Female,18-25,Shieldsland,Italy,Regular,Referral
8727,Other,46-55,Wilsonfort,Sweden,Regular,Social Media
8728,Other,26-35,New Derekfurt,Germany,Regular,Email
8729,Female,26-35,Nicoleburgh,France,VIP,Paid Ads
8730,Male,36-45,East Jeremyfurt,Spain,Regular,Social Media
8731,Female,56-65,Lindsayborough,Sweden,Regular,Organic Search
8732,Female,46-55,North Carlaland,Poland,Regular,Organic Search
8733,Female,46-55,Daviston,France,Regular,Referral
8734,Female,18-25,Raystad,France,Regular,Referral
8735,Male,26-35,New Christopher,Czech Republic,Regular,Paid Ads
8736,Female,46-55,Trevorview,Austria,VIP,Email
8737,Male,18-25,Jeffreyborough,Germany,Regular,Organic Search
8738,Other,46-55,Jessicafort,Germany,VIP,Email
8739,Male,56-65,West Michelleton,Spain,Regular,Social Media
8740,Female,56-65,South Thomasfort,France,Regular,Organic Search
8741,Female,56-65,Josephfurt,Sweden,VIP,Email
8742,Other,18-25,West Cindyfort,France,Regular,Organic Search
8743,Other,56-65,Jodistad,France,Regular,Organic Search
8744,Other,56-65,North Crystalstad,Italy,VIP,Organic Search
8745,Male,26-35,East Kari,France,Regular,Organic Search
8746,Male,56-65,Woodmouth,Italy,Regular,Organic Search
8747,Male,36-45,South Robert,Belgium,Regular,Paid Ads
8748,Other,56-65,Byrdfurt,Italy,Regular,Referral
8749,Other,56-65,West Paul,Sweden,VIP,Paid Ads
8750,Male,18-25,Seanport,Lithuania,VIP,Referral
8751,Female,18-25,Samanthaton,Poland,Regular,Organic Search
8752,Female,46-55,North Williamport,Germany,Regular,Referral
8753,Male,56-65,Dawsonborough,Czech Republic,VIP,Social Media
8754,Male,46-55,Vasquezside,Poland,Regular,Organic Search
8755,Female,56-65,Matthewshire,Spain,Regular,Email
8756,Female,56-65,Danielmouth,Czech Republic,Regular,Social Media
8757,Male,46-55,Devinmouth,Poland,VIP,Email
8758,Male,26-35,North Allison,Germany,VIP,Social Media
8759,Female,46-55,Johnsonberg,Portugal,Regular,Social Media
8760,Male,46-55,Swansonchester,Spain,Regular,Referral
8761,Other,66+,Josephburgh,Austria,VIP,Organic Search
8762,Other,56-65,New Misty,France,Regular,Organic Search
8763,Other,56-65,Ethanshire,France,Regular,Referral
8764,Male,46-55,Younghaven,France,Regular,Organic Search
8765,Male,66+,Jordanberg,Spain,Regular,Email
8766,Male,26-35,Deborahborough,Romania,Regular,Paid Ads
8767,Male,36-45,Dawnberg,Germany,Regular,Email
8768,Female,36-45,West Ericberg,Finland,VIP,Paid Ads
8769,Male,66+,Andrewport,Italy,Regular,Social Media
8770,Female,46-55,West Lisa,Sweden,Regular,Email
8771,Other,66+,Ferrellhaven,Italy,VIP,Social Media
8772,Male,56-65,Rodrigueztown,Austria,Regular,Organic Search
8773,Female,36-45,New Tamara,Spain,Regular,Social Media
8774,Other,66+,Port Franciscofort,Austria,Regular,Email
8775,Other,56-65,North Billyview,Italy,VIP,Paid Ads
8776,Other,46-55,Emmaside,Germany,Regular,Email
8777,Female,66+,East Jessica,France,Regular,Referral
8778,Female,46-55,South Kathleenland,Sweden,Regular,Paid Ads
8779,Other,26-35,Millertown,France,VIP,Paid Ads
8780,Male,36-45,Lake Danaland,Spain,VIP,Paid Ads
8781,Other,66+,Davidside,Poland,Regular,Social Media
8782,Other,46-55,Tiffanyberg,Lithuania,Regular,Organic Search
8783,Male,56-65,Port Emilyton,Germany,VIP,Referral
8784,Other,18-25,Yangport,Spain,Regular,Email
8785,Male,26-35,Foxborough,France,Regular,Email
8786,Female,26-35,Lake William,France,Regular,Paid Ads
8787,Other,36-45,Hornside,France,Regular,Email
8788,Other,26-35,West Katherinetown,Germany,VIP,Paid Ads
8789,Male,56-65,Shanemouth,Portugal,Regular,Referral
8790,Other,66+,Riverafort,Slovenia,VIP,Referral
8791,Female,66+,South Oliviabury,Italy,Regular,Referral
8792,Male,18-25,South Tammyside,Netherlands,Regular,Organic Search
8793,Male,36-45,Lake Ronaldfort,Germany,VIP,Paid Ads
8794,Male,66+,South James,Spain,Regular,Email
8795,Male,18-25,Moniquefurt,Germany,Regular,Referral
8796,Female,56-65,South Cassandraburgh,Spain,Regular,Paid Ads
8797,Other,36-45,Priceville,France,VIP,Social Media
8798,Male,56-65,Garciabury,France,VIP,Social Media
8799,Female,46-55,New Kennethchester,Germany,Regular,Paid Ads
8800,Female,36-45,Washingtonfurt,Spain,Regular,Social Media
8801,Male,66+,Georgestad,Germany,Regular,Email
8802,Male,18-25,New Megan,Romania,VIP,Social Media
8803,Female,18-25,Buchananside,Spain,Regular,Referral
8804,Male,56-65,North Grace,France,Regular,Email
8805,Other,36-45,North Joseview,Spain,VIP,Organic Search
8806,Other,36-45,Blankenshipshire,Portugal,Regular,Email
8807,Male,36-45,Richardborough,Czech Republic,Regular,Email
8808,Female,18-25,Samuelville,France,Regular,Email
8809,Other,26-35,New Travis,Greece,Regular,Paid Ads
8810,Male,26-35,Stewartland,Spain,Regular,Organic Search
8811,Female,36-45,South Denise,Germany,Regular,Referral
8812,Other,66+,Lake Joseph,Greece,Regular,Social Media
8813,Female,66+,Calebborough,Italy,Regular,Organic Search
8814,Other,56-65,New Susan,Spain,Regular,Paid Ads
8815,Other,18-25,New Christopher,Greece,Regular,Email
8816,Other,36-45,East Jeffrey,France,Regular,Social Media
8817,Other,26-35,North Ericmouth,Estonia,Regular,Organic Search
8818,Other,36-45,Samanthaview,Germany,Regular,Paid Ads
8819,Other,36-45,West Jonathan,France,Regular,Organic Search
8820,Female,46-55,North Jeffrey,Germany,Regular,Referral
8821,Male,46-55,Port Jacqueline,Poland,Regular,Email
8822,Other,46-55,New Sharonfort,Finland,Regular,Social Media
8823,Other,56-65,West Eileenside,France,Regular,Referral
8824,Other,46-55,West Veronicafurt,Poland,Regular,Paid Ads
8825,Male,18-25,Port Jeremyside,Sweden,VIP,Organic Search
8826,Male,18-25,Edwardsburgh,Germany,Regular,Paid Ads
8827,Female,66+,Nicholasville,Spain,Regular,Organic Search
8828,Female,18-25,South Cathy,Italy,Regular,Social Media
8829,Male,36-45,Lake Karenbury,Poland,Regular,Organic Search
8830,Female,46-55,West Anthony,Poland,VIP,Organic Search
8831,Male,18-25,North Alexander,Netherlands,Regular,Social Media
8832,Female,26-35,Salinasshire,Spain,Regular,Paid Ads
8833,Other,66+,Justinstad,Spain,Regular,Email
8834,Female,36-45,Port Ericaland,Lithuania,Regular,Paid Ads
8835,Other,26-35,South Miranda,Poland,Regular,Social Media
8836,Male,56-65,Joshuaburgh,Germany,Regular,Social Media
8837,Other,26-35,Colemanmouth,Germany,Regular,Social Media
8838,Male,36-45,Robinsontown,France,Regular,Referral
8839,Other,46-55,Robertport,Spain,Regular,Referral
8840,Female,66+,Harrisview,Italy,Regular,Paid Ads
8841,Female,56-65,East Matthew,Italy,Regular,Social Media
8842,Other,18-25,New Mariah,Germany,VIP,Email
8843,Male,36-45,Aaronbury,Italy,VIP,Referral
8844,Other,66+,West Joel,Germany,VIP,Email
8845,Female,18-25,Harmonmouth,Germany,Regular,Email
8846,Female,36-45,Andrewburgh,Poland,Regular,Referral
8847,Female,56-65,West Ashley,Denmark,Regular,Social Media
8848,Other,18-25,Johnfort,Spain,Regular,Paid Ads
8849,Male,36-45,North Meganmouth,France,Regular,Email
8850,Male,66+,New Malloryton,Netherlands,VIP,Paid Ads
8851,Male,46-55,Huntfurt,Italy,Regular,Email
8852,Male,36-45,Lake Sabrina,Italy,Regular,Referral
8853,Female,46-55,Port Karenside,Greece,Regular,Organic Search
8854,Other,18-25,Debrashire,Spain,Regular,Referral
8855,Other,26-35,Garciastad,Germany,Regular,Social Media
8856,Female,36-45,Davisville,Sweden,Regular,Referral
8857,Male,26-35,Richardbury,Portugal,Regular,Organic Search
8858,Other,66+,Port Jacobberg,France,Regular,Paid Ads
8859,Other,26-35,Rickymouth,Netherlands,VIP,Email
8860,Female,36-45,Campbellmouth,Italy,Regular,Social Media
8861,Other,18-25,Port Michaelmouth,France,Regular,Organic Search
8862,Female,46-55,North Katrinaberg,Poland,Regular,Referral
8863,Male,18-25,Cruzborough,France,Regular,Paid Ads
8864,Other,18-25,Rhodesburgh,Italy,Regular,Organic Search
8865,Male,46-55,Joseberg,Italy,Regular,Referral
8866,Other,66+,Lake Steven,Spain,Regular,Organic Search
8867,Other,18-25,New Paula,Romania,VIP,Social Media
8868,Male,66+,Jeanneberg,Czech Republic,Regular,Paid Ads
8869,Female,26-35,Powersstad,Poland,Regular,Paid Ads
8870,Other,36-45,Crystalfort,Czech Republic,Regular,Email
8871,Female,46-55,Thomasshire,Italy,Regular,Social Media
8872,Other,56-65,Port Mary,Italy,Regular,Organic Search
8873,Male,66+,West Andrea,Spain,Regular,Email
8874,Other,18-25,Jenniferfort,Italy,Regular,Email
8875,Female,18-25,West Jamesland,France,VIP,Paid Ads
8876,Male,66+,East Davidhaven,Poland,Regular,Paid Ads
8877,Female,56-65,Melvinshire,Cyprus,Regular,Referral
8878,Female,18-25,North Charlesside,Sweden,VIP,Paid Ads
8879,Other,56-65,North Robertfort,Italy,Regular,Social Media
8880,Male,66+,North Timothy,Spain,VIP,Email
8881,Other,36-45,Lake Paula,Bulgaria,VIP,Social Media
8882,Other,36-45,Bellberg,Germany,Regular,Organic Search
8883,Other,36-45,West Donna,Spain,Regular,Email
8884,Male,66+,Laurabury,Germany,Regular,Paid Ads
8885,Female,56-65,Ericview,Belgium,Regular,Organic Search
8886,Female,26-35,Port Linda,Romania,VIP,Paid Ads
8887,Other,66+,Andrewberg,Czech Republic,VIP,Paid Ads
8888,Female,26-35,New Dawn,Sweden,Regular,Referral
8889,Female,18-25,New Jeffreyview,Spain,Regular,Paid Ads
8890,Other,66+,Buckshire,Italy,Regular,Referral
8891,Female,56-65,Perryton,Ireland,Regular,Referral
8892,Female,66+,East Michelle,France,Regular,Organic Search
8893,Male,56-65,North Stephaniefurt,Spain,Regular,Organic Search
8894,Male,56-65,Hillton,Slovakia,Regular,Organic Search
8895,Male,56-65,Jenniferville,Spain,Regular,Referral
8896,Female,18-25,Perezshire,Portugal,Regular,Social Media
8897,Other,18-25,Melanieside,Spain,Regular,Organic Search
8898,Other,66+,Richardbury,Germany,Regular,Referral
8899,Female,36-45,Kellyville,Spain,Regular,Referral
8900,Male,46-55,Justinfort,Germany,Regular,Email
8901,Female,26-35,New Anthonyfort,Croatia,Regular,Social Media
8902,Female,26-35,East Kara,Italy,Regular,Paid Ads
8903,Female,46-55,Stewartbury,France,Regular,Email
8904,Male,26-35,South Roberttown,Italy,Regular,Email
8905,Male,26-35,Seanshire,Denmark,Regular,Referral
8906,Male,56-65,Perezburgh,Slovakia,VIP,Organic Search
8907,Male,26-35,Port Kristiville,Italy,Regular,Paid Ads
8908,Other,46-55,North Ericfurt,Spain,Regular,Social Media
8909,Male,18-25,North Elizabethburgh,Germany,Regular,Organic Search
8910,Other,18-25,South Kristinland,France,Regular,Paid Ads
8911,Male,56-65,New Richardfurt,Portugal,Regular,Email
8912,Other,18-25,West Laura,Italy,Regular,Email
8913,Male,46-55,New Walterstad,Spain,Regular,Email
8914,Other,36-45,West Melissaside,Spain,Regular,Email
8915,Female,36-45,Andersonland,Poland,Regular,Paid Ads
8916,Female,26-35,New Kendraport,Italy,Regular,Email
8917,Other,46-55,West Danielborough,Spain,Regular,Email
8918,Other,66+,South Laura,Portugal,Regular,Social Media
8919,Male,18-25,Lake Lori,Italy,Regular,Email
8920,Female,36-45,New Sarah,Spain,Regular,Email
8921,Male,46-55,Anthonymouth,Slovakia,Regular,Email
8922,Female,46-55,North Jennifer,France,Regular,Referral
8923,Male,46-55,Port Jamesbury,Spain,Regular,Organic Search
8924,Other,36-45,Freemanmouth,Germany,Regular,Referral
8925,Male,56-65,New Emily,Italy,VIP,Email
8926,Other,46-55,Lawsonport,Portugal,Regular,Referral
8927,Other,56-65,East Jacqueline,Poland,Regular,Paid Ads
8928,Male,56-65,Whiteheadchester,Germany,VIP,Organic Search
8929,Female,56-65,Martinville,Slovakia,VIP,Social Media
8930,Male,46-55,Lake Jessicamouth,Italy,Regular,Social Media
8931,Female,18-25,West Alisonshire,Spain,Regular,Email
8932,Male,36-45,East Alexismouth,Germany,Regular,Paid Ads
8933,Male,66+,South Jaredhaven,France,Regular,Referral
8934,Male,26-35,New Davidside,Germany,Regular,Paid Ads
8935,Male,46-55,South Ronald,Ireland,Regular,Paid Ads
8936,Male,66+,West Craigchester,Italy,Regular,Referral
8937,Other,66+,Port Patriciaton,France,Regular,Email
8938,Male,56-65,Lake Donnahaven,Italy,VIP,Organic Search
8939,Male,56-65,North Sophiaville,Poland,Regular,Referral
8940,Female,66+,Justintown,Czech Republic,Regular,Email
8941,Other,46-55,East Erica,Germany,Regular,Referral
8942,Female,26-35,East Bruceville,Austria,VIP,Referral
8943,Other,66+,Johnberg,Spain,Regular,Paid Ads
8944,Female,46-55,Alexanderbury,Romania,VIP,Referral
8945,Female,56-65,South Lisa,Netherlands,Regular,Social Media
8946,Male,66+,Josephfort,Estonia,Regular,Social Media
8947,Other,18-25,East Garyville,Bulgaria,Regular,Paid Ads
8948,Male,56-65,Port Dennis,Poland,Regular,Organic Search
8949,Male,46-55,South Stanleychester,Belgium,Regular,Paid Ads
8950,Male,46-55,Williamville,Belgium,Regular,Referral
8951,Female,36-45,Michaelland,Spain,Regular,Organic Search
8952,Female,66+,Port Elizabeth,Italy,VIP,Social Media
8953,Male,18-25,Wilkinsonton,Italy,Regular,Social Media
8954,Other,66+,Jeremybury,France,Regular,Referral
8955,Other,36-45,East Scotttown,Germany,Regular,Email
8956,Other,46-55,Elizabethborough,Czech Republic,Regular,Email
8957,Female,18-25,Stephanieside,Netherlands,Regular,Social Media
8958,Other,56-65,Michaelbury,Czech Republic,Regular,Social Media
8959,Female,36-45,South Heatherton,France,Regular,Referral
8960,Other,26-35,New Michaeltown,Germany,Regular,Social Media
8961,Female,66+,North Cody,Germany,Regular,Organic Search
8962,Male,18-25,East Michaelfurt,Italy,Regular,Referral
8963,Male,26-35,Port Jefferytown,Italy,Regular,Social Media
8964,Male,56-65,Nortonfurt,Italy,Regular,Organic Search
8965,Male,46-55,Chadfort,Hungary,Regular,Email
8966,Male,46-55,Mccoyside,Ireland,Regular,Email
8967,Male,36-45,Kimberlybury,Czech Republic,Regular,Email
8968,Male,26-35,Lake Ashlee,Germany,Regular,Referral
8969,Female,66+,Stephanieshire,France,VIP,Organic Search
8970,Other,36-45,New Christopher,Hungary,Regular,Organic Search
8971,Female,66+,Ramosshire,Italy,Regular,Paid Ads
8972,Female,56-65,Grayhaven,Estonia,Regular,Referral
8973,Male,56-65,New Marissaberg,Italy,Regular,Social Media
8974,Male,46-55,New Nancy,Netherlands,Regular,Social Media
8975,Female,56-65,East Stephanie,Bulgaria,Regular,Paid Ads
8976,Female,36-45,Moniqueland,Portugal,VIP,Organic Search
8977,Other,66+,Samuelmouth,France,Regular,Referral
8978,Other,26-35,West Johnnyside,Spain,Regular,Organic Search
8979,Male,36-45,Lake Ashley,France,Regular,Email
8980,Other,56-65,Sosatown,Netherlands,Regular,Organic Search
8981,Female,36-45,South Vickietown,Poland,Regular,Paid Ads
8982,Female,56-65,South Nancystad,France,Regular,Social Media
8983,Other,26-35,Port Gregory,Czech Republic,VIP,Organic Search
8984,Male,18-25,Port Julie,Germany,Regular,Organic Search
8985,Female,66+,East Theresaborough,Italy,Regular,Social Media
8986,Male,46-55,Lake Jenniferburgh,Poland,Regular,Email
8987,Female,66+,Holmesville,Netherlands,Regular,Organic Search
8988,Female,66+,Lake Shawnastad,Italy,Regular,Referral
8989,Other,36-45,Nicholasview,Germany,VIP,Social Media
8990,Other,36-45,East Rebeccastad,Italy,VIP,Organic Search
8991,Female,36-45,Bushchester,Romania,Regular,Organic Search
8992,Other,56-65,Lauramouth,Croatia,VIP,Referral
8993,Other,56-65,North Edwin,Germany,Regular,Referral
8994,Female,56-65,Trujillomouth,France,Regular,Referral
8995,Other,66+,Port Samueltown,Netherlands,Regular,Email
8996,Other,26-35,Jessicashire,Ireland,Regular,Referral
8997,Male,46-55,South Kimberly,France,Regular,Paid Ads
8998,Female,36-45,Port Daniel,Romania,Regular,Email
8999,Male,46-55,New Wendyland,Finland,VIP,Paid Ads
9000,Male,36-45,Jimenezville,France,Regular,Paid Ads
9001,Other,66+,South Amber,France,Regular,Email
9002,Other,46-55,Kellyton,Poland,Regular,Paid Ads
9003,Male,18-25,Allenburgh,Netherlands,Regular,Social Media
9004,Other,66+,New Michellebury,Italy,Regular,Social Media
9005,Other,56-65,Johnsonmouth,Greece,Regular,Email
9006,Female,46-55,Amandastad,Sweden,Regular,Social Media
9007,Male,66+,South Jeremy,Germany,Regular,Organic Search
9008,Male,56-65,East Daniel,Portugal,Regular,Referral
9009,Female,18-25,West Rachelland,France,Regular,Email
9010,Female,46-55,Denniston,Slovenia,Regular,Email
9011,Male,26-35,South Thomas,Germany,Regular,Email
9012,Other,18-25,Penningtonfort,France,Regular,Email
9013,Male,18-25,South Donnashire,Germany,Regular,Social Media
9014,Female,46-55,Lake Elizabeth,France,Regular,Social Media
9015,Male,26-35,New Erika,Italy,Regular,Paid Ads
9016,Male,46-55,Vargaston,Italy,Regular,Email
9017,Male,26-35,South Charlesstad,Italy,Regular,Email
9018,Female,66+,Yangborough,Italy,Regular,Social Media
9019,Female,18-25,Port Maryburgh,Spain,Regular,Email
9020,Other,46-55,Stewarthaven,Netherlands,VIP,Paid Ads
9021,Male,36-45,Hoffmanport,Netherlands,Regular,Organic Search
9022,Male,36-45,Port Diana,Slovakia,VIP,Organic Search
9023,Female,46-55,Dixontown,France,VIP,Referral
9024,Female,36-45,Newtonville,Italy,Regular,Social Media
9025,Female,36-45,Lake Michelebury,France,Regular,Email
9026,Male,56-65,Hillton,Portugal,Regular,Referral
9027,Female,66+,West Derek,Portugal,Regular,Social Media
9028,Other,56-65,West Calebstad,Germany,Regular,Organic Search
9029,Other,46-55,West Seanside,Hungary,Regular,Social Media
9030,Female,46-55,New Alyssa,Poland,VIP,Email
9031,Other,26-35,Johnsonberg,France,Regular,Email
9032,Female,66+,Danielstad,Italy,VIP,Paid Ads
9033,Other,46-55,Lake John,Sweden,VIP,Referral
9034,Other,18-25,Millerstad,France,Regular,Social Media
9035,Female,18-25,Scottshire,Austria,Regular,Referral
9036,Male,36-45,East Amy,Belgium,VIP,Paid Ads
9037,Female,46-55,New Kelli,France,VIP,Paid Ads
9038,Female,66+,Andersontown,Germany,VIP,Organic Search
9039,Female,18-25,Sullivanside,France,Regular,Social Media
9040,Male,56-65,Garciachester,Italy,Regular,Social Media
9041,Other,36-45,Matthewchester,Slovakia,Regular,Referral
9042,Female,46-55,Jenningsbury,Italy,Regular,Email
9043,Other,36-45,West Larrymouth,Netherlands,Regular,Email
9044,Other,18-25,Markview,Slovakia,Regular,Referral
9045,Female,26-35,East Christopher,Germany,Regular,Organic Search
9046,Male,66+,South Randy,Belgium,Regular,Referral
9047,Male,66+,East Breannamouth,Spain,Regular,Paid Ads
9048,Male,46-55,East Matthew,Italy,Regular,Paid Ads
9049,Male,46-55,Maryburgh,Romania,Regular,Referral
9050,Female,56-65,Klinefort,Italy,Regular,Email
9051,Male,56-65,South Josephmouth,Sweden,Regular,Social Media
9052,Other,46-55,Johnsonland,Czech Republic,Regular,Referral
9053,Other,66+,Parkerfort,Portugal,VIP,Email
9054,Other,56-65,New Rhonda,France,VIP,Organic Search
9055,Female,36-45,South Travisshire,France,Regular,Referral
9056,Other,46-55,Port Jamesshire,Germany,Regular,Social Media
9057,Other,18-25,Kevinfort,Greece,Regular,Social Media
9058,Other,46-55,Evanbury,France,Regular,Email
9059,Male,18-25,Stevenside,France,VIP,Referral
9060,Other,66+,South Timothystad,Germany,Regular,Organic Search
9061,Other,18-25,Port Michaelberg,Spain,Regular,Social Media
9062,Male,56-65,Brettstad,Germany,Regular,Paid Ads
9063,Male,66+,North Dana,France,Regular,Organic Search
9064,Male,46-55,Longbury,Spain,Regular,Email
9065,Male,26-35,Robertsmouth,Sweden,Regular,Email
9066,Male,56-65,Brownbury,Germany,Regular,Email
9067,Other,56-65,Clinetown,Hungary,Regular,Social Media
9068,Male,18-25,East Austin,Croatia,Regular,Paid Ads
9069,Other,18-25,New Jaredland,Poland,Regular,Paid Ads
9070,Male,36-45,Chadberg,France,Regular,Organic Search
9071,Female,46-55,New Andrewmouth,Germany,VIP,Referral
9072,Male,66+,Singhport,Austria,Regular,Organic Search
9073,Male,26-35,Maryfort,France,Regular,Paid Ads
9074,Female,46-55,Lake Kevinshire,Sweden,Regular,Email
9075,Female,18-25,Jonathanland,Germany,Regular,Email
9076,Male,46-55,East Stevenport,Bulgaria,Regular,Organic Search
9077,Male,36-45,New Davidmouth,Ireland,VIP,Referral
9078,Male,56-65,New Alexis,Germany,Regular,Organic Search
9079,Female,56-65,West Hector,France,Regular,Referral
9080,Male,46-55,Fosterland,Slovakia,VIP,Email
9081,Male,18-25,Longtown,Denmark,Regular,Email
9082,Female,26-35,South Timothyburgh,Spain,Regular,Referral
9083,Female,36-45,Port Sarabury,Spain,VIP,Email
9084,Other,18-25,Christineville,France,Regular,Email
9085,Other,26-35,Lake Glenshire,Slovakia,VIP,Organic Search
9086,Male,46-55,Elizabethtown,Italy,Regular,Organic Search
9087,Female,18-25,Waltonchester,Spain,Regular,Paid Ads
9088,Male,56-65,Harmonside,Poland,VIP,Paid Ads
9089,Male,36-45,Amystad,Germany,Regular,Referral
9090,Male,46-55,Brettchester,Germany,VIP,Paid Ads
9091,Female,46-55,South Natalieton,Malta,Regular,Social Media
9092,Female,56-65,Jamesberg,Denmark,Regular,Email
9093,Other,26-35,North Bridget,Austria,VIP,Paid Ads
9094,Other,18-25,Grantview,Spain,Regular,Paid Ads
9095,Male,26-35,South Mark,Germany,VIP,Referral
9096,Male,36-45,Christopherchester,Netherlands,Regular,Organic Search
9097,Other,66+,Lake Charlesberg,France,Regular,Social Media
9098,Female,36-45,Lake Deborahburgh,Spain,Regular,Organic Search
9099,Female,36-45,Benjaminfurt,Spain,Regular,Social Media
9100,Male,18-25,Gregorybury,Spain,Regular,Email
9101,Female,46-55,Brittneyhaven,Germany,Regular,Referral
9102,Other,26-35,Davisberg,Bulgaria,Regular,Social Media
9103,Other,66+,East Sherri,Italy,Regular,Organic Search
9104,Female,56-65,Jessicachester,France,Regular,Referral
9105,Male,66+,New Nicholas,Italy,Regular,Referral
9106,Other,56-65,Gibsonstad,Slovenia,VIP,Paid Ads
9107,Male,18-25,West Adamchester,Germany,Regular,Organic Search
9108,Female,56-65,Reedbury,Sweden,Regular,Organic Search
9109,Male,26-35,West Nicholasville,France,VIP,Social Media
9110,Other,46-55,East Rachelfurt,Belgium,Regular,Organic Search
9111,Female,46-55,Deanland,Germany,VIP,Email
9112,Male,36-45,East Wendystad,Belgium,VIP,Referral
9113,Male,46-55,Port Joseph,Germany,VIP,Email
9114,Female,66+,Elizabethside,France,Regular,Referral
9115,Male,26-35,Jonesshire,Italy,VIP,Organic Search
9116,Other,26-35,Friedmanland,France,VIP,Organic Search
9117,Male,66+,East Carla,Germany,Regular,Email
9118,Female,36-45,Evansburgh,Sweden,Regular,Social Media
9119,Male,56-65,Martinezmouth,Germany,Regular,Email
9120,Other,18-25,Douglastown,Italy,Regular,Organic Search
9121,Female,46-55,Port Lawrence,Germany,Regular,Paid Ads
9122,Male,46-55,East Jasonland,Netherlands,Regular,Social Media
9123,Male,46-55,West Aliciafort,Poland,Regular,Paid Ads
9124,Female,18-25,New Michaela,Italy,Regular,Organic Search
9125,Male,56-65,Danielberg,Germany,Regular,Referral
9126,Male,18-25,East Edward,Spain,Regular,Social Media
9127,Male,26-35,Randallhaven,Portugal,Regular,Paid Ads
9128,Female,46-55,Lake Lisaview,Slovenia,Regular,Social Media
9129,Female,56-65,Parkburgh,Germany,VIP,Referral
9130,Female,26-35,Mccarthymouth,Germany,VIP,Referral
9131,Other,56-65,Johnbury,Romania,Regular,Referral
9132,Other,36-45,Rosariohaven,Belgium,VIP,Organic Search
9133,Female,56-65,West Jonathan,France,Regular,Email
9134,Other,18-25,Douglasbury,Poland,Regular,Email
9135,Male,46-55,Kristenland,Romania,Regular,Social Media
9136,Male,18-25,Lake Diane,Romania,VIP,Paid Ads
9137,Male,26-35,North Roger,Greece,Regular,Email
9138,Female,36-45,South Mark,France,Regular,Referral
9139,Other,26-35,Port Jenniferberg,France,Regular,Referral
9140,Other,36-45,Port James,Denmark,VIP,Organic Search
9141,Female,56-65,Ruizview,Belgium,Regular,Social Media
9142,Other,36-45,West Jason,Netherlands,Regular,Organic Search
9143,Male,18-25,New Debbieport,France,Regular,Organic Search
9144,Female,18-25,Fostershire,Ireland,Regular,Referral
9145,Other,18-25,Masonmouth,Germany,VIP,Paid Ads
9146,Other,26-35,New Katiechester,Italy,Regular,Email
9147,Other,18-25,Millertown,Poland,Regular,Organic Search
9148,Female,46-55,Rodneyborough,Ireland,Regular,Social Media
9149,Female,36-45,Steventon,Croatia,VIP,Organic Search
9150,Other,66+,North Richardfort,Poland,Regular,Social Media
9151,Male,46-55,Billyview,France,Regular,Referral
9152,Male,36-45,Jasonburgh,Poland,VIP,Referral
9153,Male,36-45,East Edwardberg,Romania,Regular,Paid Ads
9154,Other,66+,West Samanthaland,France,Regular,Organic Search
9155,Female,46-55,Joseborough,Hungary,Regular,Social Media
9156,Female,26-35,Lisafort,Netherlands,Regular,Email
9157,Male,18-25,North Scott,Germany,Regular,Social Media
9158,Male,18-25,Thompsonberg,Germany,Regular,Email
9159,Male,26-35,Port Eileenmouth,France,Regular,Email
9160,Male,66+,East Nicholeville,Sweden,Regular,Email
9161,Female,66+,Leetown,Germany,Regular,Social Media
9162,Female,36-45,Deborahside,Germany,Regular,Social Media
9163,Male,18-25,South Aaronland,France,Regular,Social Media
9164,Female,18-25,South Donald,Poland,Regular,Social Media
9165,Female,18-25,South Karen,Netherlands,VIP,Paid Ads
9166,Other,18-25,Mikeside,Spain,Regular,Social Media
9167,Other,26-35,Aprilside,Netherlands,Regular,Organic Search
9168,Other,56-65,South Tracyshire,Ireland,Regular,Organic Search
9169,Other,46-55,Smithtown,Netherlands,Regular,Social Media
9170,Female,18-25,West Christian,Italy,VIP,Email
9171,Male,36-45,East Natalie,France,VIP,Social Media
9172,Female,66+,New Matthewmouth,Netherlands,Regular,Social Media
9173,Male,26-35,Jimmyberg,Hungary,Regular,Paid Ads
9174,Other,66+,New Amanda,Italy,Regular,Referral
9175,Other,46-55,Aguirreborough,France,VIP,Referral
9176,Female,26-35,Castanedaborough,Spain,Regular,Social Media
9177,Male,66+,South Dawnmouth,Hungary,Regular,Referral
9178,Female,18-25,Burtonfort,Sweden,Regular,Organic Search
9179,Male,46-55,West Susan,Sweden,VIP,Organic Search
9180,Other,46-55,New Austin,Spain,Regular,Referral
9181,Male,66+,Sarahtown,France,Regular,Paid Ads
9182,Female,66+,West Stacyland,Poland,Regular,Social Media
9183,Female,46-55,Port Vicki,Germany,Regular,Paid Ads
9184,Other,36-45,East Claudia,Spain,Regular,Paid Ads
9185,Other,18-25,Elizabethhaven,Italy,Regular,Paid Ads
9186,Other,56-65,South Patriciatown,Portugal,Regular,Paid Ads
9187,Female,66+,Robertoland,France,VIP,Email
9188,Female,18-25,South Donna,Italy,Regular,Referral
9189,Female,56-65,South Patriciatown,Germany,Regular,Email
9190,Other,66+,Adrianastad,Germany,Regular,Organic Search
9191,Male,18-25,Tinaborough,Italy,Regular,Paid Ads
9192,Male,46-55,Lake Williamview,Lithuania,Regular,Social Media
9193,Other,26-35,East Kyleton,Poland,Regular,Paid Ads
9194,Male,26-35,South Misty,France,Regular,Referral
9195,Female,18-25,Smithhaven,Spain,Regular,Paid Ads
9196,Female,46-55,Port Marcside,Spain,VIP,Paid Ads
9197,Other,18-25,New Maria,Belgium,Regular,Social Media
9198,Female,26-35,Anitatown,Germany,Regular,Referral
9199,Male,36-45,Camposfurt,France,Regular,Paid Ads
9200,Female,26-35,North Kristinaburgh,Belgium,Regular,Organic Search
9201,Female,66+,Lake Anthonyville,Belgium,VIP,Email
9202,Male,46-55,Claytonhaven,France,Regular,Referral
9203,Female,66+,Lake Peter,France,Regular,Organic Search
9204,Other,36-45,East Annefort,Poland,VIP,Organic Search
9205,Other,36-45,Adammouth,Estonia,Regular,Paid Ads
9206,Female,26-35,West Larrymouth,Netherlands,Regular,Organic Search
9207,Other,36-45,Andrewsberg,Romania,Regular,Email
9208,Other,66+,Simmonsfurt,Spain,Regular,Referral
9209,Male,46-55,Fosterborough,France,Regular,Email
9210,Male,26-35,Tylerbury,Italy,Regular,Organic Search
9211,Other,18-25,West Bridgetmouth,Italy,VIP,Paid Ads
9212,Female,18-25,Colemanshire,Germany,VIP,Organic Search
9213,Male,18-25,Wellsmouth,France,VIP,Referral
9214,Female,66+,North Alejandrofort,Italy,VIP,Social Media
9215,Other,36-45,Tabithaville,Italy,Regular,Social Media
9216,Male,26-35,North Erica,Greece,Regular,Paid Ads
9217,Male,18-25,Justinfurt,France,Regular,Paid Ads
9218,Female,66+,West Nicole,Spain,Regular,Referral
9219,Other,56-65,Kaylatown,Germany,Regular,Email
9220,Male,26-35,Billyside,Hungary,Regular,Email
9221,Other,46-55,Samuelside,Latvia,Regular,Paid Ads
9222,Male,18-25,Mercadoborough,Spain,Regular,Organic Search
9223,Other,56-65,Mitchellmouth,Italy,VIP,Referral
9224,Other,18-25,South Brendaport,Netherlands,Regular,Email
9225,Male,36-45,Port Travis,France,VIP,Paid Ads
9226,Female,56-65,Nelsonchester,Germany,Regular,Email
9227,Male,56-65,Andrewton,Spain,VIP,Referral
9228,Other,46-55,West Victoriaport,Netherlands,Regular,Paid Ads
9229,Male,26-35,Melaniehaven,Spain,Regular,Referral
9230,Female,56-65,Marcusport,Germany,Regular,Paid Ads
9231,Female,36-45,East Mariaburgh,France,Regular,Referral
9232,Male,18-25,New Hollyfort,Austria,Regular,Paid Ads
9233,Female,66+,Keithmouth,Slovakia,Regular,Email
9234,Male,36-45,South Mitchell,Germany,Regular,Organic Search
9235,Other,18-25,West Danielton,Netherlands,Regular,Paid Ads
9236,Other,26-35,East Tarafurt,Poland,Regular,Social Media
9237,Male,66+,New Sandraview,Germany,Regular,Social Media
9238,Other,56-65,Matthewbury,Spain,Regular,Social Media
9239,Other,36-45,South Lisamouth,Spain,Regular,Organic Search
9240,Female,36-45,New Steve,Bulgaria,VIP,Paid Ads
9241,Male,46-55,Christopherborough,France,Regular,Referral
9242,Other,46-55,Nicholasburgh,Italy,VIP,Referral
9243,Male,18-25,East Johnland,France,VIP,Organic Search
9244,Other,18-25,Lake Walterport,Greece,Regular,Email
9245,Other,26-35,North Sarahberg,Italy,VIP,Paid Ads
9246,Other,18-25,Sullivanport,Spain,Regular,Social Media
9247,Male,46-55,Leeton,Belgium,Regular,Organic Search
9248,Male,26-35,Dannyville,Latvia,Regular,Paid Ads
9249,Male,56-65,Hallfurt,Germany,Regular,Organic Search
9250,Female,36-45,East Annashire,Denmark,Regular,Organic Search
9251,Male,46-55,Chavezside,Spain,VIP,Social Media
9252,Other,36-45,Phillipsbury,Italy,VIP,Referral
9253,Female,26-35,Andreahaven,Poland,VIP,Social Media
9254,Female,36-45,Davidmouth,Germany,Regular,Email
9255,Male,36-45,East Pamela,Netherlands,Regular,Paid Ads
9256,Female,56-65,Jimenezberg,Italy,Regular,Paid Ads
9257,Female,26-35,East Rhondamouth,Germany,Regular,Organic Search
9258,Female,56-65,Port Meredithton,Poland,Regular,Email
9259,Male,36-45,Lake Shane,Germany,Regular,Social Media
9260,Other,18-25,East James,Germany,Regular,Referral
9261,Other,36-45,Port Cesarland,Spain,Regular,Referral
9262,Other,46-55,South Aaronbury,Italy,Regular,Email
9263,Other,46-55,Port Kathleen,Czech Republic,Regular,Paid Ads
9264,Female,36-45,Nancychester,Germany,VIP,Social Media
9265,Female,66+,East Jeremyhaven,Finland,Regular,Referral
9266,Female,18-25,Markview,Spain,Regular,Paid Ads
9267,Other,46-55,North Laurachester,Germany,Regular,Social Media
9268,Other,66+,North Alexisside,Poland,Regular,Organic Search
9269,Female,66+,West Patrickview,Germany,VIP,Organic Search
9270,Other,56-65,Bethview,Italy,VIP,Referral
9271,Male,36-45,Lake Brittanychester,Germany,Regular,Social Media
9272,Female,36-45,Hamiltonport,Croatia,Regular,Organic Search
9273,Male,18-25,East Sydney,Estonia,Regular,Organic Search
9274,Other,46-55,Aaronshire,Germany,Regular,Social Media
9275,Female,46-55,Kelseyfurt,France,Regular,Paid Ads
9276,Other,46-55,Pamelabury,France,Regular,Social Media
9277,Female,56-65,New Danielleshire,Italy,Regular,Paid Ads
9278,Female,46-55,Andrewsburgh,Romania,VIP,Referral
9279,Male,26-35,Ericafurt,Italy,Regular,Referral
9280,Other,18-25,North Tylerland,Poland,VIP,Email
9281,Other,18-25,Lake Mercedes,Germany,Regular,Referral
9282,Other,66+,Katiemouth,Italy,Regular,Email
9283,Female,56-65,Allisonborough,Belgium,Regular,Organic Search
9284,Male,36-45,West Nancy,France,Regular,Referral
9285,Male,46-55,Port Ricky,Romania,Regular,Referral
9286,Female,46-55,Jillianberg,Belgium,Regular,Referral
9287,Male,66+,East Tammybury,Romania,VIP,Paid Ads
9288,Male,66+,Matthewville,Czech Republic,Regular,Email
9289,Female,18-25,Stevenview,Spain,VIP,Social Media
9290,Male,46-55,Carlsonfort,Lithuania,Regular,Social Media
9291,Other,46-55,Hayesborough,France,Regular,Email
9292,Male,36-45,Port Gail,Poland,Regular,Organic Search
9293,Other,26-35,Lake Gailton,Ireland,VIP,Organic Search
9294,Male,46-55,New Jonathanborough,Romania,Regular,Social Media
9295,Other,66+,East Evan,Ireland,Regular,Referral
9296,Other,66+,West Tracyborough,Ireland,VIP,Email
9297,Other,36-45,Stephenland,Spain,Regular,Organic Search
9298,Female,36-45,South William,Greece,Regular,Email
9299,Male,18-25,Veronicafurt,Bulgaria,Regular,Social Media
9300,Other,36-45,West Jose,Italy,Regular,Paid Ads
9301,Other,26-35,Smithton,Denmark,Regular,Social Media
9302,Other,46-55,North Jacob,Poland,Regular,Referral
9303,Female,46-55,Margaretfort,Portugal,Regular,Referral
9304,Female,56-65,West Steveberg,Italy,Regular,Paid Ads
9305,Male,36-45,Dianehaven,Italy,Regular,Paid Ads
9306,Other,18-25,Marcusbury,Italy,Regular,Referral
9307,Male,56-65,Franciscoland,Germany,Regular,Social Media
9308,Female,46-55,Clintonview,Italy,Regular,Referral
9309,Other,56-65,West Wesley,Portugal,VIP,Organic Search
9310,Female,26-35,Burkeside,Poland,Regular,Social Media
9311,Other,66+,Amyburgh,Germany,Regular,Paid Ads
9312,Female,56-65,Susanmouth,Germany,Regular,Organic Search
9313,Female,46-55,Huffmantown,Spain,Regular,Referral
9314,Male,18-25,Kennethview,France,Regular,Referral
9315,Male,66+,North John,Portugal,Regular,Referral
9316,Other,36-45,East Eric,Spain,Regular,Referral
9317,Female,18-25,Lake David,Spain,Regular,Social Media
9318,Female,18-25,West Devinburgh,Sweden,VIP,Social Media
9319,Other,18-25,New Thomas,Bulgaria,Regular,Social Media
9320,Female,36-45,Hamiltonton,Italy,Regular,Organic Search
9321,Other,66+,Harrellhaven,Netherlands,Regular,Email
9322,Female,26-35,Port Johnside,France,Regular,Paid Ads
9323,Female,66+,East Emilyburgh,Spain,Regular,Social Media
9324,Female,66+,Smithchester,Italy,Regular,Referral
9325,Other,46-55,East Stevenland,Italy,Regular,Social Media
9326,Male,18-25,Andersonville,Belgium,Regular,Social Media
9327,Other,36-45,North Davidland,Germany,Regular,Organic Search
9328,Male,46-55,Leonardville,Belgium,Regular,Referral
9329,Other,66+,South Michaelview,Germany,Regular,Paid Ads
9330,Other,36-45,Rosebury,Spain,Regular,Email
9331,Other,56-65,Suarezmouth,Spain,Regular,Social Media
9332,Male,66+,Bowmanside,Austria,Regular,Referral
9333,Male,26-35,Lucasbury,Sweden,Regular,Referral
9334,Other,18-25,Hillton,Sweden,Regular,Paid Ads
9335,Female,66+,Lake Cindyland,Czech Republic,Regular,Social Media
9336,Other,56-65,Lake Jennifer,Spain,Regular,Social Media
9337,Female,18-25,Jocelynbury,France,VIP,Referral
9338,Female,18-25,Lake Michaelhaven,Poland,Regular,Paid Ads
9339,Female,66+,Pedrochester,Spain,Regular,Paid Ads
9340,Male,46-55,West Kayla,France,Regular,Email
9341,Other,18-25,Ronaldville,Bulgaria,Regular,Referral
9342,Male,66+,Coxland,Poland,Regular,Paid Ads
9343,Male,36-45,South Erica,Italy,VIP,Referral
9344,Female,46-55,New Marvinport,Poland,Regular,Email
9345,Other,56-65,Andersonmouth,Germany,VIP,Organic Search
9346,Male,18-25,North Andreaberg,Spain,Regular,Paid Ads
9347,Other,36-45,Lake Marcusbury,France,Regular,Email
9348,Male,46-55,Sanchezchester,Germany,Regular,Paid Ads
9349,Female,56-65,New Kelly,Hungary,Regular,Paid Ads
9350,Female,56-65,Timothytown,Portugal,Regular,Email
9351,Other,46-55,Bowenmouth,Germany,Regular,Social Media
9352,Other,18-25,Alexanderfort,Finland,VIP,Paid Ads
9353,Female,46-55,West Samanthabury,Poland,Regular,Organic Search
9354,Male,56-65,Annborough,France,VIP,Referral
9355,Male,36-45,Comptonville,Bulgaria,Regular,Social Media
9356,Male,18-25,North Mark,Poland,Regular,Organic Search
9357,Male,56-65,Port Kristinaberg,Sweden,Regular,Organic Search
9358,Other,46-55,Valentineside,Bulgaria,Regular,Referral
9359,Female,26-35,Marshallfort,Netherlands,Regular,Social Media
9360,Other,66+,Thomaschester,Hungary,Regular,Referral
9361,Other,66+,South Kathleenland,Italy,Regular,Social Media
9362,Other,56-65,Hannahview,Denmark,Regular,Paid Ads
9363,Female,26-35,South Kaylaview,Spain,Regular,Email
9364,Female,18-25,North Johnborough,Poland,Regular,Organic Search
9365,Other,26-35,North Jake,Sweden,Regular,Referral
9366,Other,18-25,Port Lisaton,Sweden,Regular,Email
9367,Male,46-55,Millerview,France,VIP,Organic Search
9368,Female,36-45,West Andreaport,Croatia,VIP,Referral
9369,Other,26-35,West William,Italy,Regular,Social Media
9370,Other,56-65,New Jenniferfort,Belgium,Regular,Referral
9371,Other,66+,Lake Ashleyberg,Germany,Regular,Referral
9372,Male,66+,West Rebeccaville,Poland,Regular,Email
9373,Female,56-65,Shelleyport,Poland,VIP,Paid Ads
9374,Female,46-55,Oscarbury,Austria,VIP,Referral
9375,Female,56-65,North Kristen,Spain,Regular,Email
9376,Female,18-25,Donaldstad,Germany,Regular,Paid Ads
9377,Other,46-55,West Michaelview,Poland,Regular,Social Media
9378,Female,46-55,Russellview,Germany,Regular,Email
9379,Male,36-45,New Williamville,Germany,VIP,Organic Search
9380,Male,46-55,Danielborough,Greece,Regular,Email
9381,Other,36-45,North Markmouth,Germany,Regular,Paid Ads
9382,Male,46-55,Gregoryton,Spain,Regular,Email
9383,Female,56-65,New Robertland,Slovakia,Regular,Social Media
9384,Male,56-65,North Normatown,France,Regular,Paid Ads
9385,Other,18-25,West Sean,Finland,VIP,Organic Search
9386,Other,36-45,East Charleschester,Greece,Regular,Referral
9387,Male,26-35,Donnaton,Austria,Regular,Organic Search
9388,Other,18-25,North Teresaview,Greece,Regular,Referral
9389,Male,18-25,Jonesberg,France,Regular,Referral
9390,Male,46-55,South Ryan,Italy,Regular,Organic Search
9391,Male,66+,Ginashire,France,Regular,Referral
9392,Male,26-35,New Marissa,France,Regular,Referral
9393,Other,18-25,North Joel,Sweden,VIP,Organic Search
9394,Female,56-65,New Allison,Germany,VIP,Paid Ads
9395,Other,56-65,Port Travisstad,Germany,Regular,Paid Ads
9396,Other,36-45,Lake Kimberly,Croatia,VIP,Organic Search
9397,Male,56-65,New Ashleyberg,Italy,Regular,Social Media
9398,Other,46-55,New Jeremy,Austria,Regular,Organic Search
9399,Other,36-45,Lake Jordan,Germany,Regular,Social Media
9400,Other,66+,Burkechester,France,VIP,Social Media
9401,Male,18-25,North Randall,Hungary,Regular,Organic Search
9402,Male,36-45,Burnsland,Bulgaria,Regular,Organic Search
9403,Other,26-35,Rossbury,Denmark,Regular,Organic Search
9404,Female,56-65,South Karenshire,Poland,Regular,Referral
9405,Male,46-55,Port Patricia,Germany,Regular,Paid Ads
9406,Other,36-45,West Rachel,Sweden,Regular,Referral
9407,Other,46-55,East Joseph,Bulgaria,Regular,Social Media
9408,Other,36-45,Henryside,France,Regular,Social Media
9409,Male,36-45,Lake Monicaview,Spain,VIP,Social Media
9410,Female,18-25,Rileyfort,Italy,Regular,Social Media
9411,Other,56-65,Woodsport,Netherlands,Regular,Organic Search
9412,Female,36-45,Barkerville,Czech Republic,Regular,Organic Search
9413,Male,46-55,Carrieport,Portugal,Regular,Organic Search
9414,Female,56-65,Perezchester,Sweden,Regular,Organic Search
9415,Female,56-65,Thomaschester,Italy,VIP,Organic Search
9416,Other,36-45,Mccartystad,Poland,Regular,Referral
9417,Male,46-55,Monicaport,Germany,Regular,Email
9418,Female,18-25,New Richard,Italy,Regular,Social Media
9419,Female,36-45,East Joantown,Germany,Regular,Email
9420,Female,26-35,North Peggybury,Latvia,Regular,Referral
9421,Male,56-65,Brendafort,Sweden,Regular,Social Media
9422,Male,36-45,South Geoffrey,Austria,Regular,Paid Ads
9423,Other,66+,Sharonberg,Italy,Regular,Paid Ads
9424,Female,56-65,South Joseph,Italy,Regular,Referral
9425,Male,36-45,Nicholasside,Germany,VIP,Email
9426,Male,36-45,Cordovamouth,Netherlands,VIP,Organic Search
9427,Female,66+,Joshuaview,Italy,Regular,Referral
9428,Male,46-55,Port Markbury,Netherlands,Regular,Social Media
9429,Female,56-65,Carrburgh,France,Regular,Paid Ads
9430,Other,46-55,New Marvin,Poland,Regular,Organic Search
9431,Female,36-45,Lewisport,Belgium,VIP,Referral
9432,Female,18-25,North Charles,Czech Republic,VIP,Referral
9433,Male,66+,South Patriciaton,Italy,Regular,Referral
9434,Male,66+,New Joshuaberg,Italy,Regular,Organic Search
9435,Female,46-55,Port Brittany,Germany,Regular,Paid Ads
9436,Female,36-45,Port Melissafurt,Spain,Regular,Organic Search
9437,Female,46-55,Robertport,Spain,Regular,Organic Search
9438,Female,26-35,Port Aaron,Italy,Regular,Email
9439,Male,56-65,North Jackshire,Greece,Regular,Social Media
9440,Male,36-45,Jacksonchester,Poland,Regular,Email
9441,Male,36-45,North Joseph,Sweden,VIP,Paid Ads
9442,Other,46-55,Lake Anna,Portugal,Regular,Paid Ads
9443,Female,36-45,Owensberg,Italy,Regular,Organic Search
9444,Other,56-65,West Michelle,Denmark,VIP,Organic Search
9445,Other,36-45,Thomasland,Italy,Regular,Referral
9446,Female,56-65,Brandonchester,Poland,Regular,Email
9447,Other,18-25,West Brendafort,Bulgaria,VIP,Paid Ads
9448,Female,26-35,North Micheal,Italy,VIP,Paid Ads
9449,Other,18-25,Sarahton,Italy,Regular,Email
9450,Female,46-55,New Kelly,Germany,Regular,Organic Search
9451,Female,66+,South Thomasville,Sweden,VIP,Organic Search
9452,Female,66+,Brownfort,Portugal,Regular,Organic Search
9453,Female,36-45,North Patriciahaven,France,Regular,Email
9454,Male,46-55,Justinchester,Germany,Regular,Referral
9455,Female,66+,Lake Leon,Portugal,Regular,Email
9456,Female,56-65,South Sethview,Italy,Regular,Paid Ads
9457,Male,26-35,Lauriefurt,Italy,Regular,Paid Ads
9458,Female,56-65,Powelltown,Cyprus,Regular,Paid Ads
9459,Other,26-35,Jonathanberg,Sweden,VIP,Social Media
9460,Other,18-25,Joshuafurt,Italy,Regular,Social Media
9461,Female,56-65,East Sarah,Germany,Regular,Referral
9462,Other,56-65,North Jacob,Hungary,Regular,Organic Search
9463,Other,26-35,North Alexandrafort,Sweden,Regular,Social Media
9464,Male,18-25,East Sarahtown,Denmark,Regular,Referral
9465,Other,36-45,North Tina,Italy,Regular,Paid Ads
9466,Other,26-35,West Kevin,Austria,Regular,Organic Search
9467,Male,26-35,Danielshaven,France,Regular,Social Media
9468,Other,46-55,Kerrihaven,Hungary,VIP,Email
9469,Other,46-55,New Brittany,Poland,Regular,Referral
9470,Other,26-35,Salasville,France,Regular,Email
9471,Female,36-45,Kristamouth,Sweden,Regular,Email
9472,Other,36-45,Stewartshire,Estonia,Regular,Paid Ads
9473,Female,18-25,New Matthewburgh,Germany,VIP,Email
9474,Male,46-55,Joshuamouth,Poland,Regular,Social Media
9475,Male,18-25,North Peter,Germany,Regular,Organic Search
9476,Other,18-25,Crawfordport,France,Regular,Organic Search
9477,Other,36-45,South Keith,Denmark,Regular,Social Media
9478,Male,56-65,Port Michellefurt,France,Regular,Organic Search
9479,Male,46-55,Gravesshire,Spain,Regular,Referral
9480,Male,56-65,Summerston,Germany,Regular,Organic Search
9481,Female,36-45,East Robertburgh,Italy,Regular,Organic Search
9482,Male,56-65,East Gregoryburgh,Italy,Regular,Social Media
9483,Male,18-25,Karenville,Austria,VIP,Paid Ads
9484,Male,18-25,Dennisstad,France,Regular,Email
9485,Other,36-45,Jillton,Spain,VIP,Social Media
9486,Other,66+,Lake Amanda,Germany,Regular,Email
9487,Male,56-65,Matthewfurt,Netherlands,VIP,Organic Search
9488,Male,26-35,Ramosland,Hungary,VIP,Organic Search
9489,Other,18-25,Bakerborough,Spain,Regular,Social Media
9490,Female,56-65,New David,Germany,Regular,Paid Ads
9491,Male,46-55,Kristinabury,France,Regular,Email
9492,Female,56-65,Torresfort,Germany,Regular,Email
9493,Male,56-65,Odonnellmouth,France,Regular,Email
9494,Other,26-35,Lake Alexanderhaven,France,Regular,Paid Ads
9495,Other,18-25,Allenmouth,Austria,Regular,Organic Search
9496,Male,46-55,Meganbury,Italy,Regular,Referral
9497,Female,18-25,Smithburgh,Germany,Regular,Paid Ads
9498,Female,56-65,Steeleton,Poland,VIP,Social Media
9499,Male,56-65,South Laura,Spain,Regular,Referral
9500,Female,26-35,Port Lucas,Italy,Regular,Paid Ads
9501,Female,66+,Santoshaven,Slovenia,Regular,Organic Search
9502,Other,36-45,North Sandra,Netherlands,Regular,Email
9503,Female,36-45,Ashleyton,Latvia,Regular,Email
9504,Female,18-25,West Tammyfurt,Czech Republic,Regular,Email
9505,Male,36-45,New Jacobmouth,France,Regular,Paid Ads
9506,Male,56-65,West Pamela,Sweden,Regular,Email
9507,Female,26-35,Bennettbury,Poland,Regular,Organic Search
9508,Male,36-45,West Nancy,Germany,VIP,Paid Ads
9509,Male,66+,Bishopland,France,Regular,Paid Ads
9510,Other,46-55,Cynthiachester,Germany,VIP,Paid Ads
9511,Other,66+,Lake Jonathan,France,Regular,Paid Ads
9512,Female,18-25,North Samuelville,Spain,VIP,Social Media
9513,Other,46-55,South Frederick,France,Regular,Referral
9514,Female,18-25,Wongview,Spain,Regular,Paid Ads
9515,Other,26-35,North Walterchester,Italy,Regular,Referral
9516,Other,46-55,Molinafort,Portugal,Regular,Paid Ads
9517,Male,36-45,Port James,Italy,Regular,Referral
9518,Male,56-65,Joshuachester,France,Regular,Paid Ads
9519,Male,56-65,North Scottchester,France,Regular,Organic Search
9520,Other,56-65,Johnsonbury,Poland,VIP,Referral
9521,Other,66+,Evanland,Spain,Regular,Organic Search
9522,Female,26-35,South Craighaven,Spain,VIP,Email
9523,Other,66+,Briggsfurt,Spain,Regular,Referral
9524,Female,46-55,Lake Joshuabury,Austria,Regular,Paid Ads
9525,Other,18-25,New Angelaview,Spain,Regular,Email
9526,Female,18-25,North Heatherside,Ireland,VIP,Referral
9527,Other,66+,Travisshire,Austria,Regular,Organic Search
9528,Male,46-55,Saundersfurt,Romania,Regular,Social Media
9529,Male,36-45,West Erika,Greece,VIP,Social Media
9530,Other,18-25,Jofurt,Italy,Regular,Organic Search
9531,Other,26-35,Harveytown,Belgium,VIP,Social Media
9532,Other,56-65,Hoffmanville,Germany,Regular,Email
9533,Male,18-25,New Joseph,Italy,VIP,Organic Search
9534,Female,56-65,Brownview,Spain,Regular,Email
9535,Female,66+,Lopeztown,Spain,Regular,Email
9536,Other,56-65,Richardsonmouth,Bulgaria,VIP,Social Media
9537,Other,26-35,South David,Denmark,VIP,Referral
9538,Female,56-65,Port Katie,Finland,Regular,Referral
9539,Other,26-35,New Mariaborough,Finland,Regular,Paid Ads
9540,Male,66+,West Davidport,Germany,Regular,Organic Search
9541,Female,66+,South Andreahaven,Italy,Regular,Social Media
9542,Other,56-65,East Ashleyport,Germany,Regular,Referral
9543,Female,26-35,Porterside,Netherlands,Regular,Email
9544,Other,18-25,South Davidtown,Spain,Regular,Paid Ads
9545,Male,66+,Port David,Italy,Regular,Paid Ads
9546,Male,46-55,Port Rebecca,Italy,Regular,Email
9547,Male,36-45,North Anthony,Spain,Regular,Organic Search
9548,Female,46-55,East Kimberlybury,Italy,Regular,Organic Search
9549,Other,46-55,Rachelstad,France,Regular,Organic Search
9550,Male,18-25,Michaelfort,France,Regular,Social Media
9551,Male,36-45,Scottberg,Italy,Regular,Email
9552,Other,36-45,West Thomas,France,Regular,Organic Search
9553,Other,26-35,South Kyle,Spain,Regular,Organic Search
9554,Other,46-55,Port Jane,Italy,Regular,Paid Ads
9555,Female,18-25,Kathleenview,Germany,Regular,Referral
9556,Other,46-55,Port Kirsten,Spain,Regular,Organic Search
9557,Female,46-55,Richardtown,Czech Republic,Regular,Referral
9558,Male,18-25,South Christopherton,Latvia,Regular,Referral
9559,Female,46-55,Port Lauramouth,Spain,Regular,Paid Ads
9560,Female,66+,West Elizabethtown,France,Regular,Paid Ads
9561,Other,46-55,Ellisville,France,Regular,Paid Ads
9562,Other,56-65,Youngside,Poland,VIP,Referral
9563,Other,46-55,East Sarahville,Germany,Regular,Social Media
9564,Other,18-25,Lloydfurt,Germany,VIP,Social Media
9565,Other,26-35,East Robertton,Germany,Regular,Paid Ads
9566,Other,56-65,Sullivantown,Poland,Regular,Paid Ads
9567,Male,56-65,Richardsonville,Poland,Regular,Email
9568,Male,26-35,Owensville,Spain,Regular,Social Media
9569,Other,66+,Westton,Italy,Regular,Email
9570,Female,18-25,Hillmouth,Italy,VIP,Social Media
9571,Female,36-45,South Andrew,Italy,Regular,Organic Search
9572,Female,26-35,North Alyssa,Poland,Regular,Organic Search
9573,Other,26-35,Brownview,Greece,Regular,Referral
9574,Female,18-25,New Dalton,France,Regular,Organic Search
9575,Male,26-35,South Aaronbury,Germany,Regular,Referral
9576,Female,66+,South Matthewside,Romania,Regular,Email
9577,Male,36-45,Bennettbury,Sweden,Regular,Organic Search
9578,Male,18-25,South Mia,Poland,VIP,Organic Search
9579,Female,66+,New Ralph,Italy,Regular,Social Media
9580,Female,66+,Jamesstad,France,Regular,Organic Search
9581,Other,36-45,West Nataliehaven,Germany,Regular,Paid Ads
9582,Female,66+,Crawfordfort,Netherlands,Regular,Paid Ads
9583,Male,66+,Rodgersland,Sweden,Regular,Paid Ads
9584,Other,56-65,Jasonchester,Italy,Regular,Referral
9585,Male,18-25,Adrianchester,Belgium,Regular,Paid Ads
9586,Female,46-55,Lutzchester,Germany,Regular,Referral
9587,Male,18-25,Stevenbury,Poland,Regular,Organic Search
9588,Other,66+,Brownshire,Poland,Regular,Organic Search
9589,Female,18-25,Port Jerry,Romania,Regular,Social Media
9590,Male,36-45,North Jasmine,Germany,VIP,Organic Search
9591,Male,26-35,New Alexandrialand,Italy,Regular,Referral
9592,Female,26-35,North Samantha,Finland,Regular,Email
9593,Other,46-55,Nancyfort,Netherlands,Regular,Referral
9594,Female,18-25,Port Brandi,Belgium,Regular,Paid Ads
9595,Female,66+,South Kristineville,France,Regular,Organic Search
9596,Female,18-25,Elijahborough,Germany,VIP,Social Media
9597,Female,26-35,South Jamesberg,Greece,Regular,Email
9598,Female,36-45,Walkerhaven,Spain,Regular,Email
9599,Female,56-65,Lake Kara,Spain,Regular,Paid Ads
9600,Other,18-25,Turnershire,Germany,Regular,Social Media
9601,Other,66+,Port Donna,Germany,Regular,Paid Ads
9602,Male,18-25,Port Davidland,Czech Republic,Regular,Social Media
9603,Male,66+,Cameronborough,Greece,Regular,Paid Ads
9604,Female,46-55,East Jeffrey,Poland,Regular,Social Media
9605,Female,26-35,North Jennifer,Netherlands,Regular,Paid Ads
9606,Female,36-45,Fernandezport,Poland,Regular,Email
9607,Female,66+,Port Grace,Italy,Regular,Social Media
9608,Male,36-45,South Amanda,Romania,Regular,Referral
9609,Male,36-45,Katherinetown,Ireland,Regular,Referral
9610,Other,46-55,Montgomeryfort,Greece,VIP,Email
9611,Female,18-25,South Dennismouth,France,Regular,Organic Search
9612,Other,66+,East Benjaminhaven,Italy,Regular,Organic Search
9613,Other,46-55,Williamshaven,Germany,Regular,Social Media
9614,Other,56-65,Alfredton,Malta,VIP,Email
9615,Female,66+,Lawsonhaven,France,Regular,Organic Search
9616,Male,46-55,Hunterport,Germany,Regular,Social Media
9617,Female,18-25,West Matthew,Lithuania,Regular,Paid Ads
9618,Other,18-25,Williamschester,France,VIP,Social Media
9619,Other,56-65,New William,Spain,VIP,Email
9620,Male,36-45,South Danaborough,Portugal,Regular,Social Media
9621,Female,18-25,Eddieberg,Denmark,Regular,Paid Ads
9622,Female,36-45,North Kellychester,France,VIP,Referral
9623,Other,18-25,Lake Meganbury,Belgium,Regular,Paid Ads
9624,Other,26-35,Jenniferside,Germany,Regular,Email
9625,Male,36-45,East Sarahside,Netherlands,Regular,Email
9626,Other,36-45,Stuartfurt,Portugal,Regular,Email
9627,Female,26-35,Lake Jasmine,Germany,Regular,Organic Search
9628,Male,18-25,Lake Jenniferborough,Germany,Regular,Organic Search
9629,Female,66+,New Josephside,France,VIP,Email
9630,Female,36-45,Maryberg,Germany,Regular,Email
9631,Male,46-55,Kennedystad,Spain,Regular,Referral
9632,Male,36-45,East Earl,Germany,Regular,Referral
9633,Female,66+,Barnettside,Germany,Regular,Referral
9634,Female,66+,Sandraborough,Slovakia,Regular,Referral
9635,Female,66+,Port Derek,Italy,Regular,Paid Ads
9636,Female,46-55,Kimland,Germany,VIP,Referral
9637,Male,36-45,North Patricia,Poland,Regular,Organic Search
9638,Other,66+,West Cristianchester,Spain,Regular,Paid Ads
9639,Other,46-55,New Alan,Italy,Regular,Social Media
9640,Other,26-35,New Colton,Germany,Regular,Email
9641,Male,46-55,Port Amyfort,Italy,Regular,Organic Search
9642,Female,36-45,Christophermouth,Sweden,Regular,Organic Search
9643,Other,56-65,Holderton,Romania,Regular,Email
9644,Female,66+,Jamesmouth,Finland,Regular,Paid Ads
9645,Female,26-35,West Robert,Spain,Regular,Organic Search
9646,Female,18-25,Brownbury,Germany,Regular,Email
9647,Female,36-45,Barkerfurt,France,Regular,Email
9648,Female,18-25,West Raymond,Hungary,Regular,Social Media
9649,Male,26-35,Lake Elizabethfurt,Portugal,VIP,Referral
9650,Male,18-25,Deniseberg,Poland,Regular,Paid Ads
9651,Female,36-45,Lake Rodneybury,Netherlands,Regular,Organic Search
9652,Female,66+,Woodview,Poland,VIP,Referral
9653,Other,18-25,Millerborough,Italy,VIP,Organic Search
9654,Male,26-35,North Darrellstad,Sweden,Regular,Referral
9655,Other,56-65,Douglasview,France,Regular,Email
9656,Female,18-25,Port Leroyland,Netherlands,Regular,Social Media
9657,Male,36-45,South Joelfurt,Germany,Regular,Organic Search
9658,Female,26-35,Port Tracey,Romania,VIP,Organic Search
9659,Male,46-55,Jacksonmouth,Italy,Regular,Referral
9660,Male,26-35,Adamport,Bulgaria,Regular,Referral
9661,Other,26-35,Philipside,Netherlands,Regular,Referral
9662,Female,26-35,West Amber,France,VIP,Email
9663,Female,36-45,Quinnmouth,Belgium,VIP,Organic Search
9664,Female,26-35,Lake Colleenton,Portugal,Regular,Paid Ads
9665,Male,66+,South Taylor,Spain,VIP,Social Media
9666,Male,66+,Port Michelle,Italy,VIP,Social Media
9667,Other,36-45,South Jameschester,France,Regular,Organic Search
9668,Other,46-55,Josebury,Poland,Regular,Social Media
9669,Other,66+,North Stephaniebury,Slovenia,Regular,Social Media
9670,Other,36-45,Stanleymouth,Netherlands,VIP,Email
9671,Other,26-35,North Susanville,Croatia,Regular,Referral
9672,Male,36-45,East Alexanderport,Ireland,Regular,Paid Ads
9673,Female,56-65,Lake Kimberly,Netherlands,Regular,Referral
9674,Other,18-25,Kimberlyborough,Germany,Regular,Paid Ads
9675,Other,18-25,Lake Tony,Italy,Regular,Paid Ads
9676,Other,46-55,New Gailbury,Germany,Regular,Organic Search
9677,Other,18-25,Christophershire,Spain,Regular,Social Media
9678,Male,56-65,Wilcoxmouth,Italy,Regular,Referral
9679,Other,46-55,Toddshire,Greece,Regular,Organic Search
9680,Male,66+,Hernandezberg,Greece,Regular,Social Media
9681,Male,18-25,Lake Andrewberg,Bulgaria,Regular,Referral
9682,Female,46-55,Macdonaldside,Netherlands,Regular,Social Media
9683,Female,66+,Michaelton,Spain,Regular,Referral
9684,Female,26-35,Port Jenny,Italy,Regular,Email
9685,Female,36-45,Muellerberg,Netherlands,VIP,Organic Search
9686,Female,56-65,Meganton,Italy,Regular,Organic Search
9687,Other,26-35,Lake Ashleyview,Sweden,Regular,Organic Search
9688,Female,46-55,West Sheila,Poland,Regular,Paid Ads
9689,Other,46-55,Josephfort,Germany,Regular,Referral
9690,Female,36-45,Caldwellport,Hungary,Regular,Referral
9691,Male,36-45,Port Gregoryville,France,Regular,Social Media
9692,Other,18-25,New Vanessa,Germany,Regular,Email
9693,Female,26-35,Contrerashaven,Germany,Regular,Organic Search
9694,Other,46-55,Diazside,Ireland,VIP,Organic Search
9695,Male,46-55,Johnsonborough,Spain,Regular,Referral
9696,Male,46-55,Lake Rachel,Poland,Regular,Referral
9697,Other,18-25,Port Sarah,Germany,Regular,Organic Search
9698,Other,66+,Maddoxchester,Spain,Regular,Referral
9699,Female,66+,Bushside,Italy,Regular,Email
9700,Female,46-55,East Crystalside,Poland,Regular,Email
9701,Female,66+,Kennethbury,Slovakia,VIP,Referral
9702,Female,18-25,East Emilyland,France,Regular,Paid Ads
9703,Other,26-35,North Matthew,Poland,VIP,Referral
9704,Female,66+,Alexandermouth,Spain,Regular,Email
9705,Other,26-35,Lake Shelly,Spain,Regular,Paid Ads
9706,Other,46-55,Lake Rick,Spain,Regular,Referral
9707,Female,26-35,South Wanda,Spain,Regular,Social Media
9708,Male,66+,West Sarah,Slovakia,Regular,Organic Search
9709,Female,18-25,Port Tabitha,Poland,Regular,Social Media
9710,Female,56-65,Christopherberg,Spain,Regular,Organic Search
9711,Male,26-35,Stacyhaven,Germany,Regular,Paid Ads
9712,Male,18-25,West Karla,Greece,Regular,Referral
9713,Other,56-65,South Summer,Italy,Regular,Social Media
9714,Male,56-65,North Christopherside,Germany,VIP,Social Media
9715,Female,36-45,Richardsonstad,Portugal,Regular,Organic Search
9716,Female,18-25,Lisafurt,Netherlands,Regular,Social Media
9717,Female,66+,Port Stephanietown,Germany,Regular,Paid Ads
9718,Female,56-65,Timothyhaven,Netherlands,Regular,Paid Ads
9719,Other,18-25,Alanshire,Spain,Regular,Organic Search
9720,Other,18-25,Lake Danielstad,Denmark,Regular,Email
9721,Other,26-35,Hallstad,Greece,Regular,Email
9722,Male,36-45,Maureenmouth,Sweden,Regular,Email
9723,Female,66+,New Andrea,Germany,Regular,Email
9724,Female,66+,New Jacquelineshire,France,Regular,Organic Search
9725,Other,26-35,South Catherinemouth,Italy,Regular,Paid Ads
9726,Other,18-25,Barnesberg,Spain,Regular,Organic Search
9727,Other,26-35,North Geraldburgh,Poland,Regular,Email
9728,Male,56-65,Port Ericashire,Poland,Regular,Referral
9729,Male,66+,West Renee,Croatia,Regular,Email
9730,Female,36-45,Jacquelinestad,Germany,Regular,Referral
9731,Female,66+,Kennethside,Denmark,Regular,Organic Search
9732,Female,66+,East Diana,Spain,VIP,Email
9733,Male,46-55,New Jeffery,France,Regular,Referral
9734,Male,36-45,Dylanstad,Germany,Regular,Social Media
9735,Female,66+,East Mark,Poland,VIP,Email
9736,Female,66+,Calebburgh,Netherlands,Regular,Social Media
9737,Male,36-45,Jermaineborough,Greece,Regular,Organic Search
9738,Male,18-25,Abigailmouth,France,Regular,Email
9739,Male,46-55,East Christopher,Romania,Regular,Email
9740,Male,26-35,East Ryan,Poland,Regular,Email
9741,Female,46-55,West Donnatown,France,Regular,Organic Search
9742,Other,36-45,Port Mark,Poland,Regular,Paid Ads
9743,Female,18-25,Bookermouth,France,Regular,Organic Search
9744,Male,46-55,Davidsonhaven,Germany,Regular,Social Media
9745,Male,26-35,Lake Taraberg,Slovakia,Regular,Referral
9746,Female,18-25,East Jennifer,Belgium,Regular,Email
9747,Other,26-35,North Kathleenland,France,Regular,Paid Ads
9748,Other,66+,South Matthew,France,Regular,Social Media
9749,Other,36-45,Johnsonbury,France,Regular,Paid Ads
9750,Other,66+,Judyville,Germany,VIP,Organic Search
9751,Female,46-55,Aaronport,France,Regular,Social Media
9752,Other,36-45,East Samanthatown,Czech Republic,Regular,Organic Search
9753,Other,36-45,East Lisamouth,France,Regular,Paid Ads
9754,Male,46-55,East Jerry,Germany,Regular,Email
9755,Other,46-55,Davidberg,Portugal,Regular,Referral
9756,Male,36-45,South Michael,France,VIP,Paid Ads
9757,Male,36-45,West Matthew,Germany,Regular,Organic Search
9758,Other,36-45,Port Angelica,Portugal,Regular,Referral
9759,Female,36-45,Tylerstad,Sweden,Regular,Paid Ads
9760,Female,26-35,New Patrick,Spain,Regular,Social Media
9761,Female,66+,Johnmouth,Germany,Regular,Social Media
9762,Other,56-65,Loritown,Czech Republic,VIP,Social Media
9763,Male,56-65,Smithside,Czech Republic,Regular,Organic Search
9764,Other,56-65,Kaufmanmouth,Spain,VIP,Referral
9765,Other,36-45,East Frederick,France,Regular,Paid Ads
9766,Other,66+,South Heathershire,Poland,Regular,Referral
9767,Male,66+,North Mistyland,Romania,Regular,Email
9768,Other,26-35,Danielleton,Croatia,Regular,Email
9769,Female,56-65,Taylortown,Germany,VIP,Paid Ads
9770,Male,66+,Travismouth,Italy,Regular,Referral
9771,Female,18-25,New Omarview,Bulgaria,VIP,Social Media
9772,Male,66+,North Martha,France,Regular,Organic Search
9773,Male,36-45,North Brandonstad,Bulgaria,Regular,Social Media
9774,Female,46-55,Michellehaven,Ireland,Regular,Referral
9775,Other,56-65,North Christinabury,Austria,Regular,Referral
9776,Female,18-25,Carrberg,France,Regular,Referral
9777,Other,56-65,East Christopher,Bulgaria,Regular,Email
9778,Other,36-45,West Karinachester,Germany,Regular,Paid Ads
9779,Other,56-65,Lake Timothyberg,Spain,Regular,Organic Search
9780,Other,26-35,Mcgrathmouth,Sweden,Regular,Paid Ads
9781,Other,46-55,Perezside,Malta,Regular,Social Media
9782,Other,36-45,New Heather,Italy,Regular,Referral
9783,Female,36-45,Joshuabury,Sweden,Regular,Social Media
9784,Other,36-45,Lake Sandy,Germany,Regular,Paid Ads
9785,Male,18-25,West Leah,Ireland,Regular,Paid Ads
9786,Female,36-45,Port Daniel,Czech Republic,Regular,Paid Ads
9787,Other,66+,South Michael,Poland,Regular,Paid Ads
9788,Female,18-25,Williamsville,Spain,Regular,Referral
9789,Other,46-55,Lake Samanthaberg,Germany,Regular,Paid Ads
9790,Female,36-45,North Molly,Poland,VIP,Referral
9791,Other,26-35,East Shirleyside,Netherlands,Regular,Paid Ads
9792,Male,46-55,New Karen,Poland,VIP,Email
9793,Other,46-55,East Sara,Spain,VIP,Paid Ads
9794,Female,66+,North Melissa,Spain,Regular,Organic Search
9795,Male,46-55,Biancamouth,Portugal,Regular,Organic Search
9796,Other,36-45,West Matthew,Italy,Regular,Referral
9797,Female,66+,Millerfort,Finland,VIP,Email
9798,Female,18-25,West Michele,Italy,VIP,Social Media
9799,Other,56-65,Jamesberg,Germany,Regular,Organic Search
9800,Other,56-65,Austinview,Belgium,Regular,Email
9801,Male,56-65,South Vernon,Ireland,VIP,Organic Search
9802,Female,56-65,Jeffreyview,Spain,Regular,Paid Ads
9803,Male,26-35,Mccoyburgh,Greece,Regular,Referral
9804,Other,66+,West Nicholas,Spain,Regular,Email
9805,Female,36-45,Danielview,Netherlands,Regular,Social Media
9806,Female,26-35,Port Kevinshire,France,Regular,Paid Ads
9807,Other,66+,Savannahmouth,Germany,Regular,Referral
9808,Male,56-65,Webertown,Austria,Regular,Paid Ads
9809,Male,66+,Montoyaville,Czech Republic,Regular,Email
9810,Female,26-35,Kellychester,Germany,Regular,Social Media
9811,Male,56-65,West Cameron,Belgium,Regular,Email
9812,Female,46-55,East Melissaport,Slovenia,Regular,Social Media
9813,Other,18-25,New Christine,Germany,Regular,Organic Search
9814,Other,66+,Lanebury,Germany,Regular,Referral
9815,Male,66+,Jacobsfort,Germany,Regular,Paid Ads
9816,Male,46-55,Lake Jeffport,Germany,Regular,Referral
9817,Male,26-35,Port Dale,France,VIP,Paid Ads
9818,Male,46-55,Fordstad,Germany,Regular,Referral
9819,Male,36-45,Lake Andrea,Czech Republic,VIP,Paid Ads
9820,Female,36-45,Port Rubenbury,Romania,Regular,Email
9821,Male,56-65,Port Laurie,Germany,Regular,Paid Ads
9822,Male,18-25,South Joelburgh,Germany,Regular,Organic Search
9823,Male,46-55,Hannahmouth,Italy,VIP,Referral
9824,Other,18-25,North John,Germany,VIP,Social Media
9825,Male,18-25,Port Joanton,France,Regular,Organic Search
9826,Other,26-35,Jasonport,Spain,Regular,Organic Search
9827,Other,26-35,Lake Jessica,France,VIP,Email
9828,Male,26-35,New Natalieberg,Netherlands,Regular,Organic Search
9829,Other,66+,Katherineton,Germany,Regular,Organic Search
9830,Female,18-25,North Scottport,Hungary,VIP,Social Media
9831,Female,18-25,Jacksonchester,Italy,Regular,Paid Ads
9832,Male,46-55,Ramseytown,Sweden,Regular,Referral
9833,Other,66+,Markville,Germany,Regular,Organic Search
9834,Other,56-65,North Tina,Belgium,VIP,Paid Ads
9835,Female,26-35,New Natalie,Belgium,Regular,Paid Ads
9836,Male,46-55,New Charlesfort,Italy,Regular,Referral
9837,Male,18-25,Lake Lori,Germany,Regular,Email
9838,Male,46-55,South Angelaberg,France,Regular,Social Media
9839,Other,36-45,Lake Nicolehaven,Netherlands,VIP,Paid Ads
9840,Male,56-65,Williamsland,Netherlands,Regular,Paid Ads
9841,Other,26-35,Velazquezville,Germany,Regular,Organic Search
9842,Male,66+,Randyfurt,Spain,Regular,Social Media
9843,Other,46-55,Thomasport,Poland,Regular,Paid Ads
9844,Male,26-35,South Brianmouth,France,Regular,Paid Ads
9845,Other,36-45,Vanessaberg,Netherlands,Regular,Paid Ads
9846,Male,56-65,Dunnfort,France,Regular,Email
9847,Male,18-25,East Peter,Germany,Regular,Social Media
9848,Male,66+,Austinbury,Germany,Regular,Social Media
9849,Other,36-45,Guerrerobury,Germany,Regular,Paid Ads
9850,Female,46-55,New Danielton,Netherlands,Regular,Organic Search
9851,Female,66+,Lake Wendy,France,Regular,Social Media
9852,Female,56-65,Kathrynmouth,Romania,Regular,Social Media
9853,Other,36-45,New Lisaview,Italy,Regular,Organic Search
9854,Male,66+,Aaronmouth,Germany,Regular,Organic Search
9855,Male,18-25,Shermanburgh,Germany,VIP,Social Media
9856,Other,56-65,Annaville,Germany,Regular,Organic Search
9857,Male,56-65,Catherineville,Italy,VIP,Referral
9858,Male,46-55,North Brian,Czech Republic,Regular,Organic Search
9859,Other,56-65,Ryanton,Slovakia,Regular,Referral
9860,Female,46-55,North Kendrahaven,Sweden,Regular,Organic Search
9861,Male,46-55,Coryton,France,Regular,Paid Ads
9862,Other,66+,Samuelmouth,Belgium,Regular,Paid Ads
9863,Other,46-55,Emilyburgh,Portugal,Regular,Email
9864,Other,56-65,New Corybury,Denmark,Regular,Referral
9865,Male,18-25,South Brianbury,Czech Republic,VIP,Organic Search
9866,Other,46-55,Snyderville,France,VIP,Organic Search
9867,Female,66+,North Kristina,Hungary,Regular,Social Media
9868,Female,18-25,New Danielchester,Spain,Regular,Paid Ads
9869,Other,66+,East Chad,Greece,Regular,Email
9870,Female,36-45,Lake Veronica,Ireland,Regular,Social Media
9871,Female,36-45,Jillburgh,Italy,VIP,Email
9872,Male,26-35,South Mary,Lithuania,Regular,Organic Search
9873,Other,56-65,New Kevinchester,Cyprus,Regular,Referral
9874,Female,46-55,Mendozaport,France,Regular,Social Media
9875,Female,66+,South Waynefort,Germany,VIP,Social Media
9876,Other,18-25,South Kathy,France,VIP,Email
9877,Other,26-35,East Elizabeth,Germany,Regular,Organic Search
9878,Male,36-45,Samanthamouth,Netherlands,Regular,Social Media
9879,Male,26-35,Nelsonfurt,Italy,Regular,Referral
9880,Female,18-25,Johnsonshire,France,Regular,Organic Search
9881,Female,26-35,Lake Kelsey,Germany,Regular,Paid Ads
9882,Male,26-35,Jesseport,Netherlands,Regular,Organic Search
9883,Male,26-35,New Jose,Italy,Regular,Email
9884,Male,46-55,West Andreberg,Italy,Regular,Organic Search
9885,Male,46-55,South Alejandro,Germany,Regular,Social Media
9886,Female,56-65,West James,Czech Republic,VIP,Organic Search
9887,Other,26-35,Port Kimberlyhaven,Italy,Regular,Email
9888,Other,66+,Rollinsbury,Portugal,Regular,Organic Search
9889,Other,26-35,Danielborough,Czech Republic,Regular,Referral
9890,Female,46-55,North Kevintown,Netherlands,Regular,Paid Ads
9891,Female,36-45,Jessicashire,Sweden,Regular,Referral
9892,Female,46-55,West Jessicaland,Hungary,Regular,Email
9893,Female,26-35,Austinburgh,Sweden,Regular,Organic Search
9894,Female,18-25,Evanstown,Poland,Regular,Organic Search
9895,Female,26-35,New Anthony,Netherlands,Regular,Email
9896,Male,36-45,East Taylor,Poland,Regular,Organic Search
9897,Other,26-35,Hooverchester,Denmark,Regular,Organic Search
9898,Other,36-45,Mannside,Germany,Regular,Organic Search
9899,Other,66+,Weaverview,France,Regular,Social Media
9900,Male,18-25,Sabrinaview,Belgium,Regular,Email
9901,Female,56-65,North Lesliebury,Czech Republic,VIP,Organic Search
9902,Other,56-65,Lisaside,Romania,VIP,Social Media
9903,Male,56-65,East Ericborough,France,Regular,Organic Search
9904,Female,26-35,Sheltonmouth,Austria,VIP,Referral
9905,Male,66+,Cassandraton,Spain,Regular,Paid Ads
9906,Male,56-65,Morganburgh,Sweden,Regular,Social Media
9907,Other,46-55,North Kelly,Germany,Regular,Referral
9908,Other,26-35,East Sarah,Sweden,Regular,Organic Search
9909,Other,18-25,Leemouth,Poland,Regular,Social Media
9910,Female,18-25,Andreaside,Germany,Regular,Organic Search
9911,Female,36-45,West Jonathanshire,Poland,Regular,Social Media
9912,Other,36-45,South Christopherchester,Italy,VIP,Referral
9913,Male,36-45,Kimberlyland,Poland,Regular,Referral
9914,Female,26-35,South Lauraburgh,Sweden,Regular,Social Media
9915,Other,66+,North Brandyville,France,Regular,Social Media
9916,Female,56-65,Tiffanymouth,Italy,Regular,Referral
9917,Other,46-55,New Melanieberg,Poland,VIP,Referral
9918,Other,46-55,Hickston,France,Regular,Social Media
9919,Female,18-25,Carlyshire,Croatia,VIP,Email
9920,Other,18-25,Smithfort,Germany,Regular,Referral
9921,Other,18-25,Ballardchester,Czech Republic,Regular,Social Media
9922,Male,36-45,North Kellyfurt,Germany,VIP,Referral
9923,Other,26-35,East Heather,Italy,VIP,Email
9924,Female,46-55,Gonzalezborough,Czech Republic,Regular,Email
9925,Other,66+,Lake Melindafort,Germany,Regular,Social Media
9926,Other,18-25,South Nancy,Sweden,Regular,Referral
9927,Male,66+,Kellyland,Sweden,Regular,Paid Ads
9928,Male,46-55,Simmonsfort,Italy,Regular,Paid Ads
9929,Other,18-25,West Cynthia,Spain,VIP,Organic Search
9930,Female,26-35,Cooperchester,Spain,Regular,Paid Ads
9931,Other,46-55,Kevinhaven,Italy,Regular,Referral
9932,Male,46-55,North Allen,Portugal,VIP,Organic Search
9933,Female,46-55,East William,Portugal,Regular,Paid Ads
9934,Male,36-45,Lake Morganside,Germany,Regular,Referral
9935,Male,66+,Floresbury,Denmark,Regular,Organic Search
9936,Female,36-45,South Laura,France,Regular,Referral
9937,Female,26-35,Ariasfurt,Romania,VIP,Organic Search
9938,Other,56-65,New Mary,Czech Republic,Regular,Paid Ads
9939,Male,46-55,New Jennifermouth,Italy,Regular,Organic Search
9940,Other,56-65,Tracyberg,Germany,Regular,Social Media
9941,Male,18-25,Howardton,France,VIP,Email
9942,Female,56-65,New Luismouth,Netherlands,Regular,Organic Search
9943,Female,18-25,Williammouth,Italy,Regular,Organic Search
9944,Female,18-25,Christinaland,Denmark,Regular,Email
9945,Other,26-35,South Heather,Germany,Regular,Referral
9946,Male,56-65,New Angela,Sweden,Regular,Paid Ads
9947,Female,26-35,Lake Ronaldport,Italy,Regular,Referral
9948,Other,46-55,Port Cory,Germany,Regular,Referral
9949,Male,36-45,Ashleyside,Hungary,Regular,Organic Search
9950,Male,46-55,Lake Meghanburgh,Spain,Regular,Paid Ads
9951,Male,56-65,North Michael,Poland,Regular,Organic Search
9952,Male,66+,South Christopherberg,France,Regular,Email
9953,Male,36-45,North Jasmine,Czech Republic,Regular,Organic Search
9954,Female,46-55,West Gabriel,Italy,Regular,Paid Ads
9955,Male,56-65,Austinbury,Greece,Regular,Referral
9956,Male,26-35,Lake William,Poland,Regular,Referral
9957,Other,26-35,Jessicahaven,Netherlands,Regular,Email
9958,Male,36-45,West Derek,Germany,Regular,Paid Ads
9959,Male,36-45,Aaronhaven,Netherlands,Regular,Email
9960,Male,18-25,East Jennifer,France,Regular,Referral
9961,Male,66+,Danielfurt,Germany,Regular,Email
9962,Other,46-55,West Laura,France,Regular,Referral
9963,Male,56-65,Francesland,Italy,Regular,Email
9964,Female,26-35,Mclaughlinhaven,Bulgaria,Regular,Social Media
9965,Male,18-25,South Dustin,Spain,Regular,Organic Search
9966,Male,46-55,South Donaldhaven,France,Regular,Organic Search
9967,Other,66+,Patelborough,Germany,Regular,Email
9968,Other,66+,Lake Lawrencestad,Netherlands,Regular,Email
9969,Male,56-65,Lake Anne,France,Regular,Paid Ads
9970,Other,56-65,East Jacobstad,Czech Republic,VIP,Referral
9971,Male,56-65,Martinezberg,Poland,Regular,Referral
9972,Other,26-35,Rogersland,Poland,Regular,Paid Ads
9973,Male,66+,Watkinston,Germany,Regular,Email
9974,Other,18-25,Kellerland,Italy,Regular,Paid Ads
9975,Male,66+,New Samuelview,France,Regular,Email
9976,Other,56-65,Port Angelaton,Germany,Regular,Referral
9977,Male,36-45,Feliciaberg,Germany,Regular,Organic Search
9978,Other,18-25,Lindabury,Austria,Regular,Referral
9979,Male,18-25,Hamiltontown,Germany,Regular,Paid Ads
9980,Male,36-45,West Rachel,Portugal,Regular,Social Media
9981,Female,26-35,Deborahhaven,Spain,Regular,Referral
9982,Other,46-55,Adammouth,Spain,Regular,Referral
9983,Male,46-55,West Matthew,Slovakia,Regular,Referral
9984,Female,26-35,Hillchester,Germany,Regular,Social Media
9985,Other,26-35,West David,Netherlands,Regular,Email
9986,Male,46-55,Tonytown,Romania,Regular,Referral
9987,Other,46-55,New Julie,France,Regular,Social Media
9988,Female,46-55,Lake Thomasview,Netherlands,Regular,Paid Ads
9989,Female,66+,Stephanieview,Belgium,Regular,Social Media
9990,Male,56-65,Kylebury,Italy,Regular,Paid Ads
9991,Female,46-55,South Kathleenview,Italy,Regular,Email
9992,Male,66+,Jeanville,Italy,Regular,Social Media
9993,Female,18-25,Robertborough,Spain,Regular,Email
9994,Male,46-55,Andrewburgh,Finland,Regular,Email
9995,Male,26-35,North Eric,Romania,Regular,Referral
9996,Male,36-45,New Jamesport,Germany,Regular,Organic Search
9997,Female,46-55,Gilbertside,France,Regular,Paid Ads
9998,Female,56-65,Lake Dennisside,Germany,VIP,Social Media
9999,Other,56-65,East Kimberlyburgh,Czech Republic,Regular,Organic Search
10000,Male,66+,Brownstad,Finland,VIP,Paid Ads
