Subscription_ID,Customer_ID,Start_Date,End_Date,Plan_ID,Monthly_Fee,Status,Churn_Reason_ID,Lifetime_Value
1,9153,2024-04-18,,STANDARD,19.99,Active,,434.45
2,8814,2023-04-21,,BASIC,9.99,Active,,338.0
3,2745,2023-08-18,2024-04-09,PREMIUM,39.99,Churned,COMP-01,313.25
4,9546,2026-04-14,2027-09-25,PREMIUM,39.99,Churned,PROD-01,705.16
5,4413,2024-01-02,,PREMIUM,39.99,Active,,1011.75
6,9978,2026-05-16,,BASIC,9.99,Active,,-35.3
7,2307,2023-05-01,,PREMIUM,39.99,Active,,1339.66
8,3929,2023-04-12,,STANDARD,19.99,Active,,682.33
9,8593,2024-08-23,,PREMIUM,39.99,Active,,699.83
10,2434,2026-03-07,,PREMIUM,39.99,Active,,-47.99
11,4302,2025-04-13,,STANDARD,19.99,Active,,194.57
12,8449,2024-03-28,,PREMIUM,39.99,Active,,897.11
13,7122,2023-08-29,,BASIC,9.99,Active,,294.7
14,439,2024-01-15,,STANDARD,19.99,Active,,497.08
15,9095,2023-03-12,,STANDARD,19.99,Active,,702.98
16,304,2025-09-10,,PREMIUM,39.99,Active,,189.29
17,9618,2024-03-11,,STANDARD,19.99,Active,,459.77
18,9588,2023-07-09,,PREMIUM,39.99,Active,,1247.69
19,936,2025-04-23,2027-02-06,PREMIUM,39.99,Churned,SERVICE-01,871.78
20,1057,2023-10-20,,STANDARD,19.99,Active,,555.06
21,5370,2025-11-23,,PREMIUM,39.99,Active,,90.64
22,691,2024-05-24,,BASIC,9.99,Active,,205.13
23,8324,2023-02-24,,PREMIUM,39.99,Active,,1427.64
24,1571,2026-06-16,,STANDARD,19.99,Active,,-91.29
25,4314,2024-01-12,,PREMIUM,39.99,Active,,998.42
26,1164,2024-12-02,2025-05-04,PREMIUM,39.99,Churned,SERVICE-02,203.95
27,2650,2025-09-21,,PREMIUM,39.99,Active,,174.62
28,8456,2023-09-12,,STANDARD,19.99,Active,,580.38
29,7925,2023-04-17,,STANDARD,19.99,Active,,678.99
30,704,2023-07-04,,BASIC,9.99,Active,,313.35
31,2856,2025-08-23,,STANDARD,19.99,Active,,106.61
32,8467,2026-01-11,,STANDARD,19.99,Active,,12.66
33,8849,2024-11-08,2026-04-27,BASIC,9.99,Churned,PROD-01,178.16
34,3038,2023-09-10,2025-05-02,BASIC,9.99,Churned,PROD-01,199.8
35,369,2024-03-19,,STANDARD,19.99,Active,,454.44
36,339,2026-06-14,,BASIC,9.99,Active,,-44.95
37,8155,2023-10-07,2025-09-09,STANDARD,19.99,Churned,PROD-01,468.43
38,5273,2024-09-28,,STANDARD,19.99,Active,,325.84
39,2407,2024-04-03,2024-09-11,PREMIUM,39.99,Churned,SERVICE-01,214.61
40,5634,2025-11-05,2027-09-17,PREMIUM,39.99,Churned,SERVICE-02,907.77
41,8196,2025-01-03,2026-08-16,BASIC,9.99,Churned,SERVICE-01,196.47
42,6953,2023-01-27,2023-02-27,PREMIUM,39.99,Churned,PRICE-01,41.32
43,5562,2024-02-27,,PREMIUM,39.99,Active,,937.1
44,1823,2023-10-07,2024-11-29,BASIC,9.99,Churned,TECH-01,139.53
45,2497,2026-02-01,2026-12-28,STANDARD,19.99,Churned,COMP-01,219.89
46,4677,2026-04-18,,STANDARD,19.99,Active,,-51.97
47,77,2025-06-19,2026-07-07,BASIC,9.99,Churned,PRICE-01,127.54
48,9375,2024-11-16,,PREMIUM,39.99,Active,,586.52
49,7348,2025-03-07,,BASIC,9.99,Active,,109.56
50,4413,2023-10-13,,STANDARD,19.99,Active,,559.72
51,5891,2024-07-05,,STANDARD,19.99,Active,,382.48
52,2611,2024-02-20,,STANDARD,19.99,Active,,473.1
53,7937,2025-07-22,,STANDARD,19.99,Active,,127.94
54,3979,2023-02-26,2024-09-22,BASIC,9.99,Churned,PRICE-02,191.14
55,5461,2023-09-22,,STANDARD,19.99,Active,,573.71
56,8792,2023-03-03,,PREMIUM,39.99,Active,,1418.31
57,1549,2025-10-23,,PREMIUM,39.99,Active,,131.97
58,6842,2025-01-19,,BASIC,9.99,Active,,125.21
59,7540,2023-10-13,,STANDARD,19.99,Active,,559.72
60,1319,2023-08-16,,PREMIUM,39.99,Active,,1197.03
61,4328,2026-02-21,,BASIC,9.99,Active,,-7.33
62,2523,2026-01-11,,BASIC,9.99,Active,,6.33
63,5178,2023-12-02,,PREMIUM,39.99,Active,,1053.07
64,5641,2025-06-29,,STANDARD,19.99,Active,,143.26
65,7090,2024-05-12,2024-12-19,PREMIUM,39.99,Churned,COMP-01,294.59
66,7868,2023-06-23,,STANDARD,19.99,Active,,634.35
67,7362,2024-03-26,2025-04-15,STANDARD,19.99,Churned,PRICE-02,256.54
68,5438,2024-12-02,,PREMIUM,39.99,Active,,565.19
69,5305,2023-03-24,2024-04-25,STANDARD,19.99,Churned,PRICE-01,265.2
70,6983,2023-11-30,,STANDARD,19.99,Active,,527.74
71,8208,2024-02-08,,STANDARD,19.99,Active,,481.09
72,6568,2025-10-04,2027-04-09,STANDARD,19.99,Churned,SERVICE-02,367.82
73,1828,2023-10-12,,BASIC,9.99,Active,,280.05
74,881,2026-03-05,,BASIC,9.99,Active,,-11.32
75,4280,2025-11-03,,STANDARD,19.99,Active,,58.64
76,5580,2025-07-19,,BASIC,9.99,Active,,64.94
77,7287,2024-02-27,,PREMIUM,39.99,Active,,937.1
78,2233,2023-12-10,,PREMIUM,39.99,Active,,1042.41
79,8335,2023-06-14,,STANDARD,19.99,Active,,640.35
80,100,2023-07-28,2024-07-10,STANDARD,19.99,Churned,SERVICE-01,231.88
81,578,2026-04-05,,STANDARD,19.99,Active,,-43.31
82,6319,2026-02-23,2027-07-31,BASIC,9.99,Churned,PRICE-01,174.16
83,7003,2025-06-04,2027-04-29,PREMIUM,39.99,Churned,PRICE-01,925.1
84,1076,2023-06-26,,PREMIUM,39.99,Active,,1265.02
85,6454,2024-01-17,,PREMIUM,39.99,Active,,991.75
86,8763,2023-12-31,,PREMIUM,39.99,Active,,1014.41
87,5964,2024-08-09,,PREMIUM,39.99,Active,,718.49
88,5337,2025-11-21,,PREMIUM,39.99,Active,,93.31
89,2920,2024-09-23,,PREMIUM,39.99,Active,,658.5
90,1691,2023-03-20,,PREMIUM,39.99,Active,,1395.65
91,2487,2024-12-04,,STANDARD,19.99,Active,,281.19
92,7541,2025-02-06,2025-05-29,STANDARD,19.99,Churned,COMP-01,74.63
93,96,2024-12-29,2026-02-18,BASIC,9.99,Churned,SERVICE-02,138.53
94,7550,2024-06-18,2025-02-01,STANDARD,19.99,Churned,SERVICE-02,151.92
95,846,2024-04-22,,STANDARD,19.99,Active,,431.78
96,42,2024-08-18,,PREMIUM,39.99,Active,,706.49
97,9890,2024-01-10,,BASIC,9.99,Active,,250.08
98,4232,2025-08-26,,BASIC,9.99,Active,,52.28
99,9396,2023-01-31,,STANDARD,19.99,Active,,729.63
100,9904,2023-02-20,2024-01-29,BASIC,9.99,Churned,TECH-01,114.22
101,7864,2024-05-07,,STANDARD,19.99,Active,,421.79
102,8467,2025-07-27,,PREMIUM,39.99,Active,,249.27
103,8285,2023-03-20,,STANDARD,19.99,Active,,697.65
104,1486,2026-01-19,2027-12-31,PREMIUM,39.99,Churned,SERVICE-02,947.76
105,7527,2024-12-17,,STANDARD,19.99,Active,,272.53
106,5184,2024-03-22,,PREMIUM,39.99,Active,,905.11
107,8842,2023-11-03,,STANDARD,19.99,Active,,545.73
108,6788,2026-04-30,,PREMIUM,39.99,Active,,-119.97
109,1104,2025-02-28,,PREMIUM,39.99,Active,,447.89
110,9247,2025-08-01,,PREMIUM,39.99,Active,,242.61
111,454,2023-07-07,,STANDARD,19.99,Active,,625.02
112,1062,2023-11-18,2024-01-07,BASIC,9.99,Churned,SERVICE-01,16.65
113,5220,2024-01-06,2024-12-07,PREMIUM,39.99,Churned,PRICE-01,447.89
114,2293,2025-03-26,2026-10-21,PREMIUM,39.99,Churned,TECH-01,765.14
115,4948,2023-12-11,,STANDARD,19.99,Active,,520.41
116,8811,2023-07-27,,STANDARD,19.99,Active,,611.69
117,5260,2024-12-15,,STANDARD,19.99,Active,,273.86
118,1542,2026-05-01,,PREMIUM,39.99,Active,,-121.3
119,8452,2025-01-26,,BASIC,9.99,Active,,122.88
120,8127,2026-05-14,,PREMIUM,39.99,Active,,-138.63
121,3436,2023-12-05,2024-09-07,BASIC,9.99,Churned,SERVICE-01,92.24
122,9528,2023-02-13,,STANDARD,19.99,Active,,720.97
123,3866,2023-10-02,2024-10-01,PREMIUM,39.99,Churned,COMP-01,486.55
124,2826,2025-07-26,,BASIC,9.99,Active,,62.6
125,6059,2025-04-25,,PREMIUM,39.99,Active,,373.24
126,2968,2026-02-07,,STANDARD,19.99,Active,,-5.33
127,8192,2023-12-15,2025-02-09,BASIC,9.99,Churned,PRICE-02,140.53
128,7623,2025-01-07,2026-01-12,STANDARD,19.99,Churned,PRICE-01,246.54
129,4637,2024-08-14,,PREMIUM,39.99,Active,,711.82
130,6745,2023-06-07,,BASIC,9.99,Active,,322.34
131,897,2023-07-25,,BASIC,9.99,Active,,306.36
132,7614,2024-06-09,,STANDARD,19.99,Active,,399.8
133,546,2025-12-14,,BASIC,9.99,Active,,15.65
134,1217,2024-02-21,2024-03-24,BASIC,9.99,Churned,TECH-01,10.66
135,7940,2023-11-29,,STANDARD,19.99,Active,,528.4
136,4862,2026-02-25,,STANDARD,19.99,Active,,-17.32
137,4585,2026-04-24,,PREMIUM,39.99,Active,,-111.97
138,2974,2023-06-18,2024-08-05,PREMIUM,39.99,Churned,PRICE-02,551.86
139,4025,2023-09-30,,PREMIUM,39.99,Active,,1137.05
140,4551,2026-06-09,2028-04-22,BASIC,9.99,Churned,PRICE-02,227.44
141,9707,2026-04-05,,PREMIUM,39.99,Active,,-86.64
142,8116,2024-01-22,2025-01-24,BASIC,9.99,Churned,PRICE-02,122.54
143,1551,2025-04-08,2025-08-06,STANDARD,19.99,Churned,SERVICE-01,79.96
144,3732,2024-08-07,2024-12-12,STANDARD,19.99,Churned,SERVICE-02,84.62
145,2142,2026-04-30,,PREMIUM,39.99,Active,,-119.97
146,6248,2026-03-28,,PREMIUM,39.99,Active,,-75.98
147,4313,2025-06-08,2027-05-13,PREMIUM,39.99,Churned,SERVICE-01,938.43
148,8782,2025-08-09,,STANDARD,19.99,Active,,115.94
149,841,2024-04-06,2024-09-28,PREMIUM,39.99,Churned,TECH-01,233.28
150,4028,2023-10-18,,STANDARD,19.99,Active,,556.39
151,7711,2024-06-29,2025-04-17,BASIC,9.99,Churned,PRICE-01,97.24
152,5236,2025-08-23,2026-05-22,PREMIUM,39.99,Churned,PRICE-01,362.58
153,6646,2025-06-13,2026-03-01,BASIC,9.99,Churned,COMP-01,86.91
154,279,2023-05-22,,BASIC,9.99,Active,,327.67
155,8698,2024-08-15,,PREMIUM,39.99,Active,,710.49
156,5961,2025-02-23,,PREMIUM,39.99,Active,,454.55
157,4391,2026-05-11,,BASIC,9.99,Active,,-33.63
158,586,2023-10-19,,STANDARD,19.99,Active,,555.72
159,3695,2024-01-10,,BASIC,9.99,Active,,250.08
160,5861,2025-12-17,,STANDARD,19.99,Active,,29.32
161,6073,2023-05-21,,PREMIUM,39.99,Active,,1313.01
162,8615,2025-09-27,,BASIC,9.99,Active,,41.63
163,3439,2024-02-29,,PREMIUM,39.99,Active,,934.43
164,7189,2024-05-18,,STANDARD,19.99,Active,,414.46
165,6383,2026-01-30,,PREMIUM,39.99,Active,,0.0
166,718,2026-01-18,2027-07-02,STANDARD,19.99,Churned,PROD-01,353.16
167,3417,2024-05-21,2024-06-23,BASIC,9.99,Churned,SERVICE-02,10.99
168,2061,2024-04-29,,STANDARD,19.99,Active,,427.12
169,16,2025-12-11,,PREMIUM,39.99,Active,,66.65
170,165,2025-05-07,,STANDARD,19.99,Active,,178.58
171,6067,2025-01-23,,BASIC,9.99,Active,,123.88
172,5155,2024-11-10,,BASIC,9.99,Active,,148.52
173,6418,2025-05-24,2026-12-03,STANDARD,19.99,Churned,COMP-01,371.81
174,638,2024-12-04,,PREMIUM,39.99,Active,,562.53
175,8764,2024-10-14,2026-04-05,STANDARD,19.99,Churned,TECH-01,358.49
176,2181,2026-01-15,,BASIC,9.99,Active,,5.0
177,4743,2026-06-23,,BASIC,9.99,Active,,-47.95
178,3936,2025-04-25,,BASIC,9.99,Active,,93.24
179,3918,2025-03-01,,PREMIUM,39.99,Active,,446.56
180,1721,2024-07-25,2026-03-24,BASIC,9.99,Churned,SERVICE-02,202.13
181,1651,2024-05-09,2025-07-03,PREMIUM,39.99,Churned,TECH-01,559.86
182,3968,2024-10-14,,STANDARD,19.99,Active,,315.18
183,1490,2024-05-26,2024-11-22,STANDARD,19.99,Churned,TECH-01,119.94
184,810,2024-09-01,,BASIC,9.99,Active,,171.83
185,1783,2025-07-24,2026-04-01,BASIC,9.99,Churned,PRICE-02,83.58
186,9074,2025-08-16,,STANDARD,19.99,Active,,111.28
187,1977,2026-03-10,,STANDARD,19.99,Active,,-25.99
188,2157,2026-06-03,,PREMIUM,39.99,Active,,-165.29
189,5405,2024-05-09,,STANDARD,19.99,Active,,420.46
190,4281,2026-05-26,,PREMIUM,39.99,Active,,-154.63
191,2799,2026-05-29,,STANDARD,19.99,Active,,-79.29
192,2436,2025-03-22,,BASIC,9.99,Active,,104.56
193,914,2023-07-15,,BASIC,9.99,Active,,309.69
194,3125,2025-08-21,,BASIC,9.99,Active,,53.95
195,9890,2025-09-19,,BASIC,9.99,Active,,44.29
196,2640,2025-04-02,,STANDARD,19.99,Active,,201.9
197,5455,2025-08-19,,BASIC,9.99,Active,,54.61
198,8001,2026-05-05,,PREMIUM,39.99,Active,,-126.64
199,3823,2024-03-10,,STANDARD,19.99,Active,,460.44
200,2651,2023-03-25,,PREMIUM,39.99,Active,,1388.99
201,6237,2024-03-25,,BASIC,9.99,Active,,225.11
202,7942,2024-07-22,,STANDARD,19.99,Active,,371.15
203,4599,2023-10-22,,PREMIUM,39.99,Active,,1107.72
204,4503,2026-06-19,2027-08-07,STANDARD,19.99,Churned,SERVICE-01,275.86
205,918,2024-12-15,2026-09-16,PREMIUM,39.99,Churned,TECH-01,853.12
206,7444,2024-10-14,,STANDARD,19.99,Active,,315.18
207,5946,2024-11-14,,BASIC,9.99,Active,,147.19
208,4507,2023-09-08,,BASIC,9.99,Active,,291.38
209,5,2024-04-29,,PREMIUM,39.99,Active,,854.45
210,9789,2023-11-16,,BASIC,9.99,Active,,268.4
211,3891,2023-10-11,,STANDARD,19.99,Active,,561.05
212,7949,2023-11-04,2024-11-10,BASIC,9.99,Churned,SERVICE-02,123.88
213,7699,2024-07-08,,PREMIUM,39.99,Active,,761.14
214,1129,2023-02-27,2023-10-17,STANDARD,19.99,Churned,SERVICE-02,154.59
215,3065,2024-03-09,,PREMIUM,39.99,Active,,922.44
216,5264,2025-02-14,,PREMIUM,39.99,Active,,466.55
217,9375,2023-06-05,2024-10-12,STANDARD,19.99,Churned,PRICE-02,329.83
218,8912,2026-01-21,2026-12-24,PREMIUM,39.99,Churned,PRICE-02,449.22
219,8233,2023-06-22,,BASIC,9.99,Active,,317.35
220,7081,2023-01-06,,BASIC,9.99,Active,,372.96
221,2716,2024-02-02,2025-08-27,BASIC,9.99,Churned,TECH-01,190.48
222,3656,2023-09-03,,BASIC,9.99,Active,,293.04
223,1356,2024-10-26,,BASIC,9.99,Active,,153.51
224,5332,2026-06-11,2027-02-18,BASIC,9.99,Churned,SERVICE-01,83.92
225,9854,2025-04-13,,BASIC,9.99,Active,,97.24
226,7952,2023-08-04,,PREMIUM,39.99,Active,,1213.03
227,9518,2025-05-09,,PREMIUM,39.99,Active,,354.58
228,695,2024-04-25,,PREMIUM,39.99,Active,,859.79
229,4554,2023-11-07,,STANDARD,19.99,Active,,543.06
230,5104,2023-07-23,2024-02-27,STANDARD,19.99,Churned,COMP-01,145.93
231,2537,2023-03-22,2024-05-22,STANDARD,19.99,Churned,SERVICE-02,284.52
232,431,2025-03-15,,PREMIUM,39.99,Active,,427.89
233,9295,2024-11-20,,BASIC,9.99,Active,,145.19
234,3715,2023-08-31,,PREMIUM,39.99,Active,,1177.04
235,567,2025-06-15,,STANDARD,19.99,Active,,152.59
236,2561,2023-10-20,2024-05-30,PREMIUM,39.99,Churned,PRICE-02,297.26
237,7522,2023-07-06,,STANDARD,19.99,Active,,625.69
238,3224,2025-04-17,,STANDARD,19.99,Active,,191.9
239,3839,2024-05-04,2025-09-03,BASIC,9.99,Churned,COMP-01,162.17
240,9544,2024-06-16,2024-10-05,STANDARD,19.99,Churned,PROD-01,73.96
241,9985,2026-05-25,,BASIC,9.99,Active,,-38.3
242,529,2024-08-02,,PREMIUM,39.99,Active,,727.82
243,4391,2023-08-22,,STANDARD,19.99,Active,,594.37
244,5922,2023-10-11,,PREMIUM,39.99,Active,,1122.39
245,8336,2024-03-15,2025-04-02,PREMIUM,39.99,Churned,TECH-01,510.54
246,7816,2024-08-16,,BASIC,9.99,Active,,177.16
247,3131,2026-03-13,,BASIC,9.99,Active,,-13.99
248,74,2023-02-09,,PREMIUM,39.99,Active,,1447.64
249,1148,2023-11-11,,PREMIUM,39.99,Active,,1081.06
250,4973,2024-09-21,2025-11-28,PREMIUM,39.99,Churned,PROD-01,577.19
251,7478,2024-12-15,,STANDARD,19.99,Active,,273.86
252,5736,2025-11-30,2026-04-09,BASIC,9.99,Churned,SERVICE-01,43.29
253,8974,2024-08-16,2026-07-08,BASIC,9.99,Churned,SERVICE-02,230.1
254,5949,2025-08-14,,BASIC,9.99,Active,,56.28
255,6243,2023-04-14,,PREMIUM,39.99,Active,,1362.33
256,2284,2024-05-01,2026-04-07,STANDARD,19.99,Churned,PRICE-01,470.43
257,2830,2025-10-23,2027-10-16,STANDARD,19.99,Churned,PROD-01,481.76
258,6046,2024-05-25,,PREMIUM,39.99,Active,,819.8
259,4329,2025-09-18,,PREMIUM,39.99,Active,,178.62
260,1812,2023-10-24,,PREMIUM,39.99,Active,,1105.06
261,6029,2026-06-26,2027-01-24,STANDARD,19.99,Churned,PROD-01,141.26
262,4969,2024-05-31,,BASIC,9.99,Active,,202.8
263,6688,2025-04-30,,STANDARD,19.99,Active,,183.24
264,8314,2023-09-14,2025-05-19,BASIC,9.99,Churned,TECH-01,204.13
265,4347,2024-10-21,2026-06-25,BASIC,9.99,Churned,SERVICE-02,203.8
266,4952,2026-01-11,,STANDARD,19.99,Active,,12.66
267,3284,2023-11-30,2024-06-21,STANDARD,19.99,Churned,TECH-01,135.93
268,4736,2024-12-23,2025-06-30,STANDARD,19.99,Churned,PRICE-01,125.94
269,7048,2026-05-07,,STANDARD,19.99,Active,,-64.63
270,3686,2024-01-21,2025-11-30,BASIC,9.99,Churned,PRICE-01,226.11
271,4833,2023-02-07,,BASIC,9.99,Active,,362.3
272,962,2026-01-09,,PREMIUM,39.99,Active,,27.99
273,3404,2023-02-19,,STANDARD,19.99,Active,,716.97
274,2448,2026-06-26,,PREMIUM,39.99,Active,,-195.95
275,1963,2023-10-09,,BASIC,9.99,Active,,281.05
276,5492,2024-12-21,2026-03-17,PREMIUM,39.99,Churned,COMP-01,601.18
277,4055,2023-06-07,2025-03-31,PREMIUM,39.99,Churned,PROD-01,883.78
278,5983,2025-11-26,2026-03-15,BASIC,9.99,Churned,PROD-01,36.3
279,3053,2025-08-13,2026-02-26,BASIC,9.99,Churned,PROD-01,65.6
280,6584,2024-02-28,,STANDARD,19.99,Active,,467.77
281,4616,2023-03-28,,STANDARD,19.99,Active,,692.32
282,1012,2025-02-14,,STANDARD,19.99,Active,,233.22
283,6248,2024-03-10,,STANDARD,19.99,Active,,460.44
284,8295,2023-08-21,,STANDARD,19.99,Active,,595.04
285,3814,2023-03-31,,BASIC,9.99,Active,,344.99
286,491,2023-10-15,,STANDARD,19.99,Active,,558.39
287,652,2025-04-07,,PREMIUM,39.99,Active,,397.23
288,601,2026-04-17,,BASIC,9.99,Active,,-25.64
289,4752,2025-04-10,2026-05-25,PREMIUM,39.99,Churned,SERVICE-02,546.53
290,9929,2023-01-30,,PREMIUM,39.99,Active,,1460.97
291,2111,2025-06-15,,BASIC,9.99,Active,,76.26
292,8344,2024-05-16,,STANDARD,19.99,Active,,415.79
293,9608,2024-12-23,,PREMIUM,39.99,Active,,537.2
294,4579,2023-03-26,,STANDARD,19.99,Active,,693.65
295,896,2025-04-18,2025-07-20,PREMIUM,39.99,Churned,SERVICE-02,123.97
296,2778,2025-07-26,,PREMIUM,39.99,Active,,250.6
297,1170,2023-08-17,2024-07-12,PREMIUM,39.99,Churned,COMP-01,439.89
298,2835,2023-08-27,,BASIC,9.99,Active,,295.37
299,9846,2026-03-15,,BASIC,9.99,Active,,-14.65
300,6788,2023-11-11,,STANDARD,19.99,Active,,540.4
301,4341,2025-07-06,,BASIC,9.99,Active,,69.26
302,967,2025-09-26,,STANDARD,19.99,Active,,83.96
303,4498,2023-03-11,2023-06-25,PREMIUM,39.99,Churned,PRICE-01,141.3
304,5702,2024-11-04,2025-07-14,STANDARD,19.99,Churned,PRICE-01,167.92
305,5971,2026-04-22,,PREMIUM,39.99,Active,,-109.31
306,7467,2025-04-06,,PREMIUM,39.99,Active,,398.57
307,6342,2025-04-17,,STANDARD,19.99,Active,,191.9
308,7056,2023-03-03,2024-04-02,STANDARD,19.99,Churned,PROD-01,263.87
309,1897,2024-06-26,,STANDARD,19.99,Active,,388.47
310,8559,2023-08-27,,BASIC,9.99,Active,,295.37
311,1180,2023-02-16,,STANDARD,19.99,Active,,718.97
312,9287,2026-05-13,,STANDARD,19.99,Active,,-68.63
313,2156,2023-07-03,,STANDARD,19.99,Active,,627.69
314,2558,2025-06-15,,BASIC,9.99,Active,,76.26
315,3774,2024-01-27,,PREMIUM,39.99,Active,,978.42
316,1716,2024-07-20,,STANDARD,19.99,Active,,372.48
317,1299,2024-05-29,,PREMIUM,39.99,Active,,814.46
318,7715,2025-08-10,,BASIC,9.99,Active,,57.61
319,6059,2024-09-07,,PREMIUM,39.99,Active,,679.83
320,1833,2026-04-15,,BASIC,9.99,Active,,-24.98
321,6912,2026-03-28,,STANDARD,19.99,Active,,-37.98
322,4174,2025-10-20,2026-05-29,PREMIUM,39.99,Churned,SERVICE-01,294.59
323,5698,2024-02-16,,BASIC,9.99,Active,,237.76
324,591,2023-11-30,,STANDARD,19.99,Active,,527.74
325,1219,2023-08-20,,BASIC,9.99,Active,,297.7
326,7188,2026-01-03,,BASIC,9.99,Active,,8.99
327,522,2024-07-04,,PREMIUM,39.99,Active,,766.48
328,5017,2024-10-22,2025-05-21,STANDARD,19.99,Churned,SERVICE-01,140.6
329,328,2023-11-18,,PREMIUM,39.99,Active,,1071.73
330,565,2024-03-10,,PREMIUM,39.99,Active,,921.1
331,9716,2024-02-01,,BASIC,9.99,Active,,242.76
332,3773,2024-12-03,,BASIC,9.99,Active,,140.86
333,1625,2025-01-27,,PREMIUM,39.99,Active,,490.54
334,9541,2025-12-13,,PREMIUM,39.99,Active,,63.98
335,9423,2023-09-08,2025-06-03,BASIC,9.99,Churned,PRICE-01,211.12
336,4406,2025-09-30,,BASIC,9.99,Active,,40.63
337,9750,2026-06-16,,PREMIUM,39.99,Active,,-182.62
338,1873,2026-03-05,2028-01-03,BASIC,9.99,Churned,SERVICE-02,222.78
339,1813,2023-02-23,,PREMIUM,39.99,Active,,1428.98
340,3027,2023-03-08,,PREMIUM,39.99,Active,,1411.65
341,5012,2026-01-21,,PREMIUM,39.99,Active,,12.0
342,9686,2025-07-18,,STANDARD,19.99,Active,,130.6
343,5832,2026-03-16,,STANDARD,19.99,Active,,-29.98
344,4881,2024-04-07,,PREMIUM,39.99,Active,,883.78
345,721,2024-10-06,,BASIC,9.99,Active,,160.17
346,4270,2024-11-04,,PREMIUM,39.99,Active,,602.52
347,3979,2024-03-01,2025-06-17,PREMIUM,39.99,Churned,PROD-01,630.51
348,9753,2025-07-02,2026-05-13,STANDARD,19.99,Churned,COMP-01,209.89
349,1025,2024-11-12,,BASIC,9.99,Active,,147.85
350,1149,2024-07-28,,BASIC,9.99,Active,,183.48
351,2223,2023-06-04,2023-12-02,PREMIUM,39.99,Churned,TECH-01,241.27
352,4442,2025-03-31,,BASIC,9.99,Active,,101.56
353,6981,2023-04-15,,STANDARD,19.99,Active,,680.33
354,8465,2023-04-04,,BASIC,9.99,Active,,343.66
355,7464,2026-04-15,,STANDARD,19.99,Active,,-49.97
356,190,2023-11-04,,STANDARD,19.99,Active,,545.06
357,2208,2023-05-28,2024-11-23,STANDARD,19.99,Churned,COMP-01,363.15
358,3656,2026-05-05,,PREMIUM,39.99,Active,,-126.64
359,3588,2025-02-02,2025-06-11,BASIC,9.99,Churned,SERVICE-01,42.96
360,7445,2024-11-05,,PREMIUM,39.99,Active,,601.18
361,9207,2025-08-04,,BASIC,9.99,Active,,59.61
362,7083,2026-01-05,,STANDARD,19.99,Active,,16.66
363,6347,2024-12-11,,PREMIUM,39.99,Active,,553.2
364,1350,2024-09-05,2025-03-08,STANDARD,19.99,Churned,COMP-01,122.61
365,5332,2024-08-27,,PREMIUM,39.99,Active,,694.49
366,2301,2024-07-13,,STANDARD,19.99,Active,,377.14
367,6573,2026-01-10,2027-09-07,BASIC,9.99,Churned,TECH-01,201.47
368,6857,2023-05-04,,PREMIUM,39.99,Active,,1335.67
369,1809,2025-04-12,2025-06-01,BASIC,9.99,Churned,COMP-01,16.65
370,4438,2024-07-04,,BASIC,9.99,Active,,191.48
371,442,2024-03-14,,PREMIUM,39.99,Active,,915.77
372,7824,2023-04-19,2023-12-26,STANDARD,19.99,Churned,TECH-01,167.25
373,6751,2023-05-04,2024-08-03,BASIC,9.99,Churned,PRICE-02,152.18
374,3388,2024-09-19,2026-06-20,BASIC,9.99,Churned,PROD-01,212.79
375,5677,2026-05-27,,BASIC,9.99,Active,,-38.96
376,6626,2024-11-14,2026-02-25,PREMIUM,39.99,Churned,PRICE-01,623.84
377,5577,2026-02-22,,STANDARD,19.99,Active,,-15.33
378,435,2023-04-10,,PREMIUM,39.99,Active,,1367.66
379,798,2023-09-03,,PREMIUM,39.99,Active,,1173.04
380,8985,2023-11-16,,BASIC,9.99,Active,,268.4
381,3061,2025-09-21,,STANDARD,19.99,Active,,87.29
382,9676,2023-06-20,2024-07-13,PREMIUM,39.99,Churned,SERVICE-01,518.54
383,7063,2023-05-17,,STANDARD,19.99,Active,,659.0
384,1276,2025-07-25,,PREMIUM,39.99,Active,,251.94
385,4718,2024-02-26,2024-12-19,BASIC,9.99,Churned,PRICE-02,98.9
386,6845,2024-06-15,,BASIC,9.99,Active,,197.8
387,6092,2025-01-10,,BASIC,9.99,Active,,128.21
388,9769,2024-10-22,2026-07-12,PREMIUM,39.99,Churned,COMP-01,837.12
389,694,2025-04-02,,STANDARD,19.99,Active,,201.9
390,9524,2025-05-01,2026-10-29,BASIC,9.99,Churned,PRICE-01,181.82
391,5088,2023-12-23,2024-08-24,PREMIUM,39.99,Churned,SERVICE-02,326.58
392,8083,2024-12-10,,PREMIUM,39.99,Active,,554.53
393,236,2025-01-15,,BASIC,9.99,Active,,126.54
394,1535,2023-03-21,,STANDARD,19.99,Active,,696.98
395,9233,2026-03-03,,PREMIUM,39.99,Active,,-42.66
396,1949,2025-01-07,,STANDARD,19.99,Active,,258.54
397,5454,2024-11-13,,STANDARD,19.99,Active,,295.19
398,666,2023-03-17,,STANDARD,19.99,Active,,699.65
399,8089,2025-01-08,,STANDARD,19.99,Active,,257.87
400,3262,2026-04-25,2027-04-30,PREMIUM,39.99,Churned,TECH-01,493.21
401,7304,2025-03-05,,STANDARD,19.99,Active,,220.56
402,2168,2023-05-22,,BASIC,9.99,Active,,327.67
403,860,2026-05-11,,PREMIUM,39.99,Active,,-134.63
404,9158,2026-01-12,,STANDARD,19.99,Active,,11.99
405,3242,2025-05-24,,PREMIUM,39.99,Active,,334.58
406,6956,2026-01-30,,STANDARD,19.99,Active,,0.0
407,7035,2025-01-25,2026-04-05,STANDARD,19.99,Churned,SERVICE-02,289.85
408,6017,2024-10-07,2025-10-04,BASIC,9.99,Churned,PRICE-01,120.55
409,5169,2024-02-25,,BASIC,9.99,Active,,234.77
410,8091,2025-08-28,,STANDARD,19.99,Active,,103.28
411,2239,2023-11-27,,STANDARD,19.99,Active,,529.74
412,1715,2024-06-02,,BASIC,9.99,Active,,202.13
413,8941,2025-06-14,2025-08-09,BASIC,9.99,Churned,PRICE-02,18.65
414,8071,2025-06-08,,PREMIUM,39.99,Active,,314.59
415,35,2025-06-26,,BASIC,9.99,Active,,72.59
416,2348,2023-01-16,,BASIC,9.99,Active,,369.63
417,3922,2023-02-26,2024-05-15,STANDARD,19.99,Churned,PRICE-01,295.85
418,9786,2025-11-20,,PREMIUM,39.99,Active,,94.64
419,9451,2025-12-04,,STANDARD,19.99,Active,,37.98
420,8524,2023-06-15,2024-07-11,PREMIUM,39.99,Churned,PRICE-01,522.54
421,6563,2024-03-12,,STANDARD,19.99,Active,,459.1
422,303,2025-10-16,2026-08-08,STANDARD,19.99,Churned,SERVICE-01,197.23
423,4356,2023-12-22,,PREMIUM,39.99,Active,,1026.41
424,3660,2025-09-25,,PREMIUM,39.99,Active,,169.29
425,6532,2024-10-12,,PREMIUM,39.99,Active,,633.18
426,2316,2025-12-20,,BASIC,9.99,Active,,13.65
427,7639,2023-11-01,2025-02-27,PREMIUM,39.99,Churned,PRICE-02,645.17
428,7071,2025-10-15,,BASIC,9.99,Active,,35.63
429,4401,2023-05-01,2023-07-08,PREMIUM,39.99,Churned,PRICE-02,90.64
430,6252,2025-11-03,2026-06-05,BASIC,9.99,Churned,COMP-01,71.26
431,4953,2025-08-05,,STANDARD,19.99,Active,,118.61
432,5425,2024-08-23,,PREMIUM,39.99,Active,,699.83
433,1492,2023-06-09,,PREMIUM,39.99,Active,,1287.68
434,5195,2023-12-25,,STANDARD,19.99,Active,,511.08
435,6566,2025-07-18,2027-05-18,STANDARD,19.99,Churned,COMP-01,445.78
436,3559,2025-03-01,,BASIC,9.99,Active,,111.55
437,7370,2025-10-29,,STANDARD,19.99,Active,,61.97
438,9937,2025-12-31,,BASIC,9.99,Active,,9.99
439,2888,2023-11-29,,BASIC,9.99,Active,,264.07
440,9118,2024-04-27,,STANDARD,19.99,Active,,428.45
441,4977,2023-08-14,,STANDARD,19.99,Active,,599.7
442,3680,2026-01-20,,PREMIUM,39.99,Active,,13.33
443,7229,2023-08-04,,BASIC,9.99,Active,,303.03
444,607,2023-06-19,2023-09-20,PREMIUM,39.99,Churned,COMP-01,123.97
445,5396,2023-09-20,,STANDARD,19.99,Active,,575.05
446,7666,2026-06-04,,PREMIUM,39.99,Active,,-166.63
447,6429,2023-09-11,,BASIC,9.99,Active,,290.38
448,3569,2024-03-07,,PREMIUM,39.99,Active,,925.1
449,9379,2025-07-30,,BASIC,9.99,Active,,61.27
450,4678,2026-05-07,,PREMIUM,39.99,Active,,-129.3
451,7983,2024-03-23,2025-04-07,PREMIUM,39.99,Churned,PRICE-02,506.54
452,3321,2024-05-31,,STANDARD,19.99,Active,,405.8
453,1285,2023-05-29,,STANDARD,19.99,Active,,651.01
454,2616,2023-04-18,2024-07-27,BASIC,9.99,Churned,SERVICE-02,155.18
455,6607,2025-04-08,,PREMIUM,39.99,Active,,395.9
456,8570,2025-07-20,,PREMIUM,39.99,Active,,258.6
457,1453,2023-09-08,,BASIC,9.99,Active,,291.38
458,7000,2026-03-26,,STANDARD,19.99,Active,,-36.65
459,7304,2025-07-26,,PREMIUM,39.99,Active,,250.6
460,5087,2025-09-08,2026-12-13,BASIC,9.99,Churned,SERVICE-01,153.51
461,9050,2025-11-29,2026-08-09,BASIC,9.99,Churned,COMP-01,84.25
462,5401,2026-01-22,2026-04-04,STANDARD,19.99,Churned,PROD-01,47.98
463,4925,2023-06-23,,PREMIUM,39.99,Active,,1269.02
464,5518,2025-02-11,,BASIC,9.99,Active,,117.55
465,9409,2023-06-19,,PREMIUM,39.99,Active,,1274.35
466,8635,2025-07-07,2026-08-27,BASIC,9.99,Churned,SERVICE-02,138.53
467,9875,2026-01-23,,BASIC,9.99,Active,,2.33
468,4219,2024-11-19,,STANDARD,19.99,Active,,291.19
469,6412,2026-05-20,,BASIC,9.99,Active,,-36.63
470,6627,2024-12-01,2025-07-06,STANDARD,19.99,Churned,PROD-01,144.59
471,9108,2023-06-12,2023-09-28,PREMIUM,39.99,Churned,SERVICE-01,143.96
472,3300,2024-01-20,,BASIC,9.99,Active,,246.75
473,7640,2026-04-29,2026-09-12,PREMIUM,39.99,Churned,COMP-01,181.29
474,696,2025-03-24,2026-09-13,STANDARD,19.99,Churned,COMP-01,358.49
475,6961,2024-09-23,,BASIC,9.99,Active,,164.5
476,1018,2024-06-22,2026-05-05,PREMIUM,39.99,Churned,TECH-01,909.11
477,3702,2025-06-18,2026-04-27,BASIC,9.99,Churned,TECH-01,104.23
478,5223,2026-04-30,,BASIC,9.99,Active,,-29.97
479,8648,2024-04-06,,BASIC,9.99,Active,,221.11
480,4121,2024-05-26,,STANDARD,19.99,Active,,409.13
481,1425,2023-10-11,,PREMIUM,39.99,Active,,1122.39
482,8130,2025-08-03,,PREMIUM,39.99,Active,,239.94
483,4986,2023-05-29,,PREMIUM,39.99,Active,,1302.34
484,5040,2023-12-04,2024-01-27,BASIC,9.99,Churned,SERVICE-02,17.98
485,5055,2023-05-02,,BASIC,9.99,Active,,334.33
486,2178,2023-08-08,2025-05-08,BASIC,9.99,Churned,SERVICE-01,212.79
487,976,2023-02-13,2023-05-10,PREMIUM,39.99,Churned,SERVICE-02,114.64
488,8330,2024-10-22,,STANDARD,19.99,Active,,309.84
489,5455,2024-11-10,,STANDARD,19.99,Active,,297.18
490,5257,2023-07-16,2024-07-06,BASIC,9.99,Churned,SERVICE-02,118.55
491,6288,2025-05-21,,PREMIUM,39.99,Active,,338.58
492,3604,2023-02-14,2023-10-15,STANDARD,19.99,Churned,PRICE-02,161.92
493,6375,2024-12-24,,BASIC,9.99,Active,,133.87
494,4149,2023-08-21,,STANDARD,19.99,Active,,595.04
495,5838,2026-05-11,2027-01-25,BASIC,9.99,Churned,PRICE-02,86.25
496,5178,2025-10-30,,STANDARD,19.99,Active,,61.3
497,1055,2024-05-24,,PREMIUM,39.99,Active,,821.13
498,2561,2023-01-08,,PREMIUM,39.99,Active,,1490.29
499,3967,2024-02-26,,STANDARD,19.99,Active,,469.1
500,5604,2024-05-30,,BASIC,9.99,Active,,203.13
501,2654,2026-01-06,,PREMIUM,39.99,Active,,31.99
502,5926,2024-01-10,,PREMIUM,39.99,Active,,1001.08
503,3326,2025-02-01,2025-05-11,BASIC,9.99,Churned,SERVICE-01,32.97
504,6407,2025-02-02,,BASIC,9.99,Active,,120.55
505,4177,2026-05-03,,BASIC,9.99,Active,,-30.97
506,5023,2023-08-06,2023-11-05,BASIC,9.99,Churned,PRICE-01,30.3
507,9637,2024-10-04,,BASIC,9.99,Active,,160.84
508,8369,2025-05-22,2027-05-15,BASIC,9.99,Churned,SERVICE-01,240.76
509,9839,2024-01-06,2024-06-13,PREMIUM,39.99,Churned,SERVICE-02,211.95
510,8525,2024-06-16,,BASIC,9.99,Active,,197.47
511,9124,2023-07-05,,STANDARD,19.99,Active,,626.35
512,6266,2025-01-24,,STANDARD,19.99,Active,,247.21
513,2197,2025-04-09,,BASIC,9.99,Active,,98.57
514,7719,2024-08-04,,BASIC,9.99,Active,,181.15
515,1876,2023-09-14,,BASIC,9.99,Active,,289.38
516,107,2025-01-19,,BASIC,9.99,Active,,125.21
517,2677,2024-09-11,2026-08-02,STANDARD,19.99,Churned,TECH-01,459.77
518,7071,2024-08-26,,STANDARD,19.99,Active,,347.83
519,3650,2025-09-05,,PREMIUM,39.99,Active,,195.95
520,5931,2025-02-24,,STANDARD,19.99,Active,,226.55
521,6060,2024-03-19,,STANDARD,19.99,Active,,454.44
522,4235,2023-12-30,,BASIC,9.99,Active,,253.75
523,4997,2024-06-01,,PREMIUM,39.99,Active,,810.46
524,8359,2026-01-12,,PREMIUM,39.99,Active,,23.99
525,7356,2024-06-01,,STANDARD,19.99,Active,,405.13
526,5395,2023-06-25,,BASIC,9.99,Active,,316.35
527,4889,2024-02-07,2024-09-09,PREMIUM,39.99,Churned,PROD-01,286.6
528,805,2023-09-06,,PREMIUM,39.99,Active,,1169.04
529,551,2025-03-14,,STANDARD,19.99,Active,,214.56
530,4260,2025-08-10,2026-09-10,STANDARD,19.99,Churned,COMP-01,263.87
531,3292,2025-12-30,,PREMIUM,39.99,Active,,41.32
532,184,2024-04-23,2026-03-24,BASIC,9.99,Churned,SERVICE-02,233.1
533,6310,2023-02-18,2023-09-04,PREMIUM,39.99,Churned,TECH-01,263.93
534,7312,2024-08-22,,BASIC,9.99,Active,,175.16
535,3933,2024-02-20,,PREMIUM,39.99,Active,,946.43
536,2405,2026-03-04,,PREMIUM,39.99,Active,,-43.99
537,5787,2025-02-06,,PREMIUM,39.99,Active,,477.21
538,4447,2024-10-30,2025-08-28,PREMIUM,39.99,Churned,PRICE-02,402.57
539,404,2023-02-05,2024-11-30,BASIC,9.99,Churned,PROD-01,221.11
540,7638,2025-08-20,,PREMIUM,39.99,Active,,217.28
541,5209,2024-10-02,,STANDARD,19.99,Active,,323.17
542,2896,2025-01-04,,STANDARD,19.99,Active,,260.54
543,4253,2025-02-10,2026-01-14,PREMIUM,39.99,Churned,PROD-01,450.55
544,6952,2023-11-26,,PREMIUM,39.99,Active,,1061.07
545,9142,2026-03-31,,PREMIUM,39.99,Active,,-79.98
546,8836,2025-05-31,,PREMIUM,39.99,Active,,325.25
547,3267,2025-04-02,2025-10-27,STANDARD,19.99,Churned,SERVICE-02,138.6
548,2713,2026-03-06,,STANDARD,19.99,Active,,-23.32
549,7625,2024-01-23,,BASIC,9.99,Active,,245.75
550,7298,2024-11-19,,PREMIUM,39.99,Active,,582.52
551,7872,2025-04-03,,PREMIUM,39.99,Active,,402.57
552,6663,2024-03-01,2025-05-18,BASIC,9.99,Churned,PRICE-02,147.52
553,1065,2023-03-28,,PREMIUM,39.99,Active,,1384.99
554,6195,2023-12-20,2024-09-15,STANDARD,19.99,Churned,PROD-01,179.91
555,8644,2023-10-26,,PREMIUM,39.99,Active,,1102.39
556,1034,2025-01-19,,STANDARD,19.99,Active,,250.54
557,3531,2026-02-14,,BASIC,9.99,Active,,-5.0
558,1923,2025-02-20,,STANDARD,19.99,Active,,229.22
559,1971,2023-07-10,,STANDARD,19.99,Active,,623.02
560,6507,2023-12-26,2025-07-13,PREMIUM,39.99,Churned,PROD-01,753.14
561,9457,2024-04-24,2025-09-27,PREMIUM,39.99,Churned,SERVICE-02,694.49
562,2823,2026-05-30,,PREMIUM,39.99,Active,,-159.96
563,2272,2023-05-11,,BASIC,9.99,Active,,331.33
564,9331,2025-09-19,,PREMIUM,39.99,Active,,177.29
565,2064,2024-10-07,,STANDARD,19.99,Active,,319.84
566,9045,2024-08-26,,STANDARD,19.99,Active,,347.83
567,7469,2024-01-20,,BASIC,9.99,Active,,246.75
568,7261,2023-06-16,,BASIC,9.99,Active,,319.35
569,8501,2025-01-21,,PREMIUM,39.99,Active,,498.54
570,7541,2025-03-08,,PREMIUM,39.99,Active,,437.22
571,7473,2023-04-28,,PREMIUM,39.99,Active,,1343.66
572,2827,2024-07-24,2025-01-24,BASIC,9.99,Churned,COMP-01,61.27
573,8238,2026-05-04,2026-06-29,BASIC,9.99,Churned,TECH-01,18.65
574,3099,2025-02-18,2025-11-03,STANDARD,19.99,Churned,TECH-01,171.91
575,7234,2023-03-26,,BASIC,9.99,Active,,346.65
576,4414,2026-06-06,2027-11-07,BASIC,9.99,Churned,TECH-01,172.83
577,1571,2026-05-15,,BASIC,9.99,Active,,-34.97
578,5156,2024-09-12,2025-04-15,PREMIUM,39.99,Churned,PRICE-01,286.6
579,9132,2023-06-18,2024-06-23,BASIC,9.99,Churned,PRICE-01,123.54
580,7285,2023-07-02,2023-08-02,BASIC,9.99,Churned,SERVICE-02,10.32
581,427,2025-09-25,,STANDARD,19.99,Active,,84.62
582,7004,2024-11-22,,PREMIUM,39.99,Active,,578.52
583,1917,2026-03-26,,BASIC,9.99,Active,,-18.32
584,6410,2024-12-29,,STANDARD,19.99,Active,,264.53
585,9070,2026-01-28,,BASIC,9.99,Active,,0.67
586,4850,2024-10-19,,BASIC,9.99,Active,,155.84
587,133,2025-02-17,2025-11-24,BASIC,9.99,Churned,PRICE-02,93.24
588,2865,2024-04-29,,PREMIUM,39.99,Active,,854.45
589,1643,2025-06-14,,BASIC,9.99,Active,,76.59
590,4914,2024-06-13,,PREMIUM,39.99,Active,,794.47
591,5366,2023-04-29,,PREMIUM,39.99,Active,,1342.33
592,9492,2025-11-16,,PREMIUM,39.99,Active,,99.98
593,5869,2026-01-03,2027-05-07,PREMIUM,39.99,Churned,SERVICE-02,651.84
594,693,2024-03-15,,BASIC,9.99,Active,,228.44
595,7866,2025-04-11,,BASIC,9.99,Active,,97.9
596,8731,2024-07-11,2025-08-23,PREMIUM,39.99,Churned,COMP-01,543.86
597,3215,2023-04-04,,BASIC,9.99,Active,,343.66
598,4355,2026-04-12,,BASIC,9.99,Active,,-23.98
599,6077,2025-04-09,2025-11-22,STANDARD,19.99,Churned,TECH-01,151.26
600,6489,2024-06-25,,STANDARD,19.99,Active,,389.14
601,8448,2025-11-16,2026-08-08,PREMIUM,39.99,Churned,SERVICE-02,353.25
602,8202,2025-05-18,,STANDARD,19.99,Active,,171.25
603,4921,2025-03-16,,PREMIUM,39.99,Active,,426.56
604,5070,2025-01-11,,PREMIUM,39.99,Active,,511.87
605,1919,2023-05-26,,BASIC,9.99,Active,,326.34
606,3179,2024-04-23,2025-08-25,BASIC,9.99,Churned,TECH-01,162.84
607,3161,2025-06-07,,PREMIUM,39.99,Active,,315.92
608,445,2026-06-19,2026-08-11,STANDARD,19.99,Churned,SERVICE-01,35.32
609,2304,2024-06-14,,PREMIUM,39.99,Active,,793.13
610,9992,2023-01-20,2023-05-21,BASIC,9.99,Churned,COMP-01,40.29
611,2866,2025-09-01,,STANDARD,19.99,Active,,100.62
612,3482,2025-03-01,2027-01-05,PREMIUM,39.99,Churned,SERVICE-01,899.78
613,822,2023-06-21,,STANDARD,19.99,Active,,635.68
614,7919,2024-10-01,2024-12-31,PREMIUM,39.99,Churned,COMP-01,121.3
615,9487,2024-04-24,,PREMIUM,39.99,Active,,861.12
616,7867,2026-04-29,2026-09-02,BASIC,9.99,Churned,PRICE-02,41.96
617,304,2024-07-15,,BASIC,9.99,Active,,187.81
618,9701,2023-05-02,,PREMIUM,39.99,Active,,1338.33
619,9626,2025-10-23,2026-01-02,PREMIUM,39.99,Churned,PRICE-01,94.64
620,6048,2023-11-11,2025-11-03,BASIC,9.99,Churned,SERVICE-01,240.76
621,5725,2026-02-12,,STANDARD,19.99,Active,,-8.66
622,6977,2025-06-14,,BASIC,9.99,Active,,76.59
623,998,2026-03-02,,PREMIUM,39.99,Active,,-41.32
624,6362,2023-10-22,,PREMIUM,39.99,Active,,1107.72
625,3891,2023-11-21,,BASIC,9.99,Active,,266.73
626,505,2023-03-24,2024-03-22,BASIC,9.99,Churned,PROD-01,121.21
627,4426,2025-02-19,,STANDARD,19.99,Active,,229.88
628,1299,2023-05-22,2023-10-20,PREMIUM,39.99,Churned,TECH-01,201.28
629,4493,2025-08-05,2026-11-04,BASIC,9.99,Churned,PRICE-01,151.85
630,5861,2026-04-01,,STANDARD,19.99,Active,,-40.65
631,3044,2025-02-11,2025-07-01,BASIC,9.99,Churned,PRICE-01,46.62
632,5637,2025-09-23,,STANDARD,19.99,Active,,85.96
633,2131,2024-04-07,,PREMIUM,39.99,Active,,883.78
634,7766,2024-02-12,2024-07-01,PREMIUM,39.99,Churned,COMP-01,186.62
635,6209,2025-06-21,2025-09-07,PREMIUM,39.99,Churned,COMP-01,103.97
636,1089,2023-05-20,,BASIC,9.99,Active,,328.34
637,1078,2023-02-09,,STANDARD,19.99,Active,,723.64
638,5194,2024-02-28,,PREMIUM,39.99,Active,,935.77
639,297,2025-06-28,2026-06-02,STANDARD,19.99,Churned,COMP-01,225.89
640,3343,2025-01-07,,STANDARD,19.99,Active,,258.54
641,9340,2024-01-28,2024-05-13,BASIC,9.99,Churned,SERVICE-02,35.3
642,8518,2024-06-15,,BASIC,9.99,Active,,197.8
643,1346,2025-05-30,2027-05-07,STANDARD,19.99,Churned,PRICE-02,471.1
644,6822,2026-04-13,,BASIC,9.99,Active,,-24.31
645,4784,2023-11-11,,BASIC,9.99,Active,,270.06
646,5963,2026-03-18,2026-11-03,PREMIUM,39.99,Churned,PROD-01,306.59
647,4371,2024-08-05,,PREMIUM,39.99,Active,,723.82
648,2067,2026-06-10,,BASIC,9.99,Active,,-43.62
649,9559,2024-06-11,,STANDARD,19.99,Active,,398.47
650,1910,2023-06-06,,STANDARD,19.99,Active,,645.68
651,3301,2024-02-26,2024-04-25,PREMIUM,39.99,Churned,SERVICE-01,78.65
652,3612,2024-10-26,2025-11-12,BASIC,9.99,Churned,SERVICE-02,127.21
653,2831,2025-01-24,,STANDARD,19.99,Active,,247.21
654,9185,2025-08-24,2027-04-21,PREMIUM,39.99,Churned,PROD-01,806.47
655,8840,2023-03-16,2024-02-16,BASIC,9.99,Churned,COMP-01,112.22
656,8118,2024-11-13,,BASIC,9.99,Active,,147.52
657,4527,2023-04-27,2024-04-29,PREMIUM,39.99,Churned,SERVICE-01,490.54
658,5838,2025-05-27,,BASIC,9.99,Active,,82.58
659,9342,2024-05-16,,PREMIUM,39.99,Active,,831.79
660,4634,2025-06-23,2027-05-07,BASIC,9.99,Churned,SERVICE-02,227.44
661,4739,2025-11-06,,BASIC,9.99,Active,,28.31
662,9270,2025-05-29,,BASIC,9.99,Active,,81.92
663,9287,2023-08-23,,BASIC,9.99,Active,,296.7
664,3842,2026-01-08,,PREMIUM,39.99,Active,,29.33
665,9489,2026-03-22,,BASIC,9.99,Active,,-16.98
666,6560,2026-01-17,,STANDARD,19.99,Active,,8.66
667,436,2026-06-09,2027-07-12,PREMIUM,39.99,Churned,PRICE-02,530.53
668,1188,2023-07-30,2024-08-03,PREMIUM,39.99,Churned,PROD-01,493.21
669,8263,2026-01-27,,STANDARD,19.99,Active,,2.0
670,702,2025-01-20,,STANDARD,19.99,Active,,249.87
671,3099,2023-11-03,,PREMIUM,39.99,Active,,1091.73
672,9666,2023-02-21,,BASIC,9.99,Active,,357.64
673,8435,2026-05-25,,PREMIUM,39.99,Active,,-153.3
674,9617,2025-02-06,,BASIC,9.99,Active,,119.21
675,8845,2026-03-28,,PREMIUM,39.99,Active,,-75.98
676,8421,2023-09-23,,BASIC,9.99,Active,,286.38
677,8919,2023-12-05,,BASIC,9.99,Active,,262.07
678,389,2025-04-16,,BASIC,9.99,Active,,96.24
679,3378,2024-01-08,,BASIC,9.99,Active,,250.75
680,6033,2023-05-18,2024-08-09,PREMIUM,39.99,Churned,COMP-01,598.52
681,5012,2023-03-05,,PREMIUM,39.99,Active,,1415.65
682,1009,2025-10-02,,STANDARD,19.99,Active,,79.96
683,7517,2025-11-07,,PREMIUM,39.99,Active,,111.97
684,3095,2025-12-28,2027-09-25,STANDARD,19.99,Churned,SERVICE-01,423.79
685,1927,2026-02-10,,STANDARD,19.99,Active,,-7.33
686,939,2024-03-11,,PREMIUM,39.99,Active,,919.77
687,1655,2025-08-18,2026-10-17,BASIC,9.99,Churned,PRICE-01,141.53
688,8099,2024-04-30,,BASIC,9.99,Active,,213.12
689,4525,2025-05-23,2026-04-29,PREMIUM,39.99,Churned,PROD-01,454.55
690,1789,2024-12-21,2025-06-07,PREMIUM,39.99,Churned,PROD-01,223.94
691,3151,2023-02-11,,PREMIUM,39.99,Active,,1444.97
692,1697,2026-06-19,2028-03-06,BASIC,9.99,Churned,SERVICE-01,208.46
693,5331,2023-05-05,,BASIC,9.99,Active,,333.33
694,4080,2026-03-02,,PREMIUM,39.99,Active,,-41.32
695,2394,2023-03-30,2024-07-13,STANDARD,19.99,Churned,PRICE-01,313.84
696,4450,2026-03-16,,STANDARD,19.99,Active,,-29.98
697,2546,2026-04-22,2027-12-20,PREMIUM,39.99,Churned,COMP-01,809.13
698,7299,2026-04-12,,BASIC,9.99,Active,,-23.98
699,960,2023-04-06,,PREMIUM,39.99,Active,,1372.99
700,2117,2024-02-19,,BASIC,9.99,Active,,236.76
701,9648,2024-11-11,,STANDARD,19.99,Active,,296.52
702,7067,2023-09-28,,BASIC,9.99,Active,,284.72
703,5045,2024-01-15,2024-07-24,PREMIUM,39.99,Churned,SERVICE-01,254.6
704,620,2025-10-25,,PREMIUM,39.99,Active,,129.3
705,5617,2024-09-04,2025-11-29,BASIC,9.99,Churned,TECH-01,150.18
706,1252,2026-04-29,,BASIC,9.99,Active,,-29.64
707,6766,2024-02-06,,PREMIUM,39.99,Active,,965.09
708,8459,2024-03-01,2026-01-12,BASIC,9.99,Churned,PRICE-01,227.11
709,31,2023-06-04,,BASIC,9.99,Active,,323.34
710,3393,2024-04-14,2024-06-06,BASIC,9.99,Churned,PRICE-01,17.65
711,6878,2025-03-04,,STANDARD,19.99,Active,,221.22
712,6252,2024-07-27,2026-05-28,STANDARD,19.99,Churned,SERVICE-02,446.44
713,7614,2023-03-06,,BASIC,9.99,Active,,353.31
714,8985,2023-04-15,,PREMIUM,39.99,Active,,1360.99
715,3149,2026-03-17,,STANDARD,19.99,Active,,-30.65
716,1630,2026-04-20,,STANDARD,19.99,Active,,-53.31
717,4613,2023-10-19,2024-05-15,STANDARD,19.99,Churned,TECH-01,139.26
718,8279,2023-03-16,2024-01-10,BASIC,9.99,Churned,PROD-01,99.9
719,9876,2026-01-25,,PREMIUM,39.99,Active,,6.67
720,3273,2024-12-28,,PREMIUM,39.99,Active,,530.53
721,9362,2024-09-07,,PREMIUM,39.99,Active,,679.83
722,6017,2024-07-21,,BASIC,9.99,Active,,185.81
723,4430,2023-01-04,,BASIC,9.99,Active,,373.63
724,1126,2026-05-30,,STANDARD,19.99,Active,,-79.96
725,6509,2025-10-11,,BASIC,9.99,Active,,36.96
726,7301,2024-10-29,,STANDARD,19.99,Active,,305.18
727,431,2024-10-20,,PREMIUM,39.99,Active,,622.51
728,3032,2026-03-28,,STANDARD,19.99,Active,,-37.98
729,2004,2025-12-08,2027-01-23,BASIC,9.99,Churned,COMP-01,136.86
730,1304,2024-04-29,2026-01-05,STANDARD,19.99,Churned,COMP-01,410.46
731,1378,2025-07-01,,STANDARD,19.99,Active,,141.93
732,1493,2023-03-17,,PREMIUM,39.99,Active,,1399.65
733,5854,2026-06-11,2027-07-22,PREMIUM,39.99,Churned,PRICE-02,541.2
734,6950,2025-02-16,,STANDARD,19.99,Active,,231.88
735,5201,2025-12-15,,BASIC,9.99,Active,,15.32
736,7929,2025-12-19,,BASIC,9.99,Active,,13.99
737,5006,2025-06-14,,BASIC,9.99,Active,,76.59
738,8594,2023-09-17,2025-09-02,STANDARD,19.99,Churned,PRICE-02,477.09
739,9282,2024-10-18,,PREMIUM,39.99,Active,,625.18
740,2656,2025-12-12,2027-10-05,BASIC,9.99,Churned,PRICE-01,220.45
741,7520,2025-02-13,,BASIC,9.99,Active,,116.88
742,1743,2024-05-21,,PREMIUM,39.99,Active,,825.13
743,4305,2026-04-22,,BASIC,9.99,Active,,-27.31
744,5499,2023-12-06,,STANDARD,19.99,Active,,523.74
745,1823,2024-06-13,,BASIC,9.99,Active,,198.47
746,5946,2025-07-29,,STANDARD,19.99,Active,,123.27
747,6110,2024-06-24,,BASIC,9.99,Active,,194.81
748,991,2024-01-20,,BASIC,9.99,Active,,246.75
749,1071,2023-10-10,,BASIC,9.99,Active,,280.72
750,1894,2025-11-06,,BASIC,9.99,Active,,28.31
751,4616,2023-03-07,,STANDARD,19.99,Active,,706.31
752,5037,2024-05-16,,BASIC,9.99,Active,,207.79
753,4069,2024-04-29,,STANDARD,19.99,Active,,427.12
754,8228,2025-03-10,2025-05-07,PREMIUM,39.99,Churned,TECH-01,77.31
755,6084,2024-11-20,,STANDARD,19.99,Active,,290.52
756,2263,2023-05-12,,PREMIUM,39.99,Active,,1325.0
757,7839,2024-12-31,,STANDARD,19.99,Active,,263.2
758,2079,2024-04-21,,STANDARD,19.99,Active,,432.45
759,5010,2024-10-13,,PREMIUM,39.99,Active,,631.84
760,7751,2023-03-11,,PREMIUM,39.99,Active,,1407.65
761,8490,2025-03-29,,STANDARD,19.99,Active,,204.56
762,5760,2023-12-26,,STANDARD,19.99,Active,,510.41
763,7145,2023-02-25,2023-06-14,PREMIUM,39.99,Churned,PRICE-01,145.3
764,3469,2024-04-17,,STANDARD,19.99,Active,,435.12
765,7338,2024-11-13,,PREMIUM,39.99,Active,,590.52
766,4751,2023-09-16,,PREMIUM,39.99,Active,,1155.71
767,7401,2026-03-05,2027-05-21,BASIC,9.99,Churned,PRICE-02,147.19
768,3568,2023-03-07,,PREMIUM,39.99,Active,,1412.98
769,431,2024-12-16,,BASIC,9.99,Active,,136.53
770,1737,2023-10-18,2025-04-11,PREMIUM,39.99,Churned,SERVICE-01,721.15
771,782,2025-05-08,2026-06-06,PREMIUM,39.99,Churned,PROD-01,525.2
772,3015,2025-03-03,,BASIC,9.99,Active,,110.89
773,1083,2025-04-19,2026-09-26,BASIC,9.99,Churned,TECH-01,174.83
774,135,2025-05-03,,PREMIUM,39.99,Active,,362.58
775,2107,2025-09-05,,PREMIUM,39.99,Active,,195.95
776,9338,2025-10-05,,PREMIUM,39.99,Active,,155.96
777,2266,2023-05-19,2023-09-13,BASIC,9.99,Churned,TECH-01,38.96
778,4990,2024-11-19,,BASIC,9.99,Active,,145.52
779,6657,2025-01-04,,BASIC,9.99,Active,,130.2
780,6654,2025-04-21,2027-04-01,PREMIUM,39.99,Churned,SERVICE-02,946.43
781,5037,2025-08-11,,PREMIUM,39.99,Active,,229.28
782,6772,2024-10-07,,PREMIUM,39.99,Active,,639.84
783,7992,2025-09-26,,BASIC,9.99,Active,,41.96
784,8636,2024-02-03,,PREMIUM,39.99,Active,,969.09
785,1114,2025-08-15,,BASIC,9.99,Active,,55.94
786,8096,2023-12-07,2024-05-16,PREMIUM,39.99,Churned,PRICE-02,214.61
787,9551,2023-09-02,2025-02-19,BASIC,9.99,Churned,PRICE-01,178.49
788,5276,2025-09-03,,PREMIUM,39.99,Active,,198.62
789,8451,2026-03-22,,STANDARD,19.99,Active,,-33.98
790,6592,2024-03-17,,STANDARD,19.99,Active,,455.77
791,6607,2023-08-20,2024-07-24,BASIC,9.99,Churned,SERVICE-01,112.89
792,8348,2023-07-21,2024-06-07,PREMIUM,39.99,Churned,PROD-01,429.23
793,6166,2023-09-11,,PREMIUM,39.99,Active,,1162.38
794,3384,2023-05-16,,STANDARD,19.99,Active,,659.67
795,4607,2025-11-22,,STANDARD,19.99,Active,,45.98
796,8141,2026-06-22,2028-01-04,STANDARD,19.99,Churned,PROD-01,373.81
797,378,2023-02-06,,STANDARD,19.99,Active,,725.64
798,7529,2023-10-05,,PREMIUM,39.99,Active,,1130.38
799,8155,2024-02-02,,PREMIUM,39.99,Active,,970.42
800,5027,2025-08-29,,STANDARD,19.99,Active,,102.62
801,2559,2025-08-27,,PREMIUM,39.99,Active,,207.95
802,4268,2023-08-08,,PREMIUM,39.99,Active,,1207.7
803,2786,2023-11-17,,STANDARD,19.99,Active,,536.4
804,3786,2025-05-01,,STANDARD,19.99,Active,,182.58
805,3357,2024-10-16,,STANDARD,19.99,Active,,313.84
806,855,2025-03-27,,STANDARD,19.99,Active,,205.9
807,6509,2023-10-09,,PREMIUM,39.99,Active,,1125.05
808,1959,2024-06-24,,PREMIUM,39.99,Active,,779.81
809,6671,2024-01-19,,BASIC,9.99,Active,,247.09
810,8025,2024-01-12,,PREMIUM,39.99,Active,,998.42
811,3609,2026-05-19,2027-10-05,STANDARD,19.99,Churned,SERVICE-01,335.83
812,9636,2025-01-03,,STANDARD,19.99,Active,,261.2
813,8485,2026-02-14,,PREMIUM,39.99,Active,,-20.0
814,2055,2023-12-05,2024-09-08,STANDARD,19.99,Churned,PROD-01,185.24
815,1677,2023-06-07,,PREMIUM,39.99,Active,,1290.34
816,8520,2025-06-02,,BASIC,9.99,Active,,80.59
817,8119,2024-03-18,2024-08-18,STANDARD,19.99,Churned,TECH-01,101.95
818,3500,2025-11-05,,STANDARD,19.99,Active,,57.3
819,5766,2026-05-15,,STANDARD,19.99,Active,,-69.96
820,9785,2024-05-05,,STANDARD,19.99,Active,,423.12
821,490,2025-09-01,,PREMIUM,39.99,Active,,201.28
822,1000,2023-05-12,2025-03-29,STANDARD,19.99,Churned,PRICE-01,457.77
823,5059,2023-02-05,,PREMIUM,39.99,Active,,1452.97
824,5528,2025-11-29,,BASIC,9.99,Active,,20.65
825,323,2025-08-02,,BASIC,9.99,Active,,60.27
826,1702,2024-02-09,,STANDARD,19.99,Active,,480.43
827,7713,2024-03-11,2025-12-02,BASIC,9.99,Churned,PRICE-02,210.12
828,1777,2024-04-09,,PREMIUM,39.99,Active,,881.11
829,9081,2025-11-15,,STANDARD,19.99,Active,,50.64
830,2084,2023-08-01,,STANDARD,19.99,Active,,608.36
831,5997,2023-10-16,2025-08-17,STANDARD,19.99,Churned,PRICE-02,447.11
832,5350,2023-06-06,,BASIC,9.99,Active,,322.68
833,4731,2025-09-27,,PREMIUM,39.99,Active,,166.63
834,7063,2024-09-06,,STANDARD,19.99,Active,,340.5
835,6612,2024-09-03,2025-07-06,STANDARD,19.99,Churned,PRICE-02,203.9
836,7173,2026-03-30,,STANDARD,19.99,Active,,-39.31
837,2216,2026-01-20,,BASIC,9.99,Active,,3.33
838,2084,2023-12-10,,BASIC,9.99,Active,,260.41
839,58,2025-09-08,,STANDARD,19.99,Active,,95.95
840,9353,2025-01-13,,STANDARD,19.99,Active,,254.54
841,2654,2025-03-29,,STANDARD,19.99,Active,,204.56
842,1011,2023-12-12,,PREMIUM,39.99,Active,,1039.74
843,4565,2024-12-15,,PREMIUM,39.99,Active,,547.86
844,772,2024-05-14,,PREMIUM,39.99,Active,,834.46
845,3800,2025-07-02,,STANDARD,19.99,Active,,141.26
846,550,2025-03-30,,BASIC,9.99,Active,,101.9
847,2635,2025-05-17,2026-06-01,BASIC,9.99,Churned,SERVICE-02,126.54
848,3197,2026-04-13,,BASIC,9.99,Active,,-24.31
849,18,2026-03-16,2026-05-27,STANDARD,19.99,Churned,SERVICE-02,47.98
850,9312,2023-04-28,2023-09-21,STANDARD,19.99,Churned,PROD-01,97.28
851,5502,2025-07-07,,PREMIUM,39.99,Active,,275.93
852,4466,2023-10-31,,PREMIUM,39.99,Active,,1095.73
853,3563,2023-03-22,,STANDARD,19.99,Active,,696.32
854,4332,2025-11-19,,BASIC,9.99,Active,,23.98
855,447,2026-02-15,2028-02-08,BASIC,9.99,Churned,PRICE-02,240.76
856,544,2024-03-18,,PREMIUM,39.99,Active,,910.44
857,8056,2025-01-23,2025-12-23,STANDARD,19.99,Churned,PRICE-01,222.56
858,6749,2025-03-07,,BASIC,9.99,Active,,109.56
859,3056,2024-09-14,2025-02-13,BASIC,9.99,Churned,PROD-01,50.62
860,7640,2025-06-17,,STANDARD,19.99,Active,,151.26
861,6166,2024-06-21,,STANDARD,19.99,Active,,391.8
862,2930,2025-07-25,,PREMIUM,39.99,Active,,251.94
863,5527,2026-05-30,,PREMIUM,39.99,Active,,-159.96
864,3840,2024-02-14,2026-02-08,BASIC,9.99,Churned,TECH-01,241.43
865,3471,2026-05-24,2026-12-23,STANDARD,19.99,Churned,PRICE-01,141.93
866,8115,2025-06-27,2026-03-06,BASIC,9.99,Churned,PRICE-01,83.92
867,742,2023-01-25,,STANDARD,19.99,Active,,733.63
868,2720,2026-04-26,,BASIC,9.99,Active,,-28.64
869,4159,2025-07-31,2027-05-03,PREMIUM,39.99,Churned,TECH-01,854.45
870,5448,2026-02-26,,PREMIUM,39.99,Active,,-35.99
871,6558,2025-05-19,2025-12-03,STANDARD,19.99,Churned,COMP-01,131.93
872,6513,2024-02-26,,BASIC,9.99,Active,,234.43
873,6421,2023-03-04,,PREMIUM,39.99,Active,,1416.98
874,8681,2024-09-28,2026-03-26,STANDARD,19.99,Churned,TECH-01,362.49
875,8454,2023-01-08,,BASIC,9.99,Active,,372.29
876,1045,2025-08-11,,BASIC,9.99,Active,,57.28
877,5736,2025-10-15,,BASIC,9.99,Active,,35.63
878,9512,2023-08-09,2025-03-03,BASIC,9.99,Churned,PRICE-02,190.48
879,5966,2025-07-02,,BASIC,9.99,Active,,70.6
880,7627,2024-12-31,,STANDARD,19.99,Active,,263.2
881,4420,2026-03-12,2026-05-11,STANDARD,19.99,Churned,SERVICE-02,39.98
882,3968,2025-05-11,,PREMIUM,39.99,Active,,351.91
883,4566,2023-10-11,,PREMIUM,39.99,Active,,1122.39
884,6540,2024-05-15,,PREMIUM,39.99,Active,,833.12
885,568,2025-05-26,2025-12-15,STANDARD,19.99,Churned,SERVICE-02,135.27
886,1718,2025-11-25,2027-01-04,STANDARD,19.99,Churned,SERVICE-01,269.86
887,5096,2026-03-24,,BASIC,9.99,Active,,-17.65
888,4058,2024-02-28,,BASIC,9.99,Active,,233.77
889,9353,2025-12-06,,STANDARD,19.99,Active,,36.65
890,1979,2024-12-20,,STANDARD,19.99,Active,,270.53
891,1269,2024-08-14,,PREMIUM,39.99,Active,,711.82
892,571,2023-11-18,,STANDARD,19.99,Active,,535.73
893,6227,2024-04-16,,BASIC,9.99,Active,,217.78
894,7001,2025-01-14,2026-12-09,PREMIUM,39.99,Churned,SERVICE-01,925.1
895,4318,2024-10-06,,STANDARD,19.99,Active,,320.51
896,730,2025-12-15,,STANDARD,19.99,Active,,30.65
897,7618,2024-09-09,,BASIC,9.99,Active,,169.16
898,6791,2024-12-27,2025-02-28,STANDARD,19.99,Churned,SERVICE-01,41.98
899,174,2023-02-16,,BASIC,9.99,Active,,359.31
900,2759,2024-01-05,2024-08-13,BASIC,9.99,Churned,TECH-01,73.59
901,4493,2023-11-26,,STANDARD,19.99,Active,,530.4
902,5333,2024-08-26,,STANDARD,19.99,Active,,347.83
903,8804,2024-04-14,2024-08-09,STANDARD,19.99,Churned,COMP-01,77.96
904,9719,2023-02-17,2024-02-09,BASIC,9.99,Churned,TECH-01,118.88
905,6438,2025-08-02,,PREMIUM,39.99,Active,,241.27
906,3050,2025-04-13,,PREMIUM,39.99,Active,,389.24
907,9916,2024-03-22,2024-07-08,BASIC,9.99,Churned,TECH-01,35.96
908,8051,2025-11-22,,PREMIUM,39.99,Active,,91.98
909,2945,2025-03-08,,STANDARD,19.99,Active,,218.56
910,2808,2024-01-10,,PREMIUM,39.99,Active,,1001.08
911,9531,2026-04-01,,BASIC,9.99,Active,,-20.31
912,4771,2025-10-16,2026-03-28,BASIC,9.99,Churned,TECH-01,54.28
913,9944,2025-03-29,2026-01-05,BASIC,9.99,Churned,COMP-01,93.91
914,4215,2023-09-27,,BASIC,9.99,Active,,285.05
915,5413,2024-07-27,2025-09-29,STANDARD,19.99,Churned,PRICE-01,285.86
916,8028,2023-02-10,,STANDARD,19.99,Active,,722.97
917,7940,2023-03-09,,BASIC,9.99,Active,,352.31
918,4233,2024-06-21,2026-01-04,STANDARD,19.99,Churned,TECH-01,374.48
919,3860,2024-10-01,,STANDARD,19.99,Active,,323.84
920,8187,2025-07-19,,PREMIUM,39.99,Active,,259.94
921,3849,2024-03-15,,PREMIUM,39.99,Active,,914.44
922,8418,2023-08-10,2024-03-26,BASIC,9.99,Churned,SERVICE-02,76.26
923,8377,2025-06-02,,BASIC,9.99,Active,,80.59
924,1842,2023-12-10,2025-08-21,STANDARD,19.99,Churned,PRICE-02,413.13
925,6375,2023-06-22,,STANDARD,19.99,Active,,635.02
926,6268,2025-10-28,,PREMIUM,39.99,Active,,125.3
927,8882,2023-07-01,,BASIC,9.99,Active,,314.35
928,6050,2025-05-19,,STANDARD,19.99,Active,,170.58
929,834,2023-04-05,,BASIC,9.99,Active,,343.32
930,2345,2023-05-01,2023-06-13,STANDARD,19.99,Churned,COMP-01,28.65
931,3305,2026-03-12,,PREMIUM,39.99,Active,,-54.65
932,259,2024-05-31,,STANDARD,19.99,Active,,405.8
933,94,2024-09-01,,PREMIUM,39.99,Active,,687.83
934,585,2025-05-12,2026-09-17,BASIC,9.99,Churned,TECH-01,164.17
935,1426,2023-12-01,,STANDARD,19.99,Active,,527.07
936,1827,2024-01-28,2024-12-18,BASIC,9.99,Churned,SERVICE-02,108.23
937,2893,2023-03-28,2023-12-16,STANDARD,19.99,Churned,COMP-01,175.25
938,2875,2023-06-02,,PREMIUM,39.99,Active,,1297.01
939,6679,2024-11-16,2026-09-14,PREMIUM,39.99,Churned,SERVICE-01,889.11
940,9349,2026-02-09,,STANDARD,19.99,Active,,-6.66
941,8172,2026-03-20,2026-08-25,STANDARD,19.99,Churned,COMP-01,105.28
942,4037,2025-03-01,2025-12-08,PREMIUM,39.99,Churned,SERVICE-02,375.91
943,9407,2025-05-01,,PREMIUM,39.99,Active,,365.24
944,5069,2023-03-17,,BASIC,9.99,Active,,349.65
945,2849,2025-12-25,,PREMIUM,39.99,Active,,47.99
946,5663,2025-11-29,,PREMIUM,39.99,Active,,82.65
947,6824,2024-09-30,,BASIC,9.99,Active,,162.17
948,418,2023-04-22,2023-06-22,PREMIUM,39.99,Churned,COMP-01,81.31
949,8754,2025-06-02,2026-03-28,PREMIUM,39.99,Churned,PRICE-01,398.57
950,3406,2024-09-25,,BASIC,9.99,Active,,163.84
951,2900,2024-05-30,,STANDARD,19.99,Active,,406.46
952,4403,2025-10-26,,STANDARD,19.99,Active,,63.97
953,2082,2026-04-25,,BASIC,9.99,Active,,-28.31
954,9868,2023-03-21,,STANDARD,19.99,Active,,696.98
955,8005,2026-05-28,2027-11-04,BASIC,9.99,Churned,PRICE-02,174.83
956,3038,2024-08-10,,BASIC,9.99,Active,,179.15
957,5168,2025-04-25,,STANDARD,19.99,Active,,186.57
958,5245,2025-03-20,2026-05-25,BASIC,9.99,Churned,COMP-01,143.52
959,9478,2024-01-22,2024-08-29,BASIC,9.99,Churned,COMP-01,73.26
960,7252,2023-05-19,,STANDARD,19.99,Active,,657.67
961,1399,2024-02-02,,PREMIUM,39.99,Active,,970.42
962,5542,2025-08-17,2025-11-25,PREMIUM,39.99,Churned,SERVICE-02,133.3
963,70,2026-05-15,,PREMIUM,39.99,Active,,-139.97
964,4853,2025-05-20,2025-10-05,PREMIUM,39.99,Churned,PRICE-02,183.95
965,3266,2023-03-09,,PREMIUM,39.99,Active,,1410.31
966,77,2024-08-09,2025-12-27,PREMIUM,39.99,Churned,SERVICE-01,673.16
967,2441,2024-09-11,,PREMIUM,39.99,Active,,674.5
968,6474,2024-05-17,,PREMIUM,39.99,Active,,830.46
969,7847,2024-01-01,2024-05-05,BASIC,9.99,Churned,COMP-01,41.63
970,1405,2023-12-01,2024-05-16,BASIC,9.99,Churned,PROD-01,55.61
971,63,2025-04-08,,STANDARD,19.99,Active,,197.9
972,9394,2023-02-10,,BASIC,9.99,Active,,361.31
973,1430,2026-02-15,,PREMIUM,39.99,Active,,-21.33
974,6548,2023-11-03,2024-01-27,STANDARD,19.99,Churned,TECH-01,56.64
975,6731,2024-07-28,,BASIC,9.99,Active,,183.48
976,8333,2026-02-10,2026-05-15,STANDARD,19.99,Churned,SERVICE-02,62.64
977,7506,2026-05-12,2028-04-05,PREMIUM,39.99,Churned,TECH-01,925.1
978,5910,2023-10-30,,STANDARD,19.99,Active,,548.39
979,9511,2025-02-18,2026-11-21,BASIC,9.99,Churned,SERVICE-02,213.45
980,6758,2025-05-06,,PREMIUM,39.99,Active,,358.58
981,1007,2026-03-27,,PREMIUM,39.99,Active,,-74.65
982,3233,2024-10-03,,STANDARD,19.99,Active,,322.51
983,5020,2026-02-02,2027-02-22,PREMIUM,39.99,Churned,PROD-01,513.21
984,1707,2024-07-29,,STANDARD,19.99,Active,,366.48
985,75,2026-02-26,,PREMIUM,39.99,Active,,-35.99
986,4128,2025-11-25,,BASIC,9.99,Active,,21.98
987,1698,2023-06-07,,STANDARD,19.99,Active,,645.01
988,3237,2026-03-12,,BASIC,9.99,Active,,-13.65
989,7691,2025-05-14,2026-03-19,STANDARD,19.99,Churned,PRICE-02,205.9
990,2968,2023-02-15,,BASIC,9.99,Active,,359.64
991,3047,2026-03-05,,PREMIUM,39.99,Active,,-45.32
992,1765,2023-10-01,2025-03-05,PREMIUM,39.99,Churned,PRICE-02,694.49
993,8409,2025-08-11,,BASIC,9.99,Active,,57.28
994,9443,2025-07-22,2026-05-11,BASIC,9.99,Churned,SERVICE-02,97.57
995,3343,2026-01-19,,BASIC,9.99,Active,,3.66
996,1654,2026-01-26,,BASIC,9.99,Active,,1.33
997,9682,2023-08-05,,STANDARD,19.99,Active,,605.7
998,9168,2024-10-27,,STANDARD,19.99,Active,,306.51
999,3372,2025-09-08,,BASIC,9.99,Active,,47.95
1000,1657,2026-06-16,,BASIC,9.99,Active,,-45.62
1001,3396,2026-02-18,2026-06-17,PREMIUM,39.99,Churned,PRICE-02,158.63
1002,5208,2023-06-03,,PREMIUM,39.99,Active,,1295.68
1003,3306,2025-07-22,2026-04-08,PREMIUM,39.99,Churned,PRICE-01,346.58
1004,7201,2025-11-28,,BASIC,9.99,Active,,20.98
1005,1057,2023-01-06,,STANDARD,19.99,Active,,746.29
1006,3205,2024-11-16,,STANDARD,19.99,Active,,293.19
1007,1395,2026-05-08,,PREMIUM,39.99,Active,,-130.63
1008,4268,2023-01-17,,BASIC,9.99,Active,,369.3
1009,8289,2023-06-20,,BASIC,9.99,Active,,318.01
1010,1766,2024-11-27,2026-07-07,STANDARD,19.99,Churned,COMP-01,391.14
1011,2306,2024-05-03,,PREMIUM,39.99,Active,,849.12
1012,535,2023-03-11,2023-08-24,STANDARD,19.99,Churned,COMP-01,110.61
1013,9698,2025-06-24,,PREMIUM,39.99,Active,,293.26
1014,9029,2023-04-15,,PREMIUM,39.99,Active,,1360.99
1015,8393,2025-05-27,,STANDARD,19.99,Active,,165.25
1016,1942,2025-01-14,,PREMIUM,39.99,Active,,507.87
1017,9387,2024-04-03,2025-12-01,PREMIUM,39.99,Churned,PROD-01,809.13
1018,8426,2024-04-13,,BASIC,9.99,Active,,218.78
1019,2884,2023-04-01,2025-01-01,STANDARD,19.99,Churned,COMP-01,427.12
1020,3203,2024-12-11,2025-12-05,BASIC,9.99,Churned,PRICE-02,119.55
1021,6853,2026-03-13,,STANDARD,19.99,Active,,-27.99
1022,3556,2025-09-12,2026-02-02,PREMIUM,39.99,Churned,TECH-01,190.62
1023,3655,2026-04-27,,STANDARD,19.99,Active,,-57.97
1024,4765,2025-05-20,,STANDARD,19.99,Active,,169.91
1025,1647,2025-09-22,2026-09-13,STANDARD,19.99,Churned,SERVICE-01,237.21
1026,3949,2023-12-27,,BASIC,9.99,Active,,254.75
1027,326,2023-11-24,2024-08-22,STANDARD,19.99,Churned,SERVICE-02,181.24
1028,7695,2025-03-09,,BASIC,9.99,Active,,108.89
1029,4255,2025-09-09,,STANDARD,19.99,Active,,95.29
1030,9921,2025-05-07,2025-08-24,STANDARD,19.99,Churned,PRICE-02,72.63
1031,1770,2024-11-06,2026-08-07,STANDARD,19.99,Churned,SERVICE-01,425.79
1032,7,2024-07-28,,PREMIUM,39.99,Active,,734.48
1033,7391,2025-12-08,2027-03-19,BASIC,9.99,Churned,SERVICE-02,155.18
1034,2308,2025-03-04,,BASIC,9.99,Active,,110.56
1035,9087,2024-10-16,,STANDARD,19.99,Active,,313.84
1036,3202,2024-09-16,,BASIC,9.99,Active,,166.83
1037,1733,2024-01-03,,PREMIUM,39.99,Active,,1010.41
1038,7272,2025-07-24,2027-06-01,PREMIUM,39.99,Churned,SERVICE-02,902.44
1039,5137,2026-06-09,,PREMIUM,39.99,Active,,-173.29
1040,9146,2025-03-31,,STANDARD,19.99,Active,,203.23
1041,8052,2024-06-25,,STANDARD,19.99,Active,,389.14
1042,1918,2026-05-29,2028-04-11,PREMIUM,39.99,Churned,SERVICE-01,910.44
1043,5645,2025-11-05,2027-03-13,BASIC,9.99,Churned,SERVICE-01,164.17
1044,5345,2024-02-10,,BASIC,9.99,Active,,239.76
1045,1685,2023-11-12,,STANDARD,19.99,Active,,539.73
1046,3834,2026-03-07,2027-01-09,PREMIUM,39.99,Churned,PRICE-01,410.56
1047,3715,2025-01-19,2025-06-26,PREMIUM,39.99,Churned,TECH-01,210.61
1048,6204,2024-06-08,,STANDARD,19.99,Active,,400.47
1049,5664,2025-04-08,,STANDARD,19.99,Active,,197.9
1050,9650,2026-05-25,,PREMIUM,39.99,Active,,-153.3
1051,4822,2025-08-04,,BASIC,9.99,Active,,59.61
1052,5830,2024-01-16,2025-11-07,PREMIUM,39.99,Churned,SERVICE-01,881.11
1053,6428,2023-11-25,,BASIC,9.99,Active,,265.4
1054,922,2024-06-06,,BASIC,9.99,Active,,200.8
1055,5278,2024-10-17,,BASIC,9.99,Active,,156.51
1056,8567,2025-09-25,,BASIC,9.99,Active,,42.29
1057,3443,2024-10-03,,BASIC,9.99,Active,,161.17
1058,7005,2025-04-11,,STANDARD,19.99,Active,,195.9
1059,5058,2026-05-22,2027-12-21,BASIC,9.99,Churned,PROD-01,192.47
1060,5977,2024-08-01,,PREMIUM,39.99,Active,,729.15
1061,9937,2024-07-18,2025-12-07,STANDARD,19.99,Churned,SERVICE-02,337.83
1062,4051,2023-04-27,,PREMIUM,39.99,Active,,1345.0
1063,6420,2026-02-17,2027-10-29,PREMIUM,39.99,Churned,PRICE-02,825.13
1064,2323,2023-10-08,2024-08-09,STANDARD,19.99,Churned,PRICE-02,203.9
1065,7992,2026-02-12,,PREMIUM,39.99,Active,,-17.33
1066,6897,2023-04-05,,STANDARD,19.99,Active,,686.99
1067,8149,2025-03-14,,BASIC,9.99,Active,,107.23
1068,1899,2024-05-22,,STANDARD,19.99,Active,,411.79
1069,3477,2025-05-03,,PREMIUM,39.99,Active,,362.58
1070,5454,2023-11-02,2025-08-13,STANDARD,19.99,Churned,SERVICE-01,433.12
1071,6051,2025-03-17,,BASIC,9.99,Active,,106.23
1072,9309,2025-04-05,,PREMIUM,39.99,Active,,399.9
1073,8234,2024-12-04,,PREMIUM,39.99,Active,,562.53
1074,4320,2024-06-01,,PREMIUM,39.99,Active,,810.46
1075,1002,2024-01-28,,PREMIUM,39.99,Active,,977.09
1076,7565,2025-02-16,,PREMIUM,39.99,Active,,463.88
1077,5465,2025-04-06,,STANDARD,19.99,Active,,199.23
1078,4534,2023-03-20,,BASIC,9.99,Active,,348.65
1079,3349,2024-07-26,2026-05-18,PREMIUM,39.99,Churned,SERVICE-01,881.11
1080,3594,2025-04-30,,BASIC,9.99,Active,,91.58
1081,9273,2025-09-15,,PREMIUM,39.99,Active,,182.62
1082,2604,2023-05-21,,BASIC,9.99,Active,,328.01
1083,5080,2023-07-25,2023-09-26,PREMIUM,39.99,Churned,COMP-01,83.98
1084,6577,2024-03-19,2024-09-15,STANDARD,19.99,Churned,SERVICE-01,119.94
1085,2337,2024-12-29,2026-02-01,PREMIUM,39.99,Churned,SERVICE-02,531.87
1086,4288,2024-10-08,,BASIC,9.99,Active,,159.51
1087,6063,2023-09-11,2025-02-18,BASIC,9.99,Churned,PROD-01,175.16
1088,7623,2023-09-15,,BASIC,9.99,Active,,289.04
1089,4121,2026-02-21,,STANDARD,19.99,Active,,-14.66
1090,3793,2025-01-20,2026-12-25,BASIC,9.99,Churned,SERVICE-02,234.43
1091,9345,2023-03-11,,PREMIUM,39.99,Active,,1407.65
1092,1261,2024-01-26,,PREMIUM,39.99,Active,,979.75
1093,9549,2023-02-06,,BASIC,9.99,Active,,362.64
1094,5794,2024-11-24,,BASIC,9.99,Active,,143.86
1095,4636,2025-01-01,,BASIC,9.99,Active,,131.2
1096,3744,2025-04-22,2026-07-13,STANDARD,19.99,Churned,PRICE-01,297.85
1097,5941,2026-04-25,,PREMIUM,39.99,Active,,-113.31
1098,1939,2026-04-23,2027-10-16,PREMIUM,39.99,Churned,PRICE-01,721.15
1099,8412,2025-04-06,,BASIC,9.99,Active,,99.57
1100,2280,2025-05-12,,BASIC,9.99,Active,,87.58
1101,5206,2024-09-23,2025-05-26,BASIC,9.99,Churned,COMP-01,81.58
1102,465,2023-04-01,,BASIC,9.99,Active,,344.66
1103,5832,2026-02-10,,BASIC,9.99,Active,,-3.66
1104,1535,2025-12-09,,STANDARD,19.99,Active,,34.65
1105,7304,2025-06-22,,BASIC,9.99,Active,,73.93
1106,899,2023-02-07,,PREMIUM,39.99,Active,,1450.3
1107,6065,2023-01-29,,STANDARD,19.99,Active,,730.97
1108,7891,2023-12-01,,PREMIUM,39.99,Active,,1054.4
1109,458,2024-05-12,,STANDARD,19.99,Active,,418.46
1110,8103,2026-03-28,,STANDARD,19.99,Active,,-37.98
1111,4800,2023-07-18,,STANDARD,19.99,Active,,617.69
1112,8916,2024-02-18,,STANDARD,19.99,Active,,474.43
1113,6262,2026-05-11,,BASIC,9.99,Active,,-33.63
1114,4025,2023-01-26,,PREMIUM,39.99,Active,,1466.3
1115,5039,2023-12-22,2025-01-05,PREMIUM,39.99,Churned,PRICE-01,506.54
1116,9351,2026-06-14,,BASIC,9.99,Active,,-44.95
1117,4768,2024-11-23,,PREMIUM,39.99,Active,,577.19
1118,870,2023-02-08,,PREMIUM,39.99,Active,,1448.97
1119,1462,2024-01-11,,BASIC,9.99,Active,,249.75
1120,6918,2024-09-25,,BASIC,9.99,Active,,163.84
1121,4173,2024-01-26,2024-11-20,PREMIUM,39.99,Churned,TECH-01,398.57
1122,9530,2025-07-01,,BASIC,9.99,Active,,70.93
1123,9273,2025-01-12,2025-12-05,BASIC,9.99,Churned,PRICE-01,108.89
1124,7952,2023-07-05,,PREMIUM,39.99,Active,,1253.02
1125,3186,2025-02-17,,BASIC,9.99,Active,,115.55
1126,3830,2023-10-23,,PREMIUM,39.99,Active,,1106.39
1127,7437,2026-02-25,,BASIC,9.99,Active,,-8.66
1128,2489,2025-05-01,,BASIC,9.99,Active,,91.24
1129,8706,2025-06-02,,BASIC,9.99,Active,,80.59
1130,6274,2026-03-01,,PREMIUM,39.99,Active,,-39.99
1131,7108,2025-09-21,,PREMIUM,39.99,Active,,174.62
1132,2703,2023-04-02,,BASIC,9.99,Active,,344.32
1133,6164,2024-07-07,2026-06-18,STANDARD,19.99,Churned,COMP-01,473.76
1134,1860,2025-08-13,,PREMIUM,39.99,Active,,226.61
1135,447,2024-06-25,2024-09-25,PREMIUM,39.99,Churned,PRICE-02,122.64
1136,3860,2024-04-19,,PREMIUM,39.99,Active,,867.78
1137,6540,2026-06-27,,PREMIUM,39.99,Active,,-197.28
1138,103,2026-01-28,,PREMIUM,39.99,Active,,2.67
1139,5831,2023-06-09,,STANDARD,19.99,Active,,643.68
1140,5185,2023-06-07,2024-09-12,BASIC,9.99,Churned,SERVICE-01,154.18
1141,4431,2025-11-03,,PREMIUM,39.99,Active,,117.3
1142,1139,2023-01-09,,PREMIUM,39.99,Active,,1488.96
1143,3101,2025-06-03,,STANDARD,19.99,Active,,160.59
1144,7396,2025-09-12,,PREMIUM,39.99,Active,,186.62
1145,6402,2025-05-07,,BASIC,9.99,Active,,89.24
1146,9267,2023-04-10,,PREMIUM,39.99,Active,,1367.66
1147,5017,2024-09-16,,BASIC,9.99,Active,,166.83
1148,3794,2023-03-14,2025-01-09,PREMIUM,39.99,Churned,PRICE-02,889.11
1149,944,2025-08-22,,BASIC,9.99,Active,,53.61
1150,5653,2025-03-19,,PREMIUM,39.99,Active,,422.56
1151,5256,2024-02-24,,BASIC,9.99,Active,,235.1
1152,9856,2026-04-25,,PREMIUM,39.99,Active,,-113.31
1153,3134,2023-10-04,,PREMIUM,39.99,Active,,1131.72
1154,7853,2023-01-01,,BASIC,9.99,Active,,374.62
1155,6166,2025-11-04,,PREMIUM,39.99,Active,,115.97
1156,5571,2024-11-18,,BASIC,9.99,Active,,145.85
1157,1469,2024-08-31,,BASIC,9.99,Active,,172.16
1158,7878,2024-06-10,,BASIC,9.99,Active,,199.47
1159,8515,2023-05-01,,BASIC,9.99,Active,,334.67
1160,5243,2024-02-25,2025-01-22,BASIC,9.99,Churned,COMP-01,110.56
1161,860,2025-01-02,,BASIC,9.99,Active,,130.87
1162,9446,2025-08-05,,STANDARD,19.99,Active,,118.61
1163,9419,2026-03-31,,PREMIUM,39.99,Active,,-79.98
1164,9132,2026-04-14,,STANDARD,19.99,Active,,-49.31
1165,5427,2024-07-23,,PREMIUM,39.99,Active,,741.15
1166,1204,2023-01-08,,BASIC,9.99,Active,,372.29
1167,1834,2023-02-07,,PREMIUM,39.99,Active,,1450.3
1168,5967,2024-01-20,,PREMIUM,39.99,Active,,987.75
1169,5050,2023-07-24,2025-01-07,PREMIUM,39.99,Churned,COMP-01,710.49
1170,2314,2024-04-27,,BASIC,9.99,Active,,214.12
1171,933,2023-02-06,,STANDARD,19.99,Active,,725.64
1172,9001,2023-09-24,,STANDARD,19.99,Active,,572.38
1173,3093,2023-07-20,,PREMIUM,39.99,Active,,1233.03
1174,1683,2025-11-22,,PREMIUM,39.99,Active,,91.98
1175,7476,2024-07-31,,STANDARD,19.99,Active,,365.15
1176,896,2023-12-09,,BASIC,9.99,Active,,260.74
1177,4115,2025-12-03,2027-09-05,PREMIUM,39.99,Churned,COMP-01,854.45
1178,3951,2025-06-15,,PREMIUM,39.99,Active,,305.26
1179,3422,2025-01-12,,BASIC,9.99,Active,,127.54
1180,4495,2025-01-09,2025-10-01,BASIC,9.99,Churned,PROD-01,88.25
1181,7976,2023-01-21,,BASIC,9.99,Active,,367.97
1182,1108,2023-08-11,2025-05-13,BASIC,9.99,Churned,SERVICE-02,213.45
1183,2824,2024-04-24,,PREMIUM,39.99,Active,,861.12
1184,7341,2024-12-01,2025-04-27,STANDARD,19.99,Churned,PRICE-02,97.95
1185,7067,2025-01-18,,BASIC,9.99,Active,,125.54
1186,914,2025-11-11,2027-02-20,STANDARD,19.99,Churned,TECH-01,310.51
1187,3467,2025-06-01,2026-01-02,BASIC,9.99,Churned,PRICE-02,71.59
1188,5718,2023-08-04,,BASIC,9.99,Active,,303.03
1189,7036,2023-06-01,2025-03-29,STANDARD,19.99,Churned,COMP-01,444.44
1190,2856,2026-01-31,2027-07-15,BASIC,9.99,Churned,SERVICE-01,176.49
1191,6847,2023-12-10,,BASIC,9.99,Active,,260.41
1192,3407,2026-02-10,,BASIC,9.99,Active,,-3.66
1193,9456,2023-11-18,,PREMIUM,39.99,Active,,1071.73
1194,2902,2023-03-05,,PREMIUM,39.99,Active,,1415.65
1195,6022,2025-04-21,2026-07-02,STANDARD,19.99,Churned,PRICE-02,291.19
1196,1048,2026-04-02,2028-01-04,PREMIUM,39.99,Churned,PROD-01,855.79
1197,5344,2023-11-03,,PREMIUM,39.99,Active,,1091.73
1198,9287,2025-06-21,2025-10-05,STANDARD,19.99,Churned,TECH-01,70.63
1199,4892,2023-10-07,,STANDARD,19.99,Active,,563.72
1200,3409,2024-02-12,,STANDARD,19.99,Active,,478.43
1201,3211,2025-05-28,2025-12-23,STANDARD,19.99,Churned,SERVICE-01,139.26
1202,6840,2024-10-09,2025-11-05,STANDARD,19.99,Churned,COMP-01,261.2
1203,7020,2024-06-10,2025-09-30,STANDARD,19.99,Churned,SERVICE-02,317.84
1204,9561,2026-04-29,2027-04-25,STANDARD,19.99,Churned,PROD-01,240.55
1205,8138,2026-05-28,2027-05-22,STANDARD,19.99,Churned,PRICE-01,239.21
1206,9188,2023-07-08,2023-09-29,STANDARD,19.99,Churned,SERVICE-02,55.31
1207,7602,2025-07-01,2027-03-18,PREMIUM,39.99,Churned,SERVICE-02,833.12
1208,4589,2025-09-28,,STANDARD,19.99,Active,,82.63
1209,6129,2026-03-13,,PREMIUM,39.99,Active,,-55.99
1210,5129,2026-03-06,,PREMIUM,39.99,Active,,-46.66
1211,5430,2024-02-16,,STANDARD,19.99,Active,,475.76
1212,46,2024-12-27,2026-04-05,STANDARD,19.99,Churned,SERVICE-01,309.18
1213,6192,2025-03-26,,PREMIUM,39.99,Active,,413.23
1214,5851,2023-04-22,2024-11-30,BASIC,9.99,Churned,PRICE-01,195.8
1215,4906,2023-11-25,,PREMIUM,39.99,Active,,1062.4
1216,111,2024-07-30,2025-10-02,PREMIUM,39.99,Churned,PRICE-02,571.86
1217,8311,2023-10-06,2024-05-10,PREMIUM,39.99,Churned,COMP-01,289.26
1218,6084,2026-02-23,2026-07-07,BASIC,9.99,Churned,SERVICE-02,44.62
1219,2331,2024-02-27,,STANDARD,19.99,Active,,468.43
1220,2667,2026-03-05,,BASIC,9.99,Active,,-11.32
1221,2588,2026-04-20,,BASIC,9.99,Active,,-26.64
1222,1801,2024-03-04,2024-11-18,BASIC,9.99,Churned,COMP-01,86.25
1223,205,2023-05-03,,BASIC,9.99,Active,,334.0
1224,4616,2023-01-21,,STANDARD,19.99,Active,,736.3
1225,6263,2024-02-24,2025-04-16,BASIC,9.99,Churned,PRICE-02,138.86
1226,5312,2023-06-23,,PREMIUM,39.99,Active,,1269.02
1227,4812,2024-12-11,,PREMIUM,39.99,Active,,553.2
1228,9669,2024-07-08,,STANDARD,19.99,Active,,380.48
1229,5163,2025-01-14,,PREMIUM,39.99,Active,,507.87
1230,9788,2024-07-02,,STANDARD,19.99,Active,,384.47
1231,9181,2024-01-21,,PREMIUM,39.99,Active,,986.42
1232,8949,2025-05-15,,STANDARD,19.99,Active,,173.25
1233,3720,2023-01-24,,STANDARD,19.99,Active,,734.3
1234,4806,2026-04-28,,PREMIUM,39.99,Active,,-117.3
1235,9879,2024-09-12,,PREMIUM,39.99,Active,,673.16
1236,1091,2025-12-23,,STANDARD,19.99,Active,,25.32
1237,3652,2024-05-10,2026-03-31,STANDARD,19.99,Churned,PROD-01,459.77
1238,9832,2023-03-23,,PREMIUM,39.99,Active,,1391.65
1239,2187,2025-10-10,2027-09-07,PREMIUM,39.99,Churned,PROD-01,929.1
1240,5271,2025-09-05,,BASIC,9.99,Active,,48.95
1241,115,2025-12-14,,PREMIUM,39.99,Active,,62.65
1242,1078,2024-01-19,,PREMIUM,39.99,Active,,989.09
1243,4947,2023-01-16,,PREMIUM,39.99,Active,,1479.63
1244,1037,2026-03-21,,BASIC,9.99,Active,,-16.65
1245,9949,2026-06-19,,STANDARD,19.99,Active,,-93.29
1246,6941,2025-11-12,,BASIC,9.99,Active,,26.31
1247,9997,2025-05-02,,PREMIUM,39.99,Active,,363.91
1248,882,2026-04-08,,STANDARD,19.99,Active,,-45.31
1249,4618,2026-01-13,2027-01-07,PREMIUM,39.99,Churned,COMP-01,478.55
1250,6382,2025-12-10,2027-10-04,PREMIUM,39.99,Churned,PROD-01,883.78
1251,7411,2025-09-16,2025-12-18,PREMIUM,39.99,Churned,PRICE-01,123.97
1252,5934,2024-04-16,,PREMIUM,39.99,Active,,871.78
1253,8517,2025-12-10,,BASIC,9.99,Active,,16.98
1254,4766,2025-04-13,,STANDARD,19.99,Active,,194.57
1255,4466,2024-01-28,,BASIC,9.99,Active,,244.09
1256,4911,2024-01-01,,BASIC,9.99,Active,,253.08
1257,8339,2026-06-01,2027-12-09,STANDARD,19.99,Churned,PRICE-02,370.48
1258,8935,2025-05-12,2026-08-01,PREMIUM,39.99,Churned,SERVICE-01,594.52
1259,4448,2026-03-04,,PREMIUM,39.99,Active,,-43.99
1260,7623,2025-04-09,,PREMIUM,39.99,Active,,394.57
1261,5316,2024-08-25,,STANDARD,19.99,Active,,348.49
1262,6116,2023-12-09,,STANDARD,19.99,Active,,521.74
1263,1980,2023-04-15,,PREMIUM,39.99,Active,,1360.99
1264,3360,2024-04-20,,STANDARD,19.99,Active,,433.12
1265,7336,2024-01-24,2025-05-21,STANDARD,19.99,Churned,TECH-01,321.84
1266,9491,2024-11-22,,STANDARD,19.99,Active,,289.19
1267,486,2025-02-06,,PREMIUM,39.99,Active,,477.21
1268,6943,2024-12-07,,PREMIUM,39.99,Active,,558.53
1269,3462,2023-02-23,2023-09-16,STANDARD,19.99,Churned,TECH-01,136.6
1270,8880,2023-10-03,2025-05-24,STANDARD,19.99,Churned,PRICE-02,399.13
1271,6224,2024-04-14,,PREMIUM,39.99,Active,,874.45
1272,5899,2025-11-28,2027-07-02,PREMIUM,39.99,Churned,PRICE-02,774.47
1273,7937,2024-05-16,2025-08-08,STANDARD,19.99,Churned,COMP-01,299.18
1274,2153,2023-11-15,,BASIC,9.99,Active,,268.73
1275,1810,2025-07-05,,STANDARD,19.99,Active,,139.26
1276,4126,2025-12-20,,PREMIUM,39.99,Active,,54.65
1277,342,2025-07-30,,PREMIUM,39.99,Active,,245.27
1278,8149,2024-11-11,,STANDARD,19.99,Active,,296.52
1279,177,2025-03-21,2026-04-17,BASIC,9.99,Churned,TECH-01,130.54
1280,1261,2023-08-23,,PREMIUM,39.99,Active,,1187.7
1281,4241,2024-06-03,2025-07-30,STANDARD,19.99,Churned,COMP-01,281.19
1282,1797,2025-03-10,2026-08-02,STANDARD,19.99,Churned,PRICE-02,339.83
1283,4275,2023-03-18,,PREMIUM,39.99,Active,,1398.32
1284,3190,2025-05-26,,PREMIUM,39.99,Active,,331.92
1285,6933,2025-06-20,,BASIC,9.99,Active,,74.59
1286,5875,2025-10-05,2026-08-06,PREMIUM,39.99,Churned,COMP-01,406.56
1287,1394,2024-09-03,2026-01-30,BASIC,9.99,Churned,PROD-01,171.16
1288,8663,2025-08-24,2026-01-16,STANDARD,19.99,Churned,COMP-01,96.62
1289,8452,2025-12-01,,BASIC,9.99,Active,,19.98
1290,1433,2024-09-03,2025-05-30,BASIC,9.99,Churned,TECH-01,89.58
1291,7754,2026-05-09,,PREMIUM,39.99,Active,,-131.97
1292,2619,2025-09-05,,BASIC,9.99,Active,,48.95
1293,4358,2024-05-29,,BASIC,9.99,Active,,203.46
1294,1336,2024-08-07,2024-09-18,PREMIUM,39.99,Churned,PROD-01,55.99
1295,7624,2025-07-23,,BASIC,9.99,Active,,63.6
1296,8245,2025-09-18,2026-12-18,STANDARD,19.99,Churned,PRICE-02,303.85
1297,4026,2023-02-14,,PREMIUM,39.99,Active,,1440.97
1298,671,2025-04-12,2025-11-24,PREMIUM,39.99,Churned,PROD-01,301.26
1299,2821,2024-01-11,2025-07-13,BASIC,9.99,Churned,PRICE-02,182.82
1300,2967,2025-11-18,,BASIC,9.99,Active,,24.31
1301,8505,2025-06-09,,STANDARD,19.99,Active,,156.59
1302,3920,2025-05-02,,STANDARD,19.99,Active,,181.91
1303,8042,2025-09-01,2027-04-29,PREMIUM,39.99,Churned,PRICE-01,806.47
1304,6806,2023-03-06,,STANDARD,19.99,Active,,706.98
1305,7796,2026-05-03,2026-07-07,BASIC,9.99,Churned,TECH-01,21.64
1306,4767,2023-07-16,,BASIC,9.99,Active,,309.36
1307,5583,2024-08-07,,PREMIUM,39.99,Active,,721.15
1308,244,2025-05-09,2027-03-17,PREMIUM,39.99,Churned,PRICE-02,902.44
1309,8376,2026-05-04,,STANDARD,19.99,Active,,-62.64
1310,4506,2025-11-09,,BASIC,9.99,Active,,27.31
1311,2039,2023-09-11,2025-08-10,PREMIUM,39.99,Churned,TECH-01,931.77
1312,3657,2024-05-06,2025-02-04,PREMIUM,39.99,Churned,SERVICE-02,365.24
1313,8065,2024-06-07,,PREMIUM,39.99,Active,,802.47
1314,4218,2025-08-30,,BASIC,9.99,Active,,50.95
1315,972,2023-04-24,2024-09-19,STANDARD,19.99,Churned,COMP-01,342.5
1316,2795,2023-01-02,2024-11-16,STANDARD,19.99,Churned,PRICE-01,455.77
1317,8160,2023-10-13,,BASIC,9.99,Active,,279.72
1318,5693,2025-12-24,,PREMIUM,39.99,Active,,49.32
1319,6693,2026-01-31,,PREMIUM,39.99,Active,,-1.33
1320,2659,2023-11-29,,BASIC,9.99,Active,,264.07
1321,5484,2023-11-03,,BASIC,9.99,Active,,272.73
1322,7971,2024-05-22,,PREMIUM,39.99,Active,,823.79
1323,6030,2023-01-23,,STANDARD,19.99,Active,,734.97
1324,1333,2023-11-08,,BASIC,9.99,Active,,271.06
1325,7401,2025-06-10,,BASIC,9.99,Active,,77.92
1326,6834,2023-09-15,,BASIC,9.99,Active,,289.04
1327,2244,2026-05-08,2027-03-08,BASIC,9.99,Churned,PRICE-01,101.23
1328,7489,2023-02-02,,PREMIUM,39.99,Active,,1456.97
1329,4661,2026-02-23,,PREMIUM,39.99,Active,,-31.99
1330,5536,2025-12-18,2027-02-19,PREMIUM,39.99,Churned,PRICE-02,570.52
1331,9422,2026-06-29,,BASIC,9.99,Active,,-49.95
1332,4018,2026-03-08,,PREMIUM,39.99,Active,,-49.32
1333,1646,2024-09-02,,BASIC,9.99,Active,,171.5
1334,4200,2024-11-18,,PREMIUM,39.99,Active,,583.85
1335,9503,2025-12-17,,STANDARD,19.99,Active,,29.32
1336,2173,2024-08-10,,PREMIUM,39.99,Active,,717.15
1337,8629,2023-07-18,,STANDARD,19.99,Active,,617.69
1338,9593,2024-05-05,,PREMIUM,39.99,Active,,846.46
1339,4450,2024-07-14,2026-04-02,PREMIUM,39.99,Churned,SERVICE-01,835.79
1340,9729,2023-12-09,,STANDARD,19.99,Active,,521.74
1341,4830,2026-06-23,2028-05-27,STANDARD,19.99,Churned,TECH-01,469.1
1342,903,2026-01-31,,STANDARD,19.99,Active,,-0.67
1343,5024,2025-10-26,,BASIC,9.99,Active,,31.97
1344,7337,2024-11-25,,STANDARD,19.99,Active,,287.19
1345,9323,2023-05-02,,STANDARD,19.99,Active,,669.0
1346,4308,2026-05-15,,STANDARD,19.99,Active,,-69.96
1347,4645,2023-06-12,,STANDARD,19.99,Active,,641.68
1348,6892,2024-11-21,2026-05-01,PREMIUM,39.99,Churned,SERVICE-01,701.16
1349,8468,2024-02-18,2025-02-07,BASIC,9.99,Churned,PRICE-02,118.22
1350,5195,2023-03-27,2024-09-30,BASIC,9.99,Churned,TECH-01,184.15
1351,8370,2023-10-29,,PREMIUM,39.99,Active,,1098.39
1352,6454,2023-10-07,,STANDARD,19.99,Active,,563.72
1353,282,2024-02-19,,PREMIUM,39.99,Active,,947.76
1354,408,2023-10-05,,STANDARD,19.99,Active,,565.05
1355,1347,2024-11-16,2025-10-12,STANDARD,19.99,Churned,PRICE-02,219.89
1356,1253,2023-05-25,2023-10-02,BASIC,9.99,Churned,PRICE-02,43.29
1357,7158,2026-05-03,,PREMIUM,39.99,Active,,-123.97
1358,8180,2025-12-27,,STANDARD,19.99,Active,,22.66
1359,3585,2023-10-19,,PREMIUM,39.99,Active,,1111.72
1360,7945,2024-04-26,2024-10-08,STANDARD,19.99,Churned,PROD-01,109.94
1361,7231,2025-04-10,,PREMIUM,39.99,Active,,393.24
1362,5932,2025-05-18,2025-12-01,STANDARD,19.99,Churned,SERVICE-01,131.27
1363,1894,2025-05-04,2025-06-04,BASIC,9.99,Churned,PROD-01,10.32
1364,3336,2023-03-31,,PREMIUM,39.99,Active,,1380.99
1365,4507,2023-03-16,,BASIC,9.99,Active,,349.98
1366,7780,2023-01-12,,BASIC,9.99,Active,,370.96
1367,7460,2026-06-01,,BASIC,9.99,Active,,-40.63
1368,4875,2025-09-15,,BASIC,9.99,Active,,45.62
1369,5662,2025-03-10,2025-05-29,BASIC,9.99,Churned,PROD-01,26.64
1370,852,2025-10-14,,STANDARD,19.99,Active,,71.96
1371,3846,2025-08-12,2027-05-22,PREMIUM,39.99,Churned,COMP-01,863.78
1372,9102,2024-12-06,2025-08-07,STANDARD,19.99,Churned,PRICE-02,162.59
1373,6109,2024-01-07,,BASIC,9.99,Active,,251.08
1374,11,2023-08-02,,PREMIUM,39.99,Active,,1215.7
1375,8675,2023-03-03,2024-07-16,BASIC,9.99,Churned,SERVICE-01,166.83
1376,5839,2025-08-03,2026-03-04,PREMIUM,39.99,Churned,SERVICE-02,283.93
1377,3709,2023-12-15,2025-07-07,BASIC,9.99,Churned,COMP-01,189.81
1378,4607,2025-05-16,2025-08-16,STANDARD,19.99,Churned,COMP-01,61.3
1379,8575,2023-11-01,2025-06-30,STANDARD,19.99,Churned,PROD-01,404.46
1380,9477,2024-02-11,2026-01-25,PREMIUM,39.99,Churned,PRICE-01,951.76
1381,8647,2024-02-20,2025-11-27,BASIC,9.99,Churned,COMP-01,215.12
1382,4429,2025-04-06,,BASIC,9.99,Active,,99.57
1383,8142,2023-08-28,,PREMIUM,39.99,Active,,1181.04
1384,4675,2026-02-20,2026-03-24,BASIC,9.99,Churned,SERVICE-02,10.66
1385,4182,2023-05-22,,BASIC,9.99,Active,,327.67
1386,9638,2023-06-21,,PREMIUM,39.99,Active,,1271.68
1387,5230,2024-12-28,,STANDARD,19.99,Active,,265.2
1388,5058,2025-11-05,,BASIC,9.99,Active,,28.64
1389,9238,2024-10-03,,PREMIUM,39.99,Active,,645.17
1390,1619,2026-03-08,,PREMIUM,39.99,Active,,-49.32
1391,207,2023-09-18,,STANDARD,19.99,Active,,576.38
1392,9259,2025-07-06,2026-02-10,PREMIUM,39.99,Churned,SERVICE-01,291.93
1393,2431,2025-04-05,2027-02-05,STANDARD,19.99,Churned,TECH-01,447.11
1394,524,2023-09-05,,BASIC,9.99,Active,,292.37
1395,1328,2024-05-16,2025-09-28,PREMIUM,39.99,Churned,PRICE-02,666.5
1396,1829,2024-04-10,,STANDARD,19.99,Active,,439.78
1397,2192,2026-04-17,,STANDARD,19.99,Active,,-51.31
1398,63,2026-01-21,,PREMIUM,39.99,Active,,12.0
1399,8159,2024-01-13,,BASIC,9.99,Active,,249.08
1400,7867,2023-12-09,,PREMIUM,39.99,Active,,1043.74
1401,9386,2025-08-10,,PREMIUM,39.99,Active,,230.61
1402,7962,2025-08-02,2025-11-25,BASIC,9.99,Churned,PRICE-02,38.3
1403,5994,2025-02-01,,STANDARD,19.99,Active,,241.88
1404,8843,2024-09-15,,PREMIUM,39.99,Active,,669.17
1405,9833,2025-07-02,,BASIC,9.99,Active,,70.6
1406,4970,2023-10-28,,BASIC,9.99,Active,,274.73
1407,8244,2024-12-01,,PREMIUM,39.99,Active,,566.52
1408,2668,2023-05-28,,STANDARD,19.99,Active,,651.67
1409,5898,2023-05-04,2024-08-27,BASIC,9.99,Churned,SERVICE-02,160.17
1410,9348,2026-01-22,,PREMIUM,39.99,Active,,10.66
1411,1264,2023-08-20,,STANDARD,19.99,Active,,595.7
1412,8855,2025-06-16,,BASIC,9.99,Active,,75.92
1413,9265,2023-04-16,,STANDARD,19.99,Active,,679.66
1414,9442,2025-05-30,,STANDARD,19.99,Active,,163.25
1415,6647,2023-04-12,2023-07-08,STANDARD,19.99,Churned,PRICE-01,57.97
1416,8764,2024-04-25,,BASIC,9.99,Active,,214.78
1417,4523,2025-11-18,2026-05-14,STANDARD,19.99,Churned,SERVICE-02,117.94
1418,7170,2023-07-01,,STANDARD,19.99,Active,,629.02
1419,2072,2023-12-27,,BASIC,9.99,Active,,254.75
1420,2255,2023-11-18,2024-12-28,STANDARD,19.99,Churned,PRICE-01,270.53
1421,402,2023-07-18,,BASIC,9.99,Active,,308.69
1422,6324,2026-04-26,2027-05-18,STANDARD,19.99,Churned,SERVICE-02,257.87
1423,5116,2026-06-21,,BASIC,9.99,Active,,-47.29
1424,7779,2025-01-22,,PREMIUM,39.99,Active,,497.21
1425,4426,2023-01-01,2023-05-04,STANDARD,19.99,Churned,PROD-01,81.96
1426,8959,2025-10-07,2026-11-15,STANDARD,19.99,Churned,COMP-01,269.2
1427,1222,2024-12-27,,STANDARD,19.99,Active,,265.87
1428,778,2023-12-05,,BASIC,9.99,Active,,262.07
1429,9704,2023-01-08,,BASIC,9.99,Active,,372.29
1430,3146,2023-12-23,,STANDARD,19.99,Active,,512.41
1431,7776,2023-12-23,,BASIC,9.99,Active,,256.08
1432,1855,2024-03-30,,BASIC,9.99,Active,,223.44
1433,8541,2025-06-17,2026-02-12,BASIC,9.99,Churned,TECH-01,79.92
1434,1417,2024-03-05,,BASIC,9.99,Active,,231.77
1435,2505,2023-05-17,,BASIC,9.99,Active,,329.34
1436,5947,2023-06-04,,BASIC,9.99,Active,,323.34
1437,7445,2026-06-21,,PREMIUM,39.99,Active,,-189.29
1438,2858,2024-07-22,,PREMIUM,39.99,Active,,742.48
1439,2498,2024-02-12,,PREMIUM,39.99,Active,,957.09
1440,4610,2024-07-07,,STANDARD,19.99,Active,,381.14
1441,4565,2025-09-25,,STANDARD,19.99,Active,,84.62
1442,1260,2023-01-19,,STANDARD,19.99,Active,,737.63
1443,4865,2023-06-01,,STANDARD,19.99,Active,,649.01
1444,9752,2023-07-10,,BASIC,9.99,Active,,311.36
1445,5544,2024-02-20,,BASIC,9.99,Active,,236.43
1446,4623,2024-09-11,2025-05-07,BASIC,9.99,Churned,SERVICE-02,79.25
1447,2609,2024-01-14,,STANDARD,19.99,Active,,497.75
1448,7404,2023-06-07,2023-11-12,STANDARD,19.99,Churned,PRICE-02,105.28
1449,6707,2024-04-07,,PREMIUM,39.99,Active,,883.78
1450,1211,2024-11-01,,STANDARD,19.99,Active,,303.18
1451,7213,2024-12-31,,PREMIUM,39.99,Active,,526.53
1452,5828,2025-11-14,2026-05-09,STANDARD,19.99,Churned,SERVICE-01,117.27
1453,2797,2024-04-23,,PREMIUM,39.99,Active,,862.45
1454,9788,2026-04-10,,STANDARD,19.99,Active,,-46.64
1455,2414,2024-07-21,,STANDARD,19.99,Active,,371.81
1456,7372,2023-11-09,,PREMIUM,39.99,Active,,1083.73
1457,4454,2023-07-16,,BASIC,9.99,Active,,309.36
1458,6524,2024-05-23,,BASIC,9.99,Active,,205.46
1459,3098,2023-07-16,2025-01-19,STANDARD,19.99,Churned,COMP-01,368.48
1460,7960,2024-08-02,,BASIC,9.99,Active,,181.82
1461,7016,2024-07-01,,BASIC,9.99,Active,,192.47
1462,6228,2025-04-07,,STANDARD,19.99,Active,,198.57
1463,9276,2024-11-30,,PREMIUM,39.99,Active,,567.86
1464,1507,2023-07-27,2025-06-10,BASIC,9.99,Churned,PROD-01,227.77
1465,5210,2025-10-18,2026-08-05,STANDARD,19.99,Churned,PRICE-01,193.9
1466,1531,2026-04-13,,STANDARD,19.99,Active,,-48.64
1467,4279,2025-10-25,2027-03-15,BASIC,9.99,Churned,COMP-01,168.5
1468,997,2025-07-31,,PREMIUM,39.99,Active,,243.94
1469,8980,2025-04-15,,BASIC,9.99,Active,,96.57
1470,8385,2025-04-26,,BASIC,9.99,Active,,92.91
1471,6050,2023-05-27,2025-04-16,STANDARD,19.99,Churned,PRICE-02,459.77
1472,6999,2025-01-04,,STANDARD,19.99,Active,,260.54
1473,9206,2025-05-01,,STANDARD,19.99,Active,,182.58
1474,7356,2024-02-23,,PREMIUM,39.99,Active,,942.43
1475,7916,2024-02-17,,STANDARD,19.99,Active,,475.1
1476,4792,2024-03-28,,BASIC,9.99,Active,,224.11
1477,948,2023-04-23,2024-03-28,PREMIUM,39.99,Churned,PRICE-02,453.22
1478,6302,2024-07-11,,PREMIUM,39.99,Active,,757.14
1479,7823,2025-11-13,,STANDARD,19.99,Active,,51.97
1480,4192,2024-05-27,2026-05-15,PREMIUM,39.99,Churned,COMP-01,957.09
1481,5371,2024-10-16,2026-02-21,BASIC,9.99,Churned,COMP-01,164.17
1482,7064,2024-05-20,2025-05-10,STANDARD,19.99,Churned,PRICE-02,236.55
1483,930,2023-11-29,,PREMIUM,39.99,Active,,1057.07
1484,8683,2024-12-05,,BASIC,9.99,Active,,140.19
1485,6621,2026-01-09,,STANDARD,19.99,Active,,13.99
1486,9755,2025-08-24,,STANDARD,19.99,Active,,105.95
1487,1762,2023-09-02,2025-08-27,PREMIUM,39.99,Churned,TECH-01,966.43
1488,2601,2024-05-26,,STANDARD,19.99,Active,,409.13
1489,1164,2024-02-22,2025-10-20,PREMIUM,39.99,Churned,COMP-01,807.8
1490,9723,2025-03-20,,BASIC,9.99,Active,,105.23
1491,2803,2025-01-12,,BASIC,9.99,Active,,127.54
1492,1729,2025-01-02,2025-07-01,BASIC,9.99,Churned,PROD-01,59.94
1493,6032,2025-09-30,,PREMIUM,39.99,Active,,162.63
1494,3122,2025-06-30,,STANDARD,19.99,Active,,142.6
1495,9167,2023-02-04,,STANDARD,19.99,Active,,726.97
1496,911,2024-02-04,,STANDARD,19.99,Active,,483.76
1497,2968,2024-02-20,,BASIC,9.99,Active,,236.43
1498,4026,2024-04-06,,STANDARD,19.99,Active,,442.45
1499,330,2023-09-09,,BASIC,9.99,Active,,291.04
1500,6675,2024-05-25,2024-10-12,STANDARD,19.99,Churned,COMP-01,93.29
1501,7904,2024-12-20,2026-11-22,BASIC,9.99,Churned,SERVICE-01,233.77
1502,1163,2024-09-20,,PREMIUM,39.99,Active,,662.5
1503,7003,2026-05-01,,STANDARD,19.99,Active,,-60.64
1504,233,2024-02-07,,STANDARD,19.99,Active,,481.76
1505,3640,2024-07-16,2026-02-02,BASIC,9.99,Churned,COMP-01,188.48
1506,4361,2023-06-15,,BASIC,9.99,Active,,319.68
1507,1498,2026-05-17,,STANDARD,19.99,Active,,-71.3
1508,3107,2025-05-05,2026-10-13,BASIC,9.99,Churned,PRICE-01,175.16
1509,7536,2023-04-08,,BASIC,9.99,Active,,342.32
1510,6752,2025-02-01,,STANDARD,19.99,Active,,241.88
1511,9043,2024-08-07,,STANDARD,19.99,Active,,360.49
1512,3836,2023-08-12,,STANDARD,19.99,Active,,601.03
1513,1730,2024-08-30,2025-02-22,STANDARD,19.99,Churned,SERVICE-02,117.27
1514,5654,2024-05-20,,PREMIUM,39.99,Active,,826.46
1515,5072,2024-08-24,2024-12-18,STANDARD,19.99,Churned,PRICE-01,77.29
1516,266,2025-10-16,,STANDARD,19.99,Active,,70.63
1517,7251,2026-03-22,,STANDARD,19.99,Active,,-33.98
1518,27,2025-01-20,,PREMIUM,39.99,Active,,499.88
1519,902,2025-03-06,,BASIC,9.99,Active,,109.89
1520,2168,2024-11-12,,STANDARD,19.99,Active,,295.85
1521,6525,2023-07-14,2023-10-25,STANDARD,19.99,Churned,COMP-01,68.63
1522,143,2024-02-05,,STANDARD,19.99,Active,,483.09
1523,8629,2024-11-22,2026-03-31,STANDARD,19.99,Churned,PRICE-01,329.17
1524,107,2025-01-27,,STANDARD,19.99,Active,,245.21
1525,339,2025-07-30,,BASIC,9.99,Active,,61.27
1526,2453,2024-11-07,,BASIC,9.99,Active,,149.52
1527,1913,2023-11-14,2025-07-09,BASIC,9.99,Churned,TECH-01,200.8
1528,3575,2025-07-13,,PREMIUM,39.99,Active,,267.93
1529,1570,2024-05-06,,PREMIUM,39.99,Active,,845.12
1530,1256,2024-10-30,2025-12-21,PREMIUM,39.99,Churned,COMP-01,555.86
1531,3211,2025-08-28,2026-01-19,STANDARD,19.99,Churned,PRICE-01,95.95
1532,6260,2023-04-30,,STANDARD,19.99,Active,,670.33
1533,8490,2024-07-04,2024-09-12,STANDARD,19.99,Churned,TECH-01,46.64
1534,1801,2025-08-21,,STANDARD,19.99,Active,,107.95
1535,1301,2025-04-11,2026-07-20,BASIC,9.99,Churned,PRICE-02,154.84
1536,2941,2023-01-17,,PREMIUM,39.99,Active,,1478.3
1537,2488,2023-10-20,,STANDARD,19.99,Active,,555.06
1538,6245,2023-12-24,2025-09-18,STANDARD,19.99,Churned,SERVICE-01,422.46
1539,8305,2026-03-05,,PREMIUM,39.99,Active,,-45.32
1540,7089,2025-07-06,,STANDARD,19.99,Active,,138.6
1541,1031,2024-07-17,,STANDARD,19.99,Active,,374.48
1542,2555,2025-07-04,,STANDARD,19.99,Active,,139.93
1543,4939,2023-04-13,,PREMIUM,39.99,Active,,1363.66
1544,5355,2025-12-11,2026-10-19,BASIC,9.99,Churned,PROD-01,103.9
1545,2568,2024-12-16,,PREMIUM,39.99,Active,,546.53
1546,8492,2024-11-20,2025-05-14,PREMIUM,39.99,Churned,SERVICE-01,233.28
1547,4316,2025-10-25,,PREMIUM,39.99,Active,,129.3
1548,5429,2025-06-04,,PREMIUM,39.99,Active,,319.92
1549,5658,2023-03-18,2024-03-18,PREMIUM,39.99,Churned,PRICE-01,487.88
1550,2796,2024-05-13,,STANDARD,19.99,Active,,417.79
1551,4127,2023-01-04,2024-04-06,PREMIUM,39.99,Churned,PRICE-02,610.51
1552,4016,2023-03-18,,STANDARD,19.99,Active,,698.98
1553,1891,2024-03-31,,PREMIUM,39.99,Active,,893.11
1554,5249,2024-05-15,,STANDARD,19.99,Active,,416.46
1555,8155,2024-09-09,2025-04-25,BASIC,9.99,Churned,PRICE-02,75.92
1556,40,2023-07-17,,BASIC,9.99,Active,,309.02
1557,1477,2024-12-25,,PREMIUM,39.99,Active,,534.53
1558,2135,2024-10-28,,BASIC,9.99,Active,,152.85
1559,8586,2025-08-09,,STANDARD,19.99,Active,,115.94
1560,7574,2024-06-27,,STANDARD,19.99,Active,,387.81
1561,2740,2024-12-12,,BASIC,9.99,Active,,137.86
1562,8015,2025-04-24,,PREMIUM,39.99,Active,,374.57
1563,3200,2024-05-27,,PREMIUM,39.99,Active,,817.13
1564,4904,2024-04-07,,PREMIUM,39.99,Active,,883.78
1565,513,2023-08-17,,PREMIUM,39.99,Active,,1195.7
1566,6336,2023-04-22,,STANDARD,19.99,Active,,675.66
1567,7359,2026-02-15,,STANDARD,19.99,Active,,-10.66
1568,6199,2023-11-06,,BASIC,9.99,Active,,271.73
1569,9973,2023-07-13,2024-06-26,STANDARD,19.99,Churned,TECH-01,232.55
1570,9994,2023-10-25,,PREMIUM,39.99,Active,,1103.72
1571,681,2023-12-16,2025-06-02,STANDARD,19.99,Churned,PRICE-01,355.82
1572,6800,2024-07-28,2026-04-28,STANDARD,19.99,Churned,SERVICE-01,425.79
1573,4212,2026-06-10,,STANDARD,19.99,Active,,-87.29
1574,4337,2023-12-17,,PREMIUM,39.99,Active,,1033.08
1575,6669,2023-03-08,,STANDARD,19.99,Active,,705.65
1576,1934,2025-12-03,,BASIC,9.99,Active,,19.31
1577,7377,2025-11-26,,BASIC,9.99,Active,,21.64
1578,4173,2024-02-18,,BASIC,9.99,Active,,237.1
1579,9536,2026-06-04,,BASIC,9.99,Active,,-41.63
1580,2860,2023-07-15,2024-12-01,PREMIUM,39.99,Churned,TECH-01,673.16
1581,3523,2023-06-07,2023-12-31,BASIC,9.99,Churned,TECH-01,68.93
1582,7675,2024-06-09,,STANDARD,19.99,Active,,399.8
1583,5250,2026-06-15,2028-01-13,STANDARD,19.99,Churned,PROD-01,384.47
1584,4744,2025-06-17,,BASIC,9.99,Active,,75.59
1585,5000,2026-03-26,2027-02-15,PREMIUM,39.99,Churned,SERVICE-02,434.56
1586,5003,2024-08-12,,STANDARD,19.99,Active,,357.15
1587,961,2024-06-06,2024-08-05,BASIC,9.99,Churned,PROD-01,19.98
1588,458,2024-05-23,,BASIC,9.99,Active,,205.46
1589,4920,2024-12-01,,BASIC,9.99,Active,,141.53
1590,5348,2023-03-02,,PREMIUM,39.99,Active,,1419.64
1591,3298,2025-09-06,2026-03-31,PREMIUM,39.99,Churned,PRICE-02,274.6
1592,2236,2023-12-26,,BASIC,9.99,Active,,255.08
1593,5455,2023-02-19,,PREMIUM,39.99,Active,,1434.31
1594,5720,2023-11-09,,STANDARD,19.99,Active,,541.73
1595,2653,2024-06-19,2026-01-06,BASIC,9.99,Churned,COMP-01,188.48
1596,6806,2025-04-21,2027-04-07,STANDARD,19.99,Churned,SERVICE-01,477.09
1597,4969,2026-03-06,2026-09-04,PREMIUM,39.99,Churned,PROD-01,242.61
1598,87,2024-02-02,2025-11-22,BASIC,9.99,Churned,COMP-01,219.45
1599,12,2023-08-31,,BASIC,9.99,Active,,294.04
1600,7647,2026-03-11,,PREMIUM,39.99,Active,,-53.32
1601,1278,2023-04-12,,STANDARD,19.99,Active,,682.33
1602,7895,2024-12-10,,BASIC,9.99,Active,,138.53
1603,5091,2026-05-10,,BASIC,9.99,Active,,-33.3
1604,1295,2023-08-02,2025-02-23,STANDARD,19.99,Churned,PRICE-01,380.48
1605,6234,2023-06-17,,BASIC,9.99,Active,,319.01
1606,5795,2024-02-13,,BASIC,9.99,Active,,238.76
1607,2629,2023-10-16,,PREMIUM,39.99,Active,,1115.72
1608,5869,2024-01-28,,PREMIUM,39.99,Active,,977.09
1609,6636,2023-01-06,,STANDARD,19.99,Active,,746.29
1610,1052,2025-02-06,,STANDARD,19.99,Active,,238.55
1611,9833,2025-06-26,2026-08-03,STANDARD,19.99,Churned,PRICE-01,268.53
1612,6048,2024-06-17,2026-03-29,STANDARD,19.99,Churned,TECH-01,433.12
1613,2247,2025-09-30,2026-11-13,BASIC,9.99,Churned,PRICE-01,136.2
1614,631,2024-05-07,2025-12-28,PREMIUM,39.99,Churned,TECH-01,799.8
1615,1516,2024-05-03,,BASIC,9.99,Active,,212.12
1616,9475,2025-06-24,,STANDARD,19.99,Active,,146.59
1617,248,2025-11-08,,BASIC,9.99,Active,,27.64
1618,7998,2024-05-22,,BASIC,9.99,Active,,205.79
1619,232,2023-09-20,,PREMIUM,39.99,Active,,1150.38
1620,6505,2024-08-23,,PREMIUM,39.99,Active,,699.83
1621,7315,2024-11-25,,PREMIUM,39.99,Active,,574.52
1622,3092,2024-09-11,,PREMIUM,39.99,Active,,674.5
1623,8621,2023-05-26,,BASIC,9.99,Active,,326.34
1624,3239,2023-09-22,2025-01-19,BASIC,9.99,Churned,SERVICE-02,161.51
1625,3709,2025-08-11,,PREMIUM,39.99,Active,,229.28
1626,1438,2024-01-19,,STANDARD,19.99,Active,,494.42
1627,1007,2025-05-17,,STANDARD,19.99,Active,,171.91
1628,9777,2026-05-20,2027-10-19,PREMIUM,39.99,Churned,PRICE-01,689.16
1629,4528,2025-11-13,,BASIC,9.99,Active,,25.97
1630,3047,2023-04-11,2024-03-04,STANDARD,19.99,Churned,PRICE-02,218.56
1631,9699,2026-01-14,,BASIC,9.99,Active,,5.33
1632,6167,2023-08-01,2024-05-20,PREMIUM,39.99,Churned,PROD-01,390.57
1633,6250,2026-06-10,,BASIC,9.99,Active,,-43.62
1634,3257,2023-05-10,2024-11-08,PREMIUM,39.99,Churned,TECH-01,730.48
1635,1037,2025-10-22,,STANDARD,19.99,Active,,66.63
1636,2202,2024-10-13,,PREMIUM,39.99,Active,,631.84
1637,9750,2024-04-03,2024-06-24,STANDARD,19.99,Churned,SERVICE-01,54.64
1638,8722,2025-06-22,,STANDARD,19.99,Active,,147.93
1639,4253,2025-05-12,,BASIC,9.99,Active,,87.58
1640,9568,2026-04-01,,STANDARD,19.99,Active,,-40.65
1641,5506,2025-06-01,2027-02-24,BASIC,9.99,Churned,SERVICE-02,210.79
1642,2654,2025-07-08,,PREMIUM,39.99,Active,,274.6
1643,9948,2023-11-01,2025-06-22,STANDARD,19.99,Churned,COMP-01,399.13
1644,8900,2024-06-20,,BASIC,9.99,Active,,196.14
1645,4715,2025-12-07,,STANDARD,19.99,Active,,35.98
1646,4835,2024-12-29,2025-11-10,BASIC,9.99,Churned,PRICE-02,105.23
1647,2001,2023-12-01,,BASIC,9.99,Active,,263.4
1648,4919,2023-03-23,,PREMIUM,39.99,Active,,1391.65
1649,6545,2024-10-03,,BASIC,9.99,Active,,161.17
1650,7754,2023-04-22,,STANDARD,19.99,Active,,675.66
1651,4584,2025-03-24,,STANDARD,19.99,Active,,207.9
1652,514,2024-11-23,,PREMIUM,39.99,Active,,577.19
1653,8953,2024-02-09,,STANDARD,19.99,Active,,480.43
1654,2099,2026-03-27,,PREMIUM,39.99,Active,,-74.65
1655,2896,2024-12-08,,BASIC,9.99,Active,,139.19
1656,5545,2024-05-14,2024-06-21,BASIC,9.99,Churned,PRICE-01,12.65
1657,2095,2024-10-15,,PREMIUM,39.99,Active,,629.18
1658,5755,2026-01-17,,BASIC,9.99,Active,,4.33
1659,3004,2025-02-17,,PREMIUM,39.99,Active,,462.55
1660,3378,2023-10-07,2025-03-19,STANDARD,19.99,Churned,PROD-01,352.49
1661,3575,2023-02-06,,BASIC,9.99,Active,,362.64
1662,5879,2023-12-08,,BASIC,9.99,Active,,261.07
1663,8698,2026-06-23,2026-08-24,PREMIUM,39.99,Churned,PRICE-01,82.65
1664,3619,2025-05-11,2025-10-07,BASIC,9.99,Churned,PRICE-01,49.62
1665,7290,2026-01-07,,STANDARD,19.99,Active,,15.33
1666,3894,2026-04-26,,PREMIUM,39.99,Active,,-114.64
1667,9129,2023-03-12,,BASIC,9.99,Active,,351.31
1668,4817,2026-02-04,,PREMIUM,39.99,Active,,-6.67
1669,2038,2024-08-12,,STANDARD,19.99,Active,,357.15
1670,7025,2025-03-08,,PREMIUM,39.99,Active,,437.22
1671,3610,2025-08-01,,PREMIUM,39.99,Active,,242.61
1672,8973,2025-02-01,,STANDARD,19.99,Active,,241.88
1673,1122,2024-02-27,,BASIC,9.99,Active,,234.1
1674,9971,2025-10-24,,BASIC,9.99,Active,,32.63
1675,8414,2026-04-20,,PREMIUM,39.99,Active,,-106.64
1676,925,2025-12-03,2026-10-14,STANDARD,19.99,Churned,COMP-01,209.89
1677,2853,2024-11-15,,STANDARD,19.99,Active,,293.85
1678,7929,2024-05-16,,BASIC,9.99,Active,,207.79
1679,4598,2024-11-04,,BASIC,9.99,Active,,150.52
1680,3312,2024-10-24,,BASIC,9.99,Active,,154.18
1681,2527,2024-11-22,,BASIC,9.99,Active,,144.52
1682,2314,2023-03-03,,PREMIUM,39.99,Active,,1418.31
1683,8742,2026-06-16,2027-11-15,PREMIUM,39.99,Churned,COMP-01,689.16
1684,4805,2025-04-19,,BASIC,9.99,Active,,95.24
1685,7736,2024-04-14,,STANDARD,19.99,Active,,437.11
1686,5153,2024-07-29,,BASIC,9.99,Active,,183.15
1687,7205,2023-03-10,,BASIC,9.99,Active,,351.98
1688,9666,2024-01-22,2025-02-17,STANDARD,19.99,Churned,PRICE-01,261.2
1689,6289,2024-03-25,,STANDARD,19.99,Active,,450.44
1690,1702,2023-12-29,2024-06-07,PREMIUM,39.99,Churned,PROD-01,214.61
1691,8955,2025-03-17,2026-05-26,STANDARD,19.99,Churned,COMP-01,289.85
1692,5401,2023-07-17,2024-06-09,PREMIUM,39.99,Churned,PRICE-01,437.22
1693,6888,2023-07-13,2024-04-10,STANDARD,19.99,Churned,PRICE-02,181.24
1694,1628,2023-03-09,,BASIC,9.99,Active,,352.31
1695,6251,2025-07-31,2026-07-21,PREMIUM,39.99,Churned,SERVICE-01,473.22
1696,467,2026-05-20,,BASIC,9.99,Active,,-36.63
1697,2051,2024-06-05,,BASIC,9.99,Active,,201.13
1698,6442,2024-09-11,,PREMIUM,39.99,Active,,674.5
1699,161,2023-08-27,,PREMIUM,39.99,Active,,1182.37
1700,6699,2023-11-27,,BASIC,9.99,Active,,264.74
1701,6052,2024-08-11,,PREMIUM,39.99,Active,,715.82
1702,5331,2024-08-07,,BASIC,9.99,Active,,180.15
1703,1458,2023-03-19,2024-05-30,STANDARD,19.99,Churned,PRICE-01,291.85
1704,3265,2023-02-08,2024-06-02,PREMIUM,39.99,Churned,PROD-01,639.84
1705,3940,2025-11-24,,PREMIUM,39.99,Active,,89.31
1706,7173,2026-04-28,,BASIC,9.99,Active,,-29.3
1707,4768,2025-11-18,,PREMIUM,39.99,Active,,97.31
1708,5265,2023-02-03,,STANDARD,19.99,Active,,727.64
1709,3258,2025-09-02,,BASIC,9.99,Active,,49.95
1710,4789,2026-06-08,2027-10-12,STANDARD,19.99,Churned,PROD-01,327.17
1711,8007,2024-06-26,2024-11-27,STANDARD,19.99,Churned,PROD-01,102.62
1712,4809,2024-05-02,2025-05-21,STANDARD,19.99,Churned,TECH-01,255.87
1713,1643,2024-02-02,,PREMIUM,39.99,Active,,970.42
1714,6577,2025-12-02,,BASIC,9.99,Active,,19.65
1715,2868,2023-11-13,,STANDARD,19.99,Active,,539.06
1716,3969,2023-07-04,,PREMIUM,39.99,Active,,1254.35
1717,652,2024-12-29,,STANDARD,19.99,Active,,264.53
1718,5787,2024-05-25,,STANDARD,19.99,Active,,409.79
1719,6222,2025-11-13,2027-03-22,STANDARD,19.99,Churned,PRICE-01,329.17
1720,3062,2024-06-13,,STANDARD,19.99,Active,,397.13
1721,6256,2024-06-21,,STANDARD,19.99,Active,,391.8
1722,6334,2024-04-24,,PREMIUM,39.99,Active,,861.12
1723,5852,2023-02-05,,BASIC,9.99,Active,,362.97
1724,5916,2023-11-23,,PREMIUM,39.99,Active,,1065.07
1725,1342,2023-10-04,,BASIC,9.99,Active,,282.72
1726,6714,2026-03-26,,STANDARD,19.99,Active,,-36.65
1727,3428,2023-06-18,,BASIC,9.99,Active,,318.68
1728,4173,2023-03-29,,STANDARD,19.99,Active,,691.65
1729,1758,2025-07-24,2025-10-27,PREMIUM,39.99,Churned,PRICE-02,126.64
1730,4457,2024-02-14,,BASIC,9.99,Active,,238.43
1731,4260,2024-11-19,,BASIC,9.99,Active,,145.52
1732,8527,2023-11-26,,STANDARD,19.99,Active,,530.4
1733,3447,2026-02-28,,STANDARD,19.99,Active,,-19.32
1734,6354,2025-07-29,,BASIC,9.99,Active,,61.61
1735,1102,2026-06-10,,PREMIUM,39.99,Active,,-174.62
1736,2546,2025-09-11,2027-02-22,BASIC,9.99,Churned,PRICE-01,176.16
1737,6349,2025-04-29,,PREMIUM,39.99,Active,,367.91
1738,9035,2024-12-30,,BASIC,9.99,Active,,131.87
1739,9531,2024-02-25,,PREMIUM,39.99,Active,,939.77
1740,7812,2024-09-25,,BASIC,9.99,Active,,163.84
1741,8290,2025-04-17,,PREMIUM,39.99,Active,,383.9
1742,3611,2025-11-01,2026-03-19,PREMIUM,39.99,Churned,COMP-01,183.95
1743,8754,2024-02-05,2024-07-15,STANDARD,19.99,Churned,PRICE-01,107.28
1744,6772,2025-06-25,,STANDARD,19.99,Active,,145.93
1745,8598,2023-12-12,,BASIC,9.99,Active,,259.74
1746,5932,2025-01-26,,STANDARD,19.99,Active,,245.88
1747,131,2023-04-24,,BASIC,9.99,Active,,337.0
1748,8519,2023-11-23,2025-11-22,STANDARD,19.99,Churned,TECH-01,486.42
1749,5234,2025-10-26,,PREMIUM,39.99,Active,,127.97
1750,6742,2024-06-05,,BASIC,9.99,Active,,201.13
1751,1418,2024-09-04,,STANDARD,19.99,Active,,341.83
1752,8493,2025-09-27,,PREMIUM,39.99,Active,,166.63
1753,8362,2023-10-16,2025-01-01,BASIC,9.99,Churned,TECH-01,147.52
1754,7152,2023-12-19,2024-04-09,STANDARD,19.99,Churned,SERVICE-02,74.63
1755,8016,2023-07-04,,BASIC,9.99,Active,,313.35
1756,1368,2025-02-04,2026-06-20,PREMIUM,39.99,Churned,SERVICE-01,667.83
1757,9329,2023-06-02,,BASIC,9.99,Active,,324.01
1758,5344,2026-06-29,2027-12-11,BASIC,9.99,Churned,PROD-01,176.49
1759,6992,2024-09-03,2025-09-20,BASIC,9.99,Churned,SERVICE-01,127.21
1760,4048,2025-11-02,,STANDARD,19.99,Active,,59.3
1761,6061,2024-01-26,,BASIC,9.99,Active,,244.75
1762,8498,2023-06-15,,BASIC,9.99,Active,,319.68
1763,6945,2024-11-10,2025-04-01,PREMIUM,39.99,Churned,SERVICE-02,189.29
1764,3515,2023-05-18,,PREMIUM,39.99,Active,,1317.0
1765,2778,2025-03-01,,STANDARD,19.99,Active,,223.22
1766,5403,2025-03-04,,STANDARD,19.99,Active,,221.22
1767,3184,2023-10-12,,STANDARD,19.99,Active,,560.39
1768,1524,2025-06-23,2026-02-07,PREMIUM,39.99,Churned,SERVICE-01,305.26
1769,1991,2024-08-06,2024-09-29,BASIC,9.99,Churned,PRICE-02,17.98
1770,3305,2023-10-29,,STANDARD,19.99,Active,,549.06
1771,7757,2023-11-17,2025-02-14,STANDARD,19.99,Churned,TECH-01,303.18
1772,8275,2024-05-26,,STANDARD,19.99,Active,,409.13
1773,4941,2023-08-23,2024-12-03,PREMIUM,39.99,Churned,PROD-01,623.84
1774,5166,2023-01-13,2024-08-16,STANDARD,19.99,Churned,PRICE-02,387.14
1775,1883,2024-10-30,2026-04-13,PREMIUM,39.99,Churned,PRICE-02,706.49
1776,9138,2025-06-03,,PREMIUM,39.99,Active,,321.25
1777,2083,2025-01-24,2026-07-30,STANDARD,19.99,Churned,COMP-01,367.82
1778,8022,2023-11-06,,STANDARD,19.99,Active,,543.73
1779,656,2025-06-15,,STANDARD,19.99,Active,,152.59
1780,1067,2026-06-23,,STANDARD,19.99,Active,,-95.95
1781,5085,2024-02-23,,PREMIUM,39.99,Active,,942.43
1782,883,2024-01-22,2025-04-21,PREMIUM,39.99,Churned,SERVICE-01,606.51
1783,6851,2024-06-16,,PREMIUM,39.99,Active,,790.47
1784,7026,2025-02-25,2026-10-06,PREMIUM,39.99,Churned,SERVICE-02,783.8
1785,4367,2024-11-14,,STANDARD,19.99,Active,,294.52
1786,8061,2025-05-30,,BASIC,9.99,Active,,81.58
1787,1422,2024-04-06,,BASIC,9.99,Active,,221.11
1788,3906,2023-09-07,2025-07-23,PREMIUM,39.99,Churned,PRICE-02,913.11
1789,4320,2025-02-15,,BASIC,9.99,Active,,116.22
1790,6040,2024-08-20,2025-02-04,STANDARD,19.99,Churned,COMP-01,111.94
1791,7300,2026-05-24,2027-07-03,STANDARD,19.99,Churned,SERVICE-02,269.86
1792,2573,2025-08-22,2026-11-26,PREMIUM,39.99,Churned,TECH-01,614.51
1793,8173,2023-11-27,,PREMIUM,39.99,Active,,1059.74
1794,3872,2024-02-12,,PREMIUM,39.99,Active,,957.09
1795,6159,2024-10-27,2026-04-08,STANDARD,19.99,Churned,SERVICE-02,351.82
1796,4194,2025-03-21,2025-05-24,STANDARD,19.99,Churned,TECH-01,42.65
1797,9154,2026-05-17,,STANDARD,19.99,Active,,-71.3
1798,7687,2025-08-03,2025-12-25,BASIC,9.99,Churned,COMP-01,47.95
1799,3048,2023-11-02,,PREMIUM,39.99,Active,,1093.06
1800,201,2025-03-26,,BASIC,9.99,Active,,103.23
1801,4512,2023-10-26,,BASIC,9.99,Active,,275.39
1802,4023,2023-03-06,2024-09-09,STANDARD,19.99,Churned,PRICE-02,368.48
1803,7821,2023-09-17,,PREMIUM,39.99,Active,,1154.38
1804,7957,2024-07-10,,BASIC,9.99,Active,,189.48
1805,2216,2024-04-10,,BASIC,9.99,Active,,219.78
1806,177,2023-07-20,,STANDARD,19.99,Active,,616.36
1807,4612,2025-02-14,2025-06-22,STANDARD,19.99,Churned,TECH-01,85.29
1808,8218,2025-12-30,,STANDARD,19.99,Active,,20.66
1809,8327,2025-12-22,2027-11-09,STANDARD,19.99,Churned,COMP-01,457.77
1810,7652,2025-03-19,,PREMIUM,39.99,Active,,422.56
1811,4990,2024-10-10,2026-08-11,STANDARD,19.99,Churned,PROD-01,446.44
1812,8055,2025-03-29,2026-04-27,PREMIUM,39.99,Churned,SERVICE-02,525.2
1813,9519,2024-02-20,,STANDARD,19.99,Active,,473.1
1814,4789,2023-08-31,,PREMIUM,39.99,Active,,1177.04
1815,9857,2025-06-18,,STANDARD,19.99,Active,,150.59
1816,888,2023-02-09,,STANDARD,19.99,Active,,723.64
1817,2899,2025-07-19,,BASIC,9.99,Active,,64.94
1818,9357,2024-02-20,,STANDARD,19.99,Active,,473.1
1819,8830,2025-11-17,2026-07-14,PREMIUM,39.99,Churned,PRICE-02,318.59
1820,8081,2025-12-16,,PREMIUM,39.99,Active,,59.98
1821,6517,2023-09-19,,STANDARD,19.99,Active,,575.71
1822,6974,2025-04-02,2027-01-12,PREMIUM,39.99,Churned,COMP-01,866.45
1823,8605,2023-06-19,,STANDARD,19.99,Active,,637.01
1824,343,2024-11-18,,BASIC,9.99,Active,,145.85
1825,6313,2024-09-06,,STANDARD,19.99,Active,,340.5
1826,3741,2025-02-08,2025-07-31,BASIC,9.99,Churned,SERVICE-01,57.61
1827,1537,2025-05-18,,BASIC,9.99,Active,,85.58
1828,2760,2024-04-02,2025-06-22,BASIC,9.99,Churned,SERVICE-01,148.52
1829,1560,2023-10-11,,BASIC,9.99,Active,,280.39
1830,2913,2023-09-18,,PREMIUM,39.99,Active,,1153.05
1831,6121,2025-11-06,,STANDARD,19.99,Active,,56.64
1832,4075,2026-02-28,2027-11-03,PREMIUM,39.99,Churned,SERVICE-02,817.13
1833,1158,2025-08-05,,BASIC,9.99,Active,,59.27
1834,9294,2025-01-22,2026-10-18,BASIC,9.99,Churned,SERVICE-02,211.12
1835,881,2024-11-11,2025-07-09,STANDARD,19.99,Churned,COMP-01,159.92
1836,6950,2023-07-14,,PREMIUM,39.99,Active,,1241.02
1837,1145,2023-04-23,,BASIC,9.99,Active,,337.33
1838,9303,2023-07-06,,STANDARD,19.99,Active,,625.69
1839,6173,2024-03-24,,BASIC,9.99,Active,,225.44
1840,3214,2023-08-09,,STANDARD,19.99,Active,,603.03
1841,5258,2024-03-17,2025-01-28,STANDARD,19.99,Churned,PROD-01,211.23
1842,3714,2025-07-18,,BASIC,9.99,Active,,65.27
1843,3234,2023-09-16,2025-07-18,PREMIUM,39.99,Churned,PRICE-02,894.44
1844,4984,2024-08-31,2026-07-18,PREMIUM,39.99,Churned,COMP-01,914.44
1845,9602,2024-04-02,2025-01-07,PREMIUM,39.99,Churned,PRICE-01,373.24
1846,2921,2025-03-13,,BASIC,9.99,Active,,107.56
1847,5436,2025-05-25,2026-05-09,PREMIUM,39.99,Churned,PRICE-01,465.22
1848,484,2023-04-08,,BASIC,9.99,Active,,342.32
1849,7392,2025-02-25,,BASIC,9.99,Active,,112.89
1850,4122,2024-12-26,2026-06-11,BASIC,9.99,Churned,PROD-01,177.16
1851,4068,2025-05-01,,BASIC,9.99,Active,,91.24
1852,4898,2025-11-21,,PREMIUM,39.99,Active,,93.31
1853,1026,2023-06-22,2024-10-14,STANDARD,19.99,Churned,PRICE-01,319.84
1854,8399,2025-04-23,2026-06-29,PREMIUM,39.99,Churned,PRICE-02,575.86
1855,1227,2024-09-14,2026-02-06,STANDARD,19.99,Churned,COMP-01,339.83
1856,4823,2023-07-31,,PREMIUM,39.99,Active,,1218.36
1857,9990,2025-06-07,,BASIC,9.99,Active,,78.92
1858,1698,2025-09-07,,STANDARD,19.99,Active,,96.62
1859,4384,2025-01-03,2025-04-25,PREMIUM,39.99,Churned,PROD-01,149.3
1860,5582,2025-07-02,2026-07-12,BASIC,9.99,Churned,PRICE-01,124.88
1861,8034,2024-09-16,,PREMIUM,39.99,Active,,667.83
1862,3866,2023-02-07,,BASIC,9.99,Active,,362.3
1863,4487,2023-06-23,,PREMIUM,39.99,Active,,1269.02
1864,4497,2025-02-20,,PREMIUM,39.99,Active,,458.55
1865,1316,2025-05-13,2027-04-02,PREMIUM,39.99,Churned,PROD-01,918.44
1866,5227,2024-04-12,,BASIC,9.99,Active,,219.11
1867,6426,2026-02-23,,BASIC,9.99,Active,,-7.99
1868,4528,2025-07-03,,STANDARD,19.99,Active,,140.6
1869,6949,2023-11-16,2025-06-12,STANDARD,19.99,Churned,PROD-01,382.48
1870,7103,2025-06-29,,PREMIUM,39.99,Active,,286.6
1871,3510,2023-08-12,,STANDARD,19.99,Active,,601.03
1872,7350,2025-05-31,,STANDARD,19.99,Active,,162.59
1873,7588,2025-08-13,,BASIC,9.99,Active,,56.61
1874,9425,2023-07-08,,PREMIUM,39.99,Active,,1249.02
1875,3195,2023-04-25,,PREMIUM,39.99,Active,,1347.66
1876,9914,2025-03-08,,BASIC,9.99,Active,,109.22
1877,7837,2025-05-04,,BASIC,9.99,Active,,90.24
1878,8020,2024-08-29,,PREMIUM,39.99,Active,,691.83
1879,2081,2025-08-21,,BASIC,9.99,Active,,53.95
1880,9461,2026-03-27,2027-02-03,STANDARD,19.99,Churned,SERVICE-01,208.56
1881,5519,2023-06-29,,BASIC,9.99,Active,,315.02
1882,4755,2024-02-05,,BASIC,9.99,Active,,241.43
1883,175,2024-10-21,,BASIC,9.99,Active,,155.18
1884,8143,2024-05-01,,PREMIUM,39.99,Active,,851.79
1885,656,2024-12-18,2025-11-06,STANDARD,19.99,Churned,SERVICE-02,215.23
1886,5579,2023-01-04,,PREMIUM,39.99,Active,,1495.63
1887,9779,2025-03-15,,BASIC,9.99,Active,,106.89
1888,8856,2024-12-25,,STANDARD,19.99,Active,,267.2
1889,4982,2025-12-15,,PREMIUM,39.99,Active,,61.32
1890,7972,2023-06-28,,PREMIUM,39.99,Active,,1262.35
1891,3169,2026-01-22,,PREMIUM,39.99,Active,,10.66
1892,3433,2023-02-14,,PREMIUM,39.99,Active,,1440.97
1893,2734,2024-09-06,,STANDARD,19.99,Active,,340.5
1894,6598,2024-03-30,,PREMIUM,39.99,Active,,894.44
1895,3392,2023-10-06,,STANDARD,19.99,Active,,564.38
1896,8047,2023-07-28,,PREMIUM,39.99,Active,,1222.36
1897,4702,2023-01-23,,STANDARD,19.99,Active,,734.97
1898,6333,2024-04-05,,STANDARD,19.99,Active,,443.11
1899,9503,2023-08-12,,BASIC,9.99,Active,,300.37
1900,6858,2024-07-08,,STANDARD,19.99,Active,,380.48
1901,8279,2025-06-28,,BASIC,9.99,Active,,71.93
1902,2460,2024-07-20,,BASIC,9.99,Active,,186.15
1903,7545,2024-06-13,,STANDARD,19.99,Active,,397.13
1904,1246,2023-03-03,,BASIC,9.99,Active,,354.31
1905,6443,2025-07-25,2026-09-10,STANDARD,19.99,Churned,PROD-01,274.53
1906,50,2023-06-16,,PREMIUM,39.99,Active,,1278.35
1907,5165,2025-02-03,2026-12-27,STANDARD,19.99,Churned,PROD-01,461.1
1908,7267,2025-02-03,,BASIC,9.99,Active,,120.21
1909,9341,2023-04-27,,BASIC,9.99,Active,,336.0
1910,6946,2025-08-21,,STANDARD,19.99,Active,,107.95
1911,4150,2023-10-04,,STANDARD,19.99,Active,,565.72
1912,40,2025-06-29,2025-12-31,BASIC,9.99,Churned,TECH-01,61.61
1913,8230,2024-04-22,,BASIC,9.99,Active,,215.78
1914,1152,2026-01-17,,BASIC,9.99,Active,,4.33
1915,4180,2025-02-24,,STANDARD,19.99,Active,,226.55
1916,8654,2023-12-21,2024-10-25,PREMIUM,39.99,Churned,PRICE-01,411.9
1917,7534,2023-07-14,,PREMIUM,39.99,Active,,1241.02
1918,9795,2024-04-01,2026-01-18,PREMIUM,39.99,Churned,SERVICE-02,875.78
1919,9881,2024-08-06,,BASIC,9.99,Active,,180.49
1920,3668,2024-08-13,2025-05-21,PREMIUM,39.99,Churned,COMP-01,374.57
1921,3207,2024-10-29,,PREMIUM,39.99,Active,,610.51
1922,7310,2026-02-02,,STANDARD,19.99,Active,,-2.0
1923,3445,2023-07-11,2024-09-21,PREMIUM,39.99,Churned,COMP-01,583.85
1924,9517,2025-12-04,,PREMIUM,39.99,Active,,75.98
1925,8401,2024-09-01,2025-05-04,BASIC,9.99,Churned,COMP-01,81.58
1926,7106,2026-06-13,,PREMIUM,39.99,Active,,-178.62
1927,6208,2024-03-31,,STANDARD,19.99,Active,,446.44
1928,2328,2025-12-02,,BASIC,9.99,Active,,19.65
1929,8048,2024-01-27,,PREMIUM,39.99,Active,,978.42
1930,3861,2024-11-02,,STANDARD,19.99,Active,,302.52
1931,8037,2025-09-09,2026-10-12,BASIC,9.99,Churned,PRICE-02,132.53
1932,1868,2025-08-09,,PREMIUM,39.99,Active,,231.94
1933,411,2025-03-05,2025-12-21,STANDARD,19.99,Churned,COMP-01,193.9
1934,6618,2023-08-15,,BASIC,9.99,Active,,299.37
1935,3418,2026-04-25,,STANDARD,19.99,Active,,-56.64
1936,5749,2023-06-13,,BASIC,9.99,Active,,320.35
1937,7598,2024-03-28,2024-10-01,BASIC,9.99,Churned,SERVICE-02,62.27
1938,7110,2025-07-21,,BASIC,9.99,Active,,64.27
1939,927,2024-05-18,,STANDARD,19.99,Active,,414.46
1940,7486,2023-10-16,2025-05-19,PREMIUM,39.99,Churned,TECH-01,774.47
1941,6772,2023-08-04,,STANDARD,19.99,Active,,606.36
1942,3751,2026-03-09,,PREMIUM,39.99,Active,,-50.65
1943,1233,2025-03-14,2026-12-27,PREMIUM,39.99,Churned,PRICE-01,870.45
1944,5880,2024-10-13,,PREMIUM,39.99,Active,,631.84
1945,4338,2024-02-27,,STANDARD,19.99,Active,,468.43
1946,9408,2023-10-30,,PREMIUM,39.99,Active,,1097.06
1947,541,2023-01-02,,STANDARD,19.99,Active,,748.96
1948,7962,2025-06-09,,STANDARD,19.99,Active,,156.59
1949,6955,2025-01-04,2025-06-26,BASIC,9.99,Churned,SERVICE-02,57.61
1950,1923,2023-05-12,2024-02-13,BASIC,9.99,Churned,PRICE-02,92.24
1951,4582,2026-04-09,,PREMIUM,39.99,Active,,-91.98
1952,8161,2023-11-03,,BASIC,9.99,Active,,272.73
1953,1781,2023-10-19,,PREMIUM,39.99,Active,,1111.72
1954,9924,2024-11-18,,BASIC,9.99,Active,,145.85
1955,6699,2024-08-29,,STANDARD,19.99,Active,,345.83
1956,2314,2026-04-03,,PREMIUM,39.99,Active,,-83.98
1957,6558,2024-04-06,2025-09-01,BASIC,9.99,Churned,PRICE-02,170.83
1958,4333,2025-02-27,,STANDARD,19.99,Active,,224.55
1959,3341,2023-12-26,,PREMIUM,39.99,Active,,1021.08
1960,7796,2023-10-29,2025-10-04,BASIC,9.99,Churned,PROD-01,235.1
1961,8576,2023-05-16,,STANDARD,19.99,Active,,659.67
1962,7620,2024-03-20,,BASIC,9.99,Active,,226.77
1963,4900,2026-06-04,,BASIC,9.99,Active,,-41.63
1964,5815,2024-03-09,2024-04-16,PREMIUM,39.99,Churned,PRICE-01,50.65
1965,9486,2023-08-14,2025-02-17,PREMIUM,39.99,Churned,SERVICE-02,737.15
1966,7106,2025-01-28,2026-10-02,PREMIUM,39.99,Churned,PRICE-02,815.8
1967,4387,2023-06-30,2024-06-14,PREMIUM,39.99,Churned,PROD-01,466.55
1968,269,2024-04-21,,STANDARD,19.99,Active,,432.45
1969,4380,2024-07-29,,PREMIUM,39.99,Active,,733.15
1970,8245,2026-02-27,2027-03-17,STANDARD,19.99,Churned,PROD-01,255.21
1971,9951,2023-01-23,,STANDARD,19.99,Active,,734.97
1972,3698,2023-01-10,2024-01-04,STANDARD,19.99,Churned,PRICE-02,239.21
1973,6254,2023-12-09,,STANDARD,19.99,Active,,521.74
1974,6419,2025-06-27,2026-12-08,BASIC,9.99,Churned,SERVICE-02,176.16
1975,9403,2026-03-12,,PREMIUM,39.99,Active,,-54.65
1976,7480,2025-06-06,,BASIC,9.99,Active,,79.25
1977,2317,2024-05-15,,PREMIUM,39.99,Active,,833.12
1978,6208,2024-12-02,,PREMIUM,39.99,Active,,565.19
1979,5305,2023-08-22,,BASIC,9.99,Active,,297.04
1980,560,2025-01-23,,BASIC,9.99,Active,,123.88
1981,183,2025-11-26,,BASIC,9.99,Active,,21.64
1982,5953,2025-09-25,,PREMIUM,39.99,Active,,169.29
1983,7803,2025-08-09,2027-05-27,STANDARD,19.99,Churned,SERVICE-02,437.11
1984,7159,2025-02-24,,PREMIUM,39.99,Active,,453.22
1985,8807,2024-09-24,,PREMIUM,39.99,Active,,657.17
1986,5230,2025-10-27,,BASIC,9.99,Active,,31.63
1987,3938,2025-09-02,,PREMIUM,39.99,Active,,199.95
1988,9738,2024-04-25,,PREMIUM,39.99,Active,,859.79
1989,7125,2024-07-30,2024-11-09,PREMIUM,39.99,Churned,PRICE-02,135.97
1990,615,2023-11-06,,STANDARD,19.99,Active,,543.73
1991,105,2024-10-21,,BASIC,9.99,Active,,155.18
1992,1326,2026-04-17,,STANDARD,19.99,Active,,-51.31
1993,5676,2023-02-12,,PREMIUM,39.99,Active,,1443.64
1994,9592,2023-10-07,,PREMIUM,39.99,Active,,1127.72
1995,2354,2023-07-12,,STANDARD,19.99,Active,,621.69
1996,5832,2023-10-07,,STANDARD,19.99,Active,,563.72
1997,3476,2023-05-07,,BASIC,9.99,Active,,332.67
1998,4976,2023-05-19,2025-03-08,PREMIUM,39.99,Churned,SERVICE-01,878.45
1999,4582,2023-04-16,,BASIC,9.99,Active,,339.66
2000,9369,2025-11-27,,PREMIUM,39.99,Active,,85.31
2001,1400,2023-09-27,,STANDARD,19.99,Active,,570.38
2002,9826,2026-01-28,,BASIC,9.99,Active,,0.67
2003,849,2026-06-10,,BASIC,9.99,Active,,-43.62
2004,5191,2024-01-09,,STANDARD,19.99,Active,,501.08
2005,9622,2024-02-17,,BASIC,9.99,Active,,237.43
2006,5722,2026-02-10,,PREMIUM,39.99,Active,,-14.66
2007,7133,2024-01-26,,PREMIUM,39.99,Active,,979.75
2008,1068,2025-11-02,2026-07-03,BASIC,9.99,Churned,SERVICE-02,80.92
2009,1835,2023-05-12,2023-11-01,PREMIUM,39.99,Churned,COMP-01,230.61
2010,7942,2025-11-15,,STANDARD,19.99,Active,,50.64
2011,8233,2026-05-15,,PREMIUM,39.99,Active,,-139.97
2012,7429,2023-05-25,2024-07-12,BASIC,9.99,Churned,COMP-01,137.86
2013,9849,2025-04-06,2025-10-01,BASIC,9.99,Churned,PRICE-01,59.27
2014,4513,2023-05-30,,STANDARD,19.99,Active,,650.34
2015,7223,2025-09-26,,PREMIUM,39.99,Active,,167.96
2016,9510,2024-01-30,,PREMIUM,39.99,Active,,974.42
2017,8280,2025-07-18,2026-04-14,PREMIUM,39.99,Churned,PRICE-01,359.91
2018,3066,2023-05-14,,PREMIUM,39.99,Active,,1322.34
2019,5909,2025-04-20,,BASIC,9.99,Active,,94.91
2020,5885,2024-02-26,,BASIC,9.99,Active,,234.43
2021,856,2023-05-24,2023-10-10,PREMIUM,39.99,Churned,COMP-01,185.29
2022,1573,2024-06-12,,BASIC,9.99,Active,,198.8
2023,875,2024-02-05,2025-09-16,STANDARD,19.99,Churned,SERVICE-01,392.47
2024,8656,2024-12-12,,PREMIUM,39.99,Active,,551.86
2025,4317,2023-11-17,2024-02-24,PREMIUM,39.99,Churned,COMP-01,131.97
2026,4454,2024-07-28,2026-04-27,STANDARD,19.99,Churned,TECH-01,425.12
2027,3962,2023-08-28,2024-12-08,PREMIUM,39.99,Churned,SERVICE-01,623.84
2028,5044,2025-12-04,,STANDARD,19.99,Active,,37.98
2029,3060,2026-01-11,,STANDARD,19.99,Active,,12.66
2030,843,2025-01-02,2025-10-18,PREMIUM,39.99,Churned,COMP-01,385.24
2031,7494,2025-08-21,,STANDARD,19.99,Active,,107.95
2032,606,2024-01-10,,STANDARD,19.99,Active,,500.42
2033,2510,2025-05-09,,BASIC,9.99,Active,,88.58
2034,775,2026-02-12,,STANDARD,19.99,Active,,-8.66
2035,112,2024-09-24,,PREMIUM,39.99,Active,,657.17
2036,5059,2024-01-22,,STANDARD,19.99,Active,,492.42
2037,1771,2024-08-22,,STANDARD,19.99,Active,,350.49
2038,1596,2024-08-08,2026-07-27,BASIC,9.99,Churned,TECH-01,239.09
2039,3624,2023-11-26,,STANDARD,19.99,Active,,530.4
2040,6468,2023-05-23,,PREMIUM,39.99,Active,,1310.34
2041,6163,2024-03-25,2025-04-27,STANDARD,19.99,Churned,PRICE-01,265.2
2042,5717,2023-03-20,,PREMIUM,39.99,Active,,1395.65
2043,8378,2024-06-20,,STANDARD,19.99,Active,,392.47
2044,7501,2023-03-30,,STANDARD,19.99,Active,,690.99
2045,8812,2024-01-30,,PREMIUM,39.99,Active,,974.42
2046,7804,2024-06-24,,PREMIUM,39.99,Active,,779.81
2047,4074,2025-06-12,,PREMIUM,39.99,Active,,309.26
2048,9861,2026-02-25,,STANDARD,19.99,Active,,-17.32
2049,3699,2025-10-29,,STANDARD,19.99,Active,,61.97
2050,9289,2023-09-09,,PREMIUM,39.99,Active,,1165.04
2051,3125,2023-05-04,2023-08-26,STANDARD,19.99,Churned,PROD-01,75.96
2052,9282,2023-02-16,2024-04-17,PREMIUM,39.99,Churned,TECH-01,567.86
2053,300,2024-09-06,,PREMIUM,39.99,Active,,681.16
2054,2263,2025-03-26,,STANDARD,19.99,Active,,206.56
2055,4457,2025-11-27,,STANDARD,19.99,Active,,42.65
2056,5055,2025-08-02,,BASIC,9.99,Active,,60.27
2057,3734,2024-07-15,,BASIC,9.99,Active,,187.81
2058,1217,2024-01-01,,PREMIUM,39.99,Active,,1013.08
2059,2143,2024-12-23,,STANDARD,19.99,Active,,268.53
2060,2190,2025-07-14,,BASIC,9.99,Active,,66.6
2061,3149,2026-06-05,2026-10-24,PREMIUM,39.99,Churned,TECH-01,187.95
2062,3592,2024-03-10,,BASIC,9.99,Active,,230.1
2063,8803,2023-02-09,,BASIC,9.99,Active,,361.64
2064,4312,2023-05-23,2024-03-03,STANDARD,19.99,Churned,SERVICE-02,189.9
2065,8750,2025-11-29,,BASIC,9.99,Active,,20.65
2066,6323,2023-02-06,2023-09-09,BASIC,9.99,Churned,COMP-01,71.59
2067,7258,2026-02-14,,STANDARD,19.99,Active,,-9.99
2068,5971,2025-06-01,,STANDARD,19.99,Active,,161.92
2069,9052,2025-02-06,,STANDARD,19.99,Active,,238.55
2070,8708,2025-12-31,2027-01-06,BASIC,9.99,Churned,COMP-01,123.54
2071,668,2025-10-17,,BASIC,9.99,Active,,34.97
2072,5904,2024-05-17,,PREMIUM,39.99,Active,,830.46
2073,5730,2023-03-24,2024-10-31,PREMIUM,39.99,Churned,PRICE-01,782.47
2074,5368,2024-07-24,2024-10-16,STANDARD,19.99,Churned,PRICE-01,55.97
2075,5145,2025-08-29,,STANDARD,19.99,Active,,102.62
2076,8905,2026-03-09,2027-03-15,PREMIUM,39.99,Churned,SERVICE-02,494.54
2077,8855,2025-05-07,,BASIC,9.99,Active,,89.24
2078,809,2024-08-22,,STANDARD,19.99,Active,,350.49
2079,4485,2026-03-13,2026-07-30,PREMIUM,39.99,Churned,TECH-01,185.29
2080,4622,2025-06-17,2025-11-11,PREMIUM,39.99,Churned,SERVICE-01,195.95
2081,1871,2026-03-15,,STANDARD,19.99,Active,,-29.32
2082,6658,2026-02-24,2028-01-28,BASIC,9.99,Churned,COMP-01,234.1
2083,5589,2023-04-19,,STANDARD,19.99,Active,,677.66
2084,1528,2024-06-07,,BASIC,9.99,Active,,200.47
2085,6663,2023-04-19,,STANDARD,19.99,Active,,677.66
2086,2319,2025-08-06,,STANDARD,19.99,Active,,117.94
2087,8788,2024-07-09,,PREMIUM,39.99,Active,,759.81
2088,5140,2024-06-12,,PREMIUM,39.99,Active,,795.8
2089,6538,2023-05-23,,BASIC,9.99,Active,,327.34
2090,8132,2024-05-03,,STANDARD,19.99,Active,,424.45
2091,9904,2023-10-20,2025-08-13,PREMIUM,39.99,Churned,COMP-01,883.78
2092,747,2026-02-18,,BASIC,9.99,Active,,-6.33
2093,4515,2024-05-09,2024-10-21,STANDARD,19.99,Churned,PRICE-02,109.94
2094,9193,2025-09-29,2026-05-02,BASIC,9.99,Churned,PRICE-02,71.59
2095,6246,2025-08-31,2027-03-06,STANDARD,19.99,Churned,TECH-01,367.82
2096,5075,2023-11-12,,PREMIUM,39.99,Active,,1079.73
2097,8627,2023-02-08,,PREMIUM,39.99,Active,,1448.97
2098,5113,2024-03-24,2025-11-05,STANDARD,19.99,Churned,COMP-01,393.8
2099,3829,2023-02-13,,STANDARD,19.99,Active,,720.97
2100,5492,2025-10-18,2027-09-23,PREMIUM,39.99,Churned,SERVICE-01,939.77
2101,3386,2026-04-26,,BASIC,9.99,Active,,-28.64
2102,5911,2023-07-31,,BASIC,9.99,Active,,304.36
2103,1266,2024-02-29,2025-03-18,PREMIUM,39.99,Churned,SERVICE-02,510.54
2104,1863,2024-09-29,2024-11-02,BASIC,9.99,Churned,PRICE-02,11.32
2105,7949,2025-08-06,,PREMIUM,39.99,Active,,235.94
2106,3075,2025-09-09,,STANDARD,19.99,Active,,95.29
2107,9465,2026-04-15,,BASIC,9.99,Active,,-24.98
2108,2879,2023-06-19,2023-11-08,BASIC,9.99,Churned,SERVICE-02,47.29
2109,6231,2026-05-20,,BASIC,9.99,Active,,-36.63
2110,6674,2023-04-29,,PREMIUM,39.99,Active,,1342.33
2111,2788,2024-02-13,,STANDARD,19.99,Active,,477.76
2112,5589,2026-05-11,2027-03-16,PREMIUM,39.99,Churned,PROD-01,411.9
2113,3229,2023-02-06,,BASIC,9.99,Active,,362.64
2114,5147,2024-12-12,,PREMIUM,39.99,Active,,551.86
2115,8120,2026-05-05,,STANDARD,19.99,Active,,-63.3
2116,7331,2026-05-21,,STANDARD,19.99,Active,,-73.96
2117,453,2026-02-04,,STANDARD,19.99,Active,,-3.33
2118,7810,2024-12-11,,BASIC,9.99,Active,,138.2
2119,6880,2025-12-22,2027-01-11,BASIC,9.99,Churned,SERVICE-02,128.21
2120,5596,2026-02-03,,STANDARD,19.99,Active,,-2.67
2121,9368,2023-01-09,,BASIC,9.99,Active,,371.96
2122,8304,2026-05-27,2027-03-21,BASIC,9.99,Churned,PRICE-02,99.23
2123,5388,2023-10-19,,BASIC,9.99,Active,,277.72
2124,616,2024-05-15,,PREMIUM,39.99,Active,,833.12
2125,5469,2024-10-09,,STANDARD,19.99,Active,,318.51
2126,2066,2025-07-25,,STANDARD,19.99,Active,,125.94
2127,2120,2025-11-10,2026-08-09,PREMIUM,39.99,Churned,SERVICE-01,362.58
2128,8965,2024-04-20,,STANDARD,19.99,Active,,433.12
2129,6979,2026-05-06,,BASIC,9.99,Active,,-31.97
2130,786,2025-12-24,,PREMIUM,39.99,Active,,49.32
2131,4128,2025-01-26,2026-01-02,PREMIUM,39.99,Churned,SERVICE-01,454.55
2132,5332,2024-11-04,2026-04-22,BASIC,9.99,Churned,PROD-01,177.82
2133,5727,2024-10-11,,BASIC,9.99,Active,,158.51
2134,5889,2024-05-25,,STANDARD,19.99,Active,,409.79
2135,4524,2024-12-23,2025-05-13,STANDARD,19.99,Churned,SERVICE-02,93.95
2136,4896,2024-02-20,,BASIC,9.99,Active,,236.43
2137,7767,2023-11-15,,BASIC,9.99,Active,,268.73
2138,6971,2023-10-19,,PREMIUM,39.99,Active,,1111.72
2139,1453,2023-01-13,,BASIC,9.99,Active,,370.63
2140,8052,2024-09-26,,PREMIUM,39.99,Active,,654.5
2141,95,2026-06-24,,STANDARD,19.99,Active,,-96.62
2142,6134,2025-06-26,,STANDARD,19.99,Active,,145.26
2143,4901,2024-08-06,,STANDARD,19.99,Active,,361.15
2144,9550,2025-10-01,,STANDARD,19.99,Active,,80.63
2145,9543,2024-02-14,,PREMIUM,39.99,Active,,954.43
2146,5356,2023-07-16,2025-02-20,PREMIUM,39.99,Churned,SERVICE-02,779.81
2147,3485,2024-01-20,,STANDARD,19.99,Active,,493.75
2148,7652,2026-02-16,,BASIC,9.99,Active,,-5.66
2149,6986,2024-08-30,,PREMIUM,39.99,Active,,690.49
2150,8479,2024-04-08,,BASIC,9.99,Active,,220.45
2151,3953,2026-03-10,,PREMIUM,39.99,Active,,-51.99
2152,1124,2023-03-27,2024-03-09,STANDARD,19.99,Churned,COMP-01,231.88
2153,2293,2025-12-27,2026-08-14,STANDARD,19.99,Churned,PROD-01,153.26
2154,381,2023-09-21,,PREMIUM,39.99,Active,,1149.05
2155,7466,2026-06-02,2027-07-31,BASIC,9.99,Churned,SERVICE-01,141.19
2156,4109,2023-10-16,,STANDARD,19.99,Active,,557.72
2157,359,2024-05-06,,PREMIUM,39.99,Active,,845.12
2158,43,2024-09-28,,STANDARD,19.99,Active,,325.84
2159,2038,2023-11-17,,PREMIUM,39.99,Active,,1073.07
2160,780,2025-03-11,,PREMIUM,39.99,Active,,433.23
2161,8410,2024-12-11,,STANDARD,19.99,Active,,276.53
2162,865,2024-10-16,,BASIC,9.99,Active,,156.84
2163,6187,2024-11-13,2025-05-04,BASIC,9.99,Churned,TECH-01,57.28
2164,7488,2024-10-09,,BASIC,9.99,Active,,159.17
2165,8131,2024-09-20,2026-07-09,BASIC,9.99,Churned,TECH-01,218.78
2166,5309,2025-09-23,,BASIC,9.99,Active,,42.96
2167,3401,2024-06-10,2025-08-09,BASIC,9.99,Churned,PRICE-01,141.53
2168,5439,2023-11-15,,PREMIUM,39.99,Active,,1075.73
2169,7608,2025-01-31,,BASIC,9.99,Active,,121.21
2170,5364,2025-01-02,,BASIC,9.99,Active,,130.87
2171,5998,2023-08-07,,STANDARD,19.99,Active,,604.36
2172,859,2026-01-17,2027-09-15,STANDARD,19.99,Churned,SERVICE-02,403.8
2173,3111,2025-10-25,2026-03-02,STANDARD,19.99,Churned,PRICE-02,85.29
2174,5681,2025-03-02,,PREMIUM,39.99,Active,,445.22
2175,4850,2026-02-11,,BASIC,9.99,Active,,-4.0
2176,6224,2023-11-11,2025-08-26,BASIC,9.99,Churned,COMP-01,217.78
2177,7511,2023-12-16,,BASIC,9.99,Active,,258.41
2178,182,2024-10-04,,PREMIUM,39.99,Active,,643.84
2179,4234,2025-10-07,,PREMIUM,39.99,Active,,153.3
2180,1876,2026-01-20,,STANDARD,19.99,Active,,6.66
2181,1129,2024-12-04,,PREMIUM,39.99,Active,,562.53
2182,1459,2024-03-21,,PREMIUM,39.99,Active,,906.44
2183,6016,2024-12-22,,STANDARD,19.99,Active,,269.2
2184,810,2023-04-23,2023-10-30,PREMIUM,39.99,Churned,PROD-01,253.27
2185,5910,2023-07-04,2024-01-27,STANDARD,19.99,Churned,SERVICE-02,137.93
2186,668,2023-07-02,,BASIC,9.99,Active,,314.02
2187,8848,2025-09-01,,PREMIUM,39.99,Active,,201.28
2188,3001,2023-07-27,,BASIC,9.99,Active,,305.69
2189,4256,2025-01-15,,BASIC,9.99,Active,,126.54
2190,7578,2024-05-23,2024-12-31,PREMIUM,39.99,Churned,COMP-01,295.93
2191,9780,2026-06-06,2027-05-09,STANDARD,19.99,Churned,SERVICE-01,224.55
2192,9213,2023-09-23,,PREMIUM,39.99,Active,,1146.38
2193,5342,2026-04-04,,BASIC,9.99,Active,,-21.31
2194,4567,2026-03-25,,STANDARD,19.99,Active,,-35.98
2195,9773,2024-04-27,,STANDARD,19.99,Active,,428.45
2196,7511,2023-06-09,,STANDARD,19.99,Active,,643.68
2197,5156,2025-07-14,,BASIC,9.99,Active,,66.6
2198,8407,2026-06-16,2028-06-02,PREMIUM,39.99,Churned,SERVICE-01,955.76
2199,7138,2023-11-12,,BASIC,9.99,Active,,269.73
2200,7015,2024-01-12,,STANDARD,19.99,Active,,499.08
2201,5687,2023-12-07,,STANDARD,19.99,Active,,523.07
2202,1316,2026-02-25,,PREMIUM,39.99,Active,,-34.66
2203,2747,2025-05-25,,BASIC,9.99,Active,,83.25
2204,4021,2026-05-27,,BASIC,9.99,Active,,-38.96
2205,8452,2024-10-29,,STANDARD,19.99,Active,,305.18
2206,3445,2023-08-07,2024-05-31,PREMIUM,39.99,Churned,PRICE-02,397.23
2207,1208,2025-12-27,,STANDARD,19.99,Active,,22.66
2208,8378,2025-03-16,2026-03-24,BASIC,9.99,Churned,SERVICE-01,124.21
2209,5433,2024-07-12,,STANDARD,19.99,Active,,377.81
2210,8299,2024-03-11,2024-12-02,PREMIUM,39.99,Churned,COMP-01,354.58
2211,6963,2024-06-28,2026-02-23,PREMIUM,39.99,Churned,PROD-01,806.47
2212,2084,2023-07-29,,STANDARD,19.99,Active,,610.36
2213,4692,2023-03-15,,BASIC,9.99,Active,,350.32
2214,3151,2025-12-05,,STANDARD,19.99,Active,,37.31
2215,5565,2023-07-06,2024-07-30,BASIC,9.99,Churned,PRICE-01,129.87
2216,8032,2026-03-27,,BASIC,9.99,Active,,-18.65
2217,4695,2025-08-16,,STANDARD,19.99,Active,,111.28
2218,349,2024-09-11,2026-05-21,STANDARD,19.99,Churned,PROD-01,411.13
2219,9259,2023-03-10,2023-09-11,PREMIUM,39.99,Churned,PROD-01,246.61
2220,4191,2023-06-11,,STANDARD,19.99,Active,,642.35
2221,5865,2023-01-25,2024-04-24,STANDARD,19.99,Churned,PRICE-01,303.18
2222,282,2023-06-19,,PREMIUM,39.99,Active,,1274.35
2223,1259,2024-02-15,2024-04-05,BASIC,9.99,Churned,PRICE-02,16.65
2224,2942,2023-08-26,2024-04-26,BASIC,9.99,Churned,COMP-01,81.25
2225,5542,2024-04-13,,STANDARD,19.99,Active,,437.78
2226,1582,2026-02-27,,STANDARD,19.99,Active,,-18.66
2227,3678,2024-12-07,,BASIC,9.99,Active,,139.53
2228,9102,2025-09-14,2026-01-23,STANDARD,19.99,Churned,SERVICE-01,87.29
2229,2074,2023-06-13,,BASIC,9.99,Active,,320.35
2230,3780,2025-04-25,,PREMIUM,39.99,Active,,373.24
2231,2091,2024-11-19,,BASIC,9.99,Active,,145.52
2232,5234,2024-03-24,2024-08-09,BASIC,9.99,Churned,SERVICE-01,45.95
2233,596,2026-01-29,,STANDARD,19.99,Active,,0.67
2234,6436,2023-06-18,,STANDARD,19.99,Active,,637.68
2235,7219,2024-02-02,,STANDARD,19.99,Active,,485.09
2236,529,2023-05-01,,BASIC,9.99,Active,,334.67
2237,5783,2024-02-21,,PREMIUM,39.99,Active,,945.1
2238,2927,2025-04-11,,STANDARD,19.99,Active,,195.9
2239,3051,2025-11-10,2027-01-16,BASIC,9.99,Churned,PRICE-02,143.86
2240,5533,2024-06-03,2025-08-31,STANDARD,19.99,Churned,COMP-01,302.52
2241,666,2025-04-22,,BASIC,9.99,Active,,94.24
2242,6339,2023-03-06,,PREMIUM,39.99,Active,,1414.31
2243,3085,2023-08-04,,BASIC,9.99,Active,,303.03
2244,5591,2023-09-07,,STANDARD,19.99,Active,,583.71
2245,7455,2023-09-22,,BASIC,9.99,Active,,286.71
2246,8982,2023-08-13,,BASIC,9.99,Active,,300.03
2247,5583,2023-07-22,,STANDARD,19.99,Active,,615.03
2248,9162,2025-06-28,,PREMIUM,39.99,Active,,287.93
2249,2649,2023-11-25,,PREMIUM,39.99,Active,,1062.4
2250,2985,2023-11-11,,BASIC,9.99,Active,,270.06
2251,4657,2023-03-04,2024-11-20,BASIC,9.99,Churned,PRICE-02,208.79
2252,239,2024-10-28,,PREMIUM,39.99,Active,,611.85
2253,8751,2023-07-15,,STANDARD,19.99,Active,,619.69
2254,1283,2024-12-14,2025-01-25,PREMIUM,39.99,Churned,SERVICE-02,55.99
2255,9187,2024-07-15,,STANDARD,19.99,Active,,375.81
2256,9323,2024-07-21,,STANDARD,19.99,Active,,371.81
2257,9941,2026-03-16,,PREMIUM,39.99,Active,,-59.98
2258,8596,2024-09-09,2026-08-01,BASIC,9.99,Churned,PRICE-01,230.1
2259,9309,2025-02-05,,STANDARD,19.99,Active,,239.21
2260,7539,2025-09-20,,STANDARD,19.99,Active,,87.96
2261,2840,2026-01-30,2026-05-25,BASIC,9.99,Churned,COMP-01,38.3
2262,144,2025-12-02,,BASIC,9.99,Active,,19.65
2263,1492,2025-12-07,,STANDARD,19.99,Active,,35.98
2264,8101,2024-02-15,,STANDARD,19.99,Active,,476.43
2265,6496,2023-02-26,2024-07-03,BASIC,9.99,Churned,PRICE-02,164.17
2266,5460,2026-04-07,,BASIC,9.99,Active,,-22.31
2267,7759,2023-07-24,,BASIC,9.99,Active,,306.69
2268,9718,2024-07-31,,PREMIUM,39.99,Active,,730.48
2269,7119,2024-09-09,,PREMIUM,39.99,Active,,677.16
2270,8734,2023-06-03,2024-04-03,STANDARD,19.99,Churned,PRICE-02,203.23
2271,1141,2023-12-16,,BASIC,9.99,Active,,258.41
2272,1099,2026-03-05,2027-05-23,BASIC,9.99,Churned,SERVICE-01,147.85
2273,1381,2025-02-22,2025-12-08,STANDARD,19.99,Churned,TECH-01,192.57
2274,7564,2024-10-26,2026-01-11,BASIC,9.99,Churned,PROD-01,147.19
2275,5959,2023-04-13,2023-12-04,PREMIUM,39.99,Churned,PRICE-01,313.25
2276,299,2023-09-11,,STANDARD,19.99,Active,,581.04
2277,8115,2023-06-22,,BASIC,9.99,Active,,317.35
2278,3358,2026-02-21,,PREMIUM,39.99,Active,,-29.33
2279,2358,2024-01-30,,STANDARD,19.99,Active,,487.09
2280,6789,2026-01-06,,BASIC,9.99,Active,,7.99
2281,8943,2025-08-17,2027-03-31,PREMIUM,39.99,Churned,SERVICE-02,787.8
2282,9992,2023-11-23,,STANDARD,19.99,Active,,532.4
2283,5436,2023-04-24,,PREMIUM,39.99,Active,,1349.0
2284,4192,2025-05-03,,BASIC,9.99,Active,,90.58
2285,4289,2026-03-03,,PREMIUM,39.99,Active,,-42.66
2286,5463,2023-07-10,2024-01-28,BASIC,9.99,Churned,SERVICE-01,67.27
2287,8982,2023-07-08,,STANDARD,19.99,Active,,624.35
2288,2277,2023-10-13,2023-11-17,PREMIUM,39.99,Churned,TECH-01,46.66
2289,8392,2025-02-02,,BASIC,9.99,Active,,120.55
2290,4466,2026-01-22,,BASIC,9.99,Active,,2.66
2291,9581,2023-04-29,,BASIC,9.99,Active,,335.33
2292,4948,2023-05-13,,PREMIUM,39.99,Active,,1323.67
2293,35,2023-01-21,2024-09-13,STANDARD,19.99,Churned,SERVICE-01,400.47
2294,234,2024-09-25,,PREMIUM,39.99,Active,,655.84
2295,3968,2025-03-29,,PREMIUM,39.99,Active,,409.23
2296,4469,2025-01-23,,PREMIUM,39.99,Active,,495.88
2297,9854,2025-03-11,,PREMIUM,39.99,Active,,433.23
2298,3591,2023-08-29,,STANDARD,19.99,Active,,589.7
2299,2993,2023-11-10,2024-10-15,BASIC,9.99,Churned,SERVICE-02,113.22
2300,2223,2023-07-05,,STANDARD,19.99,Active,,626.35
2301,3592,2025-11-27,,PREMIUM,39.99,Active,,85.31
2302,2922,2024-05-14,,STANDARD,19.99,Active,,417.12
2303,9826,2023-03-19,,PREMIUM,39.99,Active,,1396.98
2304,4739,2025-11-09,,BASIC,9.99,Active,,27.31
2305,8797,2023-09-10,,BASIC,9.99,Active,,290.71
2306,4530,2024-04-26,,BASIC,9.99,Active,,214.45
2307,3888,2025-08-13,,PREMIUM,39.99,Active,,226.61
2308,6557,2023-04-18,,PREMIUM,39.99,Active,,1356.99
2309,3044,2023-11-27,2025-03-13,STANDARD,19.99,Churned,COMP-01,314.51
2310,2899,2023-08-11,,BASIC,9.99,Active,,300.7
2311,8980,2025-05-17,,PREMIUM,39.99,Active,,343.91
2312,2711,2025-08-28,,BASIC,9.99,Active,,51.62
2313,6295,2025-08-20,,STANDARD,19.99,Active,,108.61
2314,4255,2024-08-15,2026-03-17,BASIC,9.99,Churned,PRICE-01,192.81
2315,9920,2025-03-10,,STANDARD,19.99,Active,,217.22
2316,132,2026-02-24,2027-07-18,PREMIUM,39.99,Churned,COMP-01,678.5
2317,251,2025-02-01,,PREMIUM,39.99,Active,,483.88
2318,4045,2024-03-23,2024-08-03,STANDARD,19.99,Churned,TECH-01,88.62
2319,5213,2023-09-08,,PREMIUM,39.99,Active,,1166.38
2320,7688,2025-02-21,,STANDARD,19.99,Active,,228.55
2321,3863,2023-12-31,,BASIC,9.99,Active,,253.41
2322,2217,2023-03-11,2023-11-04,PREMIUM,39.99,Churned,PRICE-02,317.25
2323,8174,2026-05-08,,PREMIUM,39.99,Active,,-130.63
2324,8707,2025-06-28,,STANDARD,19.99,Active,,143.93
2325,3862,2023-03-25,2024-04-11,STANDARD,19.99,Churned,COMP-01,255.21
2326,7550,2026-04-28,2026-12-17,BASIC,9.99,Churned,SERVICE-02,77.59
2327,1416,2026-01-12,,STANDARD,19.99,Active,,11.99
2328,1882,2025-10-26,,STANDARD,19.99,Active,,63.97
2329,3722,2023-11-30,,BASIC,9.99,Active,,263.74
2330,3054,2024-08-08,2026-04-19,STANDARD,19.99,Churned,TECH-01,412.46
2331,6812,2024-08-30,,STANDARD,19.99,Active,,345.16
2332,4120,2025-08-21,,BASIC,9.99,Active,,53.95
2333,3865,2023-02-25,2024-03-26,BASIC,9.99,Churned,PRICE-01,131.53
2334,9746,2025-09-15,,STANDARD,19.99,Active,,91.29
2335,9998,2026-05-31,2027-05-04,STANDARD,19.99,Churned,PRICE-02,225.22
2336,2311,2023-06-03,,STANDARD,19.99,Active,,647.68
2337,3236,2024-06-25,,BASIC,9.99,Active,,194.47
2338,3478,2023-07-25,,BASIC,9.99,Active,,306.36
2339,481,2023-05-13,,BASIC,9.99,Active,,330.67
2340,5099,2024-08-26,,PREMIUM,39.99,Active,,695.83
2341,4043,2025-03-04,,BASIC,9.99,Active,,110.56
2342,6242,2023-12-27,,PREMIUM,39.99,Active,,1019.75
2343,6213,2025-03-20,,STANDARD,19.99,Active,,210.56
2344,3395,2024-10-12,,STANDARD,19.99,Active,,316.51
2345,3208,2025-01-30,,STANDARD,19.99,Active,,243.21
2346,4940,2025-03-31,,STANDARD,19.99,Active,,203.23
2347,8439,2026-01-26,,PREMIUM,39.99,Active,,5.33
2348,2281,2024-05-23,,STANDARD,19.99,Active,,411.13
2349,5060,2025-07-02,,PREMIUM,39.99,Active,,282.6
2350,3064,2025-04-17,,PREMIUM,39.99,Active,,383.9
2351,9309,2025-06-12,2027-03-14,BASIC,9.99,Churned,TECH-01,213.12
2352,6658,2024-12-06,2026-04-17,STANDARD,19.99,Churned,SERVICE-01,331.17
2353,9008,2023-05-07,2024-01-18,BASIC,9.99,Churned,SERVICE-01,85.25
2354,2889,2023-11-24,,BASIC,9.99,Active,,265.73
2355,8130,2023-05-20,2024-07-19,BASIC,9.99,Churned,SERVICE-01,141.86
2356,107,2025-05-06,,STANDARD,19.99,Active,,179.24
2357,2354,2025-07-27,2027-06-13,BASIC,9.99,Churned,PRICE-01,228.44
2358,5300,2026-02-09,,STANDARD,19.99,Active,,-6.66
2359,5050,2023-01-04,2024-07-02,STANDARD,19.99,Churned,PRICE-02,363.15
2360,137,2024-02-16,2024-03-31,STANDARD,19.99,Churned,PRICE-01,29.32
2361,6552,2024-09-29,,BASIC,9.99,Active,,162.5
2362,343,2023-11-05,,BASIC,9.99,Active,,272.06
2363,9358,2024-03-05,,BASIC,9.99,Active,,231.77
2364,271,2023-11-03,,PREMIUM,39.99,Active,,1091.73
2365,6233,2023-12-06,,PREMIUM,39.99,Active,,1047.74
2366,3294,2024-01-10,2024-07-29,STANDARD,19.99,Churned,SERVICE-02,133.93
2367,2504,2023-10-25,,PREMIUM,39.99,Active,,1103.72
2368,6656,2024-10-13,,STANDARD,19.99,Active,,315.84
2369,4668,2026-01-06,,BASIC,9.99,Active,,7.99
2370,6852,2024-07-06,,PREMIUM,39.99,Active,,763.81
2371,7882,2025-09-10,2027-02-12,PREMIUM,39.99,Churned,PROD-01,693.16
2372,5010,2023-11-05,,STANDARD,19.99,Active,,544.39
2373,3047,2023-01-21,,STANDARD,19.99,Active,,736.3
2374,6691,2023-10-23,,PREMIUM,39.99,Active,,1106.39
2375,1459,2024-04-09,,PREMIUM,39.99,Active,,881.11
2376,3615,2023-02-25,,BASIC,9.99,Active,,356.31
2377,9191,2025-05-05,2026-12-19,PREMIUM,39.99,Churned,PRICE-02,790.47
2378,1551,2026-01-22,,STANDARD,19.99,Active,,5.33
2379,6833,2025-10-09,2026-03-11,PREMIUM,39.99,Churned,COMP-01,203.95
2380,9285,2025-05-05,,STANDARD,19.99,Active,,179.91
2381,9879,2026-01-24,,STANDARD,19.99,Active,,4.0
2382,8849,2025-10-22,,STANDARD,19.99,Active,,66.63
2383,7532,2023-12-28,,STANDARD,19.99,Active,,509.08
2384,2019,2025-01-19,2025-09-19,STANDARD,19.99,Churned,COMP-01,161.92
2385,4640,2026-06-11,2026-12-11,PREMIUM,39.99,Churned,SERVICE-02,243.94
2386,480,2023-08-01,,STANDARD,19.99,Active,,608.36
2387,3014,2026-06-29,2027-11-10,BASIC,9.99,Churned,COMP-01,166.17
2388,5135,2024-09-14,,PREMIUM,39.99,Active,,670.5
2389,5028,2025-03-08,2026-11-07,BASIC,9.99,Churned,SERVICE-02,202.8
2390,6268,2026-02-06,,BASIC,9.99,Active,,-2.33
2391,6040,2023-10-19,,PREMIUM,39.99,Active,,1111.72
2392,3113,2023-09-01,2025-01-05,BASIC,9.99,Churned,COMP-01,163.84
2393,9816,2023-07-06,2025-01-02,BASIC,9.99,Churned,SERVICE-01,181.82
2394,710,2024-10-19,,STANDARD,19.99,Active,,311.84
2395,3134,2023-04-11,2023-12-24,BASIC,9.99,Churned,SERVICE-01,85.58
2396,7908,2026-05-26,2026-09-05,PREMIUM,39.99,Churned,PRICE-01,135.97
2397,3015,2023-02-05,,BASIC,9.99,Active,,362.97
2398,3483,2024-11-29,2026-10-25,BASIC,9.99,Churned,PRICE-02,231.44
2399,3840,2023-09-30,,PREMIUM,39.99,Active,,1137.05
2400,5942,2023-01-13,,PREMIUM,39.99,Active,,1483.63
2401,5416,2025-11-23,2026-04-01,PREMIUM,39.99,Churned,PROD-01,171.96
2402,2283,2026-06-10,,PREMIUM,39.99,Active,,-174.62
2403,577,2023-07-21,,STANDARD,19.99,Active,,615.69
2404,3228,2023-05-19,2024-02-21,BASIC,9.99,Churned,SERVICE-01,92.57
2405,9068,2024-04-17,,BASIC,9.99,Active,,217.45
2406,9443,2026-05-20,,PREMIUM,39.99,Active,,-146.63
2407,5888,2023-11-22,,BASIC,9.99,Active,,266.4
2408,1966,2024-01-17,,BASIC,9.99,Active,,247.75
2409,9545,2025-05-27,2026-10-19,STANDARD,19.99,Churned,TECH-01,339.83
2410,3992,2024-01-25,2025-06-06,PREMIUM,39.99,Churned,COMP-01,663.83
2411,2578,2024-07-13,,STANDARD,19.99,Active,,377.14
2412,7665,2024-11-17,2026-06-16,STANDARD,19.99,Churned,TECH-01,383.81
2413,2563,2023-01-11,,BASIC,9.99,Active,,371.29
2414,9034,2024-10-26,,PREMIUM,39.99,Active,,614.51
2415,2134,2026-01-22,2027-04-14,PREMIUM,39.99,Churned,SERVICE-01,595.85
2416,1705,2025-02-22,,STANDARD,19.99,Active,,227.89
2417,4264,2023-07-11,,PREMIUM,39.99,Active,,1245.02
2418,7529,2025-04-07,,STANDARD,19.99,Active,,198.57
2419,6602,2023-10-24,2024-12-18,BASIC,9.99,Churned,COMP-01,140.19
2420,1059,2024-02-13,,STANDARD,19.99,Active,,477.76
2421,9128,2023-12-08,,PREMIUM,39.99,Active,,1045.07
2422,9274,2023-09-03,,PREMIUM,39.99,Active,,1173.04
2423,9628,2023-09-09,2024-03-01,PREMIUM,39.99,Churned,PRICE-01,231.94
2424,2838,2025-02-11,,PREMIUM,39.99,Active,,470.55
2425,1032,2023-03-04,,BASIC,9.99,Active,,353.98
2426,78,2025-05-08,,PREMIUM,39.99,Active,,355.91
2427,3580,2025-05-21,,PREMIUM,39.99,Active,,338.58
2428,4745,2026-04-22,,BASIC,9.99,Active,,-27.31
2429,9007,2023-07-25,2023-11-09,BASIC,9.99,Churned,PROD-01,35.63
2430,7177,2025-07-20,,PREMIUM,39.99,Active,,258.6
2431,3196,2023-03-15,,BASIC,9.99,Active,,350.32
2432,22,2024-02-13,2024-12-25,STANDARD,19.99,Churned,COMP-01,210.56
2433,5567,2024-11-22,2025-10-07,BASIC,9.99,Churned,PRICE-02,106.23
2434,2799,2026-04-22,,STANDARD,19.99,Active,,-54.64
2435,9677,2026-02-13,,BASIC,9.99,Active,,-4.66
2436,98,2024-06-03,2025-04-16,BASIC,9.99,Churned,PROD-01,105.56
2437,4321,2025-06-11,2026-09-03,BASIC,9.99,Churned,PRICE-01,149.52
2438,6190,2026-02-09,,PREMIUM,39.99,Active,,-13.33
2439,6693,2025-06-24,,BASIC,9.99,Active,,73.26
2440,954,2025-04-20,2026-04-23,PREMIUM,39.99,Churned,TECH-01,490.54
2441,1879,2025-02-20,,PREMIUM,39.99,Active,,458.55
2442,3812,2024-12-08,,BASIC,9.99,Active,,139.19
2443,1701,2025-07-13,,BASIC,9.99,Active,,66.93
2444,5246,2024-12-12,2025-11-08,STANDARD,19.99,Churned,PRICE-01,220.56
2445,618,2023-12-23,,BASIC,9.99,Active,,256.08
2446,2601,2025-07-20,,BASIC,9.99,Active,,64.6
2447,5483,2025-05-01,,PREMIUM,39.99,Active,,365.24
2448,5347,2025-11-21,,BASIC,9.99,Active,,23.31
2449,8751,2024-07-11,,BASIC,9.99,Active,,189.14
2450,1371,2025-02-20,,STANDARD,19.99,Active,,229.22
2451,8079,2023-05-24,,PREMIUM,39.99,Active,,1309.01
2452,1944,2023-01-04,,STANDARD,19.99,Active,,747.63
2453,4556,2025-12-03,,PREMIUM,39.99,Active,,77.31
2454,8200,2023-01-05,2023-05-23,STANDARD,19.99,Churned,TECH-01,91.95
2455,3115,2026-01-22,,BASIC,9.99,Active,,2.66
2456,962,2025-08-03,2026-03-03,BASIC,9.99,Churned,TECH-01,70.6
2457,9895,2025-02-25,,PREMIUM,39.99,Active,,451.89
2458,5545,2024-10-28,2026-10-18,PREMIUM,39.99,Churned,TECH-01,959.76
2459,5586,2024-01-01,,PREMIUM,39.99,Active,,1013.08
2460,1613,2025-08-22,,PREMIUM,39.99,Active,,214.61
2461,1331,2023-11-09,2024-02-01,BASIC,9.99,Churned,PRICE-01,27.97
2462,4674,2025-11-29,,STANDARD,19.99,Active,,41.31
2463,3135,2025-08-24,,PREMIUM,39.99,Active,,211.95
2464,5536,2023-08-24,2024-11-02,PREMIUM,39.99,Churned,COMP-01,581.19
2465,2671,2026-03-28,,PREMIUM,39.99,Active,,-75.98
2466,1596,2025-12-03,2027-07-06,STANDARD,19.99,Churned,PRICE-01,386.47
2467,2304,2024-07-02,,PREMIUM,39.99,Active,,769.14
2468,7026,2024-01-16,2025-03-29,BASIC,9.99,Churned,SERVICE-02,145.85
2469,6268,2023-12-19,,STANDARD,19.99,Active,,515.08
2470,7422,2025-09-07,,BASIC,9.99,Active,,48.28
2471,9553,2023-05-10,,BASIC,9.99,Active,,331.67
2472,9090,2025-01-06,,PREMIUM,39.99,Active,,518.54
2473,7677,2024-03-30,2025-08-12,PREMIUM,39.99,Churned,PRICE-01,666.5
2474,8934,2026-05-21,2027-01-09,BASIC,9.99,Churned,TECH-01,77.59
2475,8713,2025-12-18,,BASIC,9.99,Active,,14.32
2476,7269,2023-02-20,,PREMIUM,39.99,Active,,1432.98
2477,1454,2023-12-09,,BASIC,9.99,Active,,260.74
2478,4187,2023-05-29,,STANDARD,19.99,Active,,651.01
2479,28,2023-04-10,,PREMIUM,39.99,Active,,1367.66
2480,3028,2024-10-14,,PREMIUM,39.99,Active,,630.51
2481,1547,2025-04-21,,BASIC,9.99,Active,,94.57
2482,1289,2025-10-18,,PREMIUM,39.99,Active,,138.63
2483,8376,2024-04-01,,BASIC,9.99,Active,,222.78
2484,1514,2023-02-27,,PREMIUM,39.99,Active,,1423.64
2485,3835,2023-12-27,,BASIC,9.99,Active,,254.75
2486,4843,2025-01-11,,STANDARD,19.99,Active,,255.87
2487,7610,2025-06-30,,PREMIUM,39.99,Active,,285.26
2488,4861,2024-07-17,2026-03-15,BASIC,9.99,Churned,SERVICE-02,201.8
2489,3622,2026-06-14,,STANDARD,19.99,Active,,-89.95
2490,258,2025-08-11,2027-05-07,BASIC,9.99,Churned,SERVICE-02,211.12
2491,6878,2023-03-13,2024-12-25,PREMIUM,39.99,Churned,PRICE-02,870.45
2492,4043,2025-03-22,,STANDARD,19.99,Active,,209.23
2493,1003,2023-05-21,,STANDARD,19.99,Active,,656.34
2494,5965,2023-06-13,,BASIC,9.99,Active,,320.35
2495,3246,2023-03-06,,PREMIUM,39.99,Active,,1414.31
2496,432,2026-02-13,2027-04-18,STANDARD,19.99,Churned,PRICE-01,285.86
2497,7811,2023-07-27,,BASIC,9.99,Active,,305.69
2498,1742,2023-08-24,,STANDARD,19.99,Active,,593.04
2499,6586,2025-10-26,2027-01-22,PREMIUM,39.99,Churned,SERVICE-01,603.85
2500,8823,2026-05-14,2028-03-30,PREMIUM,39.99,Churned,PRICE-01,914.44
2501,9820,2025-02-20,,PREMIUM,39.99,Active,,458.55
2502,8699,2026-01-17,2026-04-29,STANDARD,19.99,Churned,COMP-01,67.97
2503,1731,2023-03-30,,PREMIUM,39.99,Active,,1382.32
2504,6443,2024-05-04,,PREMIUM,39.99,Active,,847.79
2505,4601,2026-04-20,2026-07-16,STANDARD,19.99,Churned,SERVICE-01,57.97
2506,6061,2025-04-17,,STANDARD,19.99,Active,,191.9
2507,5065,2024-01-21,2024-08-13,STANDARD,19.99,Churned,PRICE-01,136.6
2508,3645,2023-11-16,,PREMIUM,39.99,Active,,1074.4
2509,3212,2023-03-29,2023-10-01,PREMIUM,39.99,Churned,PRICE-01,247.94
2510,9551,2025-06-07,,BASIC,9.99,Active,,78.92
2511,4465,2026-01-10,,PREMIUM,39.99,Active,,26.66
2512,4826,2023-08-27,,BASIC,9.99,Active,,295.37
2513,2582,2025-03-05,,BASIC,9.99,Active,,110.22
2514,469,2024-05-30,,BASIC,9.99,Active,,203.13
2515,6396,2023-04-22,2024-11-11,STANDARD,19.99,Churned,SERVICE-02,379.14
2516,3978,2023-08-08,,STANDARD,19.99,Active,,603.7
2517,8939,2023-11-29,2025-08-09,STANDARD,19.99,Churned,PRICE-02,412.46
2518,5666,2026-03-17,2028-02-15,PREMIUM,39.99,Churned,PRICE-01,933.1
2519,4993,2025-01-01,,STANDARD,19.99,Active,,262.54
2520,6000,2024-07-14,,PREMIUM,39.99,Active,,753.14
2521,2604,2024-08-15,,STANDARD,19.99,Active,,355.16
2522,5677,2024-09-02,2025-07-13,STANDARD,19.99,Churned,PRICE-01,209.23
2523,7019,2026-04-01,,STANDARD,19.99,Active,,-40.65
2524,6875,2025-08-18,,STANDARD,19.99,Active,,109.94
2525,7511,2025-12-08,2026-05-08,BASIC,9.99,Churned,PRICE-02,50.28
2526,639,2024-09-09,,STANDARD,19.99,Active,,338.5
2527,8558,2025-10-05,,PREMIUM,39.99,Active,,155.96
2528,5532,2024-11-12,,PREMIUM,39.99,Active,,591.85
2529,9286,2023-11-01,2025-07-06,BASIC,9.99,Churned,SERVICE-02,204.13
2530,8037,2024-10-13,,PREMIUM,39.99,Active,,631.84
2531,3044,2025-02-13,,STANDARD,19.99,Active,,233.88
2532,5556,2025-10-14,,BASIC,9.99,Active,,35.96
2533,6899,2024-04-20,,BASIC,9.99,Active,,216.45
2534,3894,2024-03-01,,BASIC,9.99,Active,,233.1
2535,9952,2024-04-11,,PREMIUM,39.99,Active,,878.45
2536,4230,2024-08-20,,PREMIUM,39.99,Active,,703.82
2537,8450,2024-03-04,,STANDARD,19.99,Active,,464.43
2538,7064,2024-09-14,2026-07-26,PREMIUM,39.99,Churned,COMP-01,906.44
2539,3133,2025-08-14,2026-04-10,BASIC,9.99,Churned,SERVICE-01,79.59
2540,2377,2025-07-26,,BASIC,9.99,Active,,62.6
2541,8127,2024-04-07,,PREMIUM,39.99,Active,,883.78
2542,2143,2023-11-04,,BASIC,9.99,Active,,272.39
2543,55,2025-04-07,2025-12-17,BASIC,9.99,Churned,COMP-01,84.58
2544,8916,2023-09-30,2023-11-08,PREMIUM,39.99,Churned,COMP-01,51.99
2545,225,2024-01-13,,STANDARD,19.99,Active,,498.42
2546,4052,2023-07-13,2024-10-15,STANDARD,19.99,Churned,SERVICE-01,306.51
2547,9080,2023-07-27,2025-06-28,STANDARD,19.99,Churned,COMP-01,467.77
2548,261,2026-01-28,2026-04-11,BASIC,9.99,Churned,SERVICE-01,24.31
2549,7089,2025-09-20,2026-03-20,STANDARD,19.99,Churned,TECH-01,120.61
2550,5767,2024-02-18,,STANDARD,19.99,Active,,474.43
2551,611,2023-06-27,2025-03-30,PREMIUM,39.99,Churned,PRICE-01,855.79
2552,5324,2024-01-27,,PREMIUM,39.99,Active,,978.42
2553,7553,2025-05-29,,PREMIUM,39.99,Active,,327.92
2554,114,2024-08-29,,STANDARD,19.99,Active,,345.83
2555,6471,2023-08-24,2025-05-24,PREMIUM,39.99,Churned,TECH-01,851.79
2556,9427,2025-03-27,,BASIC,9.99,Active,,102.9
2557,3161,2024-12-29,,PREMIUM,39.99,Active,,529.2
2558,4370,2023-08-18,2024-03-27,PREMIUM,39.99,Churned,SERVICE-02,295.93
2559,2181,2025-01-20,,STANDARD,19.99,Active,,249.87
2560,6794,2023-11-18,,BASIC,9.99,Active,,267.73
2561,3177,2025-05-06,2027-04-23,STANDARD,19.99,Churned,SERVICE-02,477.76
2562,1090,2023-02-17,2024-06-29,STANDARD,19.99,Churned,SERVICE-01,331.83
2563,3035,2025-06-06,,PREMIUM,39.99,Active,,317.25
2564,9348,2026-03-15,,PREMIUM,39.99,Active,,-58.65
2565,2948,2025-05-23,,PREMIUM,39.99,Active,,335.92
2566,1627,2026-01-02,2027-08-08,STANDARD,19.99,Churned,PROD-01,388.47
2567,7572,2025-07-07,,PREMIUM,39.99,Active,,275.93
2568,1441,2024-04-19,,PREMIUM,39.99,Active,,867.78
2569,1578,2023-09-28,,PREMIUM,39.99,Active,,1139.72
2570,5373,2025-07-29,2026-12-24,BASIC,9.99,Churned,PRICE-01,170.83
2571,5925,2025-04-27,2026-09-22,BASIC,9.99,Churned,SERVICE-01,170.83
2572,5538,2025-05-12,,BASIC,9.99,Active,,87.58
2573,2672,2025-06-22,,STANDARD,19.99,Active,,147.93
2574,8754,2024-06-17,,BASIC,9.99,Active,,197.14
2575,8793,2024-05-14,,PREMIUM,39.99,Active,,834.46
2576,6316,2023-03-28,,STANDARD,19.99,Active,,692.32
2577,9695,2025-11-08,,PREMIUM,39.99,Active,,110.64
2578,410,2025-02-25,,BASIC,9.99,Active,,112.89
2579,9405,2025-10-28,2026-06-20,BASIC,9.99,Churned,COMP-01,78.25
2580,7558,2023-12-31,,BASIC,9.99,Active,,253.41
2581,4561,2025-06-23,,PREMIUM,39.99,Active,,294.59
2582,2757,2025-05-04,,BASIC,9.99,Active,,90.24
2583,4530,2025-04-14,2026-11-15,PREMIUM,39.99,Churned,TECH-01,773.14
2584,5074,2024-08-06,,BASIC,9.99,Active,,180.49
2585,2859,2025-10-13,,PREMIUM,39.99,Active,,145.3
2586,1232,2024-12-04,,STANDARD,19.99,Active,,281.19
2587,6397,2023-05-24,,BASIC,9.99,Active,,327.01
2588,8732,2024-10-24,,STANDARD,19.99,Active,,308.51
2589,3212,2023-03-17,2023-10-22,STANDARD,19.99,Churned,PRICE-02,145.93
2590,6727,2025-12-02,,PREMIUM,39.99,Active,,78.65
2591,3724,2025-10-11,,BASIC,9.99,Active,,36.96
2592,9347,2025-09-17,,BASIC,9.99,Active,,44.95
2593,5219,2023-10-25,,STANDARD,19.99,Active,,551.72
2594,8193,2024-04-20,2025-01-29,STANDARD,19.99,Churned,TECH-01,189.24
2595,2927,2025-10-22,2026-01-03,BASIC,9.99,Churned,TECH-01,24.31
2596,9730,2025-11-30,,STANDARD,19.99,Active,,40.65
2597,9852,2025-07-12,,STANDARD,19.99,Active,,134.6
2598,1667,2024-07-24,,STANDARD,19.99,Active,,369.81
2599,3084,2025-08-26,2027-01-21,BASIC,9.99,Churned,COMP-01,170.83
2600,49,2024-06-21,,PREMIUM,39.99,Active,,783.8
2601,9358,2024-08-26,,PREMIUM,39.99,Active,,695.83
2602,8208,2024-01-24,,STANDARD,19.99,Active,,491.09
2603,6871,2024-08-20,,BASIC,9.99,Active,,175.82
2604,9777,2024-06-13,,PREMIUM,39.99,Active,,794.47
2605,1519,2024-07-04,,BASIC,9.99,Active,,191.48
2606,5753,2024-11-06,2025-05-21,STANDARD,19.99,Churned,SERVICE-01,130.6
2607,7905,2023-06-17,,PREMIUM,39.99,Active,,1277.01
2608,1130,2024-02-01,2025-12-02,BASIC,9.99,Churned,COMP-01,223.11
2609,552,2024-04-09,,BASIC,9.99,Active,,220.11
2610,5677,2025-10-16,2027-07-12,STANDARD,19.99,Churned,PROD-01,422.46
2611,5627,2023-05-08,,STANDARD,19.99,Active,,665.0
2612,898,2025-09-28,,STANDARD,19.99,Active,,82.63
2613,1208,2025-01-15,,STANDARD,19.99,Active,,253.21
2614,6263,2023-03-19,,PREMIUM,39.99,Active,,1396.98
2615,6134,2023-12-16,,PREMIUM,39.99,Active,,1034.41
2616,2563,2023-06-29,,STANDARD,19.99,Active,,630.35
2617,2536,2024-08-29,,BASIC,9.99,Active,,172.83
2618,1862,2024-01-07,,STANDARD,19.99,Active,,502.42
2619,9311,2025-07-19,2027-03-15,BASIC,9.99,Churned,PRICE-02,201.13
2620,9248,2023-07-09,,PREMIUM,39.99,Active,,1247.69
2621,3177,2025-03-05,,STANDARD,19.99,Active,,220.56
2622,3717,2024-02-26,,PREMIUM,39.99,Active,,938.43
2623,6430,2025-05-06,2027-04-17,PREMIUM,39.99,Churned,SERVICE-02,947.76
2624,3027,2024-08-07,,BASIC,9.99,Active,,180.15
2625,3548,2023-07-19,2024-05-29,BASIC,9.99,Churned,COMP-01,104.89
2626,9959,2024-09-13,2025-03-06,BASIC,9.99,Churned,PRICE-02,57.94
2627,7627,2026-01-06,2027-04-11,STANDARD,19.99,Churned,SERVICE-02,306.51
2628,7797,2025-07-20,2026-09-07,PREMIUM,39.99,Churned,SERVICE-02,551.86
2629,8935,2025-11-06,,STANDARD,19.99,Active,,56.64
2630,3052,2023-12-06,,STANDARD,19.99,Active,,523.74
2631,4810,2023-05-28,,PREMIUM,39.99,Active,,1303.67
2632,6858,2023-06-02,2025-03-11,PREMIUM,39.99,Churned,COMP-01,863.78
2633,9017,2023-08-28,,PREMIUM,39.99,Active,,1181.04
2634,7975,2023-04-14,,STANDARD,19.99,Active,,680.99
2635,4683,2025-01-29,2026-08-24,STANDARD,19.99,Churned,SERVICE-01,381.14
2636,7193,2024-10-08,,PREMIUM,39.99,Active,,638.51
2637,4904,2025-12-15,,STANDARD,19.99,Active,,30.65
2638,9532,2025-01-22,,BASIC,9.99,Active,,124.21
2639,7348,2023-02-12,,PREMIUM,39.99,Active,,1443.64
2640,6323,2024-04-26,,PREMIUM,39.99,Active,,858.45
2641,9167,2024-11-28,,STANDARD,19.99,Active,,285.19
2642,5667,2025-06-12,,BASIC,9.99,Active,,77.26
2643,8543,2026-02-15,2026-10-15,STANDARD,19.99,Churned,SERVICE-01,161.25
2644,1768,2023-10-16,,BASIC,9.99,Active,,278.72
2645,7874,2023-02-26,,PREMIUM,39.99,Active,,1424.98
2646,4254,2025-06-24,,PREMIUM,39.99,Active,,293.26
2647,4664,2023-09-10,2025-08-21,PREMIUM,39.99,Churned,SERVICE-02,947.76
2648,7231,2023-02-26,,STANDARD,19.99,Active,,712.31
2649,6678,2026-02-09,,BASIC,9.99,Active,,-3.33
2650,1268,2026-03-10,,BASIC,9.99,Active,,-12.99
2651,8584,2025-02-06,,PREMIUM,39.99,Active,,477.21
2652,2934,2025-05-09,,STANDARD,19.99,Active,,177.24
2653,9315,2025-08-12,2026-11-04,STANDARD,19.99,Churned,PROD-01,299.18
2654,8837,2024-01-24,2026-01-08,PREMIUM,39.99,Churned,SERVICE-02,953.1
2655,7178,2024-03-24,2025-02-06,PREMIUM,39.99,Churned,PROD-01,425.23
2656,2863,2024-07-07,,BASIC,9.99,Active,,190.48
2657,499,2023-03-25,2024-03-21,PREMIUM,39.99,Churned,SERVICE-02,482.55
2658,8766,2023-09-08,,STANDARD,19.99,Active,,583.04
2659,2364,2025-01-25,,BASIC,9.99,Active,,123.21
2660,4291,2023-12-23,,STANDARD,19.99,Active,,512.41
2661,8705,2024-03-23,,PREMIUM,39.99,Active,,903.77
2662,5210,2025-03-24,,BASIC,9.99,Active,,103.9
2663,1408,2025-04-13,,BASIC,9.99,Active,,97.24
2664,1176,2026-06-05,2027-12-20,PREMIUM,39.99,Churned,PRICE-02,750.48
2665,8222,2024-02-22,2025-12-21,PREMIUM,39.99,Churned,PRICE-01,890.44
2666,8711,2026-06-29,2027-10-12,PREMIUM,39.99,Churned,PROD-01,626.51
2667,8340,2024-07-20,,STANDARD,19.99,Active,,372.48
2668,1771,2026-02-24,,PREMIUM,39.99,Active,,-33.33
2669,6716,2025-01-01,2025-05-15,BASIC,9.99,Churned,SERVICE-02,44.62
2670,231,2024-02-28,,PREMIUM,39.99,Active,,935.77
2671,3882,2023-04-01,,PREMIUM,39.99,Active,,1379.65
2672,607,2024-02-07,2025-02-13,BASIC,9.99,Churned,SERVICE-01,123.88
2673,2703,2023-08-02,,BASIC,9.99,Active,,303.7
2674,1276,2025-01-06,,PREMIUM,39.99,Active,,518.54
2675,6322,2024-02-20,,STANDARD,19.99,Active,,473.1
2676,9849,2025-09-21,2027-05-18,STANDARD,19.99,Churned,SERVICE-02,402.47
2677,3206,2025-03-23,,STANDARD,19.99,Active,,208.56
2678,8897,2023-12-30,,BASIC,9.99,Active,,253.75
2679,2948,2025-01-05,2026-05-24,BASIC,9.99,Churned,PROD-01,167.83
2680,2038,2023-05-18,,BASIC,9.99,Active,,329.0
2681,1323,2023-08-31,,PREMIUM,39.99,Active,,1177.04
2682,2345,2023-05-29,2025-03-04,BASIC,9.99,Churned,COMP-01,214.78
2683,844,2023-01-01,2024-07-30,BASIC,9.99,Churned,SERVICE-01,191.81
2684,7256,2026-06-04,,PREMIUM,39.99,Active,,-166.63
2685,5454,2025-10-18,,STANDARD,19.99,Active,,69.3
2686,7961,2023-04-30,,BASIC,9.99,Active,,335.0
2687,3549,2024-01-19,,BASIC,9.99,Active,,247.09
2688,3751,2026-01-21,,PREMIUM,39.99,Active,,12.0
2689,2088,2024-07-02,2024-10-07,PREMIUM,39.99,Churned,COMP-01,129.3
2690,3950,2025-10-21,,STANDARD,19.99,Active,,67.3
2691,4304,2026-04-19,,PREMIUM,39.99,Active,,-105.31
2692,5871,2025-02-08,,PREMIUM,39.99,Active,,474.55
2693,163,2024-02-21,,PREMIUM,39.99,Active,,945.1
2694,9838,2023-05-23,2024-11-12,PREMIUM,39.99,Churned,PRICE-02,718.49
2695,2265,2026-04-07,2027-08-14,PREMIUM,39.99,Churned,SERVICE-01,658.5
2696,8364,2025-11-17,2027-02-27,STANDARD,19.99,Churned,PRICE-02,311.18
2697,7770,2026-05-28,2027-01-07,BASIC,9.99,Churned,SERVICE-02,74.59
2698,874,2024-02-03,,PREMIUM,39.99,Active,,969.09
2699,4897,2023-10-12,2025-05-01,STANDARD,19.99,Churned,SERVICE-01,377.81
2700,5697,2023-03-04,,PREMIUM,39.99,Active,,1416.98
2701,477,2025-10-10,,PREMIUM,39.99,Active,,149.3
2702,6542,2025-06-04,,BASIC,9.99,Active,,79.92
2703,7658,2023-01-24,,PREMIUM,39.99,Active,,1468.97
2704,896,2023-12-09,,STANDARD,19.99,Active,,521.74
2705,6975,2024-09-07,,STANDARD,19.99,Active,,339.83
2706,5433,2026-04-05,2027-12-05,PREMIUM,39.99,Churned,COMP-01,811.8
2707,9067,2025-08-23,,STANDARD,19.99,Active,,106.61
2708,4385,2026-06-23,2027-08-25,STANDARD,19.99,Churned,PRICE-02,285.19
2709,1346,2025-08-03,2027-08-03,BASIC,9.99,Churned,SERVICE-01,243.09
2710,2291,2024-04-07,2025-12-21,PREMIUM,39.99,Churned,PRICE-02,830.46
2711,7513,2023-03-29,,STANDARD,19.99,Active,,691.65
2712,9292,2025-01-01,,BASIC,9.99,Active,,131.2
2713,1509,2023-08-02,,PREMIUM,39.99,Active,,1215.7
2714,2268,2024-11-03,,BASIC,9.99,Active,,150.85
2715,1213,2023-05-15,,STANDARD,19.99,Active,,660.34
2716,2269,2023-09-17,,PREMIUM,39.99,Active,,1154.38
2717,5800,2025-06-21,,BASIC,9.99,Active,,74.26
2718,8350,2025-04-15,,STANDARD,19.99,Active,,193.24
2719,4763,2024-05-09,2026-04-24,BASIC,9.99,Churned,SERVICE-01,238.09
2720,2707,2023-03-05,,BASIC,9.99,Active,,353.65
2721,21,2025-08-23,2026-12-28,PREMIUM,39.99,Churned,SERVICE-02,655.84
2722,7801,2023-02-25,,STANDARD,19.99,Active,,712.98
2723,884,2026-04-08,,BASIC,9.99,Active,,-22.64
2724,2596,2023-04-17,,PREMIUM,39.99,Active,,1358.33
2725,7796,2023-10-11,,BASIC,9.99,Active,,280.39
2726,7607,2023-06-01,2024-03-02,PREMIUM,39.99,Churned,PRICE-02,366.57
2727,6983,2025-03-25,2026-10-20,STANDARD,19.99,Churned,SERVICE-01,382.48
2728,6918,2025-12-01,2026-08-12,STANDARD,19.99,Churned,PRICE-01,169.25
2729,1014,2025-05-24,,BASIC,9.99,Active,,83.58
2730,3801,2025-03-24,2026-04-20,PREMIUM,39.99,Churned,TECH-01,522.54
2731,4220,2023-03-28,,BASIC,9.99,Active,,345.99
2732,7122,2023-02-28,,STANDARD,19.99,Active,,710.98
2733,5825,2023-07-28,,PREMIUM,39.99,Active,,1222.36
2734,2852,2023-03-16,,BASIC,9.99,Active,,349.98
2735,4549,2025-12-19,,STANDARD,19.99,Active,,27.99
2736,6875,2023-07-24,,PREMIUM,39.99,Active,,1227.69
2737,4448,2026-02-01,,BASIC,9.99,Active,,-0.67
2738,2232,2023-09-05,,PREMIUM,39.99,Active,,1170.37
2739,1310,2024-07-09,,BASIC,9.99,Active,,189.81
2740,5992,2025-08-21,,PREMIUM,39.99,Active,,215.95
2741,8515,2025-04-25,2025-11-13,BASIC,9.99,Churned,PROD-01,67.27
2742,3376,2025-05-03,,BASIC,9.99,Active,,90.58
2743,1958,2025-12-16,,STANDARD,19.99,Active,,29.98
2744,5405,2025-11-16,,STANDARD,19.99,Active,,49.97
2745,6760,2025-12-03,2027-04-15,STANDARD,19.99,Churned,SERVICE-02,331.83
2746,3055,2026-06-21,,STANDARD,19.99,Active,,-94.62
2747,5629,2024-02-27,2025-07-21,STANDARD,19.99,Churned,SERVICE-01,339.83
2748,9872,2023-05-03,,STANDARD,19.99,Active,,668.33
2749,3778,2025-01-29,,BASIC,9.99,Active,,121.88
2750,6803,2024-05-11,2025-01-11,PREMIUM,39.99,Churned,PRICE-01,326.58
2751,680,2025-08-17,,BASIC,9.99,Active,,55.28
2752,6344,2025-12-10,,STANDARD,19.99,Active,,33.98
2753,7033,2025-12-10,,BASIC,9.99,Active,,16.98
2754,4584,2026-03-02,,STANDARD,19.99,Active,,-20.66
2755,6082,2024-06-30,,PREMIUM,39.99,Active,,771.81
2756,1631,2024-08-19,2024-10-02,BASIC,9.99,Churned,PRICE-02,14.65
2757,5673,2023-10-29,,PREMIUM,39.99,Active,,1098.39
2758,8249,2024-03-04,,PREMIUM,39.99,Active,,929.1
2759,6194,2025-10-28,,BASIC,9.99,Active,,31.3
2760,7759,2024-04-20,,STANDARD,19.99,Active,,433.12
2761,3069,2026-03-21,,STANDARD,19.99,Active,,-33.32
2762,9928,2026-01-23,,BASIC,9.99,Active,,2.33
2763,3019,2024-02-06,2024-08-31,BASIC,9.99,Churned,PRICE-02,68.93
2764,9008,2024-05-09,2025-11-18,STANDARD,19.99,Churned,TECH-01,371.81
2765,8968,2023-08-02,,BASIC,9.99,Active,,303.7
2766,7123,2023-01-20,2024-12-02,STANDARD,19.99,Churned,SERVICE-01,454.44
2767,9325,2025-05-12,,STANDARD,19.99,Active,,175.25
2768,5127,2023-10-17,2023-11-18,PREMIUM,39.99,Churned,PROD-01,42.66
2769,1917,2024-04-05,2026-03-14,PREMIUM,39.99,Churned,PROD-01,943.76
2770,4377,2025-11-25,2026-08-27,BASIC,9.99,Churned,SERVICE-01,91.58
2771,6784,2024-09-28,,BASIC,9.99,Active,,162.84
2772,5461,2024-07-21,,BASIC,9.99,Active,,185.81
2773,1267,2024-03-30,2025-10-01,BASIC,9.99,Churned,SERVICE-02,183.15
2774,88,2025-11-04,,PREMIUM,39.99,Active,,115.97
2775,68,2024-05-15,,BASIC,9.99,Active,,208.12
2776,2294,2023-10-26,,BASIC,9.99,Active,,275.39
2777,903,2024-10-08,,STANDARD,19.99,Active,,319.17
2778,2734,2023-06-18,,BASIC,9.99,Active,,318.68
2779,3851,2025-01-07,2026-03-05,PREMIUM,39.99,Churned,TECH-01,562.53
2780,808,2024-08-21,,PREMIUM,39.99,Active,,702.49
2781,497,2024-08-27,,STANDARD,19.99,Active,,347.16
2782,1162,2023-05-05,,STANDARD,19.99,Active,,667.0
2783,255,2026-01-05,,BASIC,9.99,Active,,8.33
2784,8791,2023-07-28,,BASIC,9.99,Active,,305.36
2785,7632,2026-03-13,2027-12-31,STANDARD,19.99,Churned,PROD-01,438.45
2786,1633,2025-08-07,2026-03-21,BASIC,9.99,Churned,COMP-01,75.26
2787,721,2025-04-21,,STANDARD,19.99,Active,,189.24
2788,955,2024-04-07,,PREMIUM,39.99,Active,,883.78
2789,8698,2023-03-25,2024-05-01,PREMIUM,39.99,Churned,SERVICE-02,537.2
2790,7039,2023-09-23,,BASIC,9.99,Active,,286.38
2791,3226,2024-03-01,,BASIC,9.99,Active,,233.1
2792,3910,2023-08-09,,STANDARD,19.99,Active,,603.03
2793,5004,2026-01-12,,STANDARD,19.99,Active,,11.99
2794,3265,2025-05-03,2025-08-03,BASIC,9.99,Churned,PROD-01,30.64
2795,5726,2023-04-25,2024-03-01,BASIC,9.99,Churned,PRICE-01,103.56
2796,7004,2026-01-01,2027-11-12,PREMIUM,39.99,Churned,PROD-01,906.44
2797,5144,2025-10-12,2026-12-06,STANDARD,19.99,Churned,COMP-01,279.86
2798,6811,2023-07-14,,STANDARD,19.99,Active,,620.36
2799,4168,2025-03-25,,STANDARD,19.99,Active,,207.23
2800,1968,2024-03-17,,STANDARD,19.99,Active,,455.77
2801,8275,2025-10-28,,STANDARD,19.99,Active,,62.64
2802,83,2023-08-19,2024-01-08,BASIC,9.99,Churned,PRICE-02,47.29
2803,7268,2024-01-22,,STANDARD,19.99,Active,,492.42
2804,8366,2023-11-22,,STANDARD,19.99,Active,,533.07
2805,1600,2025-06-09,2026-03-12,BASIC,9.99,Churned,COMP-01,91.91
2806,2922,2026-05-26,2026-11-22,BASIC,9.99,Churned,SERVICE-01,59.94
2807,8884,2024-08-26,,PREMIUM,39.99,Active,,695.83
2808,7879,2025-02-21,2025-09-07,STANDARD,19.99,Churned,PROD-01,131.93
2809,2315,2023-02-04,2023-12-06,BASIC,9.99,Churned,SERVICE-01,101.56
2810,728,2026-01-24,,BASIC,9.99,Active,,2.0
2811,1944,2023-07-06,,STANDARD,19.99,Active,,625.69
2812,6047,2026-03-21,,STANDARD,19.99,Active,,-33.32
2813,6907,2025-12-04,,STANDARD,19.99,Active,,37.98
2814,827,2023-05-17,,BASIC,9.99,Active,,329.34
2815,5759,2023-04-12,,PREMIUM,39.99,Active,,1364.99
2816,2009,2023-06-27,2024-01-09,PREMIUM,39.99,Churned,PROD-01,261.27
2817,4394,2024-02-21,,STANDARD,19.99,Active,,472.43
2818,3912,2024-10-16,,PREMIUM,39.99,Active,,627.84
2819,3377,2025-03-15,,STANDARD,19.99,Active,,213.89
2820,9469,2025-05-18,,BASIC,9.99,Active,,85.58
2821,2104,2023-06-02,2025-04-19,STANDARD,19.99,Churned,PROD-01,457.77
2822,6372,2025-09-23,,BASIC,9.99,Active,,42.96
2823,5244,2024-07-01,,PREMIUM,39.99,Active,,770.47
2824,5751,2023-03-11,,PREMIUM,39.99,Active,,1407.65
2825,310,2024-06-07,,PREMIUM,39.99,Active,,802.47
2826,8164,2025-03-19,,STANDARD,19.99,Active,,211.23
2827,1615,2025-05-01,,PREMIUM,39.99,Active,,365.24
2828,8339,2025-11-07,2027-06-24,BASIC,9.99,Churned,PRICE-02,197.8
2829,3156,2023-05-10,,STANDARD,19.99,Active,,663.67
2830,8807,2023-09-24,,STANDARD,19.99,Active,,572.38
2831,6360,2025-12-16,2026-12-08,PREMIUM,39.99,Churned,PRICE-01,475.88
2832,1727,2024-04-15,,PREMIUM,39.99,Active,,873.12
2833,8875,2024-02-17,,BASIC,9.99,Active,,237.43
2834,6011,2026-05-23,2028-05-14,PREMIUM,39.99,Churned,SERVICE-01,962.43
2835,1789,2024-05-22,2024-12-19,PREMIUM,39.99,Churned,COMP-01,281.26
2836,3700,2024-02-05,2024-12-17,BASIC,9.99,Churned,SERVICE-01,105.23
2837,7432,2023-05-10,,BASIC,9.99,Active,,331.67
2838,7354,2025-10-05,,BASIC,9.99,Active,,38.96
2839,7982,2023-10-13,,PREMIUM,39.99,Active,,1119.72
2840,774,2025-04-30,,STANDARD,19.99,Active,,183.24
2841,6581,2025-08-15,,BASIC,9.99,Active,,55.94
2842,9257,2023-10-06,,STANDARD,19.99,Active,,564.38
2843,7750,2023-10-29,,PREMIUM,39.99,Active,,1098.39
2844,624,2024-02-17,,PREMIUM,39.99,Active,,950.43
2845,6359,2024-05-30,,BASIC,9.99,Active,,203.13
2846,7873,2024-07-01,,STANDARD,19.99,Active,,385.14
2847,9796,2025-05-08,2025-06-07,PREMIUM,39.99,Churned,SERVICE-02,39.99
2848,362,2024-07-17,,STANDARD,19.99,Active,,374.48
2849,7106,2026-04-24,2026-06-03,PREMIUM,39.99,Churned,COMP-01,53.32
2850,5889,2026-03-15,,STANDARD,19.99,Active,,-29.32
2851,1644,2024-10-31,2026-06-22,BASIC,9.99,Churned,PRICE-02,199.47
2852,9022,2026-03-14,,PREMIUM,39.99,Active,,-57.32
2853,1425,2023-07-30,,PREMIUM,39.99,Active,,1219.7
2854,7878,2024-07-26,,STANDARD,19.99,Active,,368.48
2855,4985,2024-09-18,,BASIC,9.99,Active,,166.17
2856,3891,2023-11-28,,BASIC,9.99,Active,,264.4
2857,5272,2023-09-07,2024-10-27,BASIC,9.99,Churned,PRICE-02,138.53
2858,1850,2025-02-15,,STANDARD,19.99,Active,,232.55
2859,2206,2024-04-14,,PREMIUM,39.99,Active,,874.45
2860,6686,2025-04-11,,PREMIUM,39.99,Active,,391.9
2861,6624,2023-05-18,,BASIC,9.99,Active,,329.0
2862,5240,2024-10-06,,PREMIUM,39.99,Active,,641.17
2863,7078,2024-05-18,,BASIC,9.99,Active,,207.13
2864,5197,2025-11-04,,PREMIUM,39.99,Active,,115.97
2865,9691,2025-06-12,2027-05-26,STANDARD,19.99,Churned,PROD-01,475.1
2866,2779,2026-04-09,,BASIC,9.99,Active,,-22.98
2867,9303,2024-06-16,,PREMIUM,39.99,Active,,790.47
2868,5544,2025-03-15,,STANDARD,19.99,Active,,213.89
2869,3943,2025-09-14,,BASIC,9.99,Active,,45.95
2870,5730,2023-06-09,,PREMIUM,39.99,Active,,1287.68
2871,9041,2026-06-08,,STANDARD,19.99,Active,,-85.96
2872,4025,2023-03-29,2025-01-18,STANDARD,19.99,Churned,PRICE-01,440.45
2873,643,2023-07-17,,PREMIUM,39.99,Active,,1237.02
2874,3810,2023-02-16,2024-09-27,STANDARD,19.99,Churned,PRICE-02,392.47
2875,1400,2025-11-14,2026-06-22,PREMIUM,39.99,Churned,SERVICE-02,293.26
2876,2681,2025-11-22,2027-03-20,STANDARD,19.99,Churned,COMP-01,321.84
2877,3436,2024-06-29,,STANDARD,19.99,Active,,386.47
2878,9551,2023-01-30,,PREMIUM,39.99,Active,,1460.97
2879,3079,2025-02-02,2026-07-30,BASIC,9.99,Churned,PRICE-01,180.82
2880,9125,2023-10-26,,BASIC,9.99,Active,,275.39
2881,7764,2025-11-24,2027-05-10,BASIC,9.99,Churned,SERVICE-02,177.16
2882,1537,2024-06-21,,BASIC,9.99,Active,,195.8
2883,4662,2025-08-08,,BASIC,9.99,Active,,58.27
2884,8052,2026-02-26,,BASIC,9.99,Active,,-8.99
2885,8161,2024-05-07,,STANDARD,19.99,Active,,421.79
2886,4288,2024-04-19,,BASIC,9.99,Active,,216.78
2887,1088,2025-03-05,,PREMIUM,39.99,Active,,441.22
2888,8659,2024-02-07,,BASIC,9.99,Active,,240.76
2889,1019,2024-08-28,2024-12-28,BASIC,9.99,Churned,PRICE-02,40.63
2890,3913,2024-02-24,2026-01-07,BASIC,9.99,Churned,PRICE-02,227.44
2891,1925,2025-01-03,2026-09-27,STANDARD,19.99,Churned,PRICE-01,421.12
2892,4183,2024-09-13,,BASIC,9.99,Active,,167.83
2893,4051,2025-06-28,,PREMIUM,39.99,Active,,287.93
2894,1785,2024-07-05,,STANDARD,19.99,Active,,382.48
2895,9152,2025-04-28,2027-01-12,PREMIUM,39.99,Churned,PRICE-02,831.79
2896,7637,2024-06-16,2025-04-14,STANDARD,19.99,Churned,SERVICE-01,201.23
2897,4093,2025-12-21,,PREMIUM,39.99,Active,,53.32
2898,6890,2025-02-22,,STANDARD,19.99,Active,,227.89
2899,1237,2026-01-02,2026-12-15,PREMIUM,39.99,Churned,SERVICE-02,462.55
2900,9190,2024-02-23,2025-04-10,PREMIUM,39.99,Churned,PROD-01,549.2
2901,8935,2025-11-02,2026-07-01,PREMIUM,39.99,Churned,SERVICE-02,321.25
2902,5379,2026-06-26,2027-06-07,PREMIUM,39.99,Churned,SERVICE-02,461.22
2903,730,2026-05-17,2026-09-30,PREMIUM,39.99,Churned,SERVICE-01,181.29
2904,8444,2023-02-26,2023-07-27,STANDARD,19.99,Churned,COMP-01,100.62
2905,3034,2024-11-20,,PREMIUM,39.99,Active,,581.19
2906,245,2023-03-24,2023-12-07,PREMIUM,39.99,Churned,COMP-01,343.91
2907,2152,2024-11-02,,PREMIUM,39.99,Active,,605.18
2908,6916,2024-07-17,,BASIC,9.99,Active,,187.15
2909,8761,2026-02-24,2027-11-10,PREMIUM,39.99,Churned,SERVICE-02,831.79
2910,8904,2025-07-01,,BASIC,9.99,Active,,70.93
2911,6606,2025-12-25,,STANDARD,19.99,Active,,23.99
2912,9508,2023-10-09,,BASIC,9.99,Active,,281.05
2913,9406,2024-05-11,2025-09-21,PREMIUM,39.99,Churned,TECH-01,663.83
2914,7423,2023-08-03,,PREMIUM,39.99,Active,,1214.36
2915,8231,2024-05-19,,PREMIUM,39.99,Active,,827.79
2916,6174,2024-05-16,,STANDARD,19.99,Active,,415.79
2917,4857,2024-12-08,2026-01-22,PREMIUM,39.99,Churned,TECH-01,546.53
2918,9784,2024-03-10,,STANDARD,19.99,Active,,460.44
2919,5239,2024-08-26,2026-01-13,PREMIUM,39.99,Churned,SERVICE-02,673.16
2920,7106,2023-09-01,,STANDARD,19.99,Active,,587.71
2921,8307,2023-11-01,,BASIC,9.99,Active,,273.39
2922,7576,2024-09-16,,STANDARD,19.99,Active,,333.83
2923,6742,2023-05-09,,PREMIUM,39.99,Active,,1329.0
2924,4067,2023-04-22,,STANDARD,19.99,Active,,675.66
2925,3670,2024-10-06,,PREMIUM,39.99,Active,,641.17
2926,7662,2026-03-24,,STANDARD,19.99,Active,,-35.32
2927,2879,2023-11-16,,STANDARD,19.99,Active,,537.06
2928,8194,2023-07-15,2024-11-15,STANDARD,19.99,Churned,PRICE-01,325.84
2929,7320,2025-11-20,,BASIC,9.99,Active,,23.64
2930,8924,2023-06-22,,STANDARD,19.99,Active,,635.02
2931,6597,2026-05-10,2027-06-12,BASIC,9.99,Churned,PRICE-02,132.53
2932,1333,2024-12-13,2025-08-15,STANDARD,19.99,Churned,PRICE-02,163.25
2933,1093,2023-06-07,,BASIC,9.99,Active,,322.34
2934,5444,2025-04-22,2027-04-18,PREMIUM,39.99,Churned,COMP-01,967.76
2935,9565,2024-07-09,2026-01-10,BASIC,9.99,Churned,COMP-01,183.15
2936,247,2023-08-14,2025-08-05,BASIC,9.99,Churned,PRICE-02,240.43
2937,9641,2026-06-13,2027-06-19,PREMIUM,39.99,Churned,TECH-01,494.54
2938,8191,2025-08-22,,STANDARD,19.99,Active,,107.28
2939,3572,2023-12-08,,BASIC,9.99,Active,,261.07
2940,8807,2025-09-01,,BASIC,9.99,Active,,50.28
2941,523,2023-04-12,,STANDARD,19.99,Active,,682.33
2942,9538,2025-06-27,,PREMIUM,39.99,Active,,289.26
2943,9851,2023-02-17,,PREMIUM,39.99,Active,,1436.97
2944,2088,2024-03-24,,BASIC,9.99,Active,,225.44
2945,1362,2024-12-07,2025-08-24,STANDARD,19.99,Churned,TECH-01,173.25
2946,5023,2024-10-17,,STANDARD,19.99,Active,,313.18
2947,9224,2024-09-18,,STANDARD,19.99,Active,,332.5
2948,7441,2024-11-27,,BASIC,9.99,Active,,142.86
2949,4674,2026-01-01,2027-06-14,PREMIUM,39.99,Churned,PRICE-01,705.16
2950,1832,2023-09-30,,PREMIUM,39.99,Active,,1137.05
2951,2595,2024-02-07,,STANDARD,19.99,Active,,481.76
2952,5181,2023-03-29,,PREMIUM,39.99,Active,,1383.65
2953,4196,2026-06-06,,BASIC,9.99,Active,,-42.29
2954,771,2023-06-20,,PREMIUM,39.99,Active,,1273.02
2955,6842,2023-11-02,,BASIC,9.99,Active,,273.06
2956,6420,2026-03-15,,STANDARD,19.99,Active,,-29.32
2957,178,2026-05-08,,PREMIUM,39.99,Active,,-130.63
2958,2687,2025-07-02,,PREMIUM,39.99,Active,,282.6
2959,931,2026-03-20,2026-12-27,BASIC,9.99,Churned,PRICE-02,93.91
2960,1656,2025-08-12,2026-10-23,STANDARD,19.99,Churned,SERVICE-02,291.19
2961,7354,2024-09-09,,BASIC,9.99,Active,,169.16
2962,1256,2025-07-07,,PREMIUM,39.99,Active,,275.93
2963,7615,2025-12-12,,BASIC,9.99,Active,,16.32
2964,5466,2024-04-16,,PREMIUM,39.99,Active,,871.78
2965,9808,2025-06-23,2025-09-07,BASIC,9.99,Churned,SERVICE-02,25.31
2966,1287,2024-07-17,2026-03-02,PREMIUM,39.99,Churned,PROD-01,790.47
2967,367,2025-02-19,,BASIC,9.99,Active,,114.89
2968,3970,2023-03-31,2024-12-16,BASIC,9.99,Churned,PROD-01,208.46
2969,6515,2024-06-14,,BASIC,9.99,Active,,198.13
2970,3127,2023-05-30,,STANDARD,19.99,Active,,650.34
2971,1473,2024-04-26,,STANDARD,19.99,Active,,429.12
2972,1473,2025-04-17,2026-02-03,STANDARD,19.99,Churned,PRICE-01,194.57
2973,4569,2025-03-09,2026-03-27,STANDARD,19.99,Churned,SERVICE-01,255.21
2974,4916,2024-12-31,,STANDARD,19.99,Active,,263.2
2975,3004,2025-04-12,2026-04-25,BASIC,9.99,Churned,SERVICE-01,125.87
2976,9618,2025-05-28,,BASIC,9.99,Active,,82.25
2977,4943,2024-09-30,,PREMIUM,39.99,Active,,649.17
2978,5718,2024-11-21,,PREMIUM,39.99,Active,,579.86
2979,3169,2023-10-09,,BASIC,9.99,Active,,281.05
2980,6257,2024-04-17,,BASIC,9.99,Active,,217.45
2981,6752,2024-12-13,,PREMIUM,39.99,Active,,550.53
2982,6548,2025-05-17,,STANDARD,19.99,Active,,171.91
2983,7315,2025-11-13,,STANDARD,19.99,Active,,51.97
2984,5335,2024-04-08,2025-03-28,BASIC,9.99,Churned,TECH-01,117.88
2985,24,2023-03-11,2023-07-08,BASIC,9.99,Churned,SERVICE-02,39.63
2986,5995,2025-01-06,,BASIC,9.99,Active,,129.54
2987,7554,2023-09-03,2025-07-30,BASIC,9.99,Churned,SERVICE-02,231.77
2988,6997,2026-04-22,2027-09-25,PREMIUM,39.99,Churned,SERVICE-02,694.49
2989,8312,2024-02-21,,PREMIUM,39.99,Active,,945.1
2990,3408,2023-09-17,,STANDARD,19.99,Active,,577.04
2991,5607,2023-06-10,,BASIC,9.99,Active,,321.34
2992,4514,2025-01-26,2025-12-03,PREMIUM,39.99,Churned,TECH-01,414.56
2993,9568,2024-12-14,,BASIC,9.99,Active,,137.2
2994,5184,2026-03-12,,BASIC,9.99,Active,,-13.65
2995,402,2025-01-24,,PREMIUM,39.99,Active,,494.54
2996,4350,2026-03-30,2026-07-15,BASIC,9.99,Churned,TECH-01,35.63
2997,8532,2026-06-16,,STANDARD,19.99,Active,,-91.29
2998,6204,2023-05-08,,BASIC,9.99,Active,,332.33
2999,9848,2024-10-09,,PREMIUM,39.99,Active,,637.17
3000,6620,2025-10-17,,STANDARD,19.99,Active,,69.96
3001,3350,2024-07-15,2024-11-09,BASIC,9.99,Churned,PRICE-01,38.96
3002,566,2025-08-04,,STANDARD,19.99,Active,,119.27
3003,9550,2024-08-22,2025-12-04,BASIC,9.99,Churned,TECH-01,156.18
3004,4592,2024-04-22,2025-02-17,BASIC,9.99,Churned,TECH-01,100.23
3005,7735,2026-01-24,,PREMIUM,39.99,Active,,8.0
3006,9995,2024-08-15,,PREMIUM,39.99,Active,,710.49
3007,2593,2023-07-11,,PREMIUM,39.99,Active,,1245.02
3008,798,2024-06-21,,PREMIUM,39.99,Active,,783.8
3009,6279,2023-10-30,,BASIC,9.99,Active,,274.06
3010,2481,2025-03-17,,PREMIUM,39.99,Active,,425.23
3011,6407,2024-10-29,,BASIC,9.99,Active,,152.51
3012,3605,2024-07-07,2025-10-18,BASIC,9.99,Churned,SERVICE-01,155.84
3013,8022,2024-04-05,2024-08-26,PREMIUM,39.99,Churned,PROD-01,190.62
3014,9954,2025-08-15,2027-04-24,BASIC,9.99,Churned,PROD-01,205.46
3015,1772,2023-05-27,,BASIC,9.99,Active,,326.01
3016,3472,2024-08-19,2025-11-29,BASIC,9.99,Churned,PRICE-02,155.51
3017,3916,2025-11-17,,PREMIUM,39.99,Active,,98.64
3018,3471,2023-09-11,,PREMIUM,39.99,Active,,1162.38
3019,4396,2023-04-24,,STANDARD,19.99,Active,,674.33
3020,8092,2024-03-16,,PREMIUM,39.99,Active,,913.11
3021,7376,2023-03-11,,STANDARD,19.99,Active,,703.65
3022,9390,2023-06-24,,STANDARD,19.99,Active,,633.68
3023,1399,2024-07-31,,BASIC,9.99,Active,,182.48
3024,2447,2026-03-22,,BASIC,9.99,Active,,-16.98
3025,5346,2024-12-22,,PREMIUM,39.99,Active,,538.53
3026,3434,2023-10-16,,STANDARD,19.99,Active,,557.72
3027,6117,2025-09-07,,BASIC,9.99,Active,,48.28
3028,2746,2024-08-26,2026-01-09,PREMIUM,39.99,Churned,PROD-01,667.83
3029,2250,2023-10-03,,PREMIUM,39.99,Active,,1133.05
3030,5801,2025-12-23,2026-02-13,PREMIUM,39.99,Churned,TECH-01,69.32
3031,4468,2025-08-24,2025-10-21,PREMIUM,39.99,Churned,COMP-01,77.31
3032,4157,2023-09-19,,BASIC,9.99,Active,,287.71
3033,7313,2024-08-18,,PREMIUM,39.99,Active,,706.49
3034,7031,2025-12-17,,PREMIUM,39.99,Active,,58.65
3035,9993,2025-12-28,,PREMIUM,39.99,Active,,43.99
3036,8785,2023-11-09,,PREMIUM,39.99,Active,,1083.73
3037,4677,2025-05-07,,STANDARD,19.99,Active,,178.58
3038,1586,2024-11-06,,STANDARD,19.99,Active,,299.85
3039,2133,2023-06-06,,PREMIUM,39.99,Active,,1291.68
3040,3473,2025-01-13,,PREMIUM,39.99,Active,,509.21
3041,4667,2023-07-26,2025-06-30,PREMIUM,39.99,Churned,PROD-01,939.77
3042,7196,2026-04-29,,BASIC,9.99,Active,,-29.64
3043,2661,2025-09-26,2026-03-16,BASIC,9.99,Churned,SERVICE-01,56.94
3044,2601,2025-09-27,,STANDARD,19.99,Active,,83.29
3045,9113,2023-05-04,,PREMIUM,39.99,Active,,1335.67
3046,8396,2023-09-23,,PREMIUM,39.99,Active,,1146.38
3047,5578,2025-12-26,,STANDARD,19.99,Active,,23.32
3048,5610,2025-08-25,2027-02-02,BASIC,9.99,Churned,TECH-01,175.16
3049,8872,2023-05-19,,STANDARD,19.99,Active,,657.67
3050,122,2024-11-18,,STANDARD,19.99,Active,,291.85
3051,4638,2025-05-17,,PREMIUM,39.99,Active,,343.91
3052,6952,2023-08-22,,STANDARD,19.99,Active,,594.37
3053,4405,2026-01-16,,BASIC,9.99,Active,,4.66
3054,7508,2024-07-12,,PREMIUM,39.99,Active,,755.81
3055,551,2025-12-23,,STANDARD,19.99,Active,,25.32
3056,2991,2025-02-25,,STANDARD,19.99,Active,,225.89
3057,9487,2023-09-26,,BASIC,9.99,Active,,285.38
3058,4393,2025-07-16,2027-06-24,STANDARD,19.99,Churned,COMP-01,471.76
3059,3801,2023-11-13,2024-04-12,STANDARD,19.99,Churned,COMP-01,100.62
3060,9622,2023-05-05,,STANDARD,19.99,Active,,667.0
3061,85,2026-01-16,,PREMIUM,39.99,Active,,18.66
3062,9891,2024-05-01,,STANDARD,19.99,Active,,425.79
3063,4323,2023-01-23,,STANDARD,19.99,Active,,734.97
3064,8909,2026-04-08,2028-03-22,BASIC,9.99,Churned,SERVICE-02,237.76
3065,453,2025-02-17,,STANDARD,19.99,Active,,231.22
3066,5674,2025-10-23,,PREMIUM,39.99,Active,,131.97
3067,7026,2023-06-03,,BASIC,9.99,Active,,323.68
3068,4928,2024-05-18,,BASIC,9.99,Active,,207.13
3069,7350,2024-07-08,2025-04-29,STANDARD,19.99,Churned,COMP-01,196.57
3070,4674,2024-01-31,2024-08-16,PREMIUM,39.99,Churned,SERVICE-01,263.93
3071,8487,2026-06-28,,STANDARD,19.99,Active,,-99.28
3072,2119,2023-02-20,,STANDARD,19.99,Active,,716.31
3073,2817,2024-10-19,2026-10-13,PREMIUM,39.99,Churned,PRICE-02,965.09
3074,96,2024-09-15,2026-04-30,STANDARD,19.99,Churned,PRICE-02,394.47
3075,842,2024-11-01,2026-05-05,PREMIUM,39.99,Churned,PRICE-02,733.15
3076,350,2023-08-26,,PREMIUM,39.99,Active,,1183.7
3077,8229,2026-06-24,,BASIC,9.99,Active,,-48.28
3078,8429,2023-04-23,,BASIC,9.99,Active,,337.33
3079,590,2024-12-18,2026-01-16,PREMIUM,39.99,Churned,PRICE-02,525.2
3080,1885,2026-06-05,,BASIC,9.99,Active,,-41.96
3081,9722,2026-03-21,2026-11-06,STANDARD,19.99,Churned,PROD-01,153.26
3082,5661,2023-04-06,,PREMIUM,39.99,Active,,1372.99
3083,9256,2026-03-10,,BASIC,9.99,Active,,-12.99
3084,2570,2026-05-03,2028-01-17,STANDARD,19.99,Churned,PRICE-02,415.79
3085,9626,2025-05-30,,PREMIUM,39.99,Active,,326.58
3086,5164,2023-06-16,,BASIC,9.99,Active,,319.35
3087,2750,2025-10-16,,BASIC,9.99,Active,,35.3
3088,9199,2026-03-08,2027-07-25,BASIC,9.99,Churned,COMP-01,167.83
3089,9350,2023-06-13,2024-03-22,PREMIUM,39.99,Churned,SERVICE-01,377.24
3090,4107,2023-11-11,,BASIC,9.99,Active,,270.06
3091,557,2024-09-23,,BASIC,9.99,Active,,164.5
3092,2798,2025-03-19,,STANDARD,19.99,Active,,211.23
3093,73,2025-08-20,,PREMIUM,39.99,Active,,217.28
3094,527,2023-10-19,,BASIC,9.99,Active,,277.72
3095,8752,2025-04-12,,BASIC,9.99,Active,,97.57
3096,5688,2024-09-04,2026-04-12,BASIC,9.99,Churned,SERVICE-01,194.81
3097,2432,2026-02-22,,STANDARD,19.99,Active,,-15.33
3098,8295,2026-03-16,2027-11-11,PREMIUM,39.99,Churned,TECH-01,806.47
3099,9594,2025-10-10,2026-04-23,STANDARD,19.99,Churned,PROD-01,129.94
3100,819,2026-01-10,,PREMIUM,39.99,Active,,26.66
3101,5868,2023-12-18,2024-06-08,BASIC,9.99,Churned,PROD-01,57.61
3102,8360,2026-02-24,2026-05-11,STANDARD,19.99,Churned,PRICE-01,50.64
3103,9381,2023-02-06,,PREMIUM,39.99,Active,,1451.64
3104,7483,2026-05-31,,PREMIUM,39.99,Active,,-161.29
3105,4599,2023-02-09,,BASIC,9.99,Active,,361.64
3106,7243,2023-09-02,,BASIC,9.99,Active,,293.37
3107,9548,2023-04-01,,BASIC,9.99,Active,,344.66
3108,4845,2023-01-23,2023-11-03,PREMIUM,39.99,Churned,SERVICE-02,378.57
3109,2062,2023-08-01,,PREMIUM,39.99,Active,,1217.03
3110,351,2025-03-29,,BASIC,9.99,Active,,102.23
3111,9867,2025-04-20,,PREMIUM,39.99,Active,,379.91
3112,4576,2025-06-01,,PREMIUM,39.99,Active,,323.92
3113,4409,2024-09-05,,BASIC,9.99,Active,,170.5
3114,9247,2024-01-08,,PREMIUM,39.99,Active,,1003.75
3115,8864,2023-03-12,,PREMIUM,39.99,Active,,1406.32
3116,8033,2024-05-08,,BASIC,9.99,Active,,210.46
3117,3017,2024-11-21,2025-12-03,PREMIUM,39.99,Churned,PROD-01,502.54
3118,9748,2024-02-02,2024-05-25,STANDARD,19.99,Churned,TECH-01,75.3
3119,9528,2023-08-09,,STANDARD,19.99,Active,,603.03
3120,8138,2025-09-07,,BASIC,9.99,Active,,48.28
3121,1447,2023-03-22,2025-02-08,PREMIUM,39.99,Churned,PROD-01,918.44
3122,772,2024-12-22,,BASIC,9.99,Active,,134.53
3123,3588,2023-03-15,2024-04-05,STANDARD,19.99,Churned,COMP-01,257.87
3124,2434,2026-01-04,,BASIC,9.99,Active,,8.66
3125,7704,2026-03-31,,BASIC,9.99,Active,,-19.98
3126,181,2023-04-16,2023-08-12,STANDARD,19.99,Churned,SERVICE-01,78.63
3127,5252,2023-10-24,2025-06-01,PREMIUM,39.99,Churned,PROD-01,781.14
3128,7109,2023-05-28,,STANDARD,19.99,Active,,651.67
3129,1806,2025-12-17,,PREMIUM,39.99,Active,,58.65
3130,3625,2024-03-10,,PREMIUM,39.99,Active,,921.1
3131,6151,2023-09-21,,BASIC,9.99,Active,,287.05
3132,4980,2024-09-25,2025-02-20,BASIC,9.99,Churned,PRICE-01,49.28
3133,8552,2024-02-24,,PREMIUM,39.99,Active,,941.1
3134,5538,2026-05-02,,PREMIUM,39.99,Active,,-122.64
3135,1879,2026-01-02,,PREMIUM,39.99,Active,,37.32
3136,6331,2025-05-01,,STANDARD,19.99,Active,,182.58
3137,5502,2024-11-11,,BASIC,9.99,Active,,148.19
3138,3814,2026-06-05,,STANDARD,19.99,Active,,-83.96
3139,6932,2025-11-09,,STANDARD,19.99,Active,,54.64
3140,4565,2025-03-31,,BASIC,9.99,Active,,101.56
3141,7382,2024-05-31,,STANDARD,19.99,Active,,405.8
3142,11,2025-06-20,,PREMIUM,39.99,Active,,298.59
3143,8960,2025-05-22,2025-10-09,BASIC,9.99,Churned,PRICE-01,46.62
3144,6716,2026-05-07,,BASIC,9.99,Active,,-32.3
3145,2969,2025-06-30,2026-03-27,STANDARD,19.99,Churned,PRICE-02,179.91
3146,6299,2025-03-02,2026-11-04,STANDARD,19.99,Churned,TECH-01,407.8
3147,5149,2024-01-04,,BASIC,9.99,Active,,252.08
3148,9960,2025-08-01,,PREMIUM,39.99,Active,,242.61
3149,1975,2024-12-17,,PREMIUM,39.99,Active,,545.2
3150,8202,2024-07-19,,PREMIUM,39.99,Active,,746.48
3151,5337,2025-05-02,2027-02-03,BASIC,9.99,Churned,PRICE-01,213.79
3152,5675,2026-02-05,2027-04-21,STANDARD,19.99,Churned,COMP-01,293.19
3153,9144,2025-06-27,2026-03-02,BASIC,9.99,Churned,SERVICE-01,82.58
3154,6016,2023-05-14,2024-12-10,PREMIUM,39.99,Churned,COMP-01,767.81
3155,3358,2025-10-11,2026-08-27,BASIC,9.99,Churned,COMP-01,106.56
3156,4470,2025-12-28,,BASIC,9.99,Active,,10.99
3157,9967,2024-04-28,,BASIC,9.99,Active,,213.79
3158,95,2023-12-03,,STANDARD,19.99,Active,,525.74
3159,6566,2025-08-10,,PREMIUM,39.99,Active,,230.61
3160,9878,2024-02-25,2024-10-04,PREMIUM,39.99,Churned,PRICE-02,295.93
3161,1406,2024-04-12,,STANDARD,19.99,Active,,438.45
3162,2760,2025-06-27,2026-05-17,STANDARD,19.99,Churned,PRICE-01,215.89
3163,3894,2025-12-28,,PREMIUM,39.99,Active,,43.99
3164,5686,2024-07-17,,BASIC,9.99,Active,,187.15
3165,9415,2023-01-06,,PREMIUM,39.99,Active,,1492.96
3166,7056,2023-04-20,,STANDARD,19.99,Active,,676.99
3167,1890,2025-09-26,,BASIC,9.99,Active,,41.96
3168,1807,2024-12-20,,BASIC,9.99,Active,,135.2
3169,7236,2025-07-02,,PREMIUM,39.99,Active,,282.6
3170,1605,2026-02-07,2027-02-05,BASIC,9.99,Churned,COMP-01,120.88
3171,2658,2025-08-10,,BASIC,9.99,Active,,57.61
3172,5377,2023-02-04,2023-12-27,BASIC,9.99,Churned,COMP-01,108.56
3173,4449,2023-07-01,,STANDARD,19.99,Active,,629.02
3174,8733,2026-06-15,,BASIC,9.99,Active,,-45.29
3175,1395,2026-04-11,,PREMIUM,39.99,Active,,-94.64
3176,7121,2023-05-12,2024-05-16,STANDARD,19.99,Churned,SERVICE-01,246.54
3177,9253,2026-02-03,,BASIC,9.99,Active,,-1.33
3178,7574,2024-06-16,,PREMIUM,39.99,Active,,790.47
3179,2422,2026-01-16,,STANDARD,19.99,Active,,9.33
3180,8421,2025-11-14,,PREMIUM,39.99,Active,,102.64
3181,7684,2023-03-02,2025-01-05,PREMIUM,39.99,Churned,PROD-01,899.78
3182,9141,2025-03-03,2027-01-04,STANDARD,19.99,Churned,PROD-01,447.78
3183,3905,2025-04-04,,BASIC,9.99,Active,,100.23
3184,9802,2024-07-11,,STANDARD,19.99,Active,,378.48
3185,3571,2023-07-02,,BASIC,9.99,Active,,314.02
3186,8606,2026-06-25,,BASIC,9.99,Active,,-48.62
3187,6944,2025-01-02,,BASIC,9.99,Active,,130.87
3188,2832,2023-03-25,,STANDARD,19.99,Active,,694.32
3189,8702,2025-07-22,,PREMIUM,39.99,Active,,255.94
3190,1906,2026-05-23,2027-10-09,BASIC,9.99,Churned,SERVICE-02,167.83
3191,1614,2023-10-26,2025-06-05,STANDARD,19.99,Churned,PRICE-01,391.8
3192,7371,2024-10-30,2025-10-13,PREMIUM,39.99,Churned,PRICE-02,463.88
3193,4314,2026-01-21,,STANDARD,19.99,Active,,6.0
3194,319,2025-04-27,,BASIC,9.99,Active,,92.57
3195,2277,2025-05-20,,STANDARD,19.99,Active,,169.91
3196,6739,2024-07-28,,STANDARD,19.99,Active,,367.15
3197,3009,2024-05-28,,STANDARD,19.99,Active,,407.8
3198,5736,2023-01-02,,PREMIUM,39.99,Active,,1498.29
3199,7217,2023-11-06,,PREMIUM,39.99,Active,,1087.73
3200,5782,2024-08-05,,BASIC,9.99,Active,,180.82
3201,1045,2023-10-06,,STANDARD,19.99,Active,,564.38
3202,293,2026-06-14,2028-05-19,BASIC,9.99,Churned,PROD-01,234.77
3203,4336,2023-11-04,,BASIC,9.99,Active,,272.39
3204,9626,2024-10-05,,BASIC,9.99,Active,,160.51
3205,4927,2024-11-27,2026-03-04,STANDARD,19.99,Churned,PRICE-02,307.85
3206,6130,2023-02-26,2024-06-01,BASIC,9.99,Churned,SERVICE-01,153.51
3207,4034,2023-07-12,2025-05-01,PREMIUM,39.99,Churned,SERVICE-02,878.45
3208,3557,2024-02-25,2026-02-13,PREMIUM,39.99,Churned,PRICE-01,958.43
3209,7496,2025-03-31,,STANDARD,19.99,Active,,203.23
3210,6592,2025-08-06,,STANDARD,19.99,Active,,117.94
3211,2487,2024-05-16,,STANDARD,19.99,Active,,415.79
3212,2978,2023-07-17,2024-04-18,BASIC,9.99,Churned,PRICE-01,91.91
3213,5256,2024-12-31,,STANDARD,19.99,Active,,263.2
3214,8091,2025-04-06,,BASIC,9.99,Active,,99.57
3215,5688,2025-09-20,,PREMIUM,39.99,Active,,175.96
3216,2146,2024-03-27,,STANDARD,19.99,Active,,449.11
3217,957,2024-04-04,,STANDARD,19.99,Active,,443.78
3218,3831,2025-04-21,,STANDARD,19.99,Active,,189.24
3219,699,2024-12-25,2026-03-31,PREMIUM,39.99,Churned,PROD-01,614.51
3220,8382,2024-07-05,2026-03-09,BASIC,9.99,Churned,PRICE-02,203.8
3221,2397,2026-03-18,,STANDARD,19.99,Active,,-31.32
3222,6856,2024-11-30,,STANDARD,19.99,Active,,283.86
3223,9950,2024-11-11,,PREMIUM,39.99,Active,,593.19
3224,2953,2025-10-10,,STANDARD,19.99,Active,,74.63
3225,7555,2025-06-03,2025-12-27,PREMIUM,39.99,Churned,TECH-01,275.93
3226,6827,2026-04-19,,STANDARD,19.99,Active,,-52.64
3227,1104,2024-08-20,,BASIC,9.99,Active,,175.82
3228,7121,2025-03-10,,BASIC,9.99,Active,,108.56
3229,4260,2024-09-03,2024-10-08,BASIC,9.99,Churned,PRICE-01,11.66
3230,9025,2025-09-09,,BASIC,9.99,Active,,47.62
3231,2173,2024-07-27,,PREMIUM,39.99,Active,,735.82
3232,942,2024-06-19,,BASIC,9.99,Active,,196.47
3233,3650,2025-12-30,,BASIC,9.99,Active,,10.32
3234,6539,2025-10-28,2025-12-14,STANDARD,19.99,Churned,TECH-01,31.32
3235,7425,2026-02-04,,BASIC,9.99,Active,,-1.67
3236,6099,2025-03-23,,BASIC,9.99,Active,,104.23
3237,1271,2025-12-13,,STANDARD,19.99,Active,,31.98
3238,8309,2023-10-31,,BASIC,9.99,Active,,273.73
3239,6795,2023-01-19,2024-09-08,BASIC,9.99,Churned,SERVICE-02,199.13
3240,5563,2023-09-28,,BASIC,9.99,Active,,284.72
3241,8341,2025-02-17,,STANDARD,19.99,Active,,231.22
3242,3880,2023-06-30,,BASIC,9.99,Active,,314.69
3243,9220,2025-04-21,,BASIC,9.99,Active,,94.57
3244,2460,2024-07-29,2026-04-21,PREMIUM,39.99,Churned,SERVICE-02,841.12
3245,4152,2023-08-27,2025-01-16,STANDARD,19.99,Churned,TECH-01,338.5
3246,1035,2024-01-06,,STANDARD,19.99,Active,,503.08
3247,3429,2023-11-18,,PREMIUM,39.99,Active,,1071.73
3248,2173,2024-09-24,,BASIC,9.99,Active,,164.17
3249,9046,2024-09-15,2024-12-01,PREMIUM,39.99,Churned,SERVICE-02,102.64
3250,52,2025-07-06,,BASIC,9.99,Active,,69.26
3251,1372,2024-03-22,2025-03-29,PREMIUM,39.99,Churned,SERVICE-01,495.88
3252,8018,2023-09-03,2025-08-22,STANDARD,19.99,Churned,PRICE-01,479.09
3253,2193,2023-06-10,,STANDARD,19.99,Active,,643.01
3254,1702,2026-03-15,,PREMIUM,39.99,Active,,-58.65
3255,3196,2023-06-18,,STANDARD,19.99,Active,,637.68
3256,1278,2026-04-27,,STANDARD,19.99,Active,,-57.97
3257,1186,2023-08-21,2024-06-18,PREMIUM,39.99,Churned,PROD-01,402.57
3258,5602,2023-09-02,,PREMIUM,39.99,Active,,1174.37
3259,7758,2023-08-17,2025-05-03,STANDARD,19.99,Churned,TECH-01,416.46
3260,6174,2024-03-09,,BASIC,9.99,Active,,230.44
3261,6734,2024-05-20,2024-10-01,STANDARD,19.99,Churned,SERVICE-02,89.29
3262,2013,2024-05-05,,PREMIUM,39.99,Active,,846.46
3263,3739,2024-02-22,2025-07-27,STANDARD,19.99,Churned,PROD-01,347.16
3264,4398,2024-05-19,,BASIC,9.99,Active,,206.79
3265,7281,2023-02-27,,STANDARD,19.99,Active,,711.64
3266,2830,2025-05-20,2025-08-06,BASIC,9.99,Churned,PRICE-02,25.97
3267,3030,2024-06-30,2024-12-09,STANDARD,19.99,Churned,PRICE-02,107.95
3268,7375,2026-05-23,,BASIC,9.99,Active,,-37.63
3269,6309,2025-09-22,,STANDARD,19.99,Active,,86.62
3270,3559,2024-04-11,2025-05-10,PREMIUM,39.99,Churned,PRICE-01,525.2
3271,9820,2025-01-29,,PREMIUM,39.99,Active,,487.88
3272,2619,2024-03-30,,BASIC,9.99,Active,,223.44
3273,5190,2024-03-02,2025-12-20,BASIC,9.99,Churned,PRICE-02,219.11
3274,7241,2025-05-18,2027-03-09,BASIC,9.99,Churned,PROD-01,219.78
3275,9477,2024-12-07,2026-03-13,BASIC,9.99,Churned,TECH-01,153.51
3276,7720,2024-09-10,,STANDARD,19.99,Active,,337.83
3277,2060,2025-04-15,,BASIC,9.99,Active,,96.57
3278,1911,2023-09-24,2025-03-17,PREMIUM,39.99,Churned,TECH-01,719.82
3279,4024,2025-08-17,,BASIC,9.99,Active,,55.28
3280,658,2023-06-06,2023-08-06,PREMIUM,39.99,Churned,PROD-01,81.31
3281,4300,2025-08-28,,STANDARD,19.99,Active,,103.28
3282,5433,2024-06-08,,BASIC,9.99,Active,,200.13
3283,768,2023-08-17,,STANDARD,19.99,Active,,597.7
3284,6342,2023-04-22,,STANDARD,19.99,Active,,675.66
3285,6562,2023-11-07,,PREMIUM,39.99,Active,,1086.4
3286,342,2023-03-23,,BASIC,9.99,Active,,347.65
3287,9785,2026-04-06,,STANDARD,19.99,Active,,-43.98
3288,2976,2024-04-29,,BASIC,9.99,Active,,213.45
3289,8673,2025-08-31,2026-04-05,BASIC,9.99,Churned,PROD-01,72.26
3290,9838,2024-05-26,,BASIC,9.99,Active,,204.46
3291,3514,2024-09-08,,BASIC,9.99,Active,,169.5
3292,8664,2024-05-19,,PREMIUM,39.99,Active,,827.79
3293,365,2026-01-18,2027-04-12,STANDARD,19.99,Churned,COMP-01,299.18
3294,7139,2023-05-19,,STANDARD,19.99,Active,,657.67
3295,6536,2023-09-02,,STANDARD,19.99,Active,,587.04
3296,9369,2023-08-17,2024-03-02,STANDARD,19.99,Churned,COMP-01,131.93
3297,9287,2023-01-24,,BASIC,9.99,Active,,366.97
3298,3868,2023-03-10,,BASIC,9.99,Active,,351.98
3299,4841,2023-10-04,,STANDARD,19.99,Active,,565.72
3300,4247,2024-06-25,,STANDARD,19.99,Active,,389.14
3301,1079,2025-10-20,,BASIC,9.99,Active,,33.97
3302,8345,2025-08-27,,STANDARD,19.99,Active,,103.95
3303,7627,2025-04-13,,PREMIUM,39.99,Active,,389.24
3304,1975,2024-03-01,,PREMIUM,39.99,Active,,933.1
3305,2677,2023-01-21,,BASIC,9.99,Active,,367.97
3306,4368,2025-08-03,,PREMIUM,39.99,Active,,239.94
3307,9388,2025-09-08,,STANDARD,19.99,Active,,95.95
3308,4950,2024-08-04,,PREMIUM,39.99,Active,,725.15
3309,5818,2025-06-07,,PREMIUM,39.99,Active,,315.92
3310,5086,2024-05-13,2024-09-02,STANDARD,19.99,Churned,PROD-01,74.63
3311,4301,2023-04-28,,BASIC,9.99,Active,,335.66
3312,6029,2025-05-11,,STANDARD,19.99,Active,,175.91
3313,9608,2025-07-17,,BASIC,9.99,Active,,65.6
3314,6217,2025-04-12,,PREMIUM,39.99,Active,,390.57
3315,1053,2026-04-27,,BASIC,9.99,Active,,-28.97
3316,9492,2023-08-21,,BASIC,9.99,Active,,297.37
3317,8767,2023-02-18,,BASIC,9.99,Active,,358.64
3318,4615,2023-11-30,,PREMIUM,39.99,Active,,1055.74
3319,2168,2023-09-12,2024-10-06,BASIC,9.99,Churned,SERVICE-01,129.87
3320,4325,2025-09-03,2027-07-17,STANDARD,19.99,Churned,PRICE-02,454.44
3321,5490,2025-04-04,,PREMIUM,39.99,Active,,401.23
3322,1832,2024-04-25,,BASIC,9.99,Active,,214.78
3323,172,2023-02-15,2024-06-10,STANDARD,19.99,Churned,PROD-01,320.51
3324,3568,2024-01-09,2025-12-31,BASIC,9.99,Churned,SERVICE-02,240.43
3325,9202,2024-10-29,,BASIC,9.99,Active,,152.51
3326,3504,2025-12-10,,STANDARD,19.99,Active,,33.98
3327,6474,2024-05-13,,BASIC,9.99,Active,,208.79
3328,7846,2026-04-18,2026-12-21,STANDARD,19.99,Churned,COMP-01,164.58
3329,1897,2026-03-19,,PREMIUM,39.99,Active,,-63.98
3330,9539,2025-02-24,,BASIC,9.99,Active,,113.22
3331,2592,2026-02-17,2027-10-17,PREMIUM,39.99,Churned,TECH-01,809.13
3332,1374,2026-04-04,2026-12-05,PREMIUM,39.99,Churned,PROD-01,326.58
3333,5251,2023-10-27,,BASIC,9.99,Active,,275.06
3334,8198,2025-01-18,,STANDARD,19.99,Active,,251.21
3335,5274,2023-03-24,,STANDARD,19.99,Active,,694.99
3336,604,2026-03-07,,STANDARD,19.99,Active,,-23.99
3337,5665,2026-04-19,,BASIC,9.99,Active,,-26.31
3338,4344,2024-03-01,,STANDARD,19.99,Active,,466.43
3339,8229,2025-07-11,,STANDARD,19.99,Active,,135.27
3340,6668,2024-06-01,,BASIC,9.99,Active,,202.46
3341,6434,2023-06-12,,BASIC,9.99,Active,,320.68
3342,2903,2023-01-08,,STANDARD,19.99,Active,,744.96
3343,8281,2023-09-27,2024-09-03,BASIC,9.99,Churned,SERVICE-01,113.89
3344,5941,2024-11-24,2025-12-18,STANDARD,19.99,Churned,PRICE-01,259.2
3345,4400,2025-12-06,,PREMIUM,39.99,Active,,73.31
3346,5619,2023-09-07,,BASIC,9.99,Active,,291.71
3347,1142,2026-01-01,,STANDARD,19.99,Active,,19.32
3348,3481,2024-12-28,,BASIC,9.99,Active,,132.53
3349,5267,2026-05-28,,STANDARD,19.99,Active,,-78.63
3350,55,2024-08-08,,BASIC,9.99,Active,,179.82
3351,2332,2023-05-03,,BASIC,9.99,Active,,334.0
3352,8540,2023-03-17,2024-02-14,PREMIUM,39.99,Churned,COMP-01,445.22
3353,1641,2023-02-12,,BASIC,9.99,Active,,360.64
3354,880,2024-01-28,2024-11-03,STANDARD,19.99,Churned,PRICE-01,186.57
3355,9072,2026-01-24,,PREMIUM,39.99,Active,,8.0
3356,3838,2026-02-25,2026-08-29,BASIC,9.99,Churned,PROD-01,61.61
3357,3037,2025-06-25,2026-01-09,BASIC,9.99,Churned,PROD-01,65.93
3358,5059,2024-03-20,2025-06-29,BASIC,9.99,Churned,SERVICE-02,155.18
3359,9702,2025-12-23,,STANDARD,19.99,Active,,25.32
3360,6617,2023-07-19,,PREMIUM,39.99,Active,,1234.36
3361,8971,2026-04-27,,BASIC,9.99,Active,,-28.97
3362,6196,2024-07-18,,PREMIUM,39.99,Active,,747.81
3363,4744,2024-10-03,,BASIC,9.99,Active,,161.17
3364,302,2023-01-14,,PREMIUM,39.99,Active,,1482.3
3365,7879,2023-12-07,,STANDARD,19.99,Active,,523.07
3366,4811,2025-01-22,,PREMIUM,39.99,Active,,497.21
3367,3036,2023-01-15,,STANDARD,19.99,Active,,740.3
3368,9793,2024-02-18,,STANDARD,19.99,Active,,474.43
3369,1889,2026-04-04,,BASIC,9.99,Active,,-21.31
3370,5968,2026-05-02,2026-07-24,STANDARD,19.99,Churned,PRICE-01,55.31
3371,2651,2024-05-16,,STANDARD,19.99,Active,,415.79
3372,3253,2023-04-25,2024-06-26,STANDARD,19.99,Churned,SERVICE-02,285.19
3373,9528,2023-03-11,,BASIC,9.99,Active,,351.65
3374,6983,2025-06-25,,STANDARD,19.99,Active,,145.93
3375,7122,2024-05-28,,STANDARD,19.99,Active,,407.8
3376,3450,2024-11-26,,PREMIUM,39.99,Active,,573.19
3377,8439,2023-07-23,,BASIC,9.99,Active,,307.03
3378,1214,2024-08-09,2025-08-12,PREMIUM,39.99,Churned,TECH-01,490.54
3379,8091,2025-02-18,,BASIC,9.99,Active,,115.22
3380,5686,2025-11-14,,STANDARD,19.99,Active,,51.31
3381,3721,2023-06-15,,BASIC,9.99,Active,,319.68
3382,9038,2023-01-28,2024-02-22,STANDARD,19.99,Churned,SERVICE-01,259.87
3383,14,2023-07-10,,BASIC,9.99,Active,,311.36
3384,9762,2023-06-14,2023-07-28,STANDARD,19.99,Churned,SERVICE-01,29.32
3385,8567,2025-01-11,2025-04-06,BASIC,9.99,Churned,SERVICE-02,28.31
3386,2605,2025-09-03,2027-03-01,BASIC,9.99,Churned,SERVICE-01,181.15
3387,9474,2025-05-26,,PREMIUM,39.99,Active,,331.92
3388,9503,2023-10-14,2025-05-10,BASIC,9.99,Churned,PROD-01,191.14
3389,9160,2025-04-19,2026-07-09,PREMIUM,39.99,Churned,SERVICE-02,594.52
3390,8282,2024-07-24,,PREMIUM,39.99,Active,,739.82
3391,1605,2025-07-07,,BASIC,9.99,Active,,68.93
3392,5580,2026-06-05,,PREMIUM,39.99,Active,,-167.96
3393,5645,2024-09-02,2025-04-20,STANDARD,19.99,Churned,PRICE-01,153.26
3394,5145,2025-03-25,,BASIC,9.99,Active,,103.56
3395,6968,2025-03-02,2025-07-07,BASIC,9.99,Churned,SERVICE-02,42.29
3396,3827,2023-05-07,,PREMIUM,39.99,Active,,1331.67
3397,7545,2025-03-14,,PREMIUM,39.99,Active,,429.23
3398,4272,2026-05-01,,PREMIUM,39.99,Active,,-121.3
3399,480,2026-04-25,2028-03-29,BASIC,9.99,Churned,TECH-01,234.43
3400,5727,2023-02-17,,BASIC,9.99,Active,,358.97
3401,4814,2025-04-18,2026-08-14,BASIC,9.99,Churned,COMP-01,160.84
3402,3716,2023-02-12,2024-07-11,PREMIUM,39.99,Churned,PROD-01,686.5
3403,9191,2024-04-16,2024-07-03,PREMIUM,39.99,Churned,SERVICE-01,103.97
3404,8321,2025-08-20,,STANDARD,19.99,Active,,108.61
3405,5703,2024-04-18,,PREMIUM,39.99,Active,,869.12
3406,5879,2025-03-02,,STANDARD,19.99,Active,,222.56
3407,4849,2026-05-01,2027-11-17,PREMIUM,39.99,Churned,SERVICE-01,753.14
3408,722,2023-01-27,,STANDARD,19.99,Active,,732.3
3409,5035,2023-04-07,2024-01-28,STANDARD,19.99,Churned,PRICE-01,197.23
3410,8393,2024-10-25,,PREMIUM,39.99,Active,,615.85
3411,9444,2024-11-11,2025-02-28,STANDARD,19.99,Churned,SERVICE-01,72.63
3412,6564,2025-03-02,,PREMIUM,39.99,Active,,445.22
3413,2632,2025-09-08,,BASIC,9.99,Active,,47.95
3414,3270,2024-08-27,,STANDARD,19.99,Active,,347.16
3415,9541,2023-04-18,,BASIC,9.99,Active,,338.99
3416,6521,2023-03-30,,PREMIUM,39.99,Active,,1382.32
3417,226,2024-02-09,,STANDARD,19.99,Active,,480.43
3418,6616,2024-06-15,,PREMIUM,39.99,Active,,791.8
3419,188,2024-11-01,,PREMIUM,39.99,Active,,606.51
3420,9533,2023-02-26,,STANDARD,19.99,Active,,712.31
3421,9771,2025-12-08,,BASIC,9.99,Active,,17.65
3422,5152,2024-06-28,2026-03-10,PREMIUM,39.99,Churned,PRICE-02,826.46
3423,8214,2023-05-30,,STANDARD,19.99,Active,,650.34
3424,6227,2023-04-05,2024-08-14,STANDARD,19.99,Churned,SERVICE-01,331.17
3425,1679,2026-01-16,,STANDARD,19.99,Active,,9.33
3426,7285,2025-04-15,2026-06-03,STANDARD,19.99,Churned,TECH-01,275.86
3427,7222,2023-08-31,,PREMIUM,39.99,Active,,1177.04
3428,6868,2023-05-17,,BASIC,9.99,Active,,329.34
3429,1661,2023-08-23,,STANDARD,19.99,Active,,593.7
3430,6506,2023-12-22,,BASIC,9.99,Active,,256.41
3431,1861,2025-08-29,2027-03-12,BASIC,9.99,Churned,SERVICE-01,186.48
3432,9629,2025-10-01,2026-03-21,STANDARD,19.99,Churned,SERVICE-01,113.94
3433,1162,2023-08-11,,STANDARD,19.99,Active,,601.7
3434,8555,2026-05-25,,STANDARD,19.99,Active,,-76.63
3435,8973,2024-10-10,,BASIC,9.99,Active,,158.84
3436,4064,2023-02-10,2023-10-06,STANDARD,19.99,Churned,PRICE-02,158.59
3437,5320,2025-12-07,,BASIC,9.99,Active,,17.98
3438,1342,2023-12-08,,BASIC,9.99,Active,,261.07
3439,9121,2023-09-28,,PREMIUM,39.99,Active,,1139.72
3440,1921,2023-09-05,,STANDARD,19.99,Active,,585.04
3441,1108,2023-11-02,,STANDARD,19.99,Active,,546.39
3442,1390,2025-05-27,2025-08-11,BASIC,9.99,Churned,TECH-01,25.31
3443,1339,2024-08-20,,PREMIUM,39.99,Active,,703.82
3444,5006,2025-06-26,,STANDARD,19.99,Active,,145.26
3445,9177,2023-11-09,2025-04-08,BASIC,9.99,Churned,COMP-01,171.83
3446,7147,2025-12-14,2026-10-20,BASIC,9.99,Churned,PRICE-02,103.23
3447,3094,2023-07-02,,PREMIUM,39.99,Active,,1257.02
3448,1110,2025-12-08,,BASIC,9.99,Active,,17.65
3449,8832,2024-09-22,,BASIC,9.99,Active,,164.84
3450,7829,2026-02-04,,PREMIUM,39.99,Active,,-6.67
3451,411,2025-08-01,,PREMIUM,39.99,Active,,242.61
3452,9580,2025-12-18,,BASIC,9.99,Active,,14.32
3453,5948,2024-12-05,,STANDARD,19.99,Active,,280.53
3454,3164,2024-09-02,,STANDARD,19.99,Active,,343.16
3455,2681,2023-11-02,,STANDARD,19.99,Active,,546.39
3456,5073,2024-05-26,,PREMIUM,39.99,Active,,818.46
3457,2822,2024-02-23,,STANDARD,19.99,Active,,471.1
3458,1771,2025-08-11,,PREMIUM,39.99,Active,,229.28
3459,4788,2024-02-08,,STANDARD,19.99,Active,,481.09
3460,9938,2025-10-12,,PREMIUM,39.99,Active,,146.63
3461,25,2026-02-26,2026-09-22,STANDARD,19.99,Churned,COMP-01,138.6
3462,7523,2024-05-28,,BASIC,9.99,Active,,203.8
3463,3859,2025-04-18,,PREMIUM,39.99,Active,,382.57
3464,8573,2025-11-24,,PREMIUM,39.99,Active,,89.31
3465,418,2026-06-10,2027-03-13,PREMIUM,39.99,Churned,PRICE-02,367.91
3466,4958,2026-03-29,,PREMIUM,39.99,Active,,-77.31
3467,3778,2025-07-02,,PREMIUM,39.99,Active,,282.6
3468,5897,2026-02-08,,BASIC,9.99,Active,,-3.0
3469,9332,2024-03-26,,PREMIUM,39.99,Active,,899.78
3470,3296,2023-03-07,2024-02-29,PREMIUM,39.99,Churned,SERVICE-02,478.55
3471,9752,2025-10-14,,PREMIUM,39.99,Active,,143.96
3472,2268,2025-02-05,,PREMIUM,39.99,Active,,478.55
3473,32,2025-02-09,,BASIC,9.99,Active,,118.22
3474,3280,2024-11-13,,STANDARD,19.99,Active,,295.19
3475,6202,2023-04-13,2024-02-19,PREMIUM,39.99,Churned,COMP-01,415.9
3476,4851,2023-07-21,,BASIC,9.99,Active,,307.69
3477,4806,2025-09-19,,STANDARD,19.99,Active,,88.62
3478,4325,2023-10-09,,STANDARD,19.99,Active,,562.39
3479,1343,2026-05-19,,STANDARD,19.99,Active,,-72.63
3480,8038,2024-09-30,,PREMIUM,39.99,Active,,649.17
3481,6567,2024-09-10,,PREMIUM,39.99,Active,,675.83
3482,7067,2023-11-09,2024-04-19,BASIC,9.99,Churned,PRICE-02,53.95
3483,8480,2026-03-20,,BASIC,9.99,Active,,-16.32
3484,267,2025-06-23,,BASIC,9.99,Active,,73.59
3485,2823,2023-04-28,,PREMIUM,39.99,Active,,1343.66
3486,141,2024-12-03,,STANDARD,19.99,Active,,281.86
3487,9049,2023-07-12,,BASIC,9.99,Active,,310.69
3488,6913,2025-11-26,,STANDARD,19.99,Active,,43.31
3489,3319,2024-04-02,,BASIC,9.99,Active,,222.44
3490,2446,2024-10-29,2025-03-31,BASIC,9.99,Churned,PRICE-02,50.95
3491,8422,2023-08-14,,PREMIUM,39.99,Active,,1199.7
3492,343,2026-02-06,2027-01-29,BASIC,9.99,Churned,TECH-01,118.88
3493,8791,2025-03-10,2025-10-04,BASIC,9.99,Churned,PROD-01,69.26
3494,2450,2023-08-24,,BASIC,9.99,Active,,296.37
3495,2354,2026-06-25,,BASIC,9.99,Active,,-48.62
3496,2265,2026-02-04,,STANDARD,19.99,Active,,-3.33
3497,6422,2025-06-15,,BASIC,9.99,Active,,76.26
3498,9113,2025-02-05,2027-01-19,PREMIUM,39.99,Churned,PRICE-01,950.43
3499,4167,2024-04-22,,PREMIUM,39.99,Active,,863.78
3500,9747,2025-02-17,,STANDARD,19.99,Active,,231.22
3501,2733,2024-09-08,,PREMIUM,39.99,Active,,678.5
3502,3139,2023-02-10,,BASIC,9.99,Active,,361.31
3503,4934,2025-07-11,2026-09-18,STANDARD,19.99,Churned,PRICE-01,289.19
3504,9859,2025-05-29,,PREMIUM,39.99,Active,,327.92
3505,1329,2025-04-05,,BASIC,9.99,Active,,99.9
3506,1537,2024-04-15,,PREMIUM,39.99,Active,,873.12
3507,2404,2025-11-01,,BASIC,9.99,Active,,29.97
3508,3716,2023-05-25,2024-05-14,STANDARD,19.99,Churned,PROD-01,236.55
3509,2926,2023-05-24,2024-06-10,BASIC,9.99,Churned,PROD-01,127.54
3510,5853,2024-03-24,,STANDARD,19.99,Active,,451.11
3511,2151,2026-05-07,,BASIC,9.99,Active,,-32.3
3512,841,2026-03-09,2027-12-24,STANDARD,19.99,Churned,PROD-01,436.45
3513,8068,2024-05-24,2024-12-09,STANDARD,19.99,Churned,PRICE-02,132.6
3514,5624,2023-05-13,,PREMIUM,39.99,Active,,1323.67
3515,7413,2026-02-03,,BASIC,9.99,Active,,-1.33
3516,8055,2025-05-28,,STANDARD,19.99,Active,,164.58
3517,5976,2024-03-09,,PREMIUM,39.99,Active,,922.44
3518,3474,2023-09-04,2024-05-18,STANDARD,19.99,Churned,PRICE-02,171.25
3519,826,2025-12-28,,BASIC,9.99,Active,,10.99
3520,73,2024-07-02,2025-04-10,PREMIUM,39.99,Churned,PRICE-01,375.91
3521,7449,2024-10-25,,STANDARD,19.99,Active,,307.85
3522,7123,2025-02-14,,PREMIUM,39.99,Active,,466.55
3523,7914,2025-06-12,2026-07-11,STANDARD,19.99,Churned,COMP-01,262.54
3524,8501,2025-11-16,2026-03-21,STANDARD,19.99,Churned,PROD-01,83.29
3525,5197,2023-01-10,2023-09-28,STANDARD,19.99,Churned,PRICE-02,173.91
3526,5446,2025-01-06,,BASIC,9.99,Active,,129.54
3527,8173,2023-06-23,2024-01-27,PREMIUM,39.99,Churned,PRICE-02,290.59
3528,8752,2026-01-29,2027-10-27,PREMIUM,39.99,Churned,SERVICE-01,847.79
3529,918,2023-08-25,,STANDARD,19.99,Active,,592.37
3530,4743,2026-05-31,2027-07-23,PREMIUM,39.99,Churned,TECH-01,557.19
3531,1717,2026-06-09,,PREMIUM,39.99,Active,,-173.29
3532,8594,2024-06-03,,BASIC,9.99,Active,,201.8
3533,720,2024-06-23,,STANDARD,19.99,Active,,390.47
3534,6567,2025-01-11,,BASIC,9.99,Active,,127.87
3535,590,2024-09-14,2025-10-10,PREMIUM,39.99,Churned,PRICE-02,521.2
3536,2620,2025-02-01,,STANDARD,19.99,Active,,241.88
3537,7448,2024-04-24,,STANDARD,19.99,Active,,430.45
3538,7371,2025-01-20,,PREMIUM,39.99,Active,,499.88
3539,7318,2023-11-20,,BASIC,9.99,Active,,267.07
3540,7798,2023-03-02,,PREMIUM,39.99,Active,,1419.64
3541,373,2023-09-30,,BASIC,9.99,Active,,284.05
3542,5263,2024-04-12,,PREMIUM,39.99,Active,,877.11
3543,6414,2026-06-11,,STANDARD,19.99,Active,,-87.96
3544,4822,2025-06-02,,STANDARD,19.99,Active,,161.25
3545,1834,2024-11-30,2026-04-08,BASIC,9.99,Churned,PROD-01,164.5
3546,4976,2023-02-22,,STANDARD,19.99,Active,,714.98
3547,9910,2025-09-29,2027-05-29,PREMIUM,39.99,Churned,PRICE-01,809.13
3548,8044,2024-03-17,2025-08-28,BASIC,9.99,Churned,PROD-01,176.16
3549,8056,2026-02-11,2027-08-22,PREMIUM,39.99,Churned,PRICE-01,742.48
3550,3851,2025-05-02,2026-03-21,BASIC,9.99,Churned,TECH-01,107.56
3551,9431,2023-01-07,,BASIC,9.99,Active,,372.63
3552,32,2024-10-22,,BASIC,9.99,Active,,154.84
3553,3676,2024-01-09,,STANDARD,19.99,Active,,501.08
3554,8740,2026-03-01,2026-08-01,STANDARD,19.99,Churned,TECH-01,101.95
3555,5246,2024-12-09,,PREMIUM,39.99,Active,,555.86
3556,300,2023-06-06,,BASIC,9.99,Active,,322.68
3557,3181,2024-01-24,2024-10-15,BASIC,9.99,Churned,COMP-01,88.25
3558,161,2024-06-24,2025-04-25,BASIC,9.99,Churned,PRICE-02,101.56
3559,1728,2023-10-06,,BASIC,9.99,Active,,282.05
3560,3606,2023-08-10,,BASIC,9.99,Active,,301.03
3561,9359,2025-05-18,2025-07-16,STANDARD,19.99,Churned,TECH-01,39.31
3562,4433,2024-04-04,2026-02-04,PREMIUM,39.99,Churned,TECH-01,894.44
3563,8937,2025-02-01,2026-09-08,BASIC,9.99,Churned,SERVICE-02,194.47
3564,5980,2024-05-22,2026-01-21,PREMIUM,39.99,Churned,SERVICE-02,811.8
3565,3741,2023-08-13,,BASIC,9.99,Active,,300.03
3566,9557,2024-04-17,2025-09-21,BASIC,9.99,Churned,COMP-01,173.83
3567,639,2026-06-22,,PREMIUM,39.99,Active,,-190.62
3568,8552,2023-01-30,2025-01-07,BASIC,9.99,Churned,COMP-01,235.76
3569,8840,2024-07-30,,STANDARD,19.99,Active,,365.82
3570,9470,2025-11-01,,BASIC,9.99,Active,,29.97
3571,6874,2023-12-16,,BASIC,9.99,Active,,258.41
3572,7027,2024-03-06,,STANDARD,19.99,Active,,463.1
3573,3220,2025-11-30,2027-07-08,BASIC,9.99,Churned,PRICE-01,194.81
3574,6349,2026-01-08,,PREMIUM,39.99,Active,,29.33
3575,9363,2024-06-09,,STANDARD,19.99,Active,,399.8
3576,7860,2025-11-16,,BASIC,9.99,Active,,24.98
3577,6224,2023-09-29,,PREMIUM,39.99,Active,,1138.38
3578,8812,2023-07-17,,PREMIUM,39.99,Active,,1237.02
3579,4201,2023-04-01,2024-12-21,STANDARD,19.99,Churned,PRICE-01,419.79
3580,1967,2025-11-26,,PREMIUM,39.99,Active,,86.64
3581,693,2025-06-11,,BASIC,9.99,Active,,77.59
3582,2728,2025-02-03,2025-08-31,STANDARD,19.99,Churned,SERVICE-01,139.26
3583,5477,2024-01-23,,STANDARD,19.99,Active,,491.75
3584,1679,2024-05-21,2025-12-10,PREMIUM,39.99,Churned,SERVICE-02,757.14
3585,2222,2024-10-09,,STANDARD,19.99,Active,,318.51
3586,2875,2023-09-07,,BASIC,9.99,Active,,291.71
3587,2644,2024-07-17,2025-02-16,PREMIUM,39.99,Churned,SERVICE-02,285.26
3588,6101,2023-12-22,,BASIC,9.99,Active,,256.41
3589,5634,2026-05-07,,BASIC,9.99,Active,,-32.3
3590,2412,2023-11-18,,BASIC,9.99,Active,,267.73
3591,1976,2024-01-18,,PREMIUM,39.99,Active,,990.42
3592,4706,2026-02-22,2027-04-20,BASIC,9.99,Churned,TECH-01,140.53
3593,3832,2023-03-27,,PREMIUM,39.99,Active,,1386.32
3594,7570,2026-06-07,2028-02-23,STANDARD,19.99,Churned,SERVICE-02,417.12
3595,2161,2026-02-27,,STANDARD,19.99,Active,,-18.66
3596,1796,2024-07-15,,PREMIUM,39.99,Active,,751.81
3597,4508,2024-06-17,,STANDARD,19.99,Active,,394.47
3598,3092,2025-12-10,2027-02-16,PREMIUM,39.99,Churned,PROD-01,577.19
3599,5430,2023-03-19,2024-02-05,PREMIUM,39.99,Churned,TECH-01,430.56
3600,999,2025-08-10,,PREMIUM,39.99,Active,,230.61
3601,8819,2024-06-27,,BASIC,9.99,Active,,193.81
3602,8749,2024-03-26,2025-12-25,STANDARD,19.99,Churned,COMP-01,425.79
3603,8024,2026-01-09,,BASIC,9.99,Active,,6.99
3604,4757,2025-07-16,2027-05-05,STANDARD,19.99,Churned,PRICE-02,438.45
3605,9256,2025-11-21,2027-04-26,BASIC,9.99,Churned,TECH-01,173.49
3606,3163,2024-07-08,2025-07-06,STANDARD,19.99,Churned,PRICE-02,241.88
3607,9782,2026-05-20,2027-12-27,BASIC,9.99,Churned,PRICE-01,195.14
3608,1400,2026-04-07,,BASIC,9.99,Active,,-22.31
3609,7900,2024-06-26,,PREMIUM,39.99,Active,,777.14
3610,3875,2024-01-05,2025-07-18,BASIC,9.99,Churned,TECH-01,186.48
3611,2564,2025-05-08,,PREMIUM,39.99,Active,,355.91
3612,7809,2026-05-01,,PREMIUM,39.99,Active,,-121.3
3613,9615,2026-01-01,,PREMIUM,39.99,Active,,38.66
3614,781,2026-05-27,2027-01-02,BASIC,9.99,Churned,SERVICE-01,73.26
3615,927,2024-01-30,,PREMIUM,39.99,Active,,974.42
3616,3259,2026-06-26,,BASIC,9.99,Active,,-48.95
3617,2460,2026-01-18,,BASIC,9.99,Active,,4.0
3618,4231,2024-10-03,,PREMIUM,39.99,Active,,645.17
3619,6049,2026-04-13,,STANDARD,19.99,Active,,-48.64
3620,5735,2024-12-31,2025-11-15,PREMIUM,39.99,Churned,SERVICE-02,425.23
3621,2627,2025-05-12,,STANDARD,19.99,Active,,175.25
3622,8099,2026-06-08,,PREMIUM,39.99,Active,,-171.96
3623,2863,2026-04-12,,STANDARD,19.99,Active,,-47.98
3624,7176,2023-04-18,2024-08-30,PREMIUM,39.99,Churned,TECH-01,666.5
3625,1243,2024-03-17,,STANDARD,19.99,Active,,455.77
3626,6686,2024-08-10,,STANDARD,19.99,Active,,358.49
3627,7363,2023-08-16,2024-06-08,PREMIUM,39.99,Churned,PRICE-02,395.9
3628,95,2024-09-10,2025-02-10,PREMIUM,39.99,Churned,PRICE-02,203.95
3629,7740,2025-10-05,,STANDARD,19.99,Active,,77.96
3630,8715,2025-10-07,,BASIC,9.99,Active,,38.3
3631,6158,2026-06-22,2026-12-03,BASIC,9.99,Churned,SERVICE-01,54.61
3632,9914,2023-12-15,2025-07-24,BASIC,9.99,Churned,SERVICE-02,195.47
3633,8484,2025-11-22,,STANDARD,19.99,Active,,45.98
3634,9833,2024-09-14,,BASIC,9.99,Active,,167.5
3635,1257,2023-02-08,2023-08-22,BASIC,9.99,Churned,SERVICE-02,64.94
3636,3560,2024-05-06,2025-12-25,STANDARD,19.99,Churned,PRICE-01,398.47
3637,5986,2025-02-27,,STANDARD,19.99,Active,,224.55
3638,551,2025-01-08,2026-03-12,BASIC,9.99,Churned,PRICE-02,142.52
3639,2793,2023-01-03,,PREMIUM,39.99,Active,,1496.96
3640,1674,2025-06-19,,PREMIUM,39.99,Active,,299.93
3641,5193,2025-06-11,,STANDARD,19.99,Active,,155.26
3642,8315,2024-11-17,,STANDARD,19.99,Active,,292.52
3643,7984,2025-09-05,,PREMIUM,39.99,Active,,195.95
3644,8866,2026-02-22,2027-08-18,BASIC,9.99,Churned,SERVICE-01,180.49
3645,460,2023-12-01,2024-06-19,PREMIUM,39.99,Churned,SERVICE-01,267.93
3646,2174,2025-09-21,,BASIC,9.99,Active,,43.62
3647,4024,2024-03-30,,BASIC,9.99,Active,,223.44
3648,1140,2025-12-09,,PREMIUM,39.99,Active,,69.32
3649,1929,2023-12-25,,BASIC,9.99,Active,,255.41
3650,6510,2025-07-10,,PREMIUM,39.99,Active,,271.93
3651,7643,2024-07-22,,PREMIUM,39.99,Active,,742.48
3652,3158,2026-02-10,,BASIC,9.99,Active,,-3.66
3653,9777,2024-08-06,,PREMIUM,39.99,Active,,722.49
3654,9985,2025-06-25,2026-11-23,BASIC,9.99,Churned,SERVICE-01,171.83
3655,1317,2024-07-02,,BASIC,9.99,Active,,192.14
3656,8767,2023-10-15,,STANDARD,19.99,Active,,558.39
3657,4966,2024-07-14,,PREMIUM,39.99,Active,,753.14
3658,9757,2024-08-29,,PREMIUM,39.99,Active,,691.83
3659,9231,2026-04-28,2026-09-07,PREMIUM,39.99,Churned,COMP-01,175.96
3660,4761,2025-06-07,,STANDARD,19.99,Active,,157.92
3661,2513,2024-05-13,,BASIC,9.99,Active,,208.79
3662,4454,2023-10-28,2024-11-19,PREMIUM,39.99,Churned,PRICE-02,517.2
3663,8403,2023-10-05,,STANDARD,19.99,Active,,565.05
3664,9339,2024-08-25,,STANDARD,19.99,Active,,348.49
3665,6606,2024-01-18,,PREMIUM,39.99,Active,,990.42
3666,5686,2026-04-22,2028-01-07,PREMIUM,39.99,Churned,TECH-01,833.12
3667,3508,2025-01-20,,PREMIUM,39.99,Active,,499.88
3668,1626,2026-06-12,2027-07-19,BASIC,9.99,Churned,TECH-01,133.87
3669,2861,2023-09-14,,PREMIUM,39.99,Active,,1158.38
3670,9968,2023-08-20,,PREMIUM,39.99,Active,,1191.7
3671,2281,2025-10-26,,STANDARD,19.99,Active,,63.97
3672,5258,2023-06-30,,BASIC,9.99,Active,,314.69
3673,2863,2026-06-16,,STANDARD,19.99,Active,,-91.29
3674,1928,2025-09-12,,PREMIUM,39.99,Active,,186.62
3675,3026,2025-05-25,,STANDARD,19.99,Active,,166.58
3676,4409,2025-07-12,,STANDARD,19.99,Active,,134.6
3677,9341,2025-03-16,2027-01-15,STANDARD,19.99,Churned,PRICE-01,446.44
3678,4052,2024-07-03,,PREMIUM,39.99,Active,,767.81
3679,9447,2024-09-16,,STANDARD,19.99,Active,,333.83
3680,5412,2024-08-27,2026-01-19,STANDARD,19.99,Churned,SERVICE-02,339.83
3681,2434,2025-08-19,,BASIC,9.99,Active,,54.61
3682,7238,2023-03-23,,PREMIUM,39.99,Active,,1391.65
3683,3134,2024-12-06,,PREMIUM,39.99,Active,,559.86
3684,7272,2026-05-17,2027-08-06,STANDARD,19.99,Churned,PRICE-02,297.18
3685,8905,2024-04-08,,BASIC,9.99,Active,,220.45
3686,2966,2025-03-02,2026-12-28,STANDARD,19.99,Churned,SERVICE-01,443.78
3687,214,2024-07-29,,PREMIUM,39.99,Active,,733.15
3688,631,2023-09-19,,STANDARD,19.99,Active,,575.71
3689,2232,2023-08-06,,BASIC,9.99,Active,,302.36
3690,1825,2023-09-16,,STANDARD,19.99,Active,,577.71
3691,8730,2025-12-29,,BASIC,9.99,Active,,10.66
3692,1130,2023-12-12,,STANDARD,19.99,Active,,519.74
3693,5831,2026-01-06,,STANDARD,19.99,Active,,15.99
3694,2987,2025-12-12,,PREMIUM,39.99,Active,,65.32
3695,5933,2025-12-26,,STANDARD,19.99,Active,,23.32
3696,5324,2024-10-23,,PREMIUM,39.99,Active,,618.51
3697,9182,2023-07-24,,STANDARD,19.99,Active,,613.69
3698,4445,2024-07-13,,PREMIUM,39.99,Active,,754.48
3699,2078,2026-03-21,,PREMIUM,39.99,Active,,-66.65
3700,5375,2025-11-29,,PREMIUM,39.99,Active,,82.65
3701,2192,2025-10-10,2026-07-06,BASIC,9.99,Churned,SERVICE-01,89.58
3702,1050,2024-11-22,,BASIC,9.99,Active,,144.52
3703,4917,2023-06-09,,PREMIUM,39.99,Active,,1287.68
3704,3103,2023-08-11,,STANDARD,19.99,Active,,601.7
3705,8853,2025-09-02,,PREMIUM,39.99,Active,,199.95
3706,8830,2023-12-02,,STANDARD,19.99,Active,,526.4
3707,546,2023-02-01,,STANDARD,19.99,Active,,728.97
3708,4307,2024-11-22,,BASIC,9.99,Active,,144.52
3709,1719,2024-09-27,,STANDARD,19.99,Active,,326.5
3710,3137,2025-07-11,,BASIC,9.99,Active,,67.6
3711,6916,2023-11-18,2024-01-21,BASIC,9.99,Churned,COMP-01,21.31
3712,4306,2025-02-09,,STANDARD,19.99,Active,,236.55
3713,1252,2025-10-18,,STANDARD,19.99,Active,,69.3
3714,9694,2023-08-12,,STANDARD,19.99,Active,,601.03
3715,2942,2024-05-02,,STANDARD,19.99,Active,,425.12
3716,8644,2024-07-09,2026-04-19,PREMIUM,39.99,Churned,SERVICE-02,865.12
3717,5901,2025-06-04,,STANDARD,19.99,Active,,159.92
3718,5244,2025-11-09,2027-08-05,BASIC,9.99,Churned,COMP-01,211.12
3719,7814,2023-04-15,2023-08-06,PREMIUM,39.99,Churned,SERVICE-02,150.63
3720,6870,2024-03-24,,PREMIUM,39.99,Active,,902.44
3721,6630,2026-03-17,,STANDARD,19.99,Active,,-30.65
3722,9411,2026-01-13,2027-07-16,PREMIUM,39.99,Churned,COMP-01,731.82
3723,7298,2023-12-29,,STANDARD,19.99,Active,,508.41
3724,7779,2024-11-16,2025-03-11,BASIC,9.99,Churned,SERVICE-02,38.3
3725,7416,2026-02-26,2027-01-22,PREMIUM,39.99,Churned,SERVICE-01,439.89
3726,7560,2025-07-18,2027-07-16,STANDARD,19.99,Churned,SERVICE-02,485.09
3727,383,2023-02-09,,STANDARD,19.99,Active,,723.64
3728,5602,2025-10-19,,PREMIUM,39.99,Active,,137.3
3729,8316,2025-07-24,,PREMIUM,39.99,Active,,253.27
3730,8853,2023-04-26,2024-03-11,STANDARD,19.99,Churned,TECH-01,213.23
3731,3796,2023-09-28,2024-11-04,BASIC,9.99,Churned,SERVICE-01,134.2
3732,1349,2023-04-06,2024-03-30,BASIC,9.99,Churned,SERVICE-02,119.55
3733,5962,2024-10-18,,BASIC,9.99,Active,,156.18
3734,840,2024-05-10,2025-05-27,BASIC,9.99,Churned,TECH-01,127.21
3735,6273,2024-09-27,,BASIC,9.99,Active,,163.17
3736,9249,2023-01-14,,PREMIUM,39.99,Active,,1482.3
3737,932,2025-03-22,,STANDARD,19.99,Active,,209.23
3738,9632,2023-06-24,,BASIC,9.99,Active,,316.68
3739,9147,2023-10-21,,STANDARD,19.99,Active,,554.39
3740,3903,2025-05-24,,BASIC,9.99,Active,,83.58
3741,4548,2024-01-01,2024-03-11,PREMIUM,39.99,Churned,SERVICE-02,93.31
3742,6584,2023-03-16,,PREMIUM,39.99,Active,,1400.98
3743,3293,2024-06-16,,BASIC,9.99,Active,,197.47
3744,5485,2025-03-28,,STANDARD,19.99,Active,,205.23
3745,8827,2026-04-11,,BASIC,9.99,Active,,-23.64
3746,3304,2025-04-19,2026-01-06,PREMIUM,39.99,Churned,PROD-01,349.25
3747,1457,2025-02-08,,STANDARD,19.99,Active,,237.21
3748,2535,2026-01-05,2027-07-12,STANDARD,19.99,Churned,SERVICE-01,368.48
3749,9470,2025-05-06,,PREMIUM,39.99,Active,,358.58
3750,2849,2024-10-25,,PREMIUM,39.99,Active,,615.85
3751,6453,2026-04-03,,STANDARD,19.99,Active,,-41.98
3752,3402,2023-12-06,,STANDARD,19.99,Active,,523.74
3753,7348,2024-07-16,2024-09-19,PREMIUM,39.99,Churned,COMP-01,86.64
3754,349,2025-08-10,,BASIC,9.99,Active,,57.61
3755,8798,2023-06-07,,BASIC,9.99,Active,,322.34
3756,321,2025-04-30,2026-08-01,BASIC,9.99,Churned,SERVICE-02,152.51
3757,6707,2026-04-10,,BASIC,9.99,Active,,-23.31
3758,215,2024-11-19,2026-02-07,PREMIUM,39.99,Churned,TECH-01,593.19
3759,4208,2024-01-26,,STANDARD,19.99,Active,,489.75
3760,9509,2024-09-18,,BASIC,9.99,Active,,166.17
3761,2354,2024-05-06,,STANDARD,19.99,Active,,422.46
3762,6783,2023-10-20,,STANDARD,19.99,Active,,555.06
3763,9977,2024-06-09,2024-12-21,STANDARD,19.99,Churned,SERVICE-01,129.94
3764,1023,2026-01-18,,BASIC,9.99,Active,,4.0
3765,9403,2024-08-17,,BASIC,9.99,Active,,176.82
3766,3299,2025-09-23,,STANDARD,19.99,Active,,85.96
3767,5369,2025-09-26,2026-04-04,PREMIUM,39.99,Churned,SERVICE-02,253.27
3768,1197,2025-04-16,,PREMIUM,39.99,Active,,385.24
3769,6474,2023-10-26,,PREMIUM,39.99,Active,,1102.39
3770,1905,2024-11-21,,STANDARD,19.99,Active,,289.85
3771,2234,2025-05-23,2026-01-02,PREMIUM,39.99,Churned,PRICE-02,298.59
3772,8693,2023-02-24,,BASIC,9.99,Active,,356.64
3773,794,2026-06-16,2026-08-30,STANDARD,19.99,Churned,PRICE-01,49.97
3774,7185,2023-01-05,2023-12-01,STANDARD,19.99,Churned,SERVICE-01,219.89
3775,6493,2023-05-25,,BASIC,9.99,Active,,326.67
3776,4850,2023-05-04,2024-02-29,PREMIUM,39.99,Churned,COMP-01,401.23
3777,1919,2024-11-11,2024-12-20,STANDARD,19.99,Churned,SERVICE-02,25.99
3778,8972,2026-06-18,,BASIC,9.99,Active,,-46.29
3779,2164,2023-08-23,,BASIC,9.99,Active,,296.7
3780,5225,2024-03-05,,PREMIUM,39.99,Active,,927.77
3781,9807,2026-06-15,,STANDARD,19.99,Active,,-90.62
3782,1689,2023-05-08,,STANDARD,19.99,Active,,665.0
3783,489,2025-02-18,,PREMIUM,39.99,Active,,461.22
3784,5709,2023-10-23,,BASIC,9.99,Active,,276.39
3785,6223,2025-07-11,,STANDARD,19.99,Active,,135.27
3786,6691,2024-01-09,,PREMIUM,39.99,Active,,1002.42
3787,9465,2023-10-24,,PREMIUM,39.99,Active,,1105.06
3788,3107,2025-03-24,2027-03-14,PREMIUM,39.99,Churned,TECH-01,959.76
3789,3157,2026-01-12,,PREMIUM,39.99,Active,,23.99
3790,8670,2024-05-22,,STANDARD,19.99,Active,,411.79
3791,8614,2023-02-20,,STANDARD,19.99,Active,,716.31
3792,6769,2025-10-15,2026-11-24,BASIC,9.99,Churned,SERVICE-01,134.87
3793,276,2024-07-25,,BASIC,9.99,Active,,184.48
3794,9835,2025-03-01,2025-06-21,PREMIUM,39.99,Churned,SERVICE-01,149.3
3795,9701,2026-01-11,,PREMIUM,39.99,Active,,25.33
3796,2117,2025-10-31,,STANDARD,19.99,Active,,60.64
3797,5520,2024-02-15,,PREMIUM,39.99,Active,,953.1
3798,124,2026-03-09,2027-05-09,BASIC,9.99,Churned,SERVICE-01,141.86
3799,4450,2026-05-27,2026-08-24,PREMIUM,39.99,Churned,SERVICE-01,118.64
3800,4751,2024-09-30,,STANDARD,19.99,Active,,324.5
3801,9625,2024-07-20,,PREMIUM,39.99,Active,,745.15
3802,5129,2024-02-23,2024-06-04,BASIC,9.99,Churned,PRICE-01,33.97
3803,2242,2023-12-13,,BASIC,9.99,Active,,259.41
3804,3356,2025-04-06,,PREMIUM,39.99,Active,,398.57
3805,7805,2023-07-15,,BASIC,9.99,Active,,309.69
3806,1194,2024-11-09,2026-09-20,BASIC,9.99,Churned,SERVICE-02,226.44
3807,364,2025-12-29,2026-04-06,STANDARD,19.99,Churned,PRICE-02,65.3
3808,1628,2023-06-02,,BASIC,9.99,Active,,324.01
3809,6673,2026-05-29,,PREMIUM,39.99,Active,,-158.63
3810,7726,2026-03-16,,STANDARD,19.99,Active,,-29.98
3811,663,2024-12-02,,BASIC,9.99,Active,,141.19
3812,9032,2023-10-22,,STANDARD,19.99,Active,,553.72
3813,2873,2025-05-24,,STANDARD,19.99,Active,,167.25
3814,5426,2023-08-13,,PREMIUM,39.99,Active,,1201.03
3815,8475,2024-05-08,2024-12-11,STANDARD,19.99,Churned,PRICE-02,144.59
3816,904,2024-04-28,,PREMIUM,39.99,Active,,855.79
3817,4363,2025-11-23,2027-04-08,STANDARD,19.99,Churned,PRICE-01,333.83
3818,290,2025-07-22,2026-09-16,STANDARD,19.99,Churned,SERVICE-02,280.53
3819,3520,2026-06-20,2028-04-14,PREMIUM,39.99,Churned,PRICE-02,885.11
3820,6742,2026-02-07,2027-06-28,PREMIUM,39.99,Churned,PRICE-01,674.5
3821,6225,2025-09-27,,STANDARD,19.99,Active,,83.29
3822,8069,2025-12-23,2026-12-30,BASIC,9.99,Churned,TECH-01,123.88
3823,8593,2024-11-26,,PREMIUM,39.99,Active,,573.19
3824,9201,2024-10-20,2026-10-02,PREMIUM,39.99,Churned,PROD-01,949.1
3825,5469,2023-06-20,,BASIC,9.99,Active,,318.01
3826,5970,2024-06-13,,PREMIUM,39.99,Active,,794.47
3827,4984,2024-09-01,,STANDARD,19.99,Active,,343.83
3828,653,2025-02-01,,STANDARD,19.99,Active,,241.88
3829,120,2025-12-20,2027-02-23,PREMIUM,39.99,Churned,PRICE-02,573.19
3830,7572,2025-10-16,2026-11-20,BASIC,9.99,Churned,SERVICE-01,133.2
3831,3495,2025-01-21,,PREMIUM,39.99,Active,,498.54
3832,5030,2024-11-12,,BASIC,9.99,Active,,147.85
3833,2556,2023-09-16,2024-03-29,PREMIUM,39.99,Churned,TECH-01,259.94
3834,2089,2025-12-07,,STANDARD,19.99,Active,,35.98
3835,3412,2024-11-03,,STANDARD,19.99,Active,,301.85
3836,7463,2023-06-17,2025-06-12,BASIC,9.99,Churned,PROD-01,241.76
3837,2244,2025-08-23,2025-12-04,BASIC,9.99,Churned,SERVICE-01,34.3
3838,6732,2026-03-22,,STANDARD,19.99,Active,,-33.98
3839,5956,2025-01-02,,BASIC,9.99,Active,,130.87
3840,921,2024-08-14,2025-07-12,PREMIUM,39.99,Churned,PRICE-01,442.56
3841,8871,2025-11-25,,STANDARD,19.99,Active,,43.98
3842,1011,2024-09-12,,BASIC,9.99,Active,,168.16
3843,1723,2026-03-25,2026-08-25,BASIC,9.99,Churned,PROD-01,50.95
3844,322,2024-10-05,2025-06-13,STANDARD,19.99,Churned,PRICE-02,167.25
3845,588,2024-09-24,2026-06-13,STANDARD,19.99,Churned,COMP-01,417.79
3846,875,2026-01-27,,PREMIUM,39.99,Active,,4.0
3847,3956,2025-01-19,,STANDARD,19.99,Active,,250.54
3848,9502,2026-03-29,,STANDARD,19.99,Active,,-38.65
3849,899,2023-02-18,,PREMIUM,39.99,Active,,1435.64
3850,7877,2024-03-22,,STANDARD,19.99,Active,,452.44
3851,8630,2023-04-05,,STANDARD,19.99,Active,,686.99
3852,8543,2023-11-17,,PREMIUM,39.99,Active,,1073.07
3853,2667,2025-03-14,,STANDARD,19.99,Active,,214.56
3854,7609,2026-06-09,,STANDARD,19.99,Active,,-86.62
3855,5762,2024-04-27,,STANDARD,19.99,Active,,428.45
3856,7123,2025-02-10,,STANDARD,19.99,Active,,235.88
3857,2320,2026-02-13,,PREMIUM,39.99,Active,,-18.66
3858,8089,2024-07-24,,STANDARD,19.99,Active,,369.81
3859,9880,2023-02-10,,BASIC,9.99,Active,,361.31
3860,5892,2025-04-28,2026-08-22,BASIC,9.99,Churned,SERVICE-01,160.17
3861,9991,2026-02-22,,STANDARD,19.99,Active,,-15.33
3862,3065,2024-11-13,,BASIC,9.99,Active,,147.52
3863,6315,2023-09-26,,BASIC,9.99,Active,,285.38
3864,5822,2023-07-11,,BASIC,9.99,Active,,311.02
3865,1677,2026-01-12,,STANDARD,19.99,Active,,11.99
3866,7375,2023-06-12,,BASIC,9.99,Active,,320.68
3867,2976,2023-06-25,,PREMIUM,39.99,Active,,1266.35
3868,3644,2026-04-10,,PREMIUM,39.99,Active,,-93.31
3869,8172,2023-06-04,,STANDARD,19.99,Active,,647.01
3870,1970,2024-12-20,,BASIC,9.99,Active,,135.2
3871,4750,2023-02-16,,PREMIUM,39.99,Active,,1438.31
3872,6280,2023-06-01,2024-07-19,PREMIUM,39.99,Churned,PRICE-02,551.86
3873,3753,2024-09-04,2025-09-15,BASIC,9.99,Churned,PROD-01,125.21
3874,5755,2023-04-20,,BASIC,9.99,Active,,338.33
3875,7651,2023-01-08,,BASIC,9.99,Active,,372.29
3876,7916,2025-11-11,,STANDARD,19.99,Active,,53.31
3877,3567,2026-02-13,2027-06-02,BASIC,9.99,Churned,SERVICE-01,157.84
3878,8787,2023-10-09,,STANDARD,19.99,Active,,562.39
3879,7439,2023-06-02,2024-05-04,STANDARD,19.99,Churned,TECH-01,224.55
3880,6364,2025-02-22,,PREMIUM,39.99,Active,,455.89
3881,1112,2024-10-28,,STANDARD,19.99,Active,,305.85
3882,9081,2024-09-21,,PREMIUM,39.99,Active,,661.17
3883,468,2024-04-26,,PREMIUM,39.99,Active,,858.45
3884,8055,2023-05-21,2024-12-11,PREMIUM,39.99,Churned,PRICE-01,759.81
3885,4397,2024-07-26,2026-06-13,PREMIUM,39.99,Churned,SERVICE-01,915.77
3886,2079,2024-06-27,,PREMIUM,39.99,Active,,775.81
3887,3268,2024-11-03,,STANDARD,19.99,Active,,301.85
3888,6715,2026-04-24,,BASIC,9.99,Active,,-27.97
3889,7537,2024-11-30,,STANDARD,19.99,Active,,283.86
3890,6486,2024-04-02,,BASIC,9.99,Active,,222.44
3891,5688,2023-09-14,,STANDARD,19.99,Active,,579.04
3892,1588,2025-06-03,,BASIC,9.99,Active,,80.25
3893,4900,2024-04-14,,PREMIUM,39.99,Active,,874.45
3894,2010,2023-09-29,,PREMIUM,39.99,Active,,1138.38
3895,9926,2025-10-27,2026-02-22,STANDARD,19.99,Churned,SERVICE-01,78.63
3896,9090,2026-01-30,,PREMIUM,39.99,Active,,0.0
3897,1051,2025-04-01,,STANDARD,19.99,Active,,202.57
3898,8238,2023-12-01,2025-08-28,STANDARD,19.99,Churned,SERVICE-02,423.79
3899,129,2025-07-21,2026-10-18,BASIC,9.99,Churned,COMP-01,151.18
3900,3503,2024-11-02,,PREMIUM,39.99,Active,,605.18
3901,6652,2023-12-23,,BASIC,9.99,Active,,256.08
3902,4274,2024-06-29,,BASIC,9.99,Active,,193.14
3903,796,2023-10-12,,STANDARD,19.99,Active,,560.39
3904,1134,2024-05-13,,BASIC,9.99,Active,,208.79
3905,7889,2023-06-02,,STANDARD,19.99,Active,,648.34
3906,5625,2023-01-17,,STANDARD,19.99,Active,,738.96
3907,2494,2024-10-13,2025-03-20,STANDARD,19.99,Churned,PROD-01,105.28
3908,1101,2023-08-10,2024-07-09,PREMIUM,39.99,Churned,PROD-01,445.22
3909,7332,2025-07-22,,BASIC,9.99,Active,,63.94
3910,21,2025-07-06,,PREMIUM,39.99,Active,,277.26
3911,4052,2026-01-23,,BASIC,9.99,Active,,2.33
3912,1727,2023-01-27,2024-06-25,BASIC,9.99,Churned,TECH-01,171.5
3913,4038,2023-07-20,,BASIC,9.99,Active,,308.02
3914,7401,2023-01-29,,STANDARD,19.99,Active,,730.97
3915,2296,2024-04-26,2025-01-26,BASIC,9.99,Churned,TECH-01,91.58
3916,586,2023-07-30,2025-01-30,BASIC,9.99,Churned,COMP-01,183.15
3917,9236,2025-02-21,,PREMIUM,39.99,Active,,457.22
3918,6713,2025-07-07,,PREMIUM,39.99,Active,,275.93
3919,3349,2023-10-23,,BASIC,9.99,Active,,276.39
3920,1289,2023-07-14,,PREMIUM,39.99,Active,,1241.02
3921,4585,2023-05-14,,STANDARD,19.99,Active,,661.0
3922,1093,2023-10-16,,BASIC,9.99,Active,,278.72
3923,6329,2023-05-15,,PREMIUM,39.99,Active,,1321.0
3924,265,2023-12-31,,PREMIUM,39.99,Active,,1014.41
3925,8805,2024-03-20,,STANDARD,19.99,Active,,453.77
3926,3429,2025-05-18,,STANDARD,19.99,Active,,171.25
3927,5235,2024-10-23,2025-11-27,STANDARD,19.99,Churned,COMP-01,266.53
3928,3106,2026-05-03,,BASIC,9.99,Active,,-30.97
3929,3643,2026-02-26,,BASIC,9.99,Active,,-8.99
3930,4790,2025-01-14,,STANDARD,19.99,Active,,253.87
3931,9460,2025-06-16,,PREMIUM,39.99,Active,,303.92
3932,4193,2025-09-07,,BASIC,9.99,Active,,48.28
3933,351,2024-01-21,,STANDARD,19.99,Active,,493.09
3934,104,2025-06-05,2026-08-30,STANDARD,19.99,Churned,SERVICE-01,300.52
3935,7911,2025-06-03,,BASIC,9.99,Active,,80.25
3936,6302,2024-08-22,,PREMIUM,39.99,Active,,701.16
3937,9623,2026-06-08,,STANDARD,19.99,Active,,-85.96
3938,8984,2023-11-02,,PREMIUM,39.99,Active,,1093.06
3939,1445,2025-11-07,2026-08-03,STANDARD,19.99,Churned,TECH-01,179.24
3940,4612,2023-09-08,,PREMIUM,39.99,Active,,1166.38
3941,7677,2024-06-04,2025-09-28,BASIC,9.99,Churned,TECH-01,160.17
3942,8716,2025-07-28,2026-08-17,STANDARD,19.99,Churned,PROD-01,256.54
3943,8488,2025-04-06,,STANDARD,19.99,Active,,199.23
3944,4937,2023-01-12,,BASIC,9.99,Active,,370.96
3945,2648,2024-07-04,2025-08-25,STANDARD,19.99,Churned,PROD-01,277.86
3946,95,2024-03-29,,BASIC,9.99,Active,,223.78
3947,891,2023-08-23,2025-01-30,STANDARD,19.99,Churned,PRICE-02,350.49
3948,5501,2024-04-30,,BASIC,9.99,Active,,213.12
3949,3145,2024-11-10,2025-09-26,PREMIUM,39.99,Churned,SERVICE-01,426.56
3950,4441,2024-09-01,2025-02-03,STANDARD,19.99,Churned,PROD-01,103.28
3951,9647,2024-05-25,,BASIC,9.99,Active,,204.8
3952,8009,2023-12-30,,STANDARD,19.99,Active,,507.75
3953,1071,2025-02-14,2026-10-07,PREMIUM,39.99,Churned,PRICE-02,799.8
3954,244,2023-08-02,,STANDARD,19.99,Active,,607.7
3955,4534,2025-04-29,,STANDARD,19.99,Active,,183.91
3956,8028,2023-04-22,,BASIC,9.99,Active,,337.66
3957,8501,2025-07-03,,STANDARD,19.99,Active,,140.6
3958,7281,2024-04-09,2025-02-09,PREMIUM,39.99,Churned,PRICE-02,407.9
3959,3754,2024-11-17,2025-11-27,STANDARD,19.99,Churned,PRICE-02,249.87
3960,4229,2024-03-28,2024-09-02,PREMIUM,39.99,Churned,SERVICE-01,210.61
3961,8546,2024-07-24,,STANDARD,19.99,Active,,369.81
3962,8351,2024-06-04,,PREMIUM,39.99,Active,,806.47
3963,3176,2024-08-06,,BASIC,9.99,Active,,180.49
3964,5448,2023-05-15,,BASIC,9.99,Active,,330.0
3965,3019,2024-03-23,,BASIC,9.99,Active,,225.77
3966,7307,2025-04-11,,STANDARD,19.99,Active,,195.9
3967,9489,2023-12-04,,BASIC,9.99,Active,,262.4
3968,8485,2024-12-02,,STANDARD,19.99,Active,,282.53
3969,1814,2023-12-16,2024-01-24,BASIC,9.99,Churned,SERVICE-01,12.99
3970,8649,2024-01-21,2025-07-06,STANDARD,19.99,Churned,PROD-01,354.49
3971,5489,2025-02-02,,BASIC,9.99,Active,,120.55
3972,1352,2025-06-14,2027-05-28,PREMIUM,39.99,Churned,PRICE-02,950.43
3973,740,2024-02-20,2024-04-02,BASIC,9.99,Churned,PROD-01,13.99
3974,2463,2025-07-03,,BASIC,9.99,Active,,70.26
3975,4608,2024-04-09,2024-06-26,BASIC,9.99,Churned,PRICE-02,25.97
3976,3705,2025-07-17,2026-12-19,PREMIUM,39.99,Churned,PROD-01,693.16
3977,3454,2023-07-14,,PREMIUM,39.99,Active,,1241.02
3978,3444,2025-04-01,2025-06-25,STANDARD,19.99,Churned,PRICE-02,56.64
3979,1589,2025-01-12,,STANDARD,19.99,Active,,255.21
3980,6740,2024-02-16,,BASIC,9.99,Active,,237.76
3981,6602,2024-02-27,,STANDARD,19.99,Active,,468.43
3982,4585,2024-11-05,2026-01-25,PREMIUM,39.99,Churned,TECH-01,594.52
3983,5552,2025-02-02,,PREMIUM,39.99,Active,,482.55
3984,4984,2025-09-06,,PREMIUM,39.99,Active,,194.62
3985,9454,2025-12-28,,STANDARD,19.99,Active,,21.99
3986,5261,2023-06-13,,PREMIUM,39.99,Active,,1282.35
3987,3603,2024-08-04,,PREMIUM,39.99,Active,,725.15
3988,5073,2026-03-18,2027-03-11,STANDARD,19.99,Churned,PRICE-02,238.55
3989,2648,2023-06-11,,PREMIUM,39.99,Active,,1285.01
3990,8149,2023-02-27,,BASIC,9.99,Active,,355.64
3991,5166,2026-05-30,,PREMIUM,39.99,Active,,-159.96
3992,2559,2024-06-16,,PREMIUM,39.99,Active,,790.47
3993,8250,2023-09-18,,PREMIUM,39.99,Active,,1153.05
3994,6454,2026-03-24,,BASIC,9.99,Active,,-17.65
3995,6862,2026-05-03,,STANDARD,19.99,Active,,-61.97
3996,4906,2024-05-29,2024-08-02,BASIC,9.99,Churned,COMP-01,21.64
3997,1339,2023-08-11,,BASIC,9.99,Active,,300.7
3998,1842,2023-04-19,,STANDARD,19.99,Active,,677.66
3999,4839,2024-11-08,2026-03-20,PREMIUM,39.99,Churned,PRICE-01,662.5
4000,5837,2025-06-22,2027-06-04,PREMIUM,39.99,Churned,COMP-01,949.1
4001,1865,2025-07-17,2027-07-08,BASIC,9.99,Churned,SERVICE-01,240.09
4002,518,2023-11-27,,STANDARD,19.99,Active,,529.74
4003,4429,2025-02-08,,STANDARD,19.99,Active,,237.21
4004,1567,2023-02-12,2024-05-21,BASIC,9.99,Churned,SERVICE-02,154.51
4005,4482,2024-11-07,2026-03-21,PREMIUM,39.99,Churned,SERVICE-01,665.17
4006,3697,2026-03-02,,STANDARD,19.99,Active,,-20.66
4007,8414,2025-02-13,,BASIC,9.99,Active,,116.88
4008,5992,2025-06-02,,STANDARD,19.99,Active,,161.25
4009,9262,2023-11-24,,BASIC,9.99,Active,,265.73
4010,9841,2025-11-05,,STANDARD,19.99,Active,,57.3
4011,5419,2025-01-13,,BASIC,9.99,Active,,127.21
4012,8715,2023-01-05,,BASIC,9.99,Active,,373.29
4013,3501,2025-12-26,,BASIC,9.99,Active,,11.66
4014,4905,2025-06-01,,STANDARD,19.99,Active,,161.92
4015,5606,2024-12-23,,PREMIUM,39.99,Active,,537.2
4016,6690,2026-02-06,2028-01-23,PREMIUM,39.99,Churned,TECH-01,954.43
4017,7091,2025-04-22,,BASIC,9.99,Active,,94.24
4018,9250,2024-10-04,,PREMIUM,39.99,Active,,643.84
4019,3771,2025-05-14,,STANDARD,19.99,Active,,173.91
4020,5117,2025-07-26,,STANDARD,19.99,Active,,125.27
4021,9503,2026-03-16,,STANDARD,19.99,Active,,-29.98
4022,3354,2026-02-25,,PREMIUM,39.99,Active,,-34.66
4023,6089,2024-11-05,,PREMIUM,39.99,Active,,601.18
4024,1654,2026-04-09,,STANDARD,19.99,Active,,-45.98
4025,3666,2025-05-29,2026-06-09,STANDARD,19.99,Churned,PROD-01,250.54
4026,2615,2024-12-24,,PREMIUM,39.99,Active,,535.87
4027,3682,2023-03-26,2023-07-16,BASIC,9.99,Churned,PROD-01,37.3
4028,6403,2023-06-08,,PREMIUM,39.99,Active,,1289.01
4029,6911,2026-05-23,,STANDARD,19.99,Active,,-75.3
4030,4319,2024-04-13,,STANDARD,19.99,Active,,437.78
4031,7158,2024-05-11,2024-12-31,PREMIUM,39.99,Churned,PRICE-02,311.92
4032,54,2023-04-03,,STANDARD,19.99,Active,,688.32
4033,1420,2025-11-30,,BASIC,9.99,Active,,20.31
4034,4150,2025-06-22,2027-06-01,STANDARD,19.99,Churned,COMP-01,472.43
4035,2345,2025-01-22,2026-07-16,STANDARD,19.99,Churned,PROD-01,359.82
4036,1346,2024-04-03,2025-08-24,PREMIUM,39.99,Churned,PROD-01,677.16
4037,932,2024-02-18,,PREMIUM,39.99,Active,,949.1
4038,3741,2025-05-19,,PREMIUM,39.99,Active,,341.25
4039,7575,2024-12-21,2025-02-10,STANDARD,19.99,Churned,SERVICE-01,33.98
4040,4455,2023-07-20,,BASIC,9.99,Active,,308.02
4041,9552,2023-07-28,,PREMIUM,39.99,Active,,1222.36
4042,9857,2023-08-17,,PREMIUM,39.99,Active,,1195.7
4043,1989,2024-09-10,2025-08-01,BASIC,9.99,Churned,PRICE-02,108.23
4044,6398,2024-05-07,,BASIC,9.99,Active,,210.79
4045,2325,2024-10-16,,STANDARD,19.99,Active,,313.84
4046,4861,2023-01-02,,STANDARD,19.99,Active,,748.96
4047,2750,2023-12-31,,BASIC,9.99,Active,,253.41
4048,5392,2025-09-26,,PREMIUM,39.99,Active,,167.96
4049,3583,2025-10-01,,PREMIUM,39.99,Active,,161.29
4050,9169,2024-05-28,,BASIC,9.99,Active,,203.8
4051,3865,2024-11-24,,STANDARD,19.99,Active,,287.86
4052,4524,2025-10-12,2027-06-03,BASIC,9.99,Churned,COMP-01,199.47
4053,1911,2024-06-04,,BASIC,9.99,Active,,201.47
4054,9542,2023-10-16,,BASIC,9.99,Active,,278.72
4055,599,2025-01-17,2025-07-20,BASIC,9.99,Churned,COMP-01,61.27
4056,5879,2023-03-01,,STANDARD,19.99,Active,,710.31
4057,9332,2026-05-28,2028-04-12,PREMIUM,39.99,Churned,SERVICE-02,913.11
4058,2928,2025-04-28,2026-01-16,STANDARD,19.99,Churned,PRICE-01,175.25
4059,5488,2026-05-26,,BASIC,9.99,Active,,-38.63
4060,130,2026-01-24,,PREMIUM,39.99,Active,,8.0
4061,7248,2024-02-03,,BASIC,9.99,Active,,242.09
4062,2119,2023-04-20,,PREMIUM,39.99,Active,,1354.33
4063,7356,2026-03-28,,PREMIUM,39.99,Active,,-75.98
4064,3489,2025-03-04,,STANDARD,19.99,Active,,221.22
4065,755,2023-05-31,,STANDARD,19.99,Active,,649.67
4066,8655,2023-08-01,,BASIC,9.99,Active,,304.03
4067,5897,2025-03-14,2026-01-24,PREMIUM,39.99,Churned,TECH-01,421.23
4068,8730,2023-10-14,2024-12-24,PREMIUM,39.99,Churned,COMP-01,582.52
4069,1290,2024-12-25,2026-03-28,PREMIUM,39.99,Churned,SERVICE-01,610.51
4070,8494,2023-01-19,2023-05-06,PREMIUM,39.99,Churned,PRICE-02,142.63
4071,1319,2024-10-08,,BASIC,9.99,Active,,159.51
4072,9331,2023-09-10,,STANDARD,19.99,Active,,581.71
4073,9868,2024-04-15,,PREMIUM,39.99,Active,,873.12
4074,8188,2023-04-08,2023-10-04,BASIC,9.99,Churned,SERVICE-02,59.61
4075,2347,2024-04-14,,BASIC,9.99,Active,,218.45
4076,6412,2026-02-22,2026-10-24,STANDARD,19.99,Churned,SERVICE-02,162.59
4077,1461,2026-06-13,,BASIC,9.99,Active,,-44.62
4078,8492,2025-08-14,,PREMIUM,39.99,Active,,225.28
4079,5249,2024-06-16,,STANDARD,19.99,Active,,395.14
4080,7086,2025-01-08,2026-07-11,BASIC,9.99,Churned,SERVICE-01,182.82
4081,8151,2025-01-19,,PREMIUM,39.99,Active,,501.21
4082,4954,2025-06-16,,PREMIUM,39.99,Active,,303.92
4083,733,2025-08-12,2027-04-16,PREMIUM,39.99,Churned,SERVICE-02,815.8
4084,4178,2026-05-19,,STANDARD,19.99,Active,,-72.63
4085,6150,2024-05-03,,PREMIUM,39.99,Active,,849.12
4086,8429,2024-08-21,2026-02-26,BASIC,9.99,Churned,TECH-01,184.48
4087,5775,2023-05-04,2023-10-06,STANDARD,19.99,Churned,SERVICE-02,103.28
4088,6926,2025-10-14,,PREMIUM,39.99,Active,,143.96
4089,6778,2024-09-09,2026-01-02,STANDARD,19.99,Churned,COMP-01,319.84
4090,9886,2025-05-12,,STANDARD,19.99,Active,,175.25
4091,2247,2025-09-25,,STANDARD,19.99,Active,,84.62
4092,5507,2023-10-24,,BASIC,9.99,Active,,276.06
4093,676,2026-05-23,,BASIC,9.99,Active,,-37.63
4094,1243,2023-02-23,,PREMIUM,39.99,Active,,1428.98
4095,3417,2025-08-15,,BASIC,9.99,Active,,55.94
4096,354,2023-11-13,2025-01-22,BASIC,9.99,Churned,PRICE-01,145.19
4097,6081,2025-05-23,,PREMIUM,39.99,Active,,335.92
4098,4676,2026-01-25,2026-09-05,BASIC,9.99,Churned,TECH-01,74.26
4099,6439,2024-07-08,,PREMIUM,39.99,Active,,761.14
4100,8594,2026-03-25,,BASIC,9.99,Active,,-17.98
4101,7408,2026-06-03,,BASIC,9.99,Active,,-41.29
4102,9009,2023-03-06,,STANDARD,19.99,Active,,706.98
4103,8922,2024-07-12,,BASIC,9.99,Active,,188.81
4104,6607,2025-02-26,,BASIC,9.99,Active,,112.55
4105,645,2024-12-14,2025-12-24,STANDARD,19.99,Churned,SERVICE-01,249.87
4106,5351,2024-08-30,,STANDARD,19.99,Active,,345.16
4107,6388,2023-02-07,,BASIC,9.99,Active,,362.3
4108,3437,2023-08-11,,STANDARD,19.99,Active,,601.7
4109,9043,2023-10-16,2024-06-15,PREMIUM,39.99,Churned,COMP-01,323.92
4110,2343,2023-05-05,2023-12-01,PREMIUM,39.99,Churned,PRICE-02,279.93
4111,953,2026-06-13,2027-01-16,STANDARD,19.99,Churned,PRICE-01,144.59
4112,929,2024-05-19,,BASIC,9.99,Active,,206.79
4113,9351,2023-07-23,2023-09-22,PREMIUM,39.99,Churned,SERVICE-01,81.31
4114,8801,2025-10-29,,STANDARD,19.99,Active,,61.97
4115,3522,2026-02-18,2026-06-22,STANDARD,19.99,Churned,PRICE-02,82.63
4116,3797,2023-07-28,,BASIC,9.99,Active,,305.36
4117,7330,2024-06-14,,PREMIUM,39.99,Active,,793.13
4118,3568,2023-10-10,,PREMIUM,39.99,Active,,1123.72
4119,7720,2024-01-12,2025-10-14,PREMIUM,39.99,Churned,PRICE-01,854.45
4120,1324,2024-10-29,,BASIC,9.99,Active,,152.51
4121,9661,2025-01-15,,PREMIUM,39.99,Active,,506.54
4122,2536,2025-02-06,,BASIC,9.99,Active,,119.21
4123,3427,2025-03-28,,STANDARD,19.99,Active,,205.23
4124,4683,2023-04-09,2024-02-06,STANDARD,19.99,Churned,PROD-01,201.9
4125,116,2023-05-04,,PREMIUM,39.99,Active,,1335.67
4126,5274,2025-07-08,2026-12-03,BASIC,9.99,Churned,PROD-01,170.83
4127,4862,2023-08-09,,PREMIUM,39.99,Active,,1206.37
4128,1325,2023-02-19,,BASIC,9.99,Active,,358.31
4129,8824,2023-02-02,,BASIC,9.99,Active,,363.97
4130,6742,2026-05-04,,PREMIUM,39.99,Active,,-125.3
4131,5115,2023-04-14,,PREMIUM,39.99,Active,,1362.33
4132,2422,2024-05-06,,STANDARD,19.99,Active,,422.46
4133,1435,2026-04-16,,BASIC,9.99,Active,,-25.31
4134,316,2024-02-27,,PREMIUM,39.99,Active,,937.1
4135,4092,2026-01-11,,PREMIUM,39.99,Active,,25.33
4136,3854,2025-11-14,2026-07-05,STANDARD,19.99,Churned,PROD-01,155.26
4137,6629,2024-08-05,,BASIC,9.99,Active,,180.82
4138,1024,2023-08-21,,STANDARD,19.99,Active,,595.04
4139,6784,2023-06-03,,BASIC,9.99,Active,,323.68
4140,5977,2023-04-22,,STANDARD,19.99,Active,,675.66
4141,5236,2025-10-26,,PREMIUM,39.99,Active,,127.97
4142,1823,2023-03-27,,PREMIUM,39.99,Active,,1386.32
4143,6521,2023-08-09,2025-05-16,PREMIUM,39.99,Churned,SERVICE-01,861.12
4144,2477,2025-08-24,,PREMIUM,39.99,Active,,211.95
4145,3866,2025-02-03,2026-07-20,BASIC,9.99,Churned,PROD-01,177.16
4146,8268,2025-03-16,2026-04-01,PREMIUM,39.99,Churned,PROD-01,507.87
4147,8563,2024-12-20,,PREMIUM,39.99,Active,,541.2
4148,2412,2024-11-22,,BASIC,9.99,Active,,144.52
4149,636,2024-06-15,,PREMIUM,39.99,Active,,791.8
4150,8485,2024-04-19,,PREMIUM,39.99,Active,,867.78
4151,118,2024-04-23,,STANDARD,19.99,Active,,431.12
4152,2424,2023-04-13,2025-03-12,PREMIUM,39.99,Churned,TECH-01,931.77
4153,8155,2023-08-19,2024-12-11,STANDARD,19.99,Churned,COMP-01,319.84
4154,3884,2023-06-24,,BASIC,9.99,Active,,316.68
4155,5063,2026-03-28,,STANDARD,19.99,Active,,-37.98
4156,8339,2024-02-15,,PREMIUM,39.99,Active,,953.1
4157,4415,2026-03-14,,STANDARD,19.99,Active,,-28.65
4158,4066,2025-04-25,,STANDARD,19.99,Active,,186.57
4159,4370,2025-08-09,2025-12-11,PREMIUM,39.99,Churned,TECH-01,165.29
4160,8126,2024-07-01,,PREMIUM,39.99,Active,,770.47
4161,4308,2025-08-01,2025-10-14,STANDARD,19.99,Churned,PRICE-02,49.31
4162,3525,2023-11-05,,PREMIUM,39.99,Active,,1089.06
4163,3110,2023-02-27,,BASIC,9.99,Active,,355.64
4164,1078,2024-03-18,,STANDARD,19.99,Active,,455.11
4165,1123,2024-06-12,2024-07-22,PREMIUM,39.99,Churned,SERVICE-01,53.32
4166,3933,2024-10-08,,PREMIUM,39.99,Active,,638.51
4167,9472,2024-03-24,2024-12-24,PREMIUM,39.99,Churned,SERVICE-01,366.57
4168,1487,2023-10-03,,BASIC,9.99,Active,,283.05
4169,2500,2023-12-30,,STANDARD,19.99,Active,,507.75
4170,755,2025-05-29,,STANDARD,19.99,Active,,163.92
4171,6391,2025-06-27,,BASIC,9.99,Active,,72.26
4172,6170,2024-01-26,,BASIC,9.99,Active,,244.75
4173,9181,2023-08-12,,STANDARD,19.99,Active,,601.03
4174,1086,2023-09-29,,PREMIUM,39.99,Active,,1138.38
4175,7669,2024-06-01,2026-01-04,STANDARD,19.99,Churned,COMP-01,387.81
4176,6800,2023-02-08,,BASIC,9.99,Active,,361.97
4177,7007,2023-01-09,,PREMIUM,39.99,Active,,1488.96
4178,3064,2026-05-02,2026-10-07,PREMIUM,39.99,Churned,PROD-01,210.61
4179,326,2024-03-26,,STANDARD,19.99,Active,,449.77
4180,9613,2024-02-10,,STANDARD,19.99,Active,,479.76
4181,8947,2025-02-05,,PREMIUM,39.99,Active,,478.55
4182,1532,2025-10-06,2026-09-17,PREMIUM,39.99,Churned,PRICE-01,461.22
4183,770,2026-06-05,,PREMIUM,39.99,Active,,-167.96
4184,2459,2025-08-28,2027-07-09,STANDARD,19.99,Churned,PRICE-02,453.11
4185,3467,2023-03-10,,BASIC,9.99,Active,,351.98
4186,1585,2026-04-02,,BASIC,9.99,Active,,-20.65
4187,9135,2023-09-22,2024-09-18,BASIC,9.99,Churned,PRICE-01,120.55
4188,5243,2024-05-08,2025-11-06,BASIC,9.99,Churned,COMP-01,182.15
4189,429,2026-02-23,,BASIC,9.99,Active,,-7.99
4190,6825,2024-01-25,2024-11-30,BASIC,9.99,Churned,SERVICE-02,103.23
4191,9240,2023-05-17,,BASIC,9.99,Active,,329.34
4192,706,2023-01-15,,PREMIUM,39.99,Active,,1480.96
4193,9616,2024-11-14,,PREMIUM,39.99,Active,,589.19
4194,1428,2023-04-20,2023-06-03,STANDARD,19.99,Churned,SERVICE-01,29.32
4195,2061,2024-08-24,2026-01-26,BASIC,9.99,Churned,PRICE-02,173.16
4196,359,2025-02-19,2026-10-14,PREMIUM,39.99,Churned,COMP-01,802.47
4197,7230,2025-07-18,2026-09-16,STANDARD,19.99,Churned,PRICE-02,283.19
4198,2639,2023-04-02,2024-10-17,BASIC,9.99,Churned,TECH-01,187.81
4199,4167,2024-03-27,,STANDARD,19.99,Active,,449.11
4200,3781,2025-12-11,,PREMIUM,39.99,Active,,66.65
4201,9044,2024-11-25,,PREMIUM,39.99,Active,,574.52
4202,2868,2024-03-14,2024-06-13,PREMIUM,39.99,Churned,PRICE-02,121.3
4203,7870,2023-07-29,,PREMIUM,39.99,Active,,1221.03
4204,461,2024-06-28,,BASIC,9.99,Active,,193.47
4205,3515,2026-05-06,,STANDARD,19.99,Active,,-63.97
4206,3250,2026-01-23,2026-03-18,STANDARD,19.99,Churned,SERVICE-02,35.98
4207,2850,2025-01-13,,STANDARD,19.99,Active,,254.54
4208,1355,2025-12-14,2027-01-26,PREMIUM,39.99,Churned,SERVICE-02,543.86
4209,874,2024-08-18,2026-03-14,PREMIUM,39.99,Churned,PRICE-02,763.81
4210,2742,2024-07-16,2024-09-20,PREMIUM,39.99,Churned,SERVICE-01,87.98
4211,1569,2023-12-18,,STANDARD,19.99,Active,,515.74
4212,3683,2025-07-09,2026-03-21,STANDARD,19.99,Churned,TECH-01,169.91
4213,4988,2023-02-25,2025-01-18,PREMIUM,39.99,Churned,PROD-01,923.77
4214,8242,2023-08-16,,PREMIUM,39.99,Active,,1197.03
4215,5037,2023-01-13,,STANDARD,19.99,Active,,741.63
4216,7416,2023-07-12,,PREMIUM,39.99,Active,,1243.69
4217,6894,2025-02-07,,PREMIUM,39.99,Active,,475.88
4218,3812,2025-01-31,2025-04-28,BASIC,9.99,Churned,SERVICE-01,28.97
4219,264,2024-10-05,2024-12-19,BASIC,9.99,Churned,PROD-01,24.98
4220,5553,2024-10-26,2026-04-21,PREMIUM,39.99,Churned,PRICE-01,722.49
4221,5904,2024-12-13,,PREMIUM,39.99,Active,,550.53
4222,5732,2025-02-04,,BASIC,9.99,Active,,119.88
4223,7043,2026-06-28,,BASIC,9.99,Active,,-49.62
4224,5910,2023-01-08,,PREMIUM,39.99,Active,,1490.29
4225,9774,2026-03-14,,PREMIUM,39.99,Active,,-57.32
4226,1033,2024-07-23,,PREMIUM,39.99,Active,,741.15
4227,4121,2024-04-07,,BASIC,9.99,Active,,220.78
4228,3209,2024-10-13,,BASIC,9.99,Active,,157.84
4229,2887,2023-06-30,2025-01-23,PREMIUM,39.99,Churned,SERVICE-02,763.81
4230,5782,2023-03-15,,STANDARD,19.99,Active,,700.98
4231,9035,2024-06-08,2024-09-06,STANDARD,19.99,Churned,TECH-01,59.97
4232,2562,2023-07-31,,BASIC,9.99,Active,,304.36
4233,8707,2025-11-12,,BASIC,9.99,Active,,26.31
4234,8913,2023-03-16,,PREMIUM,39.99,Active,,1400.98
4235,8126,2025-10-13,,PREMIUM,39.99,Active,,145.3
4236,2507,2026-06-18,,STANDARD,19.99,Active,,-92.62
4237,1071,2023-06-05,2024-04-16,BASIC,9.99,Churned,SERVICE-02,105.23
4238,5330,2024-10-19,,BASIC,9.99,Active,,155.84
4239,6058,2025-09-15,,PREMIUM,39.99,Active,,182.62
4240,7124,2023-12-29,,BASIC,9.99,Active,,254.08
4241,731,2025-07-08,2025-09-17,BASIC,9.99,Churned,PROD-01,23.64
4242,7429,2024-03-10,2024-11-26,PREMIUM,39.99,Churned,SERVICE-01,347.91
4243,299,2023-07-11,,BASIC,9.99,Active,,311.02
4244,7288,2026-01-05,2027-12-03,BASIC,9.99,Churned,SERVICE-02,232.1
4245,982,2023-12-31,2025-08-27,BASIC,9.99,Churned,PROD-01,201.47
4246,3612,2025-06-16,2026-10-10,BASIC,9.99,Churned,TECH-01,160.17
4247,3959,2025-07-02,2027-03-02,STANDARD,19.99,Churned,SERVICE-02,405.13
4248,3325,2024-12-01,,BASIC,9.99,Active,,141.53
4249,5889,2025-04-04,,BASIC,9.99,Active,,100.23
4250,3950,2023-04-10,2024-04-02,PREMIUM,39.99,Churned,PRICE-02,477.21
4251,1667,2023-04-17,2023-09-28,STANDARD,19.99,Churned,TECH-01,109.28
4252,8951,2024-09-07,,STANDARD,19.99,Active,,339.83
4253,3030,2026-05-12,,PREMIUM,39.99,Active,,-135.97
4254,378,2024-06-28,,PREMIUM,39.99,Active,,774.47
4255,540,2023-02-12,,BASIC,9.99,Active,,360.64
4256,3233,2023-09-29,2024-10-05,STANDARD,19.99,Churned,TECH-01,247.88
4257,8843,2026-01-05,,BASIC,9.99,Active,,8.33
4258,5631,2025-06-20,,BASIC,9.99,Active,,74.59
4259,3032,2023-01-08,,BASIC,9.99,Active,,372.29
4260,4381,2023-10-04,2025-04-29,BASIC,9.99,Churned,COMP-01,190.81
4261,8045,2024-10-02,2026-03-15,STANDARD,19.99,Churned,PROD-01,352.49
4262,8468,2026-05-20,,PREMIUM,39.99,Active,,-146.63
4263,2235,2025-08-18,,BASIC,9.99,Active,,54.95
4264,9196,2024-11-04,,PREMIUM,39.99,Active,,602.52
4265,2623,2023-08-30,,STANDARD,19.99,Active,,589.04
4266,1812,2023-05-08,,PREMIUM,39.99,Active,,1330.33
4267,2286,2023-02-09,2024-01-09,PREMIUM,39.99,Churned,PRICE-01,445.22
4268,6352,2024-05-29,,PREMIUM,39.99,Active,,814.46
4269,4562,2024-10-19,,STANDARD,19.99,Active,,311.84
4270,9691,2026-03-07,,BASIC,9.99,Active,,-11.99
4271,6817,2026-06-16,2027-02-04,PREMIUM,39.99,Churned,COMP-01,310.59
4272,2470,2024-03-19,,BASIC,9.99,Active,,227.11
4273,1320,2024-09-02,2026-01-21,STANDARD,19.99,Churned,PRICE-01,337.16
4274,4113,2026-05-16,2026-12-25,STANDARD,19.99,Churned,PROD-01,148.59
4275,3786,2023-04-22,,BASIC,9.99,Active,,337.66
4276,4099,2025-10-02,,PREMIUM,39.99,Active,,159.96
4277,1829,2023-03-13,2024-11-07,STANDARD,19.99,Churned,COMP-01,403.13
4278,2343,2024-02-20,,PREMIUM,39.99,Active,,946.43
4279,7708,2023-11-10,,STANDARD,19.99,Active,,541.06
4280,3917,2023-09-03,,PREMIUM,39.99,Active,,1173.04
4281,3380,2025-12-09,2027-10-15,BASIC,9.99,Churned,PRICE-01,224.78
4282,2340,2024-12-07,,PREMIUM,39.99,Active,,558.53
4283,330,2025-08-28,,BASIC,9.99,Active,,51.62
4284,122,2026-06-07,,BASIC,9.99,Active,,-42.62
4285,1151,2023-06-30,,BASIC,9.99,Active,,314.69
4286,205,2025-11-04,,STANDARD,19.99,Active,,57.97
4287,9357,2026-03-11,,STANDARD,19.99,Active,,-26.65
4288,7159,2023-06-27,,BASIC,9.99,Active,,315.68
4289,6821,2024-09-09,,BASIC,9.99,Active,,169.16
4290,5008,2025-01-03,2025-11-23,PREMIUM,39.99,Churned,PRICE-02,431.89
4291,973,2026-01-10,,STANDARD,19.99,Active,,13.33
4292,4273,2024-09-10,2025-09-19,PREMIUM,39.99,Churned,SERVICE-01,498.54
4293,345,2024-08-28,,PREMIUM,39.99,Active,,693.16
4294,3756,2026-05-20,,PREMIUM,39.99,Active,,-146.63
4295,8738,2025-06-23,,PREMIUM,39.99,Active,,294.59
4296,6458,2026-02-02,,BASIC,9.99,Active,,-1.0
4297,7491,2024-06-25,,PREMIUM,39.99,Active,,778.47
4298,5360,2025-04-23,,PREMIUM,39.99,Active,,375.91
4299,473,2026-05-24,,STANDARD,19.99,Active,,-75.96
4300,2352,2025-12-30,,STANDARD,19.99,Active,,20.66
4301,6240,2023-03-05,,BASIC,9.99,Active,,353.65
4302,4821,2026-03-23,,BASIC,9.99,Active,,-17.32
4303,7124,2023-06-16,2024-02-20,PREMIUM,39.99,Churned,TECH-01,331.92
4304,8897,2023-05-27,,STANDARD,19.99,Active,,652.34
4305,3429,2024-11-06,,BASIC,9.99,Active,,149.85
4306,3653,2024-04-28,2025-10-03,BASIC,9.99,Churned,PRICE-01,174.16
4307,5115,2024-01-30,,PREMIUM,39.99,Active,,974.42
4308,2304,2024-04-09,2025-03-04,STANDARD,19.99,Churned,PRICE-01,219.22
4309,2622,2023-07-22,,STANDARD,19.99,Active,,615.03
4310,9006,2025-03-03,,STANDARD,19.99,Active,,221.89
4311,4298,2023-11-10,,STANDARD,19.99,Active,,541.06
4312,825,2023-12-24,,BASIC,9.99,Active,,255.74
4313,4061,2025-10-01,,BASIC,9.99,Active,,40.29
4314,1629,2024-11-22,,PREMIUM,39.99,Active,,578.52
4315,4578,2023-05-22,,PREMIUM,39.99,Active,,1311.67
4316,392,2025-02-17,2025-06-22,STANDARD,19.99,Churned,SERVICE-01,83.29
4317,3861,2024-09-01,,PREMIUM,39.99,Active,,687.83
4318,2881,2025-02-24,,STANDARD,19.99,Active,,226.55
4319,4368,2025-09-03,,PREMIUM,39.99,Active,,198.62
4320,9392,2023-10-15,,STANDARD,19.99,Active,,558.39
4321,8149,2024-05-02,,BASIC,9.99,Active,,212.45
4322,1082,2025-10-05,,PREMIUM,39.99,Active,,155.96
4323,2364,2026-03-09,2027-05-29,STANDARD,19.99,Churned,PRICE-02,297.18
4324,1175,2023-09-29,,PREMIUM,39.99,Active,,1138.38
4325,6703,2025-08-30,,BASIC,9.99,Active,,50.95
4326,5753,2024-02-02,,STANDARD,19.99,Active,,485.09
4327,4051,2023-11-23,,STANDARD,19.99,Active,,532.4
4328,5270,2023-10-25,,STANDARD,19.99,Active,,551.72
4329,6402,2024-09-02,,BASIC,9.99,Active,,171.5
4330,9002,2023-01-01,2023-05-28,BASIC,9.99,Churned,TECH-01,48.95
4331,5792,2023-02-25,2025-02-04,STANDARD,19.99,Churned,PRICE-01,473.1
4332,9148,2023-02-26,2023-12-10,BASIC,9.99,Churned,COMP-01,95.57
4333,2213,2024-02-01,2025-12-23,BASIC,9.99,Churned,PRICE-02,230.1
4334,7026,2025-06-20,,STANDARD,19.99,Active,,149.26
4335,8724,2023-12-18,,PREMIUM,39.99,Active,,1031.74
4336,1722,2026-03-09,,PREMIUM,39.99,Active,,-50.65
4337,9723,2025-05-19,,BASIC,9.99,Active,,85.25
4338,2958,2026-03-17,,STANDARD,19.99,Active,,-30.65
4339,7416,2024-09-01,,STANDARD,19.99,Active,,343.83
4340,5718,2024-03-21,,PREMIUM,39.99,Active,,906.44
4341,9898,2024-09-09,2024-10-27,BASIC,9.99,Churned,SERVICE-02,15.98
4342,7036,2025-03-30,2026-08-28,BASIC,9.99,Churned,TECH-01,171.83
4343,3778,2023-08-16,,STANDARD,19.99,Active,,598.37
4344,3297,2025-09-24,2026-06-17,STANDARD,19.99,Churned,SERVICE-02,177.24
4345,1839,2023-11-19,,BASIC,9.99,Active,,267.4
4346,6458,2023-07-24,,BASIC,9.99,Active,,306.69
4347,984,2024-02-27,2025-12-10,PREMIUM,39.99,Churned,SERVICE-01,869.12
4348,8691,2023-02-20,2023-12-10,BASIC,9.99,Churned,PRICE-02,97.57
4349,8836,2023-05-25,,STANDARD,19.99,Active,,653.67
4350,3928,2025-09-23,,BASIC,9.99,Active,,42.96
4351,6613,2023-02-10,,STANDARD,19.99,Active,,722.97
4352,8146,2026-06-01,,STANDARD,19.99,Active,,-81.29
4353,4772,2023-10-24,,PREMIUM,39.99,Active,,1105.06
4354,6447,2023-09-20,,STANDARD,19.99,Active,,575.05
4355,2355,2025-11-16,,BASIC,9.99,Active,,24.98
4356,8525,2024-04-08,,BASIC,9.99,Active,,220.45
4357,2736,2025-03-25,,PREMIUM,39.99,Active,,414.56
4358,4577,2025-11-18,,BASIC,9.99,Active,,24.31
4359,9587,2024-01-18,,BASIC,9.99,Active,,247.42
4360,6409,2025-10-23,,STANDARD,19.99,Active,,65.97
4361,9822,2026-06-06,,BASIC,9.99,Active,,-42.29
4362,5505,2024-10-18,,STANDARD,19.99,Active,,312.51
4363,1724,2025-07-27,,PREMIUM,39.99,Active,,249.27
4364,2451,2025-08-25,2026-02-07,PREMIUM,39.99,Churned,TECH-01,221.28
4365,6778,2026-05-30,2027-12-19,STANDARD,19.99,Churned,COMP-01,378.48
4366,9882,2023-04-14,2024-07-06,PREMIUM,39.99,Churned,PROD-01,598.52
4367,7826,2023-07-03,,BASIC,9.99,Active,,313.69
4368,7064,2025-09-25,,BASIC,9.99,Active,,42.29
4369,6757,2025-01-15,,STANDARD,19.99,Active,,253.21
4370,3054,2025-11-30,,BASIC,9.99,Active,,20.31
4371,7498,2025-07-18,2026-11-18,PREMIUM,39.99,Churned,SERVICE-01,650.5
4372,9662,2023-01-18,2023-12-19,STANDARD,19.99,Churned,SERVICE-01,223.22
4373,7972,2025-12-21,2026-02-13,STANDARD,19.99,Churned,TECH-01,35.98
4374,4589,2025-12-26,,STANDARD,19.99,Active,,23.32
4375,3668,2025-02-03,2026-04-05,STANDARD,19.99,Churned,COMP-01,283.86
4376,7478,2025-05-15,,PREMIUM,39.99,Active,,346.58
4377,7131,2024-09-18,,BASIC,9.99,Active,,166.17
4378,2464,2025-07-10,,STANDARD,19.99,Active,,135.93
4379,6708,2024-12-09,2026-02-22,PREMIUM,39.99,Churned,PRICE-02,586.52
4380,633,2024-04-12,2026-01-05,BASIC,9.99,Churned,COMP-01,210.79
4381,2833,2023-06-20,2025-05-04,BASIC,9.99,Churned,TECH-01,227.77
4382,9103,2025-05-17,2026-10-14,PREMIUM,39.99,Churned,COMP-01,686.5
4383,8039,2025-02-15,,BASIC,9.99,Active,,116.22
4384,5980,2024-10-25,,STANDARD,19.99,Active,,307.85
4385,3033,2026-05-21,,BASIC,9.99,Active,,-36.96
4386,7436,2023-04-02,2023-08-15,PREMIUM,39.99,Churned,PROD-01,179.96
4387,6293,2023-09-30,,BASIC,9.99,Active,,284.05
4388,9398,2026-06-22,,PREMIUM,39.99,Active,,-190.62
4389,3603,2024-03-11,2024-08-07,STANDARD,19.99,Churned,PRICE-01,99.28
4390,5788,2025-10-21,2027-09-03,PREMIUM,39.99,Churned,COMP-01,909.11
4391,7574,2023-11-24,,BASIC,9.99,Active,,265.73
4392,6749,2024-08-09,,PREMIUM,39.99,Active,,718.49
4393,33,2026-03-17,,BASIC,9.99,Active,,-15.32
4394,7346,2026-05-03,,PREMIUM,39.99,Active,,-123.97
4395,7482,2024-04-26,2026-01-22,PREMIUM,39.99,Churned,PRICE-02,847.79
4396,9592,2024-10-20,2026-01-01,BASIC,9.99,Churned,TECH-01,145.85
4397,1625,2025-11-09,2026-05-15,STANDARD,19.99,Churned,PROD-01,124.6
4398,9987,2024-06-14,,BASIC,9.99,Active,,198.13
4399,9396,2025-10-04,,BASIC,9.99,Active,,39.29
4400,8843,2026-01-12,,STANDARD,19.99,Active,,11.99
4401,6994,2023-01-09,2024-05-16,PREMIUM,39.99,Churned,TECH-01,657.17
4402,7008,2024-01-14,,BASIC,9.99,Active,,248.75
4403,6320,2023-02-14,2023-07-25,BASIC,9.99,Churned,SERVICE-02,53.61
4404,3911,2025-03-28,,STANDARD,19.99,Active,,205.23
4405,7420,2023-05-30,,STANDARD,19.99,Active,,650.34
4406,4208,2025-04-28,,BASIC,9.99,Active,,92.24
4407,4518,2023-07-14,2025-01-16,BASIC,9.99,Churned,PRICE-02,183.82
4408,8201,2025-09-19,,PREMIUM,39.99,Active,,177.29
4409,1087,2026-05-23,,STANDARD,19.99,Active,,-75.3
4410,2445,2026-03-27,,PREMIUM,39.99,Active,,-74.65
4411,74,2026-03-22,,PREMIUM,39.99,Active,,-67.98
4412,197,2025-10-21,,STANDARD,19.99,Active,,67.3
4413,9515,2026-04-09,,PREMIUM,39.99,Active,,-91.98
4414,8799,2026-04-02,,PREMIUM,39.99,Active,,-82.65
4415,8463,2025-04-23,,BASIC,9.99,Active,,93.91
4416,1125,2023-10-25,,STANDARD,19.99,Active,,551.72
4417,658,2024-07-21,,BASIC,9.99,Active,,185.81
4418,61,2025-02-27,2026-10-24,BASIC,9.99,Churned,PRICE-01,201.13
4419,2372,2026-06-18,2027-01-17,BASIC,9.99,Churned,PROD-01,70.93
4420,4930,2026-01-26,2027-05-14,STANDARD,19.99,Churned,PRICE-01,315.18
4421,6771,2024-12-04,,STANDARD,19.99,Active,,281.19
4422,5889,2024-07-23,,PREMIUM,39.99,Active,,741.15
4423,6705,2026-05-22,2027-06-19,BASIC,9.99,Churned,SERVICE-02,130.87
4424,860,2024-04-10,2025-11-18,STANDARD,19.99,Churned,TECH-01,391.14
4425,8683,2026-05-13,,BASIC,9.99,Active,,-34.3
4426,9354,2023-05-11,,BASIC,9.99,Active,,331.33
4427,8554,2023-06-14,,STANDARD,19.99,Active,,640.35
4428,9469,2025-09-22,,PREMIUM,39.99,Active,,173.29
4429,6478,2024-07-22,,PREMIUM,39.99,Active,,742.48
4430,6640,2025-10-16,,STANDARD,19.99,Active,,70.63
4431,5986,2024-11-26,,STANDARD,19.99,Active,,286.52
4432,4858,2025-04-15,,BASIC,9.99,Active,,96.57
4433,5163,2023-09-27,,PREMIUM,39.99,Active,,1141.05
4434,4291,2026-06-28,,BASIC,9.99,Active,,-49.62
4435,7488,2024-06-05,2025-05-30,BASIC,9.99,Churned,SERVICE-01,119.55
4436,7676,2024-10-23,,BASIC,9.99,Active,,154.51
4437,2186,2025-04-09,,STANDARD,19.99,Active,,197.23
4438,6364,2025-10-25,,PREMIUM,39.99,Active,,129.3
4439,2322,2026-05-05,2027-09-17,PREMIUM,39.99,Churned,PROD-01,666.5
4440,9734,2023-01-19,2023-06-11,STANDARD,19.99,Churned,COMP-01,95.29
4441,9900,2023-02-23,2024-05-17,BASIC,9.99,Churned,COMP-01,149.52
4442,714,2025-07-03,,STANDARD,19.99,Active,,140.6
4443,1876,2023-04-02,2023-05-31,PREMIUM,39.99,Churned,PRICE-01,78.65
4444,7339,2023-07-11,,PREMIUM,39.99,Active,,1245.02
4445,6582,2023-10-17,2024-01-02,STANDARD,19.99,Churned,PRICE-01,51.31
4446,2932,2025-05-12,,BASIC,9.99,Active,,87.58
4447,4096,2026-05-26,2027-05-06,PREMIUM,39.99,Churned,TECH-01,459.89
4448,2143,2023-02-16,,BASIC,9.99,Active,,359.31
4449,2237,2023-12-27,,BASIC,9.99,Active,,254.75
4450,2961,2024-05-08,,BASIC,9.99,Active,,210.46
4451,5093,2023-06-19,,BASIC,9.99,Active,,318.35
4452,4259,2024-11-06,,STANDARD,19.99,Active,,299.85
4453,6577,2026-06-18,,BASIC,9.99,Active,,-46.29
4454,1780,2023-07-05,2023-08-27,BASIC,9.99,Churned,PRICE-02,17.65
4455,5916,2025-06-27,2027-05-20,STANDARD,19.99,Churned,TECH-01,461.1
4456,432,2026-05-12,,PREMIUM,39.99,Active,,-135.97
4457,1307,2023-05-03,,BASIC,9.99,Active,,334.0
4458,6599,2025-02-25,,STANDARD,19.99,Active,,225.89
4459,2610,2025-02-02,,STANDARD,19.99,Active,,241.21
4460,1599,2025-05-14,2026-05-06,STANDARD,19.99,Churned,SERVICE-02,237.88
4461,9184,2025-03-18,,BASIC,9.99,Active,,105.89
4462,9863,2024-11-17,,STANDARD,19.99,Active,,292.52
4463,9822,2023-08-20,2024-11-09,PREMIUM,39.99,Churned,PRICE-02,595.85
4464,8377,2023-03-18,2024-04-30,PREMIUM,39.99,Churned,PROD-01,545.2
4465,8046,2025-01-16,,BASIC,9.99,Active,,126.21
4466,3140,2023-09-22,2024-08-10,PREMIUM,39.99,Churned,PROD-01,430.56
4467,3220,2025-03-17,,BASIC,9.99,Active,,106.23
4468,4906,2025-06-23,2026-12-27,BASIC,9.99,Churned,COMP-01,183.82
4469,6000,2026-02-10,,PREMIUM,39.99,Active,,-14.66
4470,4752,2023-01-06,,STANDARD,19.99,Active,,746.29
4471,9552,2024-08-29,,BASIC,9.99,Active,,172.83
4472,9426,2025-07-07,2025-11-30,PREMIUM,39.99,Churned,COMP-01,194.62
4473,9276,2025-11-22,,BASIC,9.99,Active,,22.98
4474,7740,2025-07-20,,BASIC,9.99,Active,,64.6
4475,4970,2025-02-13,,PREMIUM,39.99,Active,,467.88
4476,1576,2025-01-29,,PREMIUM,39.99,Active,,487.88
4477,6918,2026-04-01,,STANDARD,19.99,Active,,-40.65
4478,885,2023-07-29,2025-02-18,STANDARD,19.99,Churned,SERVICE-02,379.81
4479,8434,2025-01-26,,STANDARD,19.99,Active,,245.88
4480,421,2024-02-18,,BASIC,9.99,Active,,237.1
4481,2331,2025-04-11,2026-09-18,PREMIUM,39.99,Churned,COMP-01,699.83
4482,610,2024-09-11,,STANDARD,19.99,Active,,337.16
4483,8870,2024-01-21,,PREMIUM,39.99,Active,,986.42
4484,1243,2024-06-26,,PREMIUM,39.99,Active,,777.14
4485,5585,2023-08-31,2024-06-13,BASIC,9.99,Churned,PRICE-02,95.57
4486,9462,2026-03-06,,STANDARD,19.99,Active,,-23.32
4487,882,2025-08-21,,BASIC,9.99,Active,,53.95
4488,7579,2023-09-10,2025-02-26,PREMIUM,39.99,Churned,PRICE-02,713.15
4489,3802,2023-06-04,,PREMIUM,39.99,Active,,1294.34
4490,501,2025-06-21,2026-04-09,STANDARD,19.99,Churned,PROD-01,194.57
4491,3174,2023-06-02,,BASIC,9.99,Active,,324.01
4492,6846,2025-10-18,,PREMIUM,39.99,Active,,138.63
4493,5119,2023-06-16,,PREMIUM,39.99,Active,,1278.35
4494,131,2026-04-08,2026-12-04,STANDARD,19.99,Churned,TECH-01,159.92
4495,2312,2023-05-25,,BASIC,9.99,Active,,326.67
4496,9038,2023-03-31,,STANDARD,19.99,Active,,690.32
4497,6147,2025-01-05,,BASIC,9.99,Active,,129.87
4498,3113,2023-06-09,,BASIC,9.99,Active,,321.68
4499,7961,2025-08-10,,PREMIUM,39.99,Active,,230.61
4500,3753,2025-07-25,2025-11-27,STANDARD,19.99,Churned,PRICE-01,83.29
4501,4665,2023-03-27,,STANDARD,19.99,Active,,692.99
4502,6501,2024-05-09,,STANDARD,19.99,Active,,420.46
4503,7969,2026-05-31,,BASIC,9.99,Active,,-40.29
4504,5189,2024-11-15,2025-08-28,BASIC,9.99,Churned,PRICE-01,95.24
4505,5462,2026-04-10,,STANDARD,19.99,Active,,-46.64
4506,3112,2025-08-14,,BASIC,9.99,Active,,56.28
4507,3705,2024-01-25,,BASIC,9.99,Active,,245.09
4508,9523,2025-01-10,,STANDARD,19.99,Active,,256.54
4509,2521,2026-01-13,2027-03-27,STANDARD,19.99,Churned,PRICE-01,291.85
4510,7577,2025-05-14,,STANDARD,19.99,Active,,173.91
4511,5366,2024-05-31,2024-08-07,PREMIUM,39.99,Churned,PRICE-01,90.64
4512,5443,2026-02-25,,STANDARD,19.99,Active,,-17.32
4513,4439,2026-04-27,2026-11-02,BASIC,9.99,Churned,SERVICE-02,62.94
4514,3446,2026-06-20,,STANDARD,19.99,Active,,-93.95
4515,9257,2023-10-18,2024-08-12,STANDARD,19.99,Churned,PRICE-01,199.23
4516,3723,2025-11-04,,BASIC,9.99,Active,,28.97
4517,92,2025-01-11,2026-01-03,PREMIUM,39.99,Churned,PRICE-01,475.88
4518,9036,2024-07-12,2024-12-23,PREMIUM,39.99,Churned,PRICE-02,218.61
4519,8264,2025-02-07,,BASIC,9.99,Active,,118.88
4520,2485,2024-11-02,,BASIC,9.99,Active,,151.18
4521,3679,2024-10-18,2024-12-18,BASIC,9.99,Churned,SERVICE-01,20.31
4522,5275,2025-08-26,,PREMIUM,39.99,Active,,209.28
4523,8426,2025-01-07,2026-06-29,STANDARD,19.99,Churned,PRICE-02,358.49
4524,4895,2025-07-06,,BASIC,9.99,Active,,69.26
4525,2286,2024-07-14,,PREMIUM,39.99,Active,,753.14
4526,4496,2024-12-04,,STANDARD,19.99,Active,,281.19
4527,9396,2024-07-04,2026-04-24,STANDARD,19.99,Churned,SERVICE-02,439.11
4528,2391,2025-07-17,2026-07-23,PREMIUM,39.99,Churned,COMP-01,494.54
4529,6286,2024-11-17,,STANDARD,19.99,Active,,292.52
4530,3966,2026-02-04,,BASIC,9.99,Active,,-1.67
4531,649,2025-12-10,2027-05-08,PREMIUM,39.99,Churned,COMP-01,685.16
4532,6966,2024-05-02,2025-03-31,BASIC,9.99,Churned,COMP-01,110.89
4533,7228,2023-09-30,2024-11-03,STANDARD,19.99,Churned,PROD-01,266.53
4534,6423,2024-11-04,,PREMIUM,39.99,Active,,602.52
4535,8682,2023-03-27,2024-06-17,BASIC,9.99,Churned,COMP-01,149.18
4536,5712,2026-02-26,2026-09-05,STANDARD,19.99,Churned,PRICE-01,127.27
4537,1728,2023-09-16,,BASIC,9.99,Active,,288.71
4538,9777,2024-10-11,,STANDARD,19.99,Active,,317.17
4539,6517,2025-02-12,,BASIC,9.99,Active,,117.22
4540,6401,2023-07-19,2024-07-28,STANDARD,19.99,Churned,COMP-01,249.87
4541,7269,2024-06-12,,BASIC,9.99,Active,,198.8
4542,1191,2024-05-26,2024-11-05,BASIC,9.99,Churned,COMP-01,54.28
4543,2416,2023-10-15,,PREMIUM,39.99,Active,,1117.05
4544,8515,2023-12-12,,BASIC,9.99,Active,,259.74
4545,2762,2025-02-05,,BASIC,9.99,Active,,119.55
4546,5317,2023-06-12,,PREMIUM,39.99,Active,,1283.68
4547,7389,2024-03-14,,PREMIUM,39.99,Active,,915.77
4548,5861,2023-01-23,2023-04-07,STANDARD,19.99,Churned,TECH-01,49.31
4549,8213,2023-11-28,,STANDARD,19.99,Active,,529.07
4550,8860,2024-05-21,2026-02-25,PREMIUM,39.99,Churned,COMP-01,859.79
4551,720,2025-09-08,,STANDARD,19.99,Active,,95.95
4552,5013,2023-03-27,,BASIC,9.99,Active,,346.32
4553,8990,2024-04-02,,STANDARD,19.99,Active,,445.11
4554,8846,2025-06-15,,PREMIUM,39.99,Active,,305.26
4555,4729,2024-07-21,,PREMIUM,39.99,Active,,743.81
4556,8925,2024-05-29,2024-06-29,STANDARD,19.99,Churned,SERVICE-02,20.66
4557,636,2024-05-13,2026-01-26,BASIC,9.99,Churned,TECH-01,207.46
4558,573,2023-05-26,,PREMIUM,39.99,Active,,1306.34
4559,9767,2024-10-14,,STANDARD,19.99,Active,,315.18
4560,2175,2026-03-13,2027-10-03,BASIC,9.99,Churned,COMP-01,189.48
4561,303,2026-01-14,2027-07-06,BASIC,9.99,Churned,SERVICE-02,179.15
4562,8172,2026-04-07,,BASIC,9.99,Active,,-22.31
4563,8241,2025-04-12,,BASIC,9.99,Active,,97.57
4564,328,2025-06-16,2026-02-26,BASIC,9.99,Churned,PRICE-02,84.92
4565,3324,2024-07-30,2025-12-18,STANDARD,19.99,Churned,SERVICE-02,337.16
4566,994,2024-01-22,,STANDARD,19.99,Active,,492.42
4567,8081,2024-06-20,,PREMIUM,39.99,Active,,785.14
4568,3836,2024-07-25,,PREMIUM,39.99,Active,,738.48
4569,2363,2024-09-10,,PREMIUM,39.99,Active,,675.83
4570,1704,2023-04-14,,BASIC,9.99,Active,,340.33
4571,3611,2026-01-11,,BASIC,9.99,Active,,6.33
4572,5858,2026-05-04,2027-11-06,PREMIUM,39.99,Churned,TECH-01,734.48
4573,4261,2024-01-31,2024-03-18,PREMIUM,39.99,Churned,SERVICE-01,62.65
4574,1294,2023-02-05,,STANDARD,19.99,Active,,726.3
4575,4510,2025-11-13,,BASIC,9.99,Active,,25.97
4576,2109,2025-07-31,2025-11-28,PREMIUM,39.99,Churned,PROD-01,159.96
4577,5343,2024-07-26,,STANDARD,19.99,Active,,368.48
4578,5080,2023-06-02,2024-06-24,PREMIUM,39.99,Churned,PRICE-01,517.2
4579,2388,2023-12-19,,PREMIUM,39.99,Active,,1030.41
4580,6679,2023-02-07,,PREMIUM,39.99,Active,,1450.3
4581,1156,2026-06-25,2026-10-28,STANDARD,19.99,Churned,PRICE-01,83.29
4582,8107,2023-06-03,,BASIC,9.99,Active,,323.68
4583,7898,2025-06-15,,STANDARD,19.99,Active,,152.59
4584,8024,2023-02-08,,BASIC,9.99,Active,,361.97
4585,5487,2025-05-24,2027-04-03,BASIC,9.99,Churned,TECH-01,226.11
4586,6452,2023-01-14,,BASIC,9.99,Active,,370.3
4587,8085,2024-06-28,,BASIC,9.99,Active,,193.47
4588,651,2026-05-23,,BASIC,9.99,Active,,-37.63
4589,4889,2023-11-03,,BASIC,9.99,Active,,272.73
4590,336,2024-07-26,,BASIC,9.99,Active,,184.15
4591,7291,2023-06-09,,PREMIUM,39.99,Active,,1287.68
4592,6960,2023-12-05,2024-08-01,PREMIUM,39.99,Churned,PROD-01,319.92
4593,5086,2026-04-03,,BASIC,9.99,Active,,-20.98
4594,4488,2025-07-10,,STANDARD,19.99,Active,,135.93
4595,535,2026-01-29,,BASIC,9.99,Active,,0.33
4596,260,2026-05-01,,STANDARD,19.99,Active,,-60.64
4597,2613,2026-03-02,2027-10-02,PREMIUM,39.99,Churned,TECH-01,771.81
4598,6961,2023-01-19,,STANDARD,19.99,Active,,737.63
4599,5657,2023-01-08,,STANDARD,19.99,Active,,744.96
4600,9999,2023-12-08,2024-07-31,PREMIUM,39.99,Churned,SERVICE-02,314.59
4601,3967,2025-03-19,2025-09-19,BASIC,9.99,Churned,PRICE-01,61.27
4602,9317,2026-01-17,,STANDARD,19.99,Active,,8.66
4603,1551,2025-10-11,,STANDARD,19.99,Active,,73.96
4604,5811,2023-07-28,,BASIC,9.99,Active,,305.36
4605,9541,2024-08-18,,PREMIUM,39.99,Active,,706.49
4606,28,2025-05-17,,PREMIUM,39.99,Active,,343.91
4607,545,2025-03-22,2026-05-15,BASIC,9.99,Churned,PRICE-01,139.53
4608,8441,2026-05-21,2026-08-17,STANDARD,19.99,Churned,TECH-01,58.64
4609,2681,2025-11-04,,STANDARD,19.99,Active,,57.97
4610,3743,2025-07-14,,PREMIUM,39.99,Active,,266.6
4611,6389,2024-07-29,,STANDARD,19.99,Active,,366.48
4612,3789,2024-06-27,,BASIC,9.99,Active,,193.81
4613,6359,2024-02-21,,STANDARD,19.99,Active,,472.43
4614,473,2025-07-04,2026-01-29,PREMIUM,39.99,Churned,PRICE-02,278.6
4615,2317,2023-10-20,,STANDARD,19.99,Active,,555.06
4616,6733,2024-02-16,,PREMIUM,39.99,Active,,951.76
4617,5000,2024-08-16,,PREMIUM,39.99,Active,,709.16
4618,8039,2025-05-08,2026-02-17,BASIC,9.99,Churned,SERVICE-02,94.91
4619,2572,2024-01-17,2025-10-13,STANDARD,19.99,Churned,PROD-01,423.12
4620,2699,2024-01-08,,PREMIUM,39.99,Active,,1003.75
4621,1422,2026-05-05,,BASIC,9.99,Active,,-31.63
4622,5010,2023-08-01,2023-11-12,BASIC,9.99,Churned,COMP-01,34.3
4623,6602,2026-02-08,,PREMIUM,39.99,Active,,-12.0
4624,4729,2026-02-15,,STANDARD,19.99,Active,,-10.66
4625,6491,2025-11-20,2026-05-22,PREMIUM,39.99,Churned,SERVICE-02,243.94
4626,4134,2024-11-05,,STANDARD,19.99,Active,,300.52
4627,6004,2025-08-13,2027-06-06,PREMIUM,39.99,Churned,SERVICE-01,882.45
4628,8583,2023-12-25,,BASIC,9.99,Active,,255.41
4629,7037,2025-06-28,,PREMIUM,39.99,Active,,287.93
4630,3272,2024-04-22,2026-02-24,STANDARD,19.99,Churned,TECH-01,448.44
4631,8558,2023-10-24,2024-04-30,PREMIUM,39.99,Churned,TECH-01,251.94
4632,5554,2023-12-28,2024-08-03,PREMIUM,39.99,Churned,SERVICE-01,291.93
4633,6422,2024-12-05,,BASIC,9.99,Active,,140.19
4634,7250,2025-05-13,,STANDARD,19.99,Active,,174.58
4635,779,2024-06-23,2024-09-20,STANDARD,19.99,Churned,SERVICE-01,59.3
4636,2411,2026-05-09,,STANDARD,19.99,Active,,-65.97
4637,2400,2023-07-31,,PREMIUM,39.99,Active,,1218.36
4638,5163,2026-06-07,,STANDARD,19.99,Active,,-85.29
4639,1153,2025-11-08,,STANDARD,19.99,Active,,55.31
4640,6618,2024-01-24,,STANDARD,19.99,Active,,491.09
4641,444,2024-09-30,,STANDARD,19.99,Active,,324.5
4642,7587,2024-12-25,2025-02-03,STANDARD,19.99,Churned,SERVICE-01,26.65
4643,3571,2025-04-15,2027-02-05,BASIC,9.99,Churned,PROD-01,220.11
4644,7876,2024-03-11,,PREMIUM,39.99,Active,,919.77
4645,4652,2023-12-20,,STANDARD,19.99,Active,,514.41
4646,9884,2023-11-15,,BASIC,9.99,Active,,268.73
4647,7890,2024-08-03,,BASIC,9.99,Active,,181.49
4648,2888,2025-12-03,,STANDARD,19.99,Active,,38.65
4649,8356,2023-09-11,2023-12-23,STANDARD,19.99,Churned,PRICE-02,68.63
4650,8828,2025-11-23,,PREMIUM,39.99,Active,,90.64
4651,6754,2026-04-22,,BASIC,9.99,Active,,-27.31
4652,8269,2026-02-06,,BASIC,9.99,Active,,-2.33
4653,1731,2023-10-18,,BASIC,9.99,Active,,278.06
4654,9556,2026-06-04,2028-01-21,PREMIUM,39.99,Churned,SERVICE-02,794.47
4655,7345,2025-05-05,,PREMIUM,39.99,Active,,359.91
4656,4696,2024-04-14,2025-10-13,PREMIUM,39.99,Churned,PRICE-01,729.15
4657,9550,2026-06-12,,STANDARD,19.99,Active,,-88.62
4658,610,2024-04-08,2024-09-09,STANDARD,19.99,Churned,PRICE-02,102.62
4659,7506,2024-05-16,,STANDARD,19.99,Active,,415.79
4660,1479,2023-11-22,,PREMIUM,39.99,Active,,1066.4
4661,604,2024-12-04,,PREMIUM,39.99,Active,,562.53
4662,3075,2025-07-29,,BASIC,9.99,Active,,61.61
4663,8540,2025-07-09,,STANDARD,19.99,Active,,136.6
4664,4361,2023-04-03,,PREMIUM,39.99,Active,,1376.99
4665,6201,2025-09-08,,BASIC,9.99,Active,,47.95
4666,1217,2023-11-08,,STANDARD,19.99,Active,,542.4
4667,6417,2025-04-08,,PREMIUM,39.99,Active,,395.9
4668,8774,2024-06-24,,PREMIUM,39.99,Active,,779.81
4669,5193,2023-02-20,2023-04-17,BASIC,9.99,Churned,SERVICE-01,18.65
4670,4307,2026-03-18,,BASIC,9.99,Active,,-15.65
4671,2110,2024-03-31,,PREMIUM,39.99,Active,,893.11
4672,7922,2023-02-27,,PREMIUM,39.99,Active,,1423.64
4673,4906,2023-09-25,2023-11-01,STANDARD,19.99,Churned,PRICE-01,24.65
4674,6887,2023-07-27,,PREMIUM,39.99,Active,,1223.69
4675,2270,2024-01-14,2024-07-16,BASIC,9.99,Churned,PROD-01,61.27
4676,3923,2025-04-10,,BASIC,9.99,Active,,98.24
4677,8055,2023-07-23,,BASIC,9.99,Active,,307.03
4678,4000,2024-04-08,,PREMIUM,39.99,Active,,882.45
4679,3415,2025-02-02,,STANDARD,19.99,Active,,241.21
4680,5424,2024-06-27,,STANDARD,19.99,Active,,387.81
4681,3305,2025-06-07,,STANDARD,19.99,Active,,157.92
4682,3701,2025-07-09,,STANDARD,19.99,Active,,136.6
4683,1112,2025-06-14,,BASIC,9.99,Active,,76.59
4684,314,2023-05-07,,STANDARD,19.99,Active,,665.67
4685,9272,2023-09-20,,STANDARD,19.99,Active,,575.05
4686,9033,2023-08-24,2024-09-29,STANDARD,19.99,Churned,PRICE-02,267.87
4687,4754,2026-04-23,,BASIC,9.99,Active,,-27.64
4688,641,2024-11-07,,BASIC,9.99,Active,,149.52
4689,5178,2024-06-29,2024-08-20,BASIC,9.99,Churned,PROD-01,17.32
4690,6540,2024-08-24,,PREMIUM,39.99,Active,,698.49
4691,6676,2023-05-06,,BASIC,9.99,Active,,333.0
4692,8414,2025-01-23,,BASIC,9.99,Active,,123.88
4693,9319,2026-01-11,,BASIC,9.99,Active,,6.33
4694,3460,2025-05-08,,PREMIUM,39.99,Active,,355.91
4695,8256,2026-04-26,,BASIC,9.99,Active,,-28.64
4696,8627,2023-11-14,,PREMIUM,39.99,Active,,1077.06
4697,2672,2023-02-26,2024-08-09,BASIC,9.99,Churned,PRICE-01,176.49
4698,2762,2024-08-09,,BASIC,9.99,Active,,179.49
4699,8895,2023-04-14,,PREMIUM,39.99,Active,,1362.33
4700,710,2023-08-20,2025-06-03,BASIC,9.99,Churned,PROD-01,217.45
4701,2981,2026-01-09,2026-05-14,PREMIUM,39.99,Churned,SERVICE-01,166.63
4702,8289,2023-08-21,,PREMIUM,39.99,Active,,1190.37
4703,5733,2023-09-27,2025-06-21,STANDARD,19.99,Churned,PROD-01,421.79
4704,1549,2025-07-21,,PREMIUM,39.99,Active,,257.27
4705,1809,2023-10-05,2025-09-25,STANDARD,19.99,Churned,TECH-01,480.43
4706,9051,2024-07-14,,PREMIUM,39.99,Active,,753.14
4707,6291,2023-03-19,2023-06-27,BASIC,9.99,Churned,SERVICE-01,33.3
4708,3954,2026-01-21,,PREMIUM,39.99,Active,,12.0
4709,6191,2023-03-25,2024-03-01,STANDARD,19.99,Churned,SERVICE-01,227.89
4710,9672,2023-11-01,,BASIC,9.99,Active,,273.39
4711,4620,2023-08-02,,BASIC,9.99,Active,,303.7
4712,4825,2025-01-03,,PREMIUM,39.99,Active,,522.54
4713,7630,2026-05-17,2027-03-17,PREMIUM,39.99,Churned,TECH-01,405.23
4714,5590,2024-01-10,,STANDARD,19.99,Active,,500.42
4715,1058,2024-11-13,2025-12-06,BASIC,9.99,Churned,SERVICE-02,129.2
4716,9213,2023-11-03,,PREMIUM,39.99,Active,,1091.73
4717,6703,2024-05-01,,BASIC,9.99,Active,,212.79
4718,6274,2025-02-24,,STANDARD,19.99,Active,,226.55
4719,6064,2024-05-21,,STANDARD,19.99,Active,,412.46
4720,7010,2025-01-02,,STANDARD,19.99,Active,,261.87
4721,1248,2025-09-30,2026-04-09,STANDARD,19.99,Churned,PROD-01,127.27
4722,6241,2025-05-17,2026-04-03,BASIC,9.99,Churned,PROD-01,106.89
4723,7719,2025-11-04,,BASIC,9.99,Active,,28.97
4724,4791,2025-02-22,2025-08-24,PREMIUM,39.99,Churned,SERVICE-02,243.94
4725,9807,2026-05-18,2026-11-01,STANDARD,19.99,Churned,SERVICE-02,111.28
4726,3315,2023-12-27,,BASIC,9.99,Active,,254.75
4727,9625,2026-01-26,,PREMIUM,39.99,Active,,5.33
4728,9580,2025-03-26,,STANDARD,19.99,Active,,206.56
4729,6111,2023-11-09,,BASIC,9.99,Active,,270.73
4730,4787,2026-03-26,,STANDARD,19.99,Active,,-36.65
4731,5150,2023-06-05,,PREMIUM,39.99,Active,,1293.01
4732,8948,2024-10-28,,PREMIUM,39.99,Active,,611.85
4733,9061,2024-07-06,,STANDARD,19.99,Active,,381.81
4734,4970,2025-08-05,,BASIC,9.99,Active,,59.27
4735,370,2025-09-26,,PREMIUM,39.99,Active,,167.96
4736,8561,2024-03-04,,STANDARD,19.99,Active,,464.43
4737,4976,2025-06-29,,STANDARD,19.99,Active,,143.26
4738,9430,2025-07-25,2026-12-02,STANDARD,19.99,Churned,PRICE-02,329.83
4739,9060,2025-12-11,,BASIC,9.99,Active,,16.65
4740,6950,2024-07-28,,PREMIUM,39.99,Active,,734.48
4741,9759,2023-07-16,,STANDARD,19.99,Active,,619.02
4742,8674,2023-06-24,,BASIC,9.99,Active,,316.68
4743,6954,2024-10-29,,BASIC,9.99,Active,,152.51
4744,350,2025-12-05,2027-10-08,BASIC,9.99,Churned,PRICE-02,223.78
4745,2641,2025-03-11,2026-05-27,STANDARD,19.99,Churned,PRICE-02,294.52
4746,9746,2025-04-14,,BASIC,9.99,Active,,96.9
4747,4655,2023-01-01,,PREMIUM,39.99,Active,,1499.62
4748,9468,2023-10-18,,STANDARD,19.99,Active,,556.39
4749,7600,2026-01-15,,PREMIUM,39.99,Active,,20.0
4750,6005,2026-04-06,2027-03-04,PREMIUM,39.99,Churned,TECH-01,442.56
4751,8185,2025-04-23,,BASIC,9.99,Active,,93.91
4752,1314,2023-03-02,2024-03-30,PREMIUM,39.99,Churned,PRICE-02,525.2
4753,4362,2025-02-03,,BASIC,9.99,Active,,120.21
4754,1765,2024-10-24,,PREMIUM,39.99,Active,,617.18
4755,7229,2023-10-07,2024-03-01,PREMIUM,39.99,Churned,PRICE-01,194.62
4756,7954,2023-04-24,,STANDARD,19.99,Active,,674.33
4757,3575,2024-08-05,2024-11-02,STANDARD,19.99,Churned,SERVICE-02,59.3
4758,817,2024-02-06,,BASIC,9.99,Active,,241.09
4759,9640,2023-11-12,2024-06-15,BASIC,9.99,Churned,SERVICE-02,71.93
4760,6805,2025-12-10,2027-05-15,PREMIUM,39.99,Churned,PRICE-02,694.49
4761,7454,2025-06-22,,PREMIUM,39.99,Active,,295.93
4762,3915,2025-01-10,,BASIC,9.99,Active,,128.21
4763,2913,2025-10-09,2027-03-26,STANDARD,19.99,Churned,PRICE-02,355.16
4764,1068,2023-05-06,,PREMIUM,39.99,Active,,1333.0
4765,8465,2023-08-21,,BASIC,9.99,Active,,297.37
4766,6889,2025-12-27,,PREMIUM,39.99,Active,,45.32
4767,1169,2026-04-21,2026-07-05,BASIC,9.99,Churned,SERVICE-02,24.98
4768,7746,2026-02-16,,PREMIUM,39.99,Active,,-22.66
4769,7353,2024-11-13,,BASIC,9.99,Active,,147.52
4770,1976,2023-06-09,2025-02-26,STANDARD,19.99,Churned,PRICE-01,418.46
4771,4944,2023-06-27,2023-08-11,PREMIUM,39.99,Churned,PRICE-01,59.98
4772,2584,2023-04-09,2024-11-15,PREMIUM,39.99,Churned,PRICE-02,781.14
4773,9618,2024-06-11,2025-07-11,PREMIUM,39.99,Churned,SERVICE-01,526.53
4774,1288,2025-08-13,,STANDARD,19.99,Active,,113.28
4775,447,2023-01-13,,STANDARD,19.99,Active,,741.63
4776,5754,2023-03-11,,BASIC,9.99,Active,,351.65
4777,6445,2024-04-20,2025-12-02,STANDARD,19.99,Churned,SERVICE-01,393.8
4778,3281,2024-01-11,,BASIC,9.99,Active,,249.75
4779,5371,2025-12-12,,STANDARD,19.99,Active,,32.65
4780,8343,2023-03-17,,STANDARD,19.99,Active,,699.65
4781,5499,2026-04-02,,PREMIUM,39.99,Active,,-82.65
4782,2483,2023-03-29,2023-06-20,BASIC,9.99,Churned,PRICE-01,27.64
4783,6306,2026-01-21,2027-11-20,STANDARD,19.99,Churned,SERVICE-02,445.11
4784,7402,2023-01-08,,STANDARD,19.99,Active,,744.96
4785,4865,2024-11-05,,STANDARD,19.99,Active,,300.52
4786,921,2024-11-08,,BASIC,9.99,Active,,149.18
4787,42,2025-05-24,2025-11-17,BASIC,9.99,Churned,PRICE-01,58.94
4788,6203,2023-03-29,2024-08-18,PREMIUM,39.99,Churned,TECH-01,677.16
4789,2835,2024-01-25,2024-03-23,BASIC,9.99,Churned,SERVICE-01,19.31
4790,7030,2025-05-19,,STANDARD,19.99,Active,,170.58
4791,7744,2024-11-06,2026-10-14,PREMIUM,39.99,Churned,TECH-01,942.43
4792,9143,2024-01-30,2025-11-15,BASIC,9.99,Churned,SERVICE-02,218.11
4793,2321,2026-01-31,,BASIC,9.99,Active,,-0.33
4794,7107,2024-11-20,,STANDARD,19.99,Active,,290.52
4795,3854,2025-01-04,,BASIC,9.99,Active,,130.2
4796,5620,2024-04-05,,PREMIUM,39.99,Active,,886.45
4797,6509,2024-06-09,,STANDARD,19.99,Active,,399.8
4798,8838,2024-01-31,2026-01-20,BASIC,9.99,Churned,PROD-01,239.76
4799,1574,2023-07-30,,STANDARD,19.99,Active,,609.69
4800,5865,2023-06-16,2023-10-28,PREMIUM,39.99,Churned,TECH-01,178.62
4801,3681,2023-01-10,2023-07-26,STANDARD,19.99,Churned,PRICE-02,131.27
4802,2509,2023-08-30,,BASIC,9.99,Active,,294.37
4803,1032,2026-02-12,,PREMIUM,39.99,Active,,-17.33
4804,1647,2025-12-01,2027-01-07,BASIC,9.99,Churned,PRICE-01,133.87
4805,9354,2024-12-11,2026-09-18,STANDARD,19.99,Churned,COMP-01,430.45
4806,4264,2024-01-06,,STANDARD,19.99,Active,,503.08
4807,4828,2023-02-20,,PREMIUM,39.99,Active,,1432.98
4808,4360,2025-02-13,,STANDARD,19.99,Active,,233.88
4809,9151,2025-05-31,,BASIC,9.99,Active,,81.25
4810,7274,2023-09-03,,STANDARD,19.99,Active,,586.37
4811,7675,2024-08-04,,PREMIUM,39.99,Active,,725.15
4812,4957,2024-10-20,,BASIC,9.99,Active,,155.51
4813,4672,2025-03-12,,BASIC,9.99,Active,,107.89
4814,7653,2023-12-30,,STANDARD,19.99,Active,,507.75
4815,6317,2024-04-06,2026-01-10,BASIC,9.99,Churned,SERVICE-02,214.45
4816,3045,2023-06-11,,BASIC,9.99,Active,,321.01
4817,3864,2023-04-04,2025-01-28,PREMIUM,39.99,Churned,SERVICE-01,886.45
4818,163,2025-06-24,2027-03-17,BASIC,9.99,Churned,SERVICE-02,210.12
4819,6301,2024-05-06,,BASIC,9.99,Active,,211.12
4820,3184,2025-02-15,2026-04-22,BASIC,9.99,Churned,SERVICE-01,143.52
4821,8230,2023-04-24,,PREMIUM,39.99,Active,,1349.0
4822,9114,2024-07-20,,STANDARD,19.99,Active,,372.48
4823,7799,2025-07-21,,PREMIUM,39.99,Active,,257.27
4824,5440,2023-01-17,,PREMIUM,39.99,Active,,1478.3
4825,1876,2025-11-10,,PREMIUM,39.99,Active,,107.97
4826,8588,2024-05-15,,PREMIUM,39.99,Active,,833.12
4827,1013,2023-06-16,,PREMIUM,39.99,Active,,1278.35
4828,5598,2023-08-19,,PREMIUM,39.99,Active,,1193.04
4829,6467,2023-07-16,2024-02-22,PREMIUM,39.99,Churned,COMP-01,294.59
4830,1351,2025-01-05,2025-02-14,PREMIUM,39.99,Churned,SERVICE-01,53.32
4831,2116,2024-11-03,,BASIC,9.99,Active,,150.85
4832,9198,2024-08-05,,STANDARD,19.99,Active,,361.82
4833,5732,2025-06-23,,BASIC,9.99,Active,,73.59
4834,1820,2025-07-15,2026-11-06,BASIC,9.99,Churned,SERVICE-02,159.51
4835,5753,2025-04-16,,STANDARD,19.99,Active,,192.57
4836,3043,2023-07-10,,BASIC,9.99,Active,,311.36
4837,2566,2023-02-22,,PREMIUM,39.99,Active,,1430.31
4838,5495,2026-04-17,,PREMIUM,39.99,Active,,-102.64
4839,4070,2024-08-17,,PREMIUM,39.99,Active,,707.82
4840,895,2024-11-09,2026-07-12,BASIC,9.99,Churned,SERVICE-01,203.13
4841,9519,2024-06-16,,PREMIUM,39.99,Active,,790.47
4842,3060,2024-04-30,,BASIC,9.99,Active,,213.12
4843,9590,2025-09-03,,BASIC,9.99,Active,,49.62
4844,4446,2024-12-05,2025-09-30,STANDARD,19.99,Churned,PRICE-01,199.23
4845,6554,2025-02-10,2025-06-07,STANDARD,19.99,Churned,TECH-01,77.96
4846,5663,2025-07-11,,PREMIUM,39.99,Active,,270.6
4847,2097,2025-05-04,,BASIC,9.99,Active,,90.24
4848,9682,2026-04-06,2028-03-27,STANDARD,19.99,Churned,SERVICE-01,480.43
4849,8854,2025-06-30,,STANDARD,19.99,Active,,142.6
4850,3083,2024-04-06,2024-10-25,PREMIUM,39.99,Churned,SERVICE-01,269.27
4851,5529,2024-09-18,,PREMIUM,39.99,Active,,665.17
4852,4828,2025-06-25,,BASIC,9.99,Active,,72.93
4853,1219,2023-03-10,2023-09-30,BASIC,9.99,Churned,SERVICE-01,67.93
4854,5736,2024-06-22,2025-07-09,STANDARD,19.99,Churned,PRICE-01,254.54
4855,8385,2023-02-20,,BASIC,9.99,Active,,357.98
4856,627,2025-02-08,,PREMIUM,39.99,Active,,474.55
4857,7404,2026-03-30,,PREMIUM,39.99,Active,,-78.65
4858,8101,2025-05-20,,BASIC,9.99,Active,,84.92
4859,3670,2023-04-18,2024-08-12,PREMIUM,39.99,Churned,TECH-01,642.51
4860,3216,2023-08-28,2024-03-03,BASIC,9.99,Churned,PRICE-01,62.6
4861,5866,2023-04-20,,STANDARD,19.99,Active,,676.99
4862,3659,2024-09-05,,STANDARD,19.99,Active,,341.16
4863,6129,2025-12-31,,PREMIUM,39.99,Active,,39.99
4864,7835,2023-07-10,,BASIC,9.99,Active,,311.36
4865,3062,2026-04-27,2028-01-06,STANDARD,19.99,Churned,PRICE-02,412.46
4866,9853,2024-11-30,,BASIC,9.99,Active,,141.86
4867,7053,2026-05-10,,PREMIUM,39.99,Active,,-133.3
4868,8816,2026-02-09,2026-05-21,BASIC,9.99,Churned,PROD-01,33.63
4869,7169,2025-05-16,2027-04-11,BASIC,9.99,Churned,PRICE-02,231.44
4870,7867,2025-10-31,,BASIC,9.99,Active,,30.3
4871,7064,2023-11-14,,PREMIUM,39.99,Active,,1077.06
4872,8015,2023-12-15,,BASIC,9.99,Active,,258.74
4873,7784,2025-11-12,2026-02-04,BASIC,9.99,Churned,PRICE-02,27.97
4874,2375,2023-02-05,,PREMIUM,39.99,Active,,1452.97
4875,621,2023-09-16,,BASIC,9.99,Active,,288.71
4876,1598,2023-07-03,,BASIC,9.99,Active,,313.69
4877,218,2026-05-05,,PREMIUM,39.99,Active,,-126.64
4878,3058,2024-11-12,2026-07-27,BASIC,9.99,Churned,PRICE-01,207.13
4879,4979,2024-05-30,,PREMIUM,39.99,Active,,813.13
4880,2001,2023-12-21,,PREMIUM,39.99,Active,,1027.74
4881,4182,2023-10-19,2024-07-28,BASIC,9.99,Churned,PRICE-01,94.24
4882,1123,2023-09-13,2025-06-12,PREMIUM,39.99,Churned,PRICE-02,850.45
4883,3765,2024-04-22,,BASIC,9.99,Active,,215.78
4884,3789,2024-09-30,,BASIC,9.99,Active,,162.17
4885,7581,2026-05-05,,BASIC,9.99,Active,,-31.63
4886,8512,2024-07-02,2026-01-24,STANDARD,19.99,Churned,SERVICE-02,380.48
4887,7559,2023-12-25,,BASIC,9.99,Active,,255.41
4888,670,2025-04-02,,STANDARD,19.99,Active,,201.9
4889,3808,2023-02-20,,PREMIUM,39.99,Active,,1432.98
4890,6540,2023-08-23,2025-05-15,PREMIUM,39.99,Churned,PRICE-01,841.12
4891,231,2026-02-08,2028-01-29,PREMIUM,39.99,Churned,PROD-01,959.76
4892,7519,2025-10-23,,PREMIUM,39.99,Active,,131.97
4893,2577,2023-09-12,,PREMIUM,39.99,Active,,1161.04
4894,7484,2025-03-14,,PREMIUM,39.99,Active,,429.23
4895,7578,2025-06-03,2025-12-02,PREMIUM,39.99,Churned,SERVICE-01,242.61
4896,4029,2025-07-26,,PREMIUM,39.99,Active,,250.6
4897,1076,2025-03-24,2026-03-19,BASIC,9.99,Churned,TECH-01,119.88
4898,5053,2026-03-20,,BASIC,9.99,Active,,-16.32
4899,7546,2025-03-03,,PREMIUM,39.99,Active,,443.89
4900,4101,2024-12-10,,PREMIUM,39.99,Active,,554.53
4901,5491,2024-01-08,,PREMIUM,39.99,Active,,1003.75
4902,9543,2024-03-15,,STANDARD,19.99,Active,,457.1
4903,2793,2023-09-25,,PREMIUM,39.99,Active,,1143.71
4904,4264,2024-05-28,,STANDARD,19.99,Active,,407.8
4905,6112,2024-09-07,,PREMIUM,39.99,Active,,679.83
4906,8295,2025-02-22,2025-05-28,STANDARD,19.99,Churned,PRICE-01,63.3
4907,8611,2026-03-24,,PREMIUM,39.99,Active,,-70.65
4908,1695,2024-03-13,,STANDARD,19.99,Active,,458.44
4909,23,2023-11-24,,PREMIUM,39.99,Active,,1063.73
4910,4481,2025-10-30,,PREMIUM,39.99,Active,,122.64
4911,1314,2023-06-03,,STANDARD,19.99,Active,,647.68
4912,9755,2023-06-13,,STANDARD,19.99,Active,,641.01
4913,6503,2023-07-02,,PREMIUM,39.99,Active,,1257.02
4914,7350,2026-05-29,,PREMIUM,39.99,Active,,-158.63
4915,5550,2024-02-20,,STANDARD,19.99,Active,,473.1
4916,8125,2026-06-22,,STANDARD,19.99,Active,,-95.29
4917,8380,2024-12-11,,PREMIUM,39.99,Active,,553.2
4918,7372,2024-06-12,,STANDARD,19.99,Active,,397.8
4919,6039,2023-09-19,,BASIC,9.99,Active,,287.71
4920,7727,2025-02-12,,PREMIUM,39.99,Active,,469.22
4921,1835,2023-03-01,2025-02-07,BASIC,9.99,Churned,PRICE-01,236.1
4922,6998,2026-01-25,,BASIC,9.99,Active,,1.67
4923,9955,2024-01-16,,PREMIUM,39.99,Active,,993.09
4924,7870,2023-12-21,2024-11-06,STANDARD,19.99,Churned,SERVICE-02,213.89
4925,9514,2025-02-05,,BASIC,9.99,Active,,119.55
4926,9172,2023-05-21,,PREMIUM,39.99,Active,,1313.01
4927,5652,2024-10-21,,PREMIUM,39.99,Active,,621.18
4928,6363,2023-09-01,,STANDARD,19.99,Active,,587.71
4929,310,2023-08-18,,STANDARD,19.99,Active,,597.03
4930,4439,2025-05-22,,STANDARD,19.99,Active,,168.58
4931,9819,2023-04-15,,PREMIUM,39.99,Active,,1360.99
4932,9436,2023-12-26,,BASIC,9.99,Active,,255.08
4933,410,2024-03-25,,STANDARD,19.99,Active,,450.44
4934,6976,2023-07-24,2025-05-15,BASIC,9.99,Churned,PRICE-01,220.11
4935,1878,2023-09-20,,STANDARD,19.99,Active,,575.05
4936,8481,2025-02-25,,STANDARD,19.99,Active,,225.89
4937,5245,2025-10-15,,BASIC,9.99,Active,,35.63
4938,6703,2026-02-15,,STANDARD,19.99,Active,,-10.66
4939,3572,2026-04-02,,BASIC,9.99,Active,,-20.65
4940,4857,2025-12-05,2027-08-20,STANDARD,19.99,Churned,PRICE-01,415.13
4941,8668,2024-03-14,,STANDARD,19.99,Active,,457.77
4942,5574,2025-05-04,,PREMIUM,39.99,Active,,361.24
4943,9175,2023-02-13,,BASIC,9.99,Active,,360.31
4944,4477,2025-07-25,,BASIC,9.99,Active,,62.94
4945,9871,2023-08-14,2024-09-16,PREMIUM,39.99,Churned,PRICE-01,531.87
4946,3863,2023-10-24,,BASIC,9.99,Active,,276.06
4947,6693,2024-05-04,,PREMIUM,39.99,Active,,847.79
4948,4398,2024-08-31,,BASIC,9.99,Active,,172.16
4949,3005,2024-06-04,,STANDARD,19.99,Active,,403.13
4950,3595,2023-01-11,,STANDARD,19.99,Active,,742.96
4951,6856,2023-09-18,,PREMIUM,39.99,Active,,1153.05
4952,8463,2026-06-27,,BASIC,9.99,Active,,-49.28
4953,8140,2024-11-22,,STANDARD,19.99,Active,,289.19
4954,2587,2024-09-20,,BASIC,9.99,Active,,165.5
4955,9219,2025-02-22,2026-08-20,STANDARD,19.99,Churned,COMP-01,362.49
4956,8992,2024-09-15,,PREMIUM,39.99,Active,,669.17
4957,7625,2026-04-13,2028-02-11,BASIC,9.99,Churned,SERVICE-02,222.78
4958,5183,2024-04-12,,STANDARD,19.99,Active,,438.45
4959,5821,2024-04-17,2026-01-20,STANDARD,19.99,Churned,TECH-01,428.45
4960,2660,2025-07-31,,PREMIUM,39.99,Active,,243.94
4961,3329,2024-01-14,,STANDARD,19.99,Active,,497.75
4962,9795,2024-04-24,,STANDARD,19.99,Active,,430.45
4963,6078,2024-01-17,,PREMIUM,39.99,Active,,991.75
4964,5018,2025-02-16,,BASIC,9.99,Active,,115.88
4965,8483,2023-07-26,,PREMIUM,39.99,Active,,1225.03
4966,4913,2023-10-07,,BASIC,9.99,Active,,281.72
4967,2647,2024-06-20,,PREMIUM,39.99,Active,,785.14
4968,9534,2026-05-21,,BASIC,9.99,Active,,-36.96
4969,9066,2024-03-08,,BASIC,9.99,Active,,230.77
4970,8863,2024-04-12,,STANDARD,19.99,Active,,438.45
4971,3110,2026-05-09,,PREMIUM,39.99,Active,,-131.97
4972,3099,2023-09-19,,PREMIUM,39.99,Active,,1151.71
4973,2694,2026-05-04,,BASIC,9.99,Active,,-31.3
4974,5798,2024-10-31,,STANDARD,19.99,Active,,303.85
4975,5595,2023-10-22,2024-05-07,STANDARD,19.99,Churned,PROD-01,131.93
4976,3326,2025-05-16,,PREMIUM,39.99,Active,,345.25
4977,2017,2023-08-05,2023-11-21,STANDARD,19.99,Churned,COMP-01,71.96
4978,7039,2023-08-24,,BASIC,9.99,Active,,296.37
4979,3997,2025-02-18,2026-06-04,PREMIUM,39.99,Churned,PROD-01,627.84
4980,4436,2024-07-05,,BASIC,9.99,Active,,191.14
4981,9710,2024-08-03,2024-10-04,STANDARD,19.99,Churned,TECH-01,41.31
4982,5919,2023-05-22,2024-11-26,PREMIUM,39.99,Churned,TECH-01,738.48
4983,5086,2024-09-11,,BASIC,9.99,Active,,168.5
4984,8094,2023-08-21,,STANDARD,19.99,Active,,595.04
4985,587,2026-06-12,2027-12-18,BASIC,9.99,Churned,TECH-01,184.48
4986,8666,2023-03-13,,STANDARD,19.99,Active,,702.32
4987,4806,2025-07-26,,BASIC,9.99,Active,,62.6
4988,2991,2023-12-27,2024-12-11,BASIC,9.99,Churned,SERVICE-01,116.55
4989,6659,2024-03-03,2024-11-23,BASIC,9.99,Churned,SERVICE-02,88.25
4990,6679,2025-10-16,,PREMIUM,39.99,Active,,141.3
4991,3011,2024-08-25,,BASIC,9.99,Active,,174.16
4992,1520,2024-09-26,,STANDARD,19.99,Active,,327.17
4993,2193,2024-12-23,,BASIC,9.99,Active,,134.2
4994,9145,2026-05-11,2028-01-18,BASIC,9.99,Churned,PRICE-01,205.46
4995,4062,2023-07-06,2024-06-30,BASIC,9.99,Churned,PRICE-01,119.88
4996,333,2023-01-07,,BASIC,9.99,Active,,372.63
4997,290,2024-10-19,2026-05-05,STANDARD,19.99,Churned,PRICE-01,375.15
4998,4346,2023-08-31,2025-07-01,STANDARD,19.99,Churned,COMP-01,446.44
4999,6876,2024-07-16,,PREMIUM,39.99,Active,,750.48
5000,5454,2023-11-10,,STANDARD,19.99,Active,,541.06
5001,3555,2025-06-28,,BASIC,9.99,Active,,71.93
5002,7516,2023-10-25,2025-02-27,PREMIUM,39.99,Churned,SERVICE-02,654.5
5003,8442,2023-10-04,,PREMIUM,39.99,Active,,1131.72
5004,4357,2025-05-10,,BASIC,9.99,Active,,88.25
5005,6316,2023-01-18,,STANDARD,19.99,Active,,738.3
5006,2550,2024-09-29,,PREMIUM,39.99,Active,,650.5
5007,6602,2025-11-05,2027-04-07,BASIC,9.99,Churned,PRICE-02,172.49
5008,4069,2023-06-01,2023-08-12,BASIC,9.99,Churned,PRICE-02,23.98
5009,113,2024-05-04,,STANDARD,19.99,Active,,423.79
5010,6245,2025-04-02,,PREMIUM,39.99,Active,,403.9
5011,2484,2024-09-10,,BASIC,9.99,Active,,168.83
5012,2894,2025-01-20,,STANDARD,19.99,Active,,249.87
5013,766,2023-06-11,2025-04-19,BASIC,9.99,Churned,COMP-01,225.77
5014,1461,2025-08-02,,PREMIUM,39.99,Active,,241.27
5015,64,2024-11-21,,BASIC,9.99,Active,,144.85
5016,9629,2024-08-20,,STANDARD,19.99,Active,,351.82
5017,7998,2023-01-29,2023-06-12,PREMIUM,39.99,Churned,COMP-01,178.62
5018,8111,2024-02-15,,PREMIUM,39.99,Active,,953.1
5019,1602,2024-03-19,,STANDARD,19.99,Active,,454.44
5020,6818,2026-06-05,,STANDARD,19.99,Active,,-83.96
5021,7383,2023-02-09,,BASIC,9.99,Active,,361.64
5022,4272,2025-05-03,,PREMIUM,39.99,Active,,362.58
5023,7780,2026-06-10,2027-10-19,BASIC,9.99,Churned,PROD-01,165.17
5024,6020,2024-10-21,,BASIC,9.99,Active,,155.18
5025,6124,2023-02-03,2024-02-27,BASIC,9.99,Churned,PROD-01,129.54
5026,4305,2025-07-12,2025-12-18,STANDARD,19.99,Churned,PRICE-02,105.95
5027,8773,2024-12-16,,PREMIUM,39.99,Active,,546.53
5028,6629,2025-08-27,,STANDARD,19.99,Active,,103.95
5029,7979,2025-10-22,2027-07-05,STANDARD,19.99,Churned,PRICE-01,413.79
5030,9430,2023-12-27,,BASIC,9.99,Active,,254.75
5031,6236,2024-12-21,,BASIC,9.99,Active,,134.87
5032,6120,2024-06-07,,PREMIUM,39.99,Active,,802.47
5033,1659,2024-04-01,,STANDARD,19.99,Active,,445.78
5034,6076,2023-09-29,2024-08-28,PREMIUM,39.99,Churned,PRICE-01,445.22
5035,946,2024-09-20,2026-07-01,STANDARD,19.99,Churned,TECH-01,432.45
5036,6581,2025-08-17,,STANDARD,19.99,Active,,110.61
5037,9046,2023-04-11,,STANDARD,19.99,Active,,682.99
5038,6045,2025-07-29,,STANDARD,19.99,Active,,123.27
5039,9790,2025-06-15,2027-02-14,STANDARD,19.99,Churned,TECH-01,405.8
5040,7649,2025-07-20,,STANDARD,19.99,Active,,129.27
5041,7020,2023-09-17,,BASIC,9.99,Active,,288.38
5042,4780,2026-06-01,,BASIC,9.99,Active,,-40.63
5043,1342,2024-01-04,,PREMIUM,39.99,Active,,1009.08
5044,2929,2024-12-08,,PREMIUM,39.99,Active,,557.19
5045,4813,2024-02-20,,BASIC,9.99,Active,,236.43
5046,5855,2023-08-06,,BASIC,9.99,Active,,302.36
5047,2704,2023-06-25,2024-04-26,PREMIUM,39.99,Churned,PRICE-02,407.9
5048,381,2025-08-07,,BASIC,9.99,Active,,58.61
5049,1790,2024-06-11,,STANDARD,19.99,Active,,398.47
5050,3039,2024-08-20,,BASIC,9.99,Active,,175.82
5051,3646,2025-12-26,,STANDARD,19.99,Active,,23.32
5052,401,2023-07-26,2024-06-24,PREMIUM,39.99,Churned,TECH-01,445.22
5053,1387,2024-07-17,,PREMIUM,39.99,Active,,749.15
5054,5890,2026-02-03,,STANDARD,19.99,Active,,-2.67
5055,8390,2023-10-26,,STANDARD,19.99,Active,,551.06
5056,1809,2023-05-21,2024-09-18,PREMIUM,39.99,Churned,PRICE-02,647.84
5057,3407,2026-03-16,2027-07-26,BASIC,9.99,Churned,PRICE-02,165.5
5058,5168,2026-05-04,,STANDARD,19.99,Active,,-62.64
5059,3473,2024-12-31,2026-06-27,STANDARD,19.99,Churned,SERVICE-02,361.82
5060,7641,2024-05-07,,STANDARD,19.99,Active,,421.79
5061,8422,2024-02-02,,PREMIUM,39.99,Active,,970.42
5062,5956,2026-06-01,,BASIC,9.99,Active,,-40.63
5063,5223,2025-04-11,2026-04-07,BASIC,9.99,Churned,PROD-01,120.21
5064,9348,2024-11-05,,STANDARD,19.99,Active,,300.52
5065,4428,2025-11-02,2026-08-13,BASIC,9.99,Churned,SERVICE-02,94.57
5066,886,2023-05-16,,STANDARD,19.99,Active,,659.67
5067,8079,2023-08-07,2024-05-03,BASIC,9.99,Churned,PRICE-01,89.91
5068,8857,2023-04-26,,PREMIUM,39.99,Active,,1346.33
5069,6626,2023-01-26,,PREMIUM,39.99,Active,,1466.3
5070,4312,2025-09-27,,PREMIUM,39.99,Active,,166.63
5071,4890,2023-04-25,2024-05-30,STANDARD,19.99,Churned,PROD-01,267.2
5072,817,2026-03-09,2027-05-03,PREMIUM,39.99,Churned,COMP-01,559.86
5073,3148,2023-11-26,2024-11-29,BASIC,9.99,Churned,PROD-01,122.88
5074,7960,2024-02-12,,PREMIUM,39.99,Active,,957.09
5075,1654,2024-02-18,2024-04-05,STANDARD,19.99,Churned,COMP-01,31.32
5076,8943,2023-07-19,2024-03-11,BASIC,9.99,Churned,COMP-01,78.59
5077,5567,2024-12-16,,PREMIUM,39.99,Active,,546.53
5078,4450,2024-10-04,,STANDARD,19.99,Active,,321.84
5079,5254,2023-01-05,,PREMIUM,39.99,Active,,1494.29
5080,2964,2025-07-30,,PREMIUM,39.99,Active,,245.27
5081,3915,2023-11-05,,STANDARD,19.99,Active,,544.39
5082,4166,2025-05-28,,STANDARD,19.99,Active,,164.58
5083,8231,2026-05-12,,BASIC,9.99,Active,,-33.97
5084,5802,2023-12-03,,STANDARD,19.99,Active,,525.74
5085,5126,2026-03-03,,BASIC,9.99,Active,,-10.66
5086,8616,2023-07-13,,BASIC,9.99,Active,,310.36
5087,495,2023-10-06,,BASIC,9.99,Active,,282.05
5088,5944,2023-11-22,,STANDARD,19.99,Active,,533.07
5089,867,2024-06-06,2025-01-03,BASIC,9.99,Churned,COMP-01,70.26
5090,5564,2024-06-24,,BASIC,9.99,Active,,194.81
5091,3297,2024-01-29,,STANDARD,19.99,Active,,487.76
5092,6240,2023-07-27,,PREMIUM,39.99,Active,,1223.69
5093,582,2026-03-24,2026-08-27,BASIC,9.99,Churned,PRICE-01,51.95
5094,4405,2023-10-07,,STANDARD,19.99,Active,,563.72
5095,9349,2023-05-02,,PREMIUM,39.99,Active,,1338.33
5096,4714,2024-02-28,,STANDARD,19.99,Active,,467.77
5097,5890,2026-02-07,2027-12-18,BASIC,9.99,Churned,COMP-01,226.11
5098,3490,2024-12-29,,BASIC,9.99,Active,,132.2
5099,6731,2025-08-12,2026-04-01,STANDARD,19.99,Churned,SERVICE-01,154.59
5100,9887,2025-04-20,,BASIC,9.99,Active,,94.91
5101,883,2024-02-09,2025-07-27,STANDARD,19.99,Churned,SERVICE-02,355.82
5102,3116,2023-05-23,,PREMIUM,39.99,Active,,1310.34
5103,4276,2024-06-23,,STANDARD,19.99,Active,,390.47
5104,4846,2025-05-04,,BASIC,9.99,Active,,90.24
5105,3051,2023-10-22,,BASIC,9.99,Active,,276.72
5106,9840,2023-10-21,2024-06-23,PREMIUM,39.99,Churned,PRICE-01,327.92
5107,2549,2026-06-09,,PREMIUM,39.99,Active,,-173.29
5108,768,2026-03-24,,PREMIUM,39.99,Active,,-70.65
5109,667,2023-04-18,,BASIC,9.99,Active,,338.99
5110,7722,2023-07-04,2025-02-14,BASIC,9.99,Churned,PRICE-01,196.8
5111,551,2024-03-01,2025-10-24,STANDARD,19.99,Churned,COMP-01,401.13
5112,8463,2023-04-10,2024-06-25,BASIC,9.99,Churned,COMP-01,147.19
5113,7421,2023-09-06,,BASIC,9.99,Active,,292.04
5114,6821,2023-07-21,2025-01-22,STANDARD,19.99,Churned,PROD-01,367.15
5115,8308,2023-01-22,2023-09-09,STANDARD,19.99,Churned,PRICE-01,153.26
5116,7104,2023-07-10,,STANDARD,19.99,Active,,623.02
5117,8896,2025-06-13,,BASIC,9.99,Active,,76.92
5118,8724,2024-04-09,,BASIC,9.99,Active,,220.11
5119,8035,2024-07-01,2026-04-12,BASIC,9.99,Churned,PROD-01,216.45
5120,731,2023-12-10,2024-10-10,BASIC,9.99,Churned,PRICE-01,101.56
5121,5898,2026-03-19,,STANDARD,19.99,Active,,-31.98
5122,9764,2025-07-26,,BASIC,9.99,Active,,62.6
5123,8466,2023-02-08,,PREMIUM,39.99,Active,,1448.97
5124,7839,2026-01-11,,PREMIUM,39.99,Active,,25.33
5125,4619,2025-11-02,,BASIC,9.99,Active,,29.64
5126,3518,2023-12-02,,STANDARD,19.99,Active,,526.4
5127,6022,2023-02-05,,PREMIUM,39.99,Active,,1452.97
5128,1481,2024-04-08,2026-03-21,STANDARD,19.99,Churned,SERVICE-01,474.43
5129,8540,2024-11-18,,STANDARD,19.99,Active,,291.85
5130,2504,2023-12-26,,BASIC,9.99,Active,,255.08
5131,2990,2025-04-27,,BASIC,9.99,Active,,92.57
5132,179,2025-06-09,2027-03-23,BASIC,9.99,Churned,PRICE-02,217.12
5133,6220,2023-03-04,,PREMIUM,39.99,Active,,1416.98
5134,6532,2025-05-17,2026-10-31,BASIC,9.99,Churned,PRICE-02,177.16
5135,8315,2026-06-17,,STANDARD,19.99,Active,,-91.95
5136,5968,2026-05-31,,STANDARD,19.99,Active,,-80.63
5137,5663,2024-08-14,,BASIC,9.99,Active,,177.82
5138,1507,2025-03-22,2026-08-11,PREMIUM,39.99,Churned,TECH-01,675.83
5139,6176,2023-06-08,,BASIC,9.99,Active,,322.01
5140,6328,2025-10-14,,STANDARD,19.99,Active,,71.96
5141,5009,2024-08-22,,BASIC,9.99,Active,,175.16
5142,7823,2023-04-19,,PREMIUM,39.99,Active,,1355.66
5143,4214,2025-12-30,2026-04-30,PREMIUM,39.99,Churned,PRICE-01,161.29
5144,261,2025-05-30,,PREMIUM,39.99,Active,,326.58
5145,2928,2024-02-02,2024-12-10,PREMIUM,39.99,Churned,COMP-01,415.9
5146,1690,2024-09-27,2026-08-30,BASIC,9.99,Churned,COMP-01,233.77
5147,7809,2024-04-23,2025-11-12,STANDARD,19.99,Churned,COMP-01,378.48
5148,5884,2026-03-12,,STANDARD,19.99,Active,,-27.32
5149,6093,2024-04-19,,BASIC,9.99,Active,,216.78
5150,3520,2023-02-05,,BASIC,9.99,Active,,362.97
5151,9572,2025-08-27,,BASIC,9.99,Active,,51.95
5152,3783,2024-01-18,,STANDARD,19.99,Active,,495.09
5153,5868,2023-12-23,,STANDARD,19.99,Active,,512.41
5154,3670,2025-10-20,,BASIC,9.99,Active,,33.97
5155,4217,2026-01-27,2027-09-08,BASIC,9.99,Churned,COMP-01,196.14
5156,9960,2024-07-11,,BASIC,9.99,Active,,189.14
5157,414,2023-08-09,2024-02-27,BASIC,9.99,Churned,SERVICE-01,67.27
5158,2900,2024-10-31,2025-02-11,BASIC,9.99,Churned,TECH-01,34.3
5159,2172,2023-02-10,,STANDARD,19.99,Active,,722.97
5160,461,2023-09-17,2024-03-01,STANDARD,19.99,Churned,SERVICE-01,110.61
5161,9539,2024-06-25,2025-11-19,STANDARD,19.99,Churned,COMP-01,341.16
5162,7739,2025-08-02,,STANDARD,19.99,Active,,120.61
5163,1592,2023-03-02,2024-02-13,BASIC,9.99,Churned,COMP-01,115.88
5164,4703,2025-03-06,,BASIC,9.99,Active,,109.89
5165,2875,2023-05-22,,STANDARD,19.99,Active,,655.67
5166,2434,2025-09-30,2027-07-28,BASIC,9.99,Churned,SERVICE-01,221.78
5167,901,2025-12-29,2026-11-18,PREMIUM,39.99,Churned,TECH-01,431.89
5168,7748,2023-01-08,2024-12-25,PREMIUM,39.99,Churned,PRICE-01,955.76
5169,3320,2024-12-14,,STANDARD,19.99,Active,,274.53
5170,7155,2026-01-21,,BASIC,9.99,Active,,3.0
5171,8601,2025-10-20,2027-10-04,STANDARD,19.99,Churned,TECH-01,475.76
5172,8253,2024-06-16,2026-02-16,PREMIUM,39.99,Churned,COMP-01,813.13
5173,1235,2025-04-08,,PREMIUM,39.99,Active,,395.9
5174,3859,2024-06-22,,PREMIUM,39.99,Active,,782.47
5175,2080,2023-09-17,2024-08-27,STANDARD,19.99,Churned,PRICE-01,229.88
5176,5022,2023-01-02,,STANDARD,19.99,Active,,748.96
5177,5639,2026-03-10,,BASIC,9.99,Active,,-12.99
5178,3920,2025-10-14,,BASIC,9.99,Active,,35.96
5179,754,2026-03-18,2027-08-18,PREMIUM,39.99,Churned,PRICE-01,690.49
5180,3634,2025-05-04,,PREMIUM,39.99,Active,,361.24
5181,4489,2024-04-09,2025-11-19,BASIC,9.99,Churned,SERVICE-01,196.14
5182,2554,2024-03-02,,STANDARD,19.99,Active,,465.77
5183,7305,2024-02-05,,PREMIUM,39.99,Active,,966.43
5184,4550,2024-05-11,2025-07-14,STANDARD,19.99,Churned,PRICE-02,285.86
5185,4826,2024-04-09,,STANDARD,19.99,Active,,440.45
5186,4219,2023-06-17,,PREMIUM,39.99,Active,,1277.01
5187,5542,2026-04-30,,PREMIUM,39.99,Active,,-119.97
5188,1616,2024-01-11,,BASIC,9.99,Active,,249.75
5189,6101,2024-05-23,2024-09-05,BASIC,9.99,Churned,TECH-01,34.97
5190,8703,2024-07-10,,BASIC,9.99,Active,,189.48
5191,9583,2026-04-13,2027-11-09,STANDARD,19.99,Churned,PRICE-01,383.14
5192,2687,2024-12-13,,BASIC,9.99,Active,,137.53
5193,9190,2026-06-19,,PREMIUM,39.99,Active,,-186.62
5194,543,2023-09-25,,PREMIUM,39.99,Active,,1143.71
5195,2836,2023-10-28,,BASIC,9.99,Active,,274.73
5196,6086,2023-01-26,,BASIC,9.99,Active,,366.3
5197,9596,2025-04-17,2025-11-09,STANDARD,19.99,Churned,SERVICE-01,137.26
5198,4334,2023-08-25,,PREMIUM,39.99,Active,,1185.04
5199,4689,2024-11-03,,STANDARD,19.99,Active,,301.85
5200,3425,2025-05-19,,BASIC,9.99,Active,,85.25
5201,8944,2023-03-30,,PREMIUM,39.99,Active,,1382.32
5202,1420,2025-05-04,,PREMIUM,39.99,Active,,361.24
5203,2595,2023-05-21,,STANDARD,19.99,Active,,656.34
5204,7880,2025-01-17,,BASIC,9.99,Active,,125.87
5205,1621,2025-03-09,,STANDARD,19.99,Active,,217.89
5206,2958,2026-04-10,,BASIC,9.99,Active,,-23.31
5207,7180,2023-04-20,2025-04-15,STANDARD,19.99,Churned,SERVICE-01,483.76
5208,6130,2023-10-02,,PREMIUM,39.99,Active,,1134.38
5209,7236,2024-04-27,2024-12-11,BASIC,9.99,Churned,PRICE-01,75.92
5210,1101,2025-06-18,,STANDARD,19.99,Active,,150.59
5211,4297,2024-09-20,,PREMIUM,39.99,Active,,662.5
5212,6044,2025-11-09,,STANDARD,19.99,Active,,54.64
5213,6088,2025-09-11,,PREMIUM,39.99,Active,,187.95
5214,6893,2025-05-08,2026-06-03,STANDARD,19.99,Churned,SERVICE-01,260.54
5215,1524,2026-04-11,,STANDARD,19.99,Active,,-47.31
5216,9138,2024-04-21,,STANDARD,19.99,Active,,432.45
5217,1255,2024-06-30,,BASIC,9.99,Active,,192.81
5218,1864,2026-02-12,2027-01-19,STANDARD,19.99,Churned,SERVICE-02,227.22
5219,2624,2023-06-22,2023-11-27,BASIC,9.99,Churned,COMP-01,52.61
5220,4654,2023-01-03,,STANDARD,19.99,Active,,748.29
5221,1619,2026-02-23,,PREMIUM,39.99,Active,,-31.99
5222,5200,2024-10-28,,BASIC,9.99,Active,,152.85
5223,4762,2023-04-04,,BASIC,9.99,Active,,343.66
5224,256,2025-05-20,,STANDARD,19.99,Active,,169.91
5225,172,2024-10-17,,BASIC,9.99,Active,,156.51
5226,3683,2023-01-20,2023-03-04,PREMIUM,39.99,Churned,PROD-01,57.32
5227,9919,2023-04-13,2023-06-01,STANDARD,19.99,Churned,TECH-01,32.65
5228,7639,2025-09-15,,PREMIUM,39.99,Active,,182.62
5229,1754,2025-05-15,,PREMIUM,39.99,Active,,346.58
5230,612,2023-08-08,,PREMIUM,39.99,Active,,1207.7
5231,9684,2023-02-24,2024-06-04,PREMIUM,39.99,Churned,SERVICE-01,621.18
5232,9440,2026-02-09,,PREMIUM,39.99,Active,,-13.33
5233,1650,2023-12-10,,BASIC,9.99,Active,,260.41
5234,8186,2025-07-19,2027-06-28,BASIC,9.99,Churned,COMP-01,236.1
5235,7525,2025-01-05,2026-01-11,PREMIUM,39.99,Churned,SERVICE-02,494.54
5236,4275,2025-12-01,,PREMIUM,39.99,Active,,79.98
5237,1973,2026-06-28,2026-10-04,STANDARD,19.99,Churned,SERVICE-02,65.3
5238,5252,2025-12-19,,STANDARD,19.99,Active,,27.99
5239,9426,2024-12-27,2026-04-11,PREMIUM,39.99,Churned,SERVICE-02,626.51
5240,8960,2024-11-24,,PREMIUM,39.99,Active,,575.86
5241,6971,2023-03-22,,PREMIUM,39.99,Active,,1392.99
5242,3299,2026-02-18,2027-03-31,PREMIUM,39.99,Churned,PRICE-02,541.2
5243,8453,2024-09-12,,STANDARD,19.99,Active,,336.5
5244,4898,2023-11-07,,BASIC,9.99,Active,,271.4
5245,5525,2024-05-03,2024-08-26,STANDARD,19.99,Churned,PROD-01,76.63
5246,6025,2023-07-14,,BASIC,9.99,Active,,310.02
5247,9588,2023-09-26,,PREMIUM,39.99,Active,,1142.38
5248,1732,2025-11-09,,PREMIUM,39.99,Active,,109.31
5249,1494,2024-10-03,,BASIC,9.99,Active,,161.17
5250,8032,2023-02-07,,PREMIUM,39.99,Active,,1450.3
5251,4454,2024-03-29,2025-11-21,PREMIUM,39.99,Churned,TECH-01,802.47
5252,5250,2025-10-13,,BASIC,9.99,Active,,36.3
5253,6616,2025-10-07,,STANDARD,19.99,Active,,76.63
5254,7505,2025-10-05,,PREMIUM,39.99,Active,,155.96
5255,6237,2023-12-12,,PREMIUM,39.99,Active,,1039.74
5256,398,2023-02-27,,BASIC,9.99,Active,,355.64
5257,3290,2026-04-03,,PREMIUM,39.99,Active,,-83.98
5258,3021,2023-05-27,,PREMIUM,39.99,Active,,1305.01
5259,3218,2024-07-30,,PREMIUM,39.99,Active,,731.82
5260,6269,2024-04-01,,PREMIUM,39.99,Active,,891.78
5261,7568,2024-08-11,2026-06-22,BASIC,9.99,Churned,PROD-01,226.44
5262,5787,2025-08-07,,STANDARD,19.99,Active,,117.27
5263,1743,2023-08-11,,STANDARD,19.99,Active,,601.7
5264,4789,2024-05-04,,STANDARD,19.99,Active,,423.79
5265,2390,2023-05-15,2025-03-20,BASIC,9.99,Churned,PRICE-01,224.78
5266,2854,2025-07-02,,BASIC,9.99,Active,,70.6
5267,7293,2024-12-21,,PREMIUM,39.99,Active,,539.87
5268,3099,2025-09-23,,BASIC,9.99,Active,,42.96
5269,1889,2024-10-21,2025-12-26,STANDARD,19.99,Churned,TECH-01,287.19
5270,842,2024-06-01,,STANDARD,19.99,Active,,405.13
5271,6491,2024-04-23,2025-07-29,PREMIUM,39.99,Churned,PRICE-02,615.85
5272,9229,2026-02-28,,BASIC,9.99,Active,,-9.66
5273,9304,2026-03-16,,PREMIUM,39.99,Active,,-59.98
5274,7245,2025-10-20,,STANDARD,19.99,Active,,67.97
5275,91,2023-05-04,,PREMIUM,39.99,Active,,1335.67
5276,5893,2026-06-28,,BASIC,9.99,Active,,-49.62
5277,7289,2026-04-27,,BASIC,9.99,Active,,-28.97
5278,2226,2023-06-07,,BASIC,9.99,Active,,322.34
5279,7586,2026-03-08,2027-11-23,STANDARD,19.99,Churned,PROD-01,416.46
5280,245,2024-02-13,2025-08-05,STANDARD,19.99,Churned,PRICE-02,359.15
5281,272,2024-02-17,,BASIC,9.99,Active,,237.43
5282,3961,2023-09-12,2024-10-29,STANDARD,19.99,Churned,TECH-01,275.2
5283,996,2025-02-18,2026-08-30,PREMIUM,39.99,Churned,PRICE-02,743.81
5284,66,2024-10-13,,PREMIUM,39.99,Active,,631.84
5285,2274,2024-10-04,,PREMIUM,39.99,Active,,643.84
5286,2016,2026-04-12,2026-07-03,STANDARD,19.99,Churned,SERVICE-01,54.64
5287,9486,2024-01-16,,PREMIUM,39.99,Active,,993.09
5288,2441,2025-08-22,,PREMIUM,39.99,Active,,214.61
5289,7307,2026-03-30,,PREMIUM,39.99,Active,,-78.65
5290,1382,2024-02-28,2025-06-11,PREMIUM,39.99,Churned,TECH-01,625.18
5291,3478,2025-11-28,,STANDARD,19.99,Active,,41.98
5292,8570,2023-09-25,,BASIC,9.99,Active,,285.71
5293,7331,2025-03-07,,BASIC,9.99,Active,,109.56
5294,8695,2024-08-03,,PREMIUM,39.99,Active,,726.49
5295,2765,2025-11-01,,BASIC,9.99,Active,,29.97
5296,9217,2024-02-06,,STANDARD,19.99,Active,,482.43
5297,9200,2023-11-19,,STANDARD,19.99,Active,,535.07
5298,1133,2025-08-16,,STANDARD,19.99,Active,,111.28
5299,4918,2023-11-18,,PREMIUM,39.99,Active,,1071.73
5300,4383,2026-01-15,,STANDARD,19.99,Active,,9.99
5301,728,2026-04-05,,BASIC,9.99,Active,,-21.64
5302,3558,2023-04-13,,BASIC,9.99,Active,,340.66
5303,3520,2024-10-01,,STANDARD,19.99,Active,,323.84
5304,4326,2023-08-14,,BASIC,9.99,Active,,299.7
5305,3021,2023-04-18,,PREMIUM,39.99,Active,,1356.99
5306,4318,2026-03-04,,BASIC,9.99,Active,,-10.99
5307,9654,2023-11-27,,PREMIUM,39.99,Active,,1059.74
5308,8423,2025-09-18,2025-12-19,BASIC,9.99,Churned,PRICE-02,30.64
5309,4564,2025-07-05,,BASIC,9.99,Active,,69.6
5310,7487,2023-08-21,,BASIC,9.99,Active,,297.37
5311,8868,2024-09-15,,PREMIUM,39.99,Active,,669.17
5312,687,2024-08-16,2025-07-26,STANDARD,19.99,Churned,SERVICE-01,229.22
5313,409,2024-05-06,,PREMIUM,39.99,Active,,845.12
5314,8095,2024-01-19,,PREMIUM,39.99,Active,,989.09
5315,9815,2025-02-21,2026-05-03,PREMIUM,39.99,Churned,COMP-01,581.19
5316,6042,2026-04-13,,PREMIUM,39.99,Active,,-97.31
5317,8082,2025-08-03,,STANDARD,19.99,Active,,119.94
5318,4897,2024-09-03,,STANDARD,19.99,Active,,342.5
5319,4232,2025-07-11,2026-01-31,PREMIUM,39.99,Churned,PRICE-02,271.93
5320,2802,2023-02-15,,PREMIUM,39.99,Active,,1439.64
5321,4162,2025-02-14,2025-03-24,BASIC,9.99,Churned,SERVICE-01,12.65
5322,6678,2025-10-07,2026-02-09,STANDARD,19.99,Churned,PROD-01,83.29
5323,7953,2025-07-01,,STANDARD,19.99,Active,,141.93
5324,5929,2025-05-28,,PREMIUM,39.99,Active,,329.25
5325,4890,2024-12-28,2026-03-20,BASIC,9.99,Churned,SERVICE-02,148.85
5326,1391,2026-05-31,,BASIC,9.99,Active,,-40.29
5327,418,2024-09-04,,BASIC,9.99,Active,,170.83
5328,620,2024-11-08,,BASIC,9.99,Active,,149.18
5329,4432,2025-06-18,2025-11-12,PREMIUM,39.99,Churned,TECH-01,195.95
5330,9086,2024-09-19,,BASIC,9.99,Active,,165.83
5331,6709,2024-11-26,,BASIC,9.99,Active,,143.19
5332,2927,2026-05-08,,PREMIUM,39.99,Active,,-130.63
5333,9576,2025-11-23,,STANDARD,19.99,Active,,45.31
5334,2671,2025-11-19,2026-03-23,STANDARD,19.99,Churned,SERVICE-02,82.63
5335,9192,2024-06-05,,STANDARD,19.99,Active,,402.47
5336,305,2026-06-15,,BASIC,9.99,Active,,-45.29
5337,3194,2024-07-19,2024-10-26,BASIC,9.99,Churned,TECH-01,32.97
5338,570,2023-04-26,,PREMIUM,39.99,Active,,1346.33
5339,4209,2024-04-16,,BASIC,9.99,Active,,217.78
5340,5854,2023-03-07,2024-02-04,PREMIUM,39.99,Churned,PRICE-01,445.22
5341,5637,2023-02-20,2024-04-24,STANDARD,19.99,Churned,SERVICE-01,285.86
5342,2426,2025-05-19,2025-10-22,PREMIUM,39.99,Churned,PROD-01,207.95
5343,8054,2024-11-17,2026-03-30,BASIC,9.99,Churned,TECH-01,165.83
5344,2253,2026-06-10,,STANDARD,19.99,Active,,-87.29
5345,1119,2024-07-20,2026-03-25,PREMIUM,39.99,Churned,SERVICE-02,817.13
5346,608,2024-08-14,2025-07-26,STANDARD,19.99,Churned,SERVICE-01,230.55
5347,6379,2023-01-22,,BASIC,9.99,Active,,367.63
5348,7257,2024-02-10,2025-03-08,STANDARD,19.99,Churned,SERVICE-02,261.2
5349,1201,2025-06-22,,PREMIUM,39.99,Active,,295.93
5350,7150,2026-05-12,,PREMIUM,39.99,Active,,-135.97
5351,4614,2023-06-22,,PREMIUM,39.99,Active,,1270.35
5352,1213,2023-03-14,,STANDARD,19.99,Active,,701.65
5353,1500,2025-09-29,,BASIC,9.99,Active,,40.96
5354,7595,2023-11-20,,PREMIUM,39.99,Active,,1069.07
5355,1272,2023-03-23,2025-03-01,BASIC,9.99,Churned,SERVICE-02,236.1
5356,5119,2024-11-12,,PREMIUM,39.99,Active,,591.85
5357,9716,2023-09-09,,BASIC,9.99,Active,,291.04
5358,3141,2026-05-26,2028-01-23,PREMIUM,39.99,Churned,SERVICE-01,809.13
5359,2834,2023-06-22,,STANDARD,19.99,Active,,635.02
5360,3608,2025-03-06,,PREMIUM,39.99,Active,,439.89
5361,4877,2024-05-04,,STANDARD,19.99,Active,,423.79
5362,4872,2023-06-03,,PREMIUM,39.99,Active,,1295.68
5363,2191,2023-07-25,2024-07-11,BASIC,9.99,Churned,PROD-01,117.22
5364,7293,2024-04-10,,BASIC,9.99,Active,,219.78
5365,4765,2025-10-05,2026-08-17,BASIC,9.99,Churned,TECH-01,105.23
5366,8209,2024-06-15,,PREMIUM,39.99,Active,,791.8
5367,2672,2025-01-08,,STANDARD,19.99,Active,,257.87
5368,3639,2025-05-30,,PREMIUM,39.99,Active,,326.58
5369,5960,2026-05-22,,STANDARD,19.99,Active,,-74.63
5370,6465,2024-12-22,,BASIC,9.99,Active,,134.53
5371,1303,2025-10-24,,PREMIUM,39.99,Active,,130.63
5372,1475,2024-02-20,2024-05-05,BASIC,9.99,Churned,SERVICE-02,24.98
5373,3398,2024-01-25,,BASIC,9.99,Active,,245.09
5374,8096,2025-09-14,,STANDARD,19.99,Active,,91.95
5375,7820,2023-07-29,,PREMIUM,39.99,Active,,1221.03
5376,7661,2023-06-13,2024-10-26,STANDARD,19.99,Churned,SERVICE-01,333.83
5377,6858,2025-10-20,,STANDARD,19.99,Active,,67.97
5378,6916,2023-08-19,,STANDARD,19.99,Active,,596.37
5379,7229,2025-09-08,2026-01-11,STANDARD,19.99,Churned,PRICE-02,83.29
5380,4960,2025-01-25,,PREMIUM,39.99,Active,,493.21
5381,6439,2023-08-02,2024-06-12,PREMIUM,39.99,Churned,PRICE-01,419.9
5382,3482,2024-12-12,,BASIC,9.99,Active,,137.86
5383,2324,2024-10-04,,BASIC,9.99,Active,,160.84
5384,4192,2023-02-03,,PREMIUM,39.99,Active,,1455.64
5385,2225,2025-02-19,,PREMIUM,39.99,Active,,459.89
5386,4701,2023-05-29,,PREMIUM,39.99,Active,,1302.34
5387,1966,2025-07-28,,STANDARD,19.99,Active,,123.94
5388,217,2023-12-13,,BASIC,9.99,Active,,259.41
5389,8417,2025-01-10,,BASIC,9.99,Active,,128.21
5390,703,2024-11-04,,BASIC,9.99,Active,,150.52
5391,8229,2023-01-28,2024-09-23,BASIC,9.99,Churned,PRICE-02,201.13
5392,6922,2024-11-22,,STANDARD,19.99,Active,,289.19
5393,4798,2023-08-04,,STANDARD,19.99,Active,,606.36
5394,5287,2025-01-07,,PREMIUM,39.99,Active,,517.2
5395,8798,2025-03-16,,BASIC,9.99,Active,,106.56
5396,5791,2025-01-15,,BASIC,9.99,Active,,126.54
5397,9448,2025-02-16,,BASIC,9.99,Active,,115.88
5398,7518,2023-09-07,,PREMIUM,39.99,Active,,1167.71
5399,4187,2026-02-04,,BASIC,9.99,Active,,-1.67
5400,811,2025-03-18,,STANDARD,19.99,Active,,211.89
5401,9673,2023-06-05,,STANDARD,19.99,Active,,646.34
5402,3468,2024-01-29,,STANDARD,19.99,Active,,487.76
5403,6102,2023-04-02,,BASIC,9.99,Active,,344.32
5404,7042,2023-02-09,,STANDARD,19.99,Active,,723.64
5405,9956,2024-11-08,,STANDARD,19.99,Active,,298.52
5406,2446,2023-12-23,2025-12-03,PREMIUM,39.99,Churned,PROD-01,947.76
5407,9191,2025-03-12,,STANDARD,19.99,Active,,215.89
5408,43,2024-01-24,2024-06-04,BASIC,9.99,Churned,PRICE-02,43.96
5409,1586,2025-03-15,,STANDARD,19.99,Active,,213.89
5410,9394,2023-08-07,,STANDARD,19.99,Active,,604.36
5411,6036,2023-07-24,2024-05-23,PREMIUM,39.99,Churned,PRICE-01,405.23
5412,9955,2024-07-03,,PREMIUM,39.99,Active,,767.81
5413,7101,2024-11-23,,STANDARD,19.99,Active,,288.52
5414,3551,2023-12-14,2024-05-12,STANDARD,19.99,Churned,COMP-01,99.95
5415,1414,2024-11-12,,BASIC,9.99,Active,,147.85
5416,5,2023-10-25,,BASIC,9.99,Active,,275.72
5417,725,2026-05-10,,PREMIUM,39.99,Active,,-133.3
5418,5819,2025-10-05,,BASIC,9.99,Active,,38.96
5419,6504,2024-07-19,2025-05-18,BASIC,9.99,Churned,TECH-01,100.9
5420,1985,2025-02-21,,STANDARD,19.99,Active,,228.55
5421,1157,2025-09-07,,PREMIUM,39.99,Active,,193.28
5422,1201,2023-07-10,2025-02-17,STANDARD,19.99,Churned,PRICE-01,391.8
5423,1036,2024-11-28,2025-10-25,BASIC,9.99,Churned,SERVICE-02,110.22
5424,9061,2024-07-24,2025-09-15,STANDARD,19.99,Churned,PRICE-01,278.53
5425,1937,2024-06-24,,STANDARD,19.99,Active,,389.8
5426,238,2023-11-04,,BASIC,9.99,Active,,272.39
5427,3424,2023-05-28,2024-03-16,PREMIUM,39.99,Churned,SERVICE-01,390.57
5428,682,2023-03-18,,BASIC,9.99,Active,,349.32
5429,9569,2023-07-28,,PREMIUM,39.99,Active,,1222.36
5430,7560,2025-07-15,,BASIC,9.99,Active,,66.27
5431,1758,2023-04-06,,BASIC,9.99,Active,,342.99
5432,1221,2026-02-17,2026-09-24,PREMIUM,39.99,Churned,SERVICE-01,291.93
5433,3242,2026-01-24,2027-03-20,STANDARD,19.99,Churned,SERVICE-02,279.86
5434,6361,2023-11-06,2024-03-28,BASIC,9.99,Churned,PRICE-02,47.62
5435,6180,2025-08-09,,BASIC,9.99,Active,,57.94
5436,3720,2024-09-04,,PREMIUM,39.99,Active,,683.83
5437,4225,2023-05-09,2023-06-10,BASIC,9.99,Churned,PRICE-01,10.66
5438,4775,2024-07-02,2024-12-13,STANDARD,19.99,Churned,PRICE-01,109.28
5439,5624,2026-05-28,2027-04-04,PREMIUM,39.99,Churned,COMP-01,414.56
5440,9141,2026-05-16,,STANDARD,19.99,Active,,-70.63
5441,7402,2023-02-04,,STANDARD,19.99,Active,,726.97
5442,3279,2025-08-22,2025-10-19,STANDARD,19.99,Churned,SERVICE-02,38.65
5443,4854,2023-03-29,,PREMIUM,39.99,Active,,1383.65
5444,3311,2026-02-17,,PREMIUM,39.99,Active,,-23.99
5445,3860,2024-05-15,2025-02-19,BASIC,9.99,Churned,SERVICE-02,93.24
5446,4511,2026-04-01,2027-04-24,BASIC,9.99,Churned,PRICE-01,129.2
5447,8216,2023-06-30,,BASIC,9.99,Active,,314.69
5448,7346,2024-11-30,,PREMIUM,39.99,Active,,567.86
5449,6022,2025-01-12,,PREMIUM,39.99,Active,,510.54
5450,5373,2026-03-26,,STANDARD,19.99,Active,,-36.65
5451,3912,2025-02-01,,PREMIUM,39.99,Active,,483.88
5452,6156,2024-05-16,,BASIC,9.99,Active,,207.79
5453,5577,2023-09-02,,PREMIUM,39.99,Active,,1174.37
5454,35,2024-12-24,,STANDARD,19.99,Active,,267.87
5455,3371,2023-06-02,2025-03-03,BASIC,9.99,Churned,PRICE-01,213.12
5456,7885,2023-04-09,,BASIC,9.99,Active,,341.99
5457,8665,2024-05-03,,STANDARD,19.99,Active,,424.45
5458,4069,2025-11-28,,STANDARD,19.99,Active,,41.98
5459,7242,2024-11-10,,BASIC,9.99,Active,,148.52
5460,3502,2023-01-15,2023-08-15,PREMIUM,39.99,Churned,PROD-01,282.6
5461,8505,2024-01-19,,STANDARD,19.99,Active,,494.42
5462,8927,2024-10-30,,PREMIUM,39.99,Active,,609.18
5463,5043,2023-01-14,,STANDARD,19.99,Active,,740.96
5464,1302,2024-05-07,,BASIC,9.99,Active,,210.79
5465,3226,2025-04-08,,PREMIUM,39.99,Active,,395.9
5466,3127,2024-04-16,,PREMIUM,39.99,Active,,871.78
5467,4253,2025-03-02,2025-09-22,BASIC,9.99,Churned,COMP-01,67.93
5468,2443,2026-05-15,2026-10-15,PREMIUM,39.99,Churned,TECH-01,203.95
5469,5755,2024-10-14,,STANDARD,19.99,Active,,315.18
5470,6258,2023-03-03,,BASIC,9.99,Active,,354.31
5471,2878,2023-08-03,,PREMIUM,39.99,Active,,1214.36
5472,4614,2025-05-13,,STANDARD,19.99,Active,,174.58
5473,306,2024-12-03,,STANDARD,19.99,Active,,281.86
5474,1289,2024-07-28,,BASIC,9.99,Active,,183.48
5475,8185,2023-08-18,2024-02-26,PREMIUM,39.99,Churned,COMP-01,255.94
5476,9649,2026-04-15,,BASIC,9.99,Active,,-24.98
5477,4653,2024-03-14,,BASIC,9.99,Active,,228.77
5478,5327,2025-08-08,,BASIC,9.99,Active,,58.27
5479,8472,2025-01-18,,STANDARD,19.99,Active,,251.21
5480,9699,2025-07-05,,BASIC,9.99,Active,,69.6
5481,3653,2023-01-30,2024-11-26,PREMIUM,39.99,Churned,SERVICE-02,887.78
5482,435,2024-01-17,,STANDARD,19.99,Active,,495.75
5483,6919,2025-03-24,,BASIC,9.99,Active,,103.9
5484,2419,2023-12-31,,BASIC,9.99,Active,,253.41
5485,9824,2024-09-22,,BASIC,9.99,Active,,164.84
5486,7705,2024-03-30,2026-03-03,PREMIUM,39.99,Churned,SERVICE-02,937.1
5487,4565,2024-05-30,2025-07-02,STANDARD,19.99,Churned,SERVICE-02,265.2
5488,244,2025-02-16,,BASIC,9.99,Active,,115.88
5489,8889,2025-04-07,,STANDARD,19.99,Active,,198.57
5490,6317,2024-10-06,,STANDARD,19.99,Active,,320.51
5491,7780,2025-06-19,2026-06-02,PREMIUM,39.99,Churned,COMP-01,463.88
5492,1868,2025-05-30,,PREMIUM,39.99,Active,,326.58
5493,6755,2023-04-13,,STANDARD,19.99,Active,,681.66
5494,4664,2025-08-23,2026-02-02,PREMIUM,39.99,Churned,SERVICE-02,217.28
5495,8118,2023-10-23,,BASIC,9.99,Active,,276.39
5496,5696,2024-01-16,,PREMIUM,39.99,Active,,993.09
5497,1994,2023-09-11,2024-07-06,PREMIUM,39.99,Churned,PRICE-01,398.57
5498,3725,2023-02-22,,STANDARD,19.99,Active,,714.98
5499,7298,2024-03-06,,STANDARD,19.99,Active,,463.1
5500,1581,2024-01-27,,BASIC,9.99,Active,,244.42
5501,4643,2024-05-13,,STANDARD,19.99,Active,,417.79
5502,1905,2024-06-13,,STANDARD,19.99,Active,,397.13
5503,32,2024-10-17,,PREMIUM,39.99,Active,,626.51
5504,3262,2023-09-08,,BASIC,9.99,Active,,291.38
5505,6177,2025-12-07,,BASIC,9.99,Active,,17.98
5506,2346,2024-10-25,,STANDARD,19.99,Active,,307.85
5507,8947,2025-12-10,,BASIC,9.99,Active,,16.98
5508,8457,2025-01-31,,STANDARD,19.99,Active,,242.55
5509,2796,2024-09-15,2026-07-31,STANDARD,19.99,Churned,TECH-01,455.77
5510,8308,2024-03-22,,BASIC,9.99,Active,,226.11
5511,5341,2025-03-22,2025-10-17,PREMIUM,39.99,Churned,COMP-01,278.6
5512,9960,2024-02-02,,PREMIUM,39.99,Active,,970.42
5513,2641,2024-02-24,,BASIC,9.99,Active,,235.1
5514,7822,2025-06-19,2027-05-03,STANDARD,19.99,Churned,SERVICE-01,455.11
5515,7268,2024-12-02,2025-08-23,STANDARD,19.99,Churned,SERVICE-02,175.91
5516,5602,2025-12-03,2026-08-12,BASIC,9.99,Churned,TECH-01,83.92
5517,7689,2025-07-04,,BASIC,9.99,Active,,69.93
5518,692,2025-02-11,,PREMIUM,39.99,Active,,470.55
5519,7425,2025-02-15,,BASIC,9.99,Active,,116.22
5520,2672,2024-10-13,,STANDARD,19.99,Active,,315.84
5521,8349,2025-08-19,,BASIC,9.99,Active,,54.61
5522,2250,2023-10-22,2024-07-02,BASIC,9.99,Churned,TECH-01,84.58
5523,6032,2023-12-28,,PREMIUM,39.99,Active,,1018.41
5524,3937,2026-01-15,,PREMIUM,39.99,Active,,20.0
5525,7284,2024-08-13,,PREMIUM,39.99,Active,,713.15
5526,1360,2023-12-28,2025-12-25,PREMIUM,39.99,Churned,SERVICE-02,970.42
5527,2983,2025-03-20,,PREMIUM,39.99,Active,,421.23
5528,2455,2024-08-04,,STANDARD,19.99,Active,,362.49
5529,5934,2023-02-07,,PREMIUM,39.99,Active,,1450.3
5530,2847,2024-04-28,2025-06-03,BASIC,9.99,Churned,COMP-01,133.53
5531,1039,2023-09-12,2025-07-12,PREMIUM,39.99,Churned,COMP-01,891.78
5532,8478,2026-01-14,2027-02-14,STANDARD,19.99,Churned,PRICE-02,263.87
5533,2778,2025-11-24,,PREMIUM,39.99,Active,,89.31
5534,7191,2026-06-05,2027-01-07,STANDARD,19.99,Churned,SERVICE-01,143.93
5535,9590,2024-06-10,,PREMIUM,39.99,Active,,798.47
5536,9181,2024-12-14,2025-10-31,STANDARD,19.99,Churned,PRICE-02,213.89
5537,2585,2023-08-20,,BASIC,9.99,Active,,297.7
5538,8225,2023-12-18,2024-07-17,PREMIUM,39.99,Churned,TECH-01,282.6
5539,9468,2023-06-25,,BASIC,9.99,Active,,316.35
5540,8258,2024-07-18,,PREMIUM,39.99,Active,,747.81
5541,9228,2025-02-21,,STANDARD,19.99,Active,,228.55
5542,4071,2024-11-30,,PREMIUM,39.99,Active,,567.86
5543,3862,2023-01-05,,STANDARD,19.99,Active,,746.96
5544,7020,2024-09-10,,PREMIUM,39.99,Active,,675.83
5545,3377,2025-06-11,,BASIC,9.99,Active,,77.59
5546,1217,2025-04-13,,STANDARD,19.99,Active,,194.57
5547,5798,2024-08-01,2026-01-01,STANDARD,19.99,Churned,TECH-01,345.16
5548,7048,2025-12-08,,BASIC,9.99,Active,,17.65
5549,6131,2025-03-09,2026-05-15,PREMIUM,39.99,Churned,TECH-01,575.86
5550,6783,2025-06-28,,BASIC,9.99,Active,,71.93
5551,5701,2026-06-02,,PREMIUM,39.99,Active,,-163.96
5552,7746,2025-10-24,2026-12-13,STANDARD,19.99,Churned,PRICE-02,276.53
5553,8140,2025-02-01,2025-04-24,STANDARD,19.99,Churned,PRICE-02,54.64
5554,268,2025-10-10,,BASIC,9.99,Active,,37.3
5555,3987,2023-05-03,,PREMIUM,39.99,Active,,1337.0
5556,884,2025-09-21,,BASIC,9.99,Active,,43.62
5557,8379,2024-01-19,2026-01-15,STANDARD,19.99,Churned,SERVICE-02,484.42
5558,5466,2024-10-06,,PREMIUM,39.99,Active,,641.17
5559,326,2023-06-25,,STANDARD,19.99,Active,,633.02
5560,1094,2025-09-09,,PREMIUM,39.99,Active,,190.62
5561,6662,2026-06-20,,STANDARD,19.99,Active,,-93.95
5562,2990,2023-12-29,,BASIC,9.99,Active,,254.08
5563,7686,2025-02-24,2026-06-25,STANDARD,19.99,Churned,PRICE-02,323.84
5564,7572,2024-07-29,2024-10-26,STANDARD,19.99,Churned,PRICE-01,59.3
5565,4029,2025-08-06,,STANDARD,19.99,Active,,117.94
5566,6123,2023-02-02,2024-09-24,PREMIUM,39.99,Churned,PRICE-02,799.8
5567,8654,2026-04-16,,STANDARD,19.99,Active,,-50.64
5568,3861,2023-01-11,,STANDARD,19.99,Active,,742.96
5569,1416,2024-11-19,,PREMIUM,39.99,Active,,582.52
5570,9270,2025-09-19,,STANDARD,19.99,Active,,88.62
5571,248,2023-06-09,,BASIC,9.99,Active,,321.68
5572,815,2023-01-06,,STANDARD,19.99,Active,,746.29
5573,4226,2025-05-27,2026-10-23,BASIC,9.99,Churned,PROD-01,171.16
5574,1177,2024-07-26,,PREMIUM,39.99,Active,,737.15
5575,5249,2023-09-02,2024-12-03,BASIC,9.99,Churned,PRICE-01,152.51
5576,1589,2026-06-26,2027-06-27,STANDARD,19.99,Churned,PROD-01,243.88
5577,5479,2023-01-03,2023-10-26,BASIC,9.99,Churned,PROD-01,98.57
5578,494,2023-12-19,2025-08-13,BASIC,9.99,Churned,TECH-01,200.8
5579,3023,2024-05-05,,BASIC,9.99,Active,,211.46
5580,9052,2023-05-21,,BASIC,9.99,Active,,328.01
5581,493,2025-12-16,2026-09-05,PREMIUM,39.99,Churned,COMP-01,350.58
5582,5747,2025-05-13,,BASIC,9.99,Active,,87.25
5583,7105,2023-04-23,,PREMIUM,39.99,Active,,1350.33
5584,2022,2025-11-04,2026-05-03,STANDARD,19.99,Churned,TECH-01,119.94
5585,3361,2023-11-29,,STANDARD,19.99,Active,,528.4
5586,898,2025-10-10,,PREMIUM,39.99,Active,,149.3
5587,478,2023-12-30,2025-06-03,PREMIUM,39.99,Churned,TECH-01,694.49
5588,1229,2023-02-18,2024-07-31,PREMIUM,39.99,Churned,TECH-01,705.16
5589,6282,2026-01-14,2026-02-25,STANDARD,19.99,Churned,PROD-01,27.99
5590,9187,2025-08-03,,BASIC,9.99,Active,,59.94
5591,164,2025-10-12,,STANDARD,19.99,Active,,73.3
5592,5628,2023-11-18,2025-02-19,PREMIUM,39.99,Churned,SERVICE-01,611.85
5593,459,2025-05-13,,STANDARD,19.99,Active,,174.58
5594,8854,2023-07-30,,BASIC,9.99,Active,,304.69
5595,4514,2023-09-08,2024-01-15,BASIC,9.99,Churned,PROD-01,42.96
5596,4816,2024-05-16,,PREMIUM,39.99,Active,,831.79
5597,7444,2024-11-13,,PREMIUM,39.99,Active,,590.52
5598,3312,2024-03-04,2024-10-16,PREMIUM,39.99,Churned,SERVICE-01,301.26
5599,3689,2025-09-24,,BASIC,9.99,Active,,42.62
5600,2400,2025-01-03,,STANDARD,19.99,Active,,261.2
5601,5750,2025-02-26,,PREMIUM,39.99,Active,,450.55
5602,2541,2026-06-15,,STANDARD,19.99,Active,,-90.62
5603,1315,2024-07-02,,BASIC,9.99,Active,,192.14
5604,4269,2023-11-09,,BASIC,9.99,Active,,270.73
5605,9048,2023-06-20,,BASIC,9.99,Active,,318.01
5606,8998,2024-05-04,,PREMIUM,39.99,Active,,847.79
5607,6303,2024-01-15,,STANDARD,19.99,Active,,497.08
5608,3591,2023-03-25,2023-10-19,STANDARD,19.99,Churned,SERVICE-02,138.6
5609,3930,2026-04-16,,PREMIUM,39.99,Active,,-101.31
5610,6718,2023-12-26,,PREMIUM,39.99,Active,,1021.08
5611,6683,2025-11-20,2027-02-12,BASIC,9.99,Churned,COMP-01,149.52
5612,4398,2026-05-10,2027-11-13,STANDARD,19.99,Churned,PROD-01,367.82
5613,4487,2024-04-20,,STANDARD,19.99,Active,,433.12
5614,9947,2026-02-04,2027-11-30,BASIC,9.99,Churned,SERVICE-01,221.11
5615,8056,2026-04-15,,PREMIUM,39.99,Active,,-99.98
5616,7028,2024-12-20,,STANDARD,19.99,Active,,270.53
5617,2957,2023-08-18,,PREMIUM,39.99,Active,,1194.37
5618,4144,2023-06-02,2025-04-25,STANDARD,19.99,Churned,TECH-01,461.77
5619,9960,2023-04-25,,STANDARD,19.99,Active,,673.66
5620,82,2026-05-19,,STANDARD,19.99,Active,,-72.63
5621,9061,2024-06-09,,STANDARD,19.99,Active,,399.8
5622,8229,2025-06-26,,STANDARD,19.99,Active,,145.26
5623,1016,2025-07-09,2026-04-04,PREMIUM,39.99,Churned,PRICE-01,358.58
5624,7870,2025-09-08,,STANDARD,19.99,Active,,95.95
5625,5073,2023-01-31,,PREMIUM,39.99,Active,,1459.63
5626,5405,2026-05-11,,PREMIUM,39.99,Active,,-134.63
5627,2450,2023-12-05,,PREMIUM,39.99,Active,,1049.07
5628,1230,2025-11-24,,BASIC,9.99,Active,,22.31
5629,7284,2026-03-09,2026-06-15,STANDARD,19.99,Churned,PRICE-01,65.3
5630,8368,2025-01-21,2026-09-02,BASIC,9.99,Churned,PROD-01,196.14
5631,9839,2023-05-12,,PREMIUM,39.99,Active,,1325.0
5632,3589,2025-07-20,,STANDARD,19.99,Active,,129.27
5633,1844,2023-12-24,,BASIC,9.99,Active,,255.74
5634,7521,2024-05-19,,BASIC,9.99,Active,,206.79
5635,4386,2023-10-16,,STANDARD,19.99,Active,,557.72
5636,4146,2023-05-30,,STANDARD,19.99,Active,,650.34
5637,3774,2024-02-16,,PREMIUM,39.99,Active,,951.76
5638,6651,2026-01-11,,STANDARD,19.99,Active,,12.66
5639,1054,2024-11-16,,PREMIUM,39.99,Active,,586.52
5640,5437,2024-09-15,2025-01-11,BASIC,9.99,Churned,PRICE-01,39.29
5641,9311,2024-05-29,,STANDARD,19.99,Active,,407.13
5642,2161,2023-04-19,,STANDARD,19.99,Active,,677.66
5643,8608,2023-04-29,2023-08-09,PREMIUM,39.99,Churned,SERVICE-02,135.97
5644,5595,2026-01-08,,STANDARD,19.99,Active,,14.66
5645,7105,2026-05-06,,BASIC,9.99,Active,,-31.97
5646,180,2024-09-13,,BASIC,9.99,Active,,167.83
5647,8395,2023-04-18,2025-03-16,PREMIUM,39.99,Churned,SERVICE-02,930.43
5648,6904,2024-06-25,2024-11-11,STANDARD,19.99,Churned,SERVICE-01,92.62
5649,3932,2024-07-05,2025-01-20,STANDARD,19.99,Churned,PRICE-02,132.6
5650,2929,2023-06-15,,PREMIUM,39.99,Active,,1279.68
5651,7039,2024-07-26,2025-03-07,PREMIUM,39.99,Churned,PRICE-01,298.59
5652,4571,2023-10-13,,PREMIUM,39.99,Active,,1119.72
5653,4708,2025-10-02,,PREMIUM,39.99,Active,,159.96
5654,736,2026-03-23,2026-11-13,PREMIUM,39.99,Churned,PRICE-02,313.25
5655,7593,2023-12-02,2024-03-14,STANDARD,19.99,Churned,COMP-01,68.63
5656,9954,2024-01-06,,PREMIUM,39.99,Active,,1006.42
5657,7333,2025-07-25,,STANDARD,19.99,Active,,125.94
5658,1449,2023-10-12,,BASIC,9.99,Active,,280.05
5659,2786,2025-05-03,,STANDARD,19.99,Active,,181.24
5660,3166,2023-09-20,2024-09-10,STANDARD,19.99,Churned,TECH-01,237.21
5661,9512,2023-01-06,,BASIC,9.99,Active,,372.96
5662,8910,2026-05-11,,STANDARD,19.99,Active,,-67.3
5663,5685,2023-10-27,,PREMIUM,39.99,Active,,1101.06
5664,4844,2024-03-29,,PREMIUM,39.99,Active,,895.78
5665,328,2024-10-03,,STANDARD,19.99,Active,,322.51
5666,7072,2024-02-20,,STANDARD,19.99,Active,,473.1
5667,9628,2026-05-20,2027-12-05,STANDARD,19.99,Churned,COMP-01,375.81
5668,1335,2024-04-15,,BASIC,9.99,Active,,218.11
5669,8272,2024-10-02,,BASIC,9.99,Active,,161.51
5670,770,2025-08-06,,STANDARD,19.99,Active,,117.94
5671,527,2025-08-28,,STANDARD,19.99,Active,,103.28
5672,9469,2026-04-03,2027-11-02,STANDARD,19.99,Churned,PROD-01,385.14
5673,7589,2023-12-18,,BASIC,9.99,Active,,257.74
5674,6039,2025-05-17,,BASIC,9.99,Active,,85.91
5675,7676,2026-02-16,,STANDARD,19.99,Active,,-11.33
5676,6660,2024-10-06,2025-03-19,STANDARD,19.99,Churned,TECH-01,109.28
5677,6116,2025-05-15,,STANDARD,19.99,Active,,173.25
5678,6261,2024-11-02,2026-04-13,BASIC,9.99,Churned,TECH-01,175.49
5679,125,2025-04-04,,BASIC,9.99,Active,,100.23
5680,7694,2023-11-30,2025-05-20,BASIC,9.99,Churned,TECH-01,178.82
5681,2082,2026-05-25,,BASIC,9.99,Active,,-38.3
5682,5911,2023-02-22,,STANDARD,19.99,Active,,714.98
5683,2554,2025-06-01,,BASIC,9.99,Active,,80.92
5684,7142,2023-04-22,,BASIC,9.99,Active,,337.66
5685,6326,2023-06-02,,PREMIUM,39.99,Active,,1297.01
5686,2971,2025-12-12,,STANDARD,19.99,Active,,32.65
5687,2771,2025-03-12,,PREMIUM,39.99,Active,,431.89
5688,963,2023-05-11,2023-12-01,PREMIUM,39.99,Churned,SERVICE-02,271.93
5689,8883,2026-01-13,2026-12-07,STANDARD,19.99,Churned,SERVICE-01,218.56
5690,6458,2026-03-20,,BASIC,9.99,Active,,-16.32
5691,6607,2025-02-27,,PREMIUM,39.99,Active,,449.22
5692,5437,2023-06-01,2025-03-15,PREMIUM,39.99,Churned,TECH-01,870.45
5693,3920,2025-08-19,,BASIC,9.99,Active,,54.61
5694,1264,2024-07-04,2025-03-25,PREMIUM,39.99,Churned,PRICE-02,351.91
5695,518,2025-10-31,,STANDARD,19.99,Active,,60.64
5696,1556,2026-02-11,,STANDARD,19.99,Active,,-8.0
5697,3445,2024-03-22,2025-10-17,STANDARD,19.99,Churned,TECH-01,382.48
5698,5675,2023-01-15,,STANDARD,19.99,Active,,740.3
5699,5736,2024-12-19,,PREMIUM,39.99,Active,,542.53
5700,5115,2025-09-06,,STANDARD,19.99,Active,,97.28
5701,407,2025-10-25,,STANDARD,19.99,Active,,64.63
5702,4771,2026-01-17,,BASIC,9.99,Active,,4.33
5703,3535,2026-05-24,,BASIC,9.99,Active,,-37.96
5704,6334,2023-06-08,2024-11-17,STANDARD,19.99,Churned,PRICE-01,351.82
5705,871,2025-06-13,,BASIC,9.99,Active,,76.92
5706,7220,2025-10-19,,PREMIUM,39.99,Active,,137.3
5707,7221,2023-12-21,2024-05-18,STANDARD,19.99,Churned,PRICE-02,99.28
5708,641,2024-04-09,2026-03-29,STANDARD,19.99,Churned,SERVICE-02,479.09
5709,352,2023-03-31,2024-09-23,STANDARD,19.99,Churned,PRICE-01,361.15
5710,8772,2025-05-07,,STANDARD,19.99,Active,,178.58
5711,106,2023-05-21,2025-05-02,BASIC,9.99,Churned,COMP-01,237.1
5712,1586,2023-07-30,,PREMIUM,39.99,Active,,1219.7
5713,8206,2023-09-10,,PREMIUM,39.99,Active,,1163.71
5714,7192,2025-12-27,,BASIC,9.99,Active,,11.32
5715,1017,2025-07-14,,STANDARD,19.99,Active,,133.27
5716,293,2024-10-07,2026-02-04,PREMIUM,39.99,Churned,TECH-01,646.51
5717,7569,2023-05-14,,BASIC,9.99,Active,,330.34
5718,9808,2023-02-27,2024-05-02,STANDARD,19.99,Churned,SERVICE-02,286.52
5719,3698,2025-11-14,,STANDARD,19.99,Active,,51.31
5720,8554,2024-04-08,2025-07-28,PREMIUM,39.99,Churned,PRICE-01,634.51
5721,1464,2025-02-08,,PREMIUM,39.99,Active,,474.55
5722,587,2024-02-11,,BASIC,9.99,Active,,239.43
5723,9101,2023-08-27,2025-05-07,STANDARD,19.99,Churned,PRICE-01,412.46
5724,4772,2024-06-19,,PREMIUM,39.99,Active,,786.47
5725,1107,2023-02-22,2024-11-11,STANDARD,19.99,Churned,PRICE-02,418.46
5726,1811,2023-01-07,,BASIC,9.99,Active,,372.63
5727,9877,2024-10-07,,STANDARD,19.99,Active,,319.84
5728,1520,2023-12-18,,STANDARD,19.99,Active,,515.74
5729,6865,2024-03-31,,STANDARD,19.99,Active,,446.44
5730,9586,2023-08-04,,STANDARD,19.99,Active,,606.36
5731,7776,2023-08-06,2023-11-13,BASIC,9.99,Churned,TECH-01,32.97
5732,7161,2024-10-14,,STANDARD,19.99,Active,,315.18
5733,5161,2024-09-10,,STANDARD,19.99,Active,,337.83
5734,4038,2024-07-14,,BASIC,9.99,Active,,188.14
5735,5344,2026-05-13,,PREMIUM,39.99,Active,,-137.3
5736,9586,2023-04-18,,PREMIUM,39.99,Active,,1356.99
5737,4156,2026-06-04,2027-02-22,PREMIUM,39.99,Churned,PRICE-01,350.58
5738,582,2025-07-02,,STANDARD,19.99,Active,,141.26
5739,3962,2026-05-08,2027-06-22,STANDARD,19.99,Churned,PROD-01,273.2
5740,6406,2025-09-26,,PREMIUM,39.99,Active,,167.96
5741,5458,2026-03-01,2028-01-18,BASIC,9.99,Churned,PROD-01,229.1
5742,9870,2026-05-30,,PREMIUM,39.99,Active,,-159.96
5743,5630,2024-06-10,2024-09-30,PREMIUM,39.99,Churned,COMP-01,149.3
5744,8187,2024-12-18,,PREMIUM,39.99,Active,,543.86
5745,4623,2023-08-11,,BASIC,9.99,Active,,300.7
5746,7021,2024-04-08,,STANDARD,19.99,Active,,441.11
5747,1042,2024-06-24,,BASIC,9.99,Active,,194.81
5748,1067,2024-01-05,,PREMIUM,39.99,Active,,1007.75
5749,8313,2024-07-27,2024-11-27,BASIC,9.99,Churned,COMP-01,40.96
5750,3322,2024-09-12,,PREMIUM,39.99,Active,,673.16
5751,8880,2023-10-07,,STANDARD,19.99,Active,,563.72
5752,7011,2026-03-29,2027-02-28,STANDARD,19.99,Churned,SERVICE-01,223.89
5753,284,2025-03-30,,PREMIUM,39.99,Active,,407.9
5754,1176,2024-04-14,,PREMIUM,39.99,Active,,874.45
5755,5949,2023-03-06,2024-07-23,BASIC,9.99,Churned,SERVICE-01,168.16
5756,3323,2024-07-02,,STANDARD,19.99,Active,,384.47
5757,2897,2024-03-12,,STANDARD,19.99,Active,,459.1
5758,2721,2026-02-17,,PREMIUM,39.99,Active,,-23.99
5759,6344,2026-05-25,2027-12-14,BASIC,9.99,Churned,COMP-01,189.14
5760,1304,2024-10-24,,BASIC,9.99,Active,,154.18
5761,5372,2024-02-18,,PREMIUM,39.99,Active,,949.1
5762,2549,2025-06-11,2027-04-12,BASIC,9.99,Churned,COMP-01,223.11
5763,3935,2023-10-13,,BASIC,9.99,Active,,279.72
5764,3389,2025-09-23,,BASIC,9.99,Active,,42.96
5765,6330,2025-01-28,2026-12-24,BASIC,9.99,Churned,PRICE-02,231.44
5766,8285,2026-02-01,,PREMIUM,39.99,Active,,-2.67
5767,5877,2024-05-04,,STANDARD,19.99,Active,,423.79
5768,7564,2025-02-22,,STANDARD,19.99,Active,,227.89
5769,4863,2023-09-15,,PREMIUM,39.99,Active,,1157.04
5770,9013,2023-03-05,2024-04-16,PREMIUM,39.99,Churned,PRICE-02,543.86
5771,516,2025-05-02,,STANDARD,19.99,Active,,181.91
5772,5530,2023-04-12,2023-05-18,PREMIUM,39.99,Churned,PRICE-02,47.99
5773,8115,2024-04-24,,STANDARD,19.99,Active,,430.45
5774,4898,2025-11-20,,PREMIUM,39.99,Active,,94.64
5775,3878,2023-11-18,2025-05-25,BASIC,9.99,Churned,TECH-01,184.48
5776,4169,2025-05-25,,PREMIUM,39.99,Active,,333.25
5777,2553,2024-09-09,2025-10-27,PREMIUM,39.99,Churned,SERVICE-01,550.53
5778,4758,2023-10-23,2024-03-29,PREMIUM,39.99,Churned,PRICE-02,210.61
5779,8348,2026-02-08,2026-05-21,STANDARD,19.99,Churned,SERVICE-01,67.97
5780,1494,2024-11-19,2025-07-14,BASIC,9.99,Churned,PRICE-02,78.92
5781,5753,2024-08-03,,STANDARD,19.99,Active,,363.15
5782,7065,2023-03-20,,BASIC,9.99,Active,,348.65
5783,3110,2026-01-29,,PREMIUM,39.99,Active,,1.33
5784,5699,2026-04-27,,STANDARD,19.99,Active,,-57.97
5785,3724,2026-01-15,,BASIC,9.99,Active,,5.0
5786,4000,2026-05-26,,STANDARD,19.99,Active,,-77.29
5787,3386,2025-08-11,2026-11-14,PREMIUM,39.99,Churned,SERVICE-02,613.18
5788,887,2025-01-28,,PREMIUM,39.99,Active,,489.21
5789,2044,2025-04-08,2026-05-22,BASIC,9.99,Churned,PROD-01,136.2
5790,2883,2024-08-29,2024-12-15,PREMIUM,39.99,Churned,TECH-01,143.96
5791,1921,2024-08-14,,BASIC,9.99,Active,,177.82
5792,9598,2023-01-01,2024-08-15,BASIC,9.99,Churned,PRICE-02,197.14
5793,801,2026-02-17,,PREMIUM,39.99,Active,,-23.99
5794,9339,2024-04-29,2024-12-26,BASIC,9.99,Churned,PRICE-01,80.25
5795,9849,2024-12-12,2025-07-22,PREMIUM,39.99,Churned,COMP-01,295.93
5796,9908,2025-08-30,,BASIC,9.99,Active,,50.95
5797,9952,2024-08-04,2025-11-09,PREMIUM,39.99,Churned,TECH-01,615.85
5798,345,2025-01-27,,BASIC,9.99,Active,,122.54
5799,8359,2023-07-16,,BASIC,9.99,Active,,309.36
5800,6669,2024-10-22,2026-04-23,PREMIUM,39.99,Churned,PROD-01,730.48
5801,1938,2026-05-26,,PREMIUM,39.99,Active,,-154.63
5802,3871,2026-02-06,2027-12-27,BASIC,9.99,Churned,TECH-01,229.44
5803,8509,2024-08-01,,STANDARD,19.99,Active,,364.48
5804,8886,2025-06-14,2026-07-27,BASIC,9.99,Churned,COMP-01,135.86
5805,9193,2024-02-15,,BASIC,9.99,Active,,238.09
5806,8893,2024-10-22,2026-02-26,PREMIUM,39.99,Churned,SERVICE-02,655.84
5807,9716,2023-02-08,,STANDARD,19.99,Active,,724.3
5808,7493,2024-08-18,,STANDARD,19.99,Active,,353.16
5809,9321,2023-02-09,,BASIC,9.99,Active,,361.64
5810,4649,2025-02-23,,STANDARD,19.99,Active,,227.22
5811,2597,2026-03-14,,BASIC,9.99,Active,,-14.32
5812,9419,2026-06-22,2028-04-30,PREMIUM,39.99,Churned,PROD-01,903.77
5813,6252,2025-12-16,,STANDARD,19.99,Active,,29.98
5814,463,2025-05-24,2027-02-10,PREMIUM,39.99,Churned,PRICE-02,835.79
5815,7730,2025-01-11,2026-09-23,BASIC,9.99,Churned,PRICE-01,206.46
5816,7940,2023-08-01,,STANDARD,19.99,Active,,608.36
5817,2375,2024-04-19,2026-03-05,BASIC,9.99,Churned,SERVICE-01,228.1
5818,9084,2025-06-04,,PREMIUM,39.99,Active,,319.92
5819,1486,2025-05-17,,STANDARD,19.99,Active,,171.91
5820,8862,2023-10-15,,PREMIUM,39.99,Active,,1117.05
5821,3394,2023-10-26,,STANDARD,19.99,Active,,551.06
5822,9942,2026-02-25,,BASIC,9.99,Active,,-8.66
5823,6417,2024-08-22,2025-10-10,STANDARD,19.99,Churned,SERVICE-02,275.86
5824,8599,2023-10-05,2024-08-09,PREMIUM,39.99,Churned,PRICE-01,411.9
5825,4039,2023-11-13,,STANDARD,19.99,Active,,539.06
5826,4132,2026-01-14,2027-01-11,STANDARD,19.99,Churned,PRICE-02,241.21
5827,6904,2024-01-31,,STANDARD,19.99,Active,,486.42
5828,3085,2023-01-12,2024-04-12,PREMIUM,39.99,Churned,PRICE-02,607.85
5829,3570,2024-03-12,,STANDARD,19.99,Active,,459.1
5830,7290,2024-01-14,,BASIC,9.99,Active,,248.75
5831,1153,2024-05-06,2025-06-07,BASIC,9.99,Churned,TECH-01,132.2
5832,9718,2026-04-14,,STANDARD,19.99,Active,,-49.31
5833,1424,2024-01-15,,PREMIUM,39.99,Active,,994.42
5834,6946,2026-02-02,,STANDARD,19.99,Active,,-2.0
5835,4393,2025-09-21,,PREMIUM,39.99,Active,,174.62
5836,9939,2023-02-28,,PREMIUM,39.99,Active,,1422.31
5837,2014,2024-03-28,,BASIC,9.99,Active,,224.11
5838,6294,2025-03-19,,BASIC,9.99,Active,,105.56
5839,233,2024-12-06,,BASIC,9.99,Active,,139.86
5840,3508,2025-05-29,,PREMIUM,39.99,Active,,327.92
5841,9656,2023-05-16,,STANDARD,19.99,Active,,659.67
5842,5747,2026-03-23,,PREMIUM,39.99,Active,,-69.32
5843,5766,2025-02-12,,BASIC,9.99,Active,,117.22
5844,9622,2023-12-20,,STANDARD,19.99,Active,,514.41
5845,4930,2023-06-26,,STANDARD,19.99,Active,,632.35
5846,305,2025-08-22,,PREMIUM,39.99,Active,,214.61
5847,8424,2023-01-16,,STANDARD,19.99,Active,,739.63
5848,6471,2024-11-09,2026-06-07,PREMIUM,39.99,Churned,PRICE-01,766.48
5849,8123,2023-06-06,,STANDARD,19.99,Active,,645.68
5850,5181,2025-02-23,,STANDARD,19.99,Active,,227.22
5851,2130,2023-02-12,,STANDARD,19.99,Active,,721.64
5852,7105,2023-04-02,,PREMIUM,39.99,Active,,1378.32
5853,195,2023-04-10,,PREMIUM,39.99,Active,,1367.66
5854,8311,2026-06-14,,PREMIUM,39.99,Active,,-179.96
5855,3835,2024-06-25,2025-03-08,PREMIUM,39.99,Churned,SERVICE-02,341.25
5856,5820,2024-03-23,,PREMIUM,39.99,Active,,903.77
5857,575,2025-03-25,,STANDARD,19.99,Active,,207.23
5858,6944,2023-05-06,2024-02-16,STANDARD,19.99,Churned,PRICE-02,190.57
5859,3198,2023-03-01,2024-10-31,STANDARD,19.99,Churned,PROD-01,406.46
5860,7480,2025-12-31,,BASIC,9.99,Active,,9.99
5861,5526,2025-08-01,,BASIC,9.99,Active,,60.61
5862,3269,2023-01-09,,BASIC,9.99,Active,,371.96
5863,4768,2026-02-07,2027-07-03,BASIC,9.99,Churned,PROD-01,170.16
5864,2197,2024-03-24,,PREMIUM,39.99,Active,,902.44
5865,4731,2025-08-30,2026-05-16,PREMIUM,39.99,Churned,PRICE-01,345.25
5866,8209,2024-08-16,,PREMIUM,39.99,Active,,709.16
5867,4217,2023-03-21,2024-05-24,BASIC,9.99,Churned,PRICE-01,143.19
5868,797,2025-11-19,,BASIC,9.99,Active,,23.98
5869,8532,2026-05-15,2026-11-16,STANDARD,19.99,Churned,SERVICE-02,123.27
5870,3401,2023-12-22,,BASIC,9.99,Active,,256.41
5871,1373,2025-11-17,,BASIC,9.99,Active,,24.64
5872,8523,2025-12-14,,PREMIUM,39.99,Active,,62.65
5873,5513,2023-06-30,,STANDARD,19.99,Active,,629.68
5874,8979,2024-11-14,,STANDARD,19.99,Active,,294.52
5875,525,2024-08-27,2025-02-10,STANDARD,19.99,Churned,PRICE-01,111.28
5876,1437,2023-09-28,,BASIC,9.99,Active,,284.72
5877,6432,2024-06-16,,PREMIUM,39.99,Active,,790.47
5878,2699,2025-08-14,,STANDARD,19.99,Active,,112.61
5879,4972,2025-02-07,,BASIC,9.99,Active,,118.88
5880,8345,2025-08-15,,PREMIUM,39.99,Active,,223.94
5881,9261,2024-01-06,2025-04-30,STANDARD,19.99,Churned,PROD-01,319.84
5882,4197,2025-09-26,,BASIC,9.99,Active,,41.96
5883,1222,2025-12-30,,PREMIUM,39.99,Active,,41.32
5884,2070,2025-09-21,,STANDARD,19.99,Active,,87.29
5885,5830,2024-07-23,2025-03-08,PREMIUM,39.99,Churned,TECH-01,303.92
5886,1803,2023-02-05,,PREMIUM,39.99,Active,,1452.97
5887,2778,2026-06-16,,PREMIUM,39.99,Active,,-182.62
5888,2298,2024-05-20,,STANDARD,19.99,Active,,413.13
5889,3587,2023-07-08,,STANDARD,19.99,Active,,624.35
5890,9768,2024-11-28,,STANDARD,19.99,Active,,285.19
5891,6081,2026-06-04,2027-12-30,STANDARD,19.99,Churned,TECH-01,382.48
5892,8662,2026-01-29,,STANDARD,19.99,Active,,0.67
5893,3227,2024-08-18,2026-01-13,STANDARD,19.99,Churned,PRICE-02,341.83
5894,7646,2023-06-11,,STANDARD,19.99,Active,,642.35
5895,1820,2023-07-28,2024-11-26,STANDARD,19.99,Churned,PRICE-02,324.5
5896,7345,2025-12-16,2027-04-26,STANDARD,19.99,Churned,COMP-01,330.5
5897,3312,2023-06-27,2025-05-23,BASIC,9.99,Churned,TECH-01,231.77
5898,9832,2024-05-27,,PREMIUM,39.99,Active,,817.13
5899,1215,2023-05-12,,BASIC,9.99,Active,,331.0
5900,6947,2025-09-01,,STANDARD,19.99,Active,,100.62
5901,2376,2024-02-20,,PREMIUM,39.99,Active,,946.43
5902,5810,2024-04-28,2024-11-07,STANDARD,19.99,Churned,TECH-01,128.6
5903,3596,2023-11-21,,STANDARD,19.99,Active,,533.73
5904,9693,2026-01-30,,STANDARD,19.99,Active,,0.0
5905,332,2023-05-11,,STANDARD,19.99,Active,,663.0
5906,4104,2023-09-30,,PREMIUM,39.99,Active,,1137.05
5907,8856,2025-04-05,2025-07-29,PREMIUM,39.99,Churned,PRICE-02,153.3
5908,6469,2025-08-05,,STANDARD,19.99,Active,,118.61
5909,3991,2024-05-06,,STANDARD,19.99,Active,,422.46
5910,536,2025-06-01,,STANDARD,19.99,Active,,161.92
5911,8287,2025-04-21,,STANDARD,19.99,Active,,189.24
5912,5559,2025-05-03,2026-10-28,STANDARD,19.99,Churned,SERVICE-01,361.82
5913,615,2024-11-19,,BASIC,9.99,Active,,145.52
5914,1112,2024-01-03,2025-10-05,BASIC,9.99,Churned,COMP-01,213.45
5915,7968,2025-06-29,,PREMIUM,39.99,Active,,286.6
5916,8488,2025-12-07,,STANDARD,19.99,Active,,35.98
5917,75,2024-04-27,,BASIC,9.99,Active,,214.12
5918,6652,2025-02-21,,PREMIUM,39.99,Active,,457.22
5919,6397,2025-09-18,,PREMIUM,39.99,Active,,178.62
5920,3353,2023-07-11,,PREMIUM,39.99,Active,,1245.02
5921,3069,2026-02-07,2028-01-27,STANDARD,19.99,Churned,PRICE-02,479.09
5922,6368,2023-07-29,2025-01-14,PREMIUM,39.99,Churned,COMP-01,713.15
5923,8505,2023-06-21,,PREMIUM,39.99,Active,,1271.68
5924,9290,2023-10-20,2025-05-18,STANDARD,19.99,Churned,COMP-01,383.81
5925,2998,2023-07-19,,BASIC,9.99,Active,,308.36
5926,9445,2024-09-05,2025-06-11,PREMIUM,39.99,Churned,COMP-01,371.91
5927,1153,2026-06-19,,BASIC,9.99,Active,,-46.62
5928,3101,2025-03-28,2026-02-08,STANDARD,19.99,Churned,PRICE-01,211.23
5929,8309,2026-03-03,,PREMIUM,39.99,Active,,-42.66
5930,9987,2023-03-17,2023-09-16,STANDARD,19.99,Churned,PROD-01,121.94
5931,6202,2026-06-23,2027-11-28,STANDARD,19.99,Churned,SERVICE-01,348.49
5932,4133,2025-09-29,,STANDARD,19.99,Active,,81.96
5933,3167,2026-05-07,2026-12-05,PREMIUM,39.99,Churned,PRICE-02,282.6
5934,5390,2024-01-01,,BASIC,9.99,Active,,253.08
5935,6258,2023-10-23,2025-05-08,STANDARD,19.99,Churned,TECH-01,375.15
5936,4718,2024-10-19,2024-11-29,PREMIUM,39.99,Churned,TECH-01,54.65
5937,6134,2023-09-11,,PREMIUM,39.99,Active,,1162.38
5938,7851,2023-02-17,,STANDARD,19.99,Active,,718.31
5939,467,2025-12-24,,BASIC,9.99,Active,,12.32
5940,9344,2026-04-23,,PREMIUM,39.99,Active,,-110.64
5941,4978,2023-01-09,,BASIC,9.99,Active,,371.96
5942,1542,2025-10-20,2026-09-06,STANDARD,19.99,Churned,PRICE-02,213.89
5943,8247,2026-01-05,,PREMIUM,39.99,Active,,33.33
5944,2012,2024-07-28,2025-12-12,BASIC,9.99,Churned,TECH-01,167.17
5945,2919,2024-06-07,,PREMIUM,39.99,Active,,802.47
5946,2571,2026-03-18,,PREMIUM,39.99,Active,,-62.65
5947,4855,2023-03-12,2024-11-16,BASIC,9.99,Churned,SERVICE-02,204.8
5948,9944,2025-02-21,,STANDARD,19.99,Active,,228.55
5949,3652,2024-09-21,,PREMIUM,39.99,Active,,661.17
5950,5516,2024-04-12,,BASIC,9.99,Active,,219.11
5951,5159,2023-05-21,,BASIC,9.99,Active,,328.01
5952,2475,2025-08-21,,BASIC,9.99,Active,,53.95
5953,1407,2025-02-22,2027-02-17,STANDARD,19.99,Churned,COMP-01,483.09
5954,782,2023-07-17,,STANDARD,19.99,Active,,618.36
5955,2906,2026-04-13,,BASIC,9.99,Active,,-24.31
5956,8127,2025-11-28,,PREMIUM,39.99,Active,,83.98
5957,2765,2026-04-19,2026-08-13,PREMIUM,39.99,Churned,PRICE-02,154.63
5958,3126,2023-10-13,,STANDARD,19.99,Active,,559.72
5959,277,2023-04-23,,BASIC,9.99,Active,,337.33
5960,5060,2024-07-21,,BASIC,9.99,Active,,185.81
5961,6701,2023-10-26,2024-04-24,STANDARD,19.99,Churned,COMP-01,120.61
5962,3782,2025-10-11,2026-11-15,PREMIUM,39.99,Churned,SERVICE-01,533.2
5963,6001,2023-10-17,,BASIC,9.99,Active,,278.39
5964,9614,2025-11-15,,BASIC,9.99,Active,,25.31
5965,121,2025-05-14,,BASIC,9.99,Active,,86.91
5966,8688,2023-11-18,,BASIC,9.99,Active,,267.73
5967,4912,2025-09-06,,STANDARD,19.99,Active,,97.28
5968,9708,2025-05-28,,BASIC,9.99,Active,,82.25
5969,6284,2025-05-07,,BASIC,9.99,Active,,89.24
5970,6079,2023-08-19,,STANDARD,19.99,Active,,596.37
5971,7961,2026-03-06,,BASIC,9.99,Active,,-11.66
5972,9483,2025-09-10,,BASIC,9.99,Active,,47.29
5973,30,2023-07-12,,STANDARD,19.99,Active,,621.69
5974,1616,2023-02-19,2023-07-25,STANDARD,19.99,Churned,COMP-01,103.95
5975,2237,2023-06-14,,BASIC,9.99,Active,,320.01
5976,1847,2023-06-04,,BASIC,9.99,Active,,323.34
5977,2705,2024-02-05,2025-03-22,PREMIUM,39.99,Churned,PRICE-01,547.86
5978,1277,2025-11-04,,BASIC,9.99,Active,,28.97
5979,2931,2024-08-15,2025-02-22,BASIC,9.99,Churned,PROD-01,63.6
5980,1984,2025-12-04,,BASIC,9.99,Active,,18.98
5981,2225,2025-10-26,,PREMIUM,39.99,Active,,127.97
5982,8312,2026-03-19,,BASIC,9.99,Active,,-15.98
5983,3058,2026-06-06,,STANDARD,19.99,Active,,-84.62
5984,594,2023-03-18,,BASIC,9.99,Active,,349.32
5985,4404,2023-11-18,,PREMIUM,39.99,Active,,1071.73
5986,1526,2023-12-25,,BASIC,9.99,Active,,255.41
5987,1383,2026-02-05,2027-10-22,PREMIUM,39.99,Churned,SERVICE-01,831.79
5988,3665,2024-11-13,,PREMIUM,39.99,Active,,590.52
5989,1505,2023-04-27,,BASIC,9.99,Active,,336.0
5990,7855,2026-05-13,,PREMIUM,39.99,Active,,-137.3
5991,2935,2024-11-28,,PREMIUM,39.99,Active,,570.52
5992,4806,2026-05-31,2028-04-11,PREMIUM,39.99,Churned,SERVICE-01,907.77
5993,1976,2025-04-24,,PREMIUM,39.99,Active,,374.57
5994,4992,2023-06-28,2025-04-27,PREMIUM,39.99,Churned,TECH-01,891.78
5995,9356,2023-11-11,2025-06-13,STANDARD,19.99,Churned,TECH-01,386.47
5996,1421,2023-03-21,,STANDARD,19.99,Active,,696.98
5997,354,2024-11-10,,PREMIUM,39.99,Active,,594.52
5998,1681,2025-07-09,,BASIC,9.99,Active,,68.27
5999,3425,2023-10-23,,PREMIUM,39.99,Active,,1106.39
6000,7128,2023-08-14,,PREMIUM,39.99,Active,,1199.7
6001,850,2026-03-25,,BASIC,9.99,Active,,-17.98
6002,1798,2023-05-13,2024-04-15,BASIC,9.99,Churned,PROD-01,112.55
6003,9173,2024-10-19,,PREMIUM,39.99,Active,,623.84
6004,449,2025-03-03,,STANDARD,19.99,Active,,221.89
6005,5701,2023-02-21,2025-01-14,STANDARD,19.99,Churned,PROD-01,461.77
6006,487,2026-01-26,,PREMIUM,39.99,Active,,5.33
6007,8964,2024-04-19,,BASIC,9.99,Active,,216.78
6008,8107,2024-02-09,,BASIC,9.99,Active,,240.09
6009,6031,2023-08-19,,BASIC,9.99,Active,,298.03
6010,9227,2023-05-24,,BASIC,9.99,Active,,327.01
6011,2144,2025-05-22,2025-10-28,STANDARD,19.99,Churned,PRICE-01,105.95
6012,5168,2023-08-15,,STANDARD,19.99,Active,,599.03
6013,7608,2023-12-01,2025-03-10,PREMIUM,39.99,Churned,SERVICE-02,619.85
6014,1176,2025-02-13,,BASIC,9.99,Active,,116.88
6015,5091,2024-02-27,2024-07-05,STANDARD,19.99,Churned,PRICE-02,85.96
6016,357,2024-06-28,2025-11-01,STANDARD,19.99,Churned,PRICE-02,327.17
6017,5263,2023-07-24,,BASIC,9.99,Active,,306.69
6018,2705,2024-10-19,2026-07-08,STANDARD,19.99,Churned,SERVICE-02,417.79
6019,713,2023-09-21,,STANDARD,19.99,Active,,574.38
6020,268,2025-09-11,,STANDARD,19.99,Active,,93.95
6021,8980,2023-01-12,,PREMIUM,39.99,Active,,1484.96
6022,9030,2025-07-08,2027-03-18,STANDARD,19.99,Churned,PRICE-02,411.79
6023,996,2026-04-08,,PREMIUM,39.99,Active,,-90.64
6024,2236,2025-08-30,,PREMIUM,39.99,Active,,203.95
6025,5647,2024-11-23,,STANDARD,19.99,Active,,288.52
6026,230,2023-04-22,,BASIC,9.99,Active,,337.66
6027,1513,2026-01-20,2027-08-05,STANDARD,19.99,Churned,PROD-01,374.48
6028,4190,2025-04-19,,STANDARD,19.99,Active,,190.57
6029,1643,2024-11-01,2026-09-30,STANDARD,19.99,Churned,PRICE-02,465.1
6030,2720,2025-02-15,2025-12-10,STANDARD,19.99,Churned,COMP-01,198.57
6031,1885,2024-04-26,2025-07-17,PREMIUM,39.99,Churned,PRICE-01,595.85
6032,4759,2025-04-26,2027-02-09,STANDARD,19.99,Churned,COMP-01,435.78
6033,3045,2025-11-21,,PREMIUM,39.99,Active,,93.31
6034,1065,2024-07-07,2024-09-11,STANDARD,19.99,Churned,SERVICE-01,43.98
6035,7120,2023-04-23,,STANDARD,19.99,Active,,675.0
6036,7554,2024-11-17,,PREMIUM,39.99,Active,,585.19
6037,7926,2026-06-27,,BASIC,9.99,Active,,-49.28
6038,2790,2023-09-24,,STANDARD,19.99,Active,,572.38
6039,1561,2024-07-25,2025-04-09,STANDARD,19.99,Churned,SERVICE-01,171.91
6040,5888,2026-02-18,,BASIC,9.99,Active,,-6.33
6041,4879,2023-03-07,,BASIC,9.99,Active,,352.98
6042,2267,2023-06-14,,STANDARD,19.99,Active,,640.35
6043,8276,2023-04-23,,PREMIUM,39.99,Active,,1350.33
6044,3431,2025-07-15,,BASIC,9.99,Active,,66.27
6045,2889,2025-05-26,,BASIC,9.99,Active,,82.92
6046,2503,2024-10-29,,BASIC,9.99,Active,,152.51
6047,6556,2023-07-18,,STANDARD,19.99,Active,,617.69
6048,8579,2024-05-06,2025-02-24,BASIC,9.99,Churned,SERVICE-01,97.9
6049,849,2024-10-15,,STANDARD,19.99,Active,,314.51
6050,5869,2024-03-25,,STANDARD,19.99,Active,,450.44
6051,5974,2023-05-27,,BASIC,9.99,Active,,326.01
6052,7714,2023-07-01,,PREMIUM,39.99,Active,,1258.35
6053,3993,2026-04-03,2026-06-07,PREMIUM,39.99,Churned,SERVICE-01,86.64
6054,4861,2023-05-11,2025-03-22,PREMIUM,39.99,Churned,PROD-01,907.77
6055,4929,2023-08-26,2025-04-23,PREMIUM,39.99,Churned,PROD-01,807.8
6056,2296,2024-03-08,,PREMIUM,39.99,Active,,923.77
6057,6096,2025-12-07,,STANDARD,19.99,Active,,35.98
6058,4430,2026-01-18,,PREMIUM,39.99,Active,,16.0
6059,8623,2024-03-03,,BASIC,9.99,Active,,232.43
6060,1604,2023-06-11,2025-02-14,STANDARD,19.99,Churned,TECH-01,409.13
6061,4668,2024-02-15,,PREMIUM,39.99,Active,,953.1
6062,4422,2026-04-22,,BASIC,9.99,Active,,-27.31
6063,8416,2024-11-15,,BASIC,9.99,Active,,146.85
6064,9394,2023-01-21,,STANDARD,19.99,Active,,736.3
6065,7522,2024-06-25,,STANDARD,19.99,Active,,389.14
6066,9825,2025-02-25,2025-03-30,STANDARD,19.99,Churned,TECH-01,21.99
6067,4559,2024-08-08,2026-07-01,PREMIUM,39.99,Churned,SERVICE-01,922.44
6068,381,2025-01-16,2025-12-23,PREMIUM,39.99,Churned,SERVICE-02,454.55
6069,8708,2025-01-18,,PREMIUM,39.99,Active,,502.54
6070,4671,2024-05-03,2024-12-20,BASIC,9.99,Churned,COMP-01,76.92
6071,9061,2023-12-06,,BASIC,9.99,Active,,261.74
6072,1041,2025-08-15,2026-08-24,BASIC,9.99,Churned,PROD-01,124.54
6073,9236,2025-04-24,,BASIC,9.99,Active,,93.57
6074,2690,2026-02-23,,BASIC,9.99,Active,,-7.99
6075,8257,2024-03-11,2025-01-24,PREMIUM,39.99,Churned,SERVICE-02,425.23
6076,2609,2023-04-21,2023-08-14,BASIC,9.99,Churned,SERVICE-02,38.3
6077,6161,2024-07-23,2025-09-03,STANDARD,19.99,Churned,SERVICE-02,271.2
6078,3650,2023-12-19,,PREMIUM,39.99,Active,,1030.41
6079,3647,2024-11-18,,BASIC,9.99,Active,,145.85
6080,4840,2025-02-01,2025-09-26,PREMIUM,39.99,Churned,SERVICE-01,315.92
6081,9519,2025-02-12,,BASIC,9.99,Active,,117.22
6082,6496,2024-03-13,,STANDARD,19.99,Active,,458.44
6083,5983,2024-03-29,2025-11-29,STANDARD,19.99,Churned,SERVICE-01,406.46
6084,1504,2023-10-27,2025-02-21,STANDARD,19.99,Churned,PRICE-02,321.84
6085,5574,2026-06-29,2026-12-25,PREMIUM,39.99,Churned,PROD-01,238.61
6086,8265,2025-01-02,2026-10-24,BASIC,9.99,Churned,SERVICE-02,219.78
6087,2436,2024-05-14,2025-09-24,STANDARD,19.99,Churned,SERVICE-01,331.83
6088,1663,2024-11-14,,PREMIUM,39.99,Active,,589.19
6089,6937,2026-02-09,,STANDARD,19.99,Active,,-6.66
6090,6444,2025-10-14,2026-12-29,STANDARD,19.99,Churned,SERVICE-01,293.85
6091,224,2025-07-31,,STANDARD,19.99,Active,,121.94
6092,6273,2025-06-28,,STANDARD,19.99,Active,,143.93
6093,6424,2023-09-29,,BASIC,9.99,Active,,284.38
6094,1381,2025-11-18,,BASIC,9.99,Active,,24.31
6095,6698,2026-03-08,,STANDARD,19.99,Active,,-24.65
6096,9817,2023-10-02,,BASIC,9.99,Active,,283.38
6097,3010,2026-02-19,2028-01-08,STANDARD,19.99,Churned,SERVICE-02,458.44
6098,2529,2023-06-23,,BASIC,9.99,Active,,317.02
6099,3291,2025-12-02,,STANDARD,19.99,Active,,39.31
6100,2821,2025-10-02,2026-01-25,PREMIUM,39.99,Churned,SERVICE-01,153.3
6101,6809,2023-11-16,2024-07-14,BASIC,9.99,Churned,SERVICE-02,80.25
6102,9806,2025-09-06,,STANDARD,19.99,Active,,97.28
6103,4747,2023-07-03,,BASIC,9.99,Active,,313.69
6104,3536,2023-05-28,,BASIC,9.99,Active,,325.67
6105,6795,2025-05-04,2025-09-29,PREMIUM,39.99,Churned,PRICE-01,197.28
6106,7697,2023-03-28,2024-08-28,PREMIUM,39.99,Churned,SERVICE-02,691.83
6107,740,2023-06-14,,STANDARD,19.99,Active,,640.35
6108,5486,2025-07-14,,BASIC,9.99,Active,,66.6
6109,8973,2025-10-25,2026-03-06,PREMIUM,39.99,Churned,SERVICE-02,175.96
6110,5940,2025-06-20,,STANDARD,19.99,Active,,149.26
6111,8850,2025-12-18,2026-03-14,PREMIUM,39.99,Churned,PROD-01,114.64
6112,6436,2026-05-18,,BASIC,9.99,Active,,-35.96
6113,5108,2023-08-18,,STANDARD,19.99,Active,,597.03
6114,8094,2024-03-10,,STANDARD,19.99,Active,,460.44
6115,8570,2023-08-02,2024-12-06,PREMIUM,39.99,Churned,SERVICE-02,655.84
6116,5012,2026-05-25,2026-07-20,STANDARD,19.99,Churned,PRICE-02,37.31
6117,6158,2026-02-03,,BASIC,9.99,Active,,-1.33
6118,4639,2026-05-22,,BASIC,9.99,Active,,-37.3
6119,7063,2023-03-21,,STANDARD,19.99,Active,,696.98
6120,8181,2024-12-23,2026-10-26,BASIC,9.99,Churned,PRICE-02,223.78
6121,1429,2024-12-20,,STANDARD,19.99,Active,,270.53
6122,6346,2023-03-12,2024-06-29,PREMIUM,39.99,Churned,SERVICE-02,633.18
6123,7489,2023-03-18,2023-06-13,BASIC,9.99,Churned,SERVICE-02,28.97
6124,726,2026-02-22,2027-08-15,STANDARD,19.99,Churned,PROD-01,359.15
6125,8108,2023-05-22,2025-05-03,BASIC,9.99,Churned,PRICE-02,237.1
6126,6776,2023-07-08,2024-10-02,STANDARD,19.99,Churned,PRICE-01,301.18
6127,4241,2026-04-23,,STANDARD,19.99,Active,,-55.31
6128,6738,2024-02-10,,STANDARD,19.99,Active,,479.76
6129,7694,2025-04-04,,PREMIUM,39.99,Active,,401.23
6130,4181,2025-07-12,2026-01-19,BASIC,9.99,Churned,SERVICE-02,63.6
6131,1803,2023-12-09,,PREMIUM,39.99,Active,,1043.74
6132,2084,2026-05-18,,BASIC,9.99,Active,,-35.96
6133,9538,2024-06-02,,PREMIUM,39.99,Active,,809.13
6134,5560,2026-06-28,,PREMIUM,39.99,Active,,-198.62
6135,4370,2023-07-21,,PREMIUM,39.99,Active,,1231.69
6136,1432,2025-12-23,,STANDARD,19.99,Active,,25.32
6137,8815,2024-06-23,2025-09-28,PREMIUM,39.99,Churned,PRICE-01,615.85
6138,4936,2024-01-31,,PREMIUM,39.99,Active,,973.09
6139,423,2023-11-06,,PREMIUM,39.99,Active,,1087.73
6140,5574,2025-08-23,,PREMIUM,39.99,Active,,213.28
6141,1164,2024-04-07,,PREMIUM,39.99,Active,,883.78
6142,8510,2024-11-13,2026-04-29,PREMIUM,39.99,Churned,PRICE-01,709.16
6143,3623,2023-04-22,,PREMIUM,39.99,Active,,1351.66
6144,1899,2026-06-28,,STANDARD,19.99,Active,,-99.28
6145,6845,2023-12-04,,STANDARD,19.99,Active,,525.07
6146,3167,2025-11-15,,BASIC,9.99,Active,,25.31
6147,660,2023-12-01,2024-03-28,PREMIUM,39.99,Churned,COMP-01,157.29
6148,8775,2025-11-30,,BASIC,9.99,Active,,20.31
6149,6316,2025-10-23,,BASIC,9.99,Active,,32.97
6150,6597,2024-05-07,,PREMIUM,39.99,Active,,843.79
6151,8971,2025-07-23,,PREMIUM,39.99,Active,,254.6
6152,9372,2024-09-12,,BASIC,9.99,Active,,168.16
6153,3184,2024-09-02,2026-05-27,BASIC,9.99,Churned,SERVICE-02,210.46
6154,5874,2023-07-14,,PREMIUM,39.99,Active,,1241.02
6155,9099,2024-05-16,,PREMIUM,39.99,Active,,831.79
6156,464,2025-05-03,,STANDARD,19.99,Active,,181.24
6157,4859,2025-05-07,,STANDARD,19.99,Active,,178.58
6158,6369,2025-05-12,,BASIC,9.99,Active,,87.58
6159,1601,2023-12-27,2025-03-07,BASIC,9.99,Churned,PRICE-02,145.19
6160,5372,2023-10-20,,STANDARD,19.99,Active,,555.06
6161,3176,2023-09-09,2024-01-07,PREMIUM,39.99,Churned,PROD-01,159.96
6162,211,2026-02-11,2026-04-02,STANDARD,19.99,Churned,COMP-01,33.32
6163,9207,2026-06-16,,BASIC,9.99,Active,,-45.62
6164,7840,2024-10-18,2026-10-14,STANDARD,19.99,Churned,COMP-01,483.76
6165,8566,2025-11-07,2026-12-10,PREMIUM,39.99,Churned,COMP-01,530.53
6166,4147,2024-06-08,2024-12-28,PREMIUM,39.99,Churned,SERVICE-01,270.6
6167,9665,2023-11-24,,BASIC,9.99,Active,,265.73
6168,1092,2023-08-25,,BASIC,9.99,Active,,296.04
6169,9804,2023-07-21,,BASIC,9.99,Active,,307.69
6170,3768,2023-01-20,,STANDARD,19.99,Active,,736.96
6171,4312,2023-01-20,,PREMIUM,39.99,Active,,1474.3
6172,8871,2024-11-22,2026-09-15,PREMIUM,39.99,Churned,PRICE-01,882.45
6173,5603,2025-04-29,,PREMIUM,39.99,Active,,367.91
6174,3314,2025-05-03,,PREMIUM,39.99,Active,,362.58
6175,2045,2023-06-26,2024-06-20,PREMIUM,39.99,Churned,PRICE-02,479.88
6176,6485,2023-10-24,2024-11-18,BASIC,9.99,Churned,TECH-01,130.2
6177,7295,2024-02-16,,PREMIUM,39.99,Active,,951.76
6178,4835,2025-08-05,2026-10-20,STANDARD,19.99,Churned,SERVICE-02,293.85
6179,3741,2023-12-19,,STANDARD,19.99,Active,,515.08
6180,5878,2026-04-15,,BASIC,9.99,Active,,-24.98
6181,1373,2025-04-22,,STANDARD,19.99,Active,,188.57
6182,7174,2024-03-19,,PREMIUM,39.99,Active,,909.11
6183,3746,2023-12-19,2024-09-22,BASIC,9.99,Churned,PRICE-02,92.57
6184,3255,2024-05-31,2025-08-09,PREMIUM,39.99,Churned,COMP-01,579.86
6185,4095,2025-10-28,,STANDARD,19.99,Active,,62.64
6186,5463,2024-08-24,,STANDARD,19.99,Active,,349.16
6187,983,2025-11-04,,BASIC,9.99,Active,,28.97
6188,556,2024-03-09,,PREMIUM,39.99,Active,,922.44
6189,3347,2023-03-27,2024-07-07,BASIC,9.99,Churned,PRICE-02,155.84
6190,9985,2025-06-24,,BASIC,9.99,Active,,73.26
6191,5272,2026-05-29,,STANDARD,19.99,Active,,-79.29
6192,3910,2025-07-25,2026-04-26,STANDARD,19.99,Churned,SERVICE-01,183.24
6193,7321,2023-06-13,2024-01-06,BASIC,9.99,Churned,PRICE-01,68.93
6194,5288,2024-10-18,,STANDARD,19.99,Active,,312.51
6195,2110,2026-03-20,,BASIC,9.99,Active,,-16.32
6196,8763,2026-06-22,,STANDARD,19.99,Active,,-95.29
6197,8262,2023-08-03,,BASIC,9.99,Active,,303.36
6198,7387,2023-04-14,2025-03-23,BASIC,9.99,Churned,COMP-01,236.1
6199,7358,2023-11-05,,BASIC,9.99,Active,,272.06
6200,4134,2023-11-05,,STANDARD,19.99,Active,,544.39
6201,5364,2025-10-05,2027-09-26,BASIC,9.99,Churned,TECH-01,240.09
6202,821,2023-12-04,,STANDARD,19.99,Active,,525.07
6203,9578,2023-11-12,,PREMIUM,39.99,Active,,1079.73
6204,487,2024-05-04,2026-04-23,BASIC,9.99,Churned,COMP-01,239.43
6205,6319,2026-02-09,,BASIC,9.99,Active,,-3.33
6206,7147,2023-03-20,,STANDARD,19.99,Active,,697.65
6207,3733,2025-04-13,2027-01-03,PREMIUM,39.99,Churned,TECH-01,839.79
6208,3701,2024-10-28,,STANDARD,19.99,Active,,305.85
6209,8075,2025-12-31,,BASIC,9.99,Active,,9.99
6210,1852,2025-01-17,2026-12-06,STANDARD,19.99,Churned,TECH-01,458.44
6211,6975,2026-04-27,,BASIC,9.99,Active,,-28.97
6212,310,2026-01-20,,STANDARD,19.99,Active,,6.66
6213,1329,2025-08-22,2027-08-10,BASIC,9.99,Churned,PRICE-01,239.09
6214,3975,2024-03-22,,PREMIUM,39.99,Active,,905.11
6215,1140,2023-05-02,,BASIC,9.99,Active,,334.33
6216,3736,2025-08-27,,STANDARD,19.99,Active,,103.95
6217,7001,2023-10-25,,PREMIUM,39.99,Active,,1103.72
6218,3749,2026-04-19,,BASIC,9.99,Active,,-26.31
6219,6736,2025-07-24,2026-03-13,PREMIUM,39.99,Churned,SERVICE-01,309.26
6220,470,2025-05-29,2026-04-02,BASIC,9.99,Churned,PRICE-02,102.56
6221,719,2025-04-12,,STANDARD,19.99,Active,,195.24
6222,9998,2023-03-22,2023-04-30,STANDARD,19.99,Churned,SERVICE-01,25.99
6223,2239,2023-08-28,2025-04-16,STANDARD,19.99,Churned,SERVICE-01,397.8
6224,1634,2026-02-18,,PREMIUM,39.99,Active,,-25.33
6225,7059,2025-05-07,2026-01-20,PREMIUM,39.99,Churned,COMP-01,343.91
6226,2622,2023-08-24,2024-08-07,BASIC,9.99,Churned,TECH-01,116.22
6227,4037,2024-08-22,,PREMIUM,39.99,Active,,701.16
6228,9018,2023-12-23,,STANDARD,19.99,Active,,512.41
6229,3830,2024-09-15,2026-09-12,BASIC,9.99,Churned,SERVICE-01,242.09
6230,6336,2023-04-16,2024-09-21,STANDARD,19.99,Churned,SERVICE-02,349.16
6231,6541,2025-09-15,,PREMIUM,39.99,Active,,182.62
6232,3404,2023-01-10,2024-06-22,BASIC,9.99,Churned,PRICE-02,176.16
6233,7731,2024-06-08,,BASIC,9.99,Active,,200.13
6234,8276,2026-04-09,2027-03-02,STANDARD,19.99,Churned,TECH-01,217.89
6235,7087,2024-02-05,,STANDARD,19.99,Active,,483.09
6236,5598,2024-11-08,,BASIC,9.99,Active,,149.18
6237,2738,2023-01-23,,STANDARD,19.99,Active,,734.97
6238,502,2024-06-20,,STANDARD,19.99,Active,,392.47
6239,5523,2026-02-24,,STANDARD,19.99,Active,,-16.66
6240,9143,2025-07-24,,BASIC,9.99,Active,,63.27
6241,8387,2023-02-01,2024-12-05,PREMIUM,39.99,Churned,SERVICE-01,897.11
6242,2818,2025-02-27,,BASIC,9.99,Active,,112.22
6243,4367,2023-07-03,2023-09-16,BASIC,9.99,Churned,SERVICE-01,24.98
6244,4613,2023-04-29,2025-01-22,PREMIUM,39.99,Churned,PROD-01,845.12
6245,4326,2024-11-05,,PREMIUM,39.99,Active,,601.18
6246,8374,2026-03-09,,BASIC,9.99,Active,,-12.65
6247,1966,2024-09-07,2025-12-16,PREMIUM,39.99,Churned,TECH-01,619.85
6248,812,2023-04-23,,PREMIUM,39.99,Active,,1350.33
6249,7680,2026-05-02,2027-01-12,STANDARD,19.99,Churned,COMP-01,169.91
6250,3758,2023-11-02,2025-07-28,PREMIUM,39.99,Churned,COMP-01,845.12
6251,5910,2023-07-06,,STANDARD,19.99,Active,,625.69
6252,6942,2025-03-22,2026-01-04,BASIC,9.99,Churned,PRICE-02,95.9
6253,7850,2023-11-27,,BASIC,9.99,Active,,264.74
6254,3927,2023-05-15,2024-05-22,PREMIUM,39.99,Churned,SERVICE-01,497.21
6255,8611,2023-05-30,,PREMIUM,39.99,Active,,1301.01
6256,4913,2025-05-24,,PREMIUM,39.99,Active,,334.58
6257,3543,2024-08-27,,PREMIUM,39.99,Active,,694.49
6258,136,2026-04-19,,PREMIUM,39.99,Active,,-105.31
6259,6734,2023-05-29,,BASIC,9.99,Active,,325.34
6260,1304,2025-10-07,,PREMIUM,39.99,Active,,153.3
6261,8238,2025-09-20,,BASIC,9.99,Active,,43.96
6262,7276,2024-12-05,,PREMIUM,39.99,Active,,561.19
6263,9079,2023-03-13,,BASIC,9.99,Active,,350.98
6264,5080,2023-05-09,,STANDARD,19.99,Active,,664.33
6265,2149,2025-07-10,,PREMIUM,39.99,Active,,271.93
6266,8433,2024-02-07,2025-10-23,BASIC,9.99,Churned,PRICE-01,207.79
6267,4703,2025-10-12,,PREMIUM,39.99,Active,,146.63
6268,7343,2024-10-29,,STANDARD,19.99,Active,,305.18
6269,2833,2023-05-01,,BASIC,9.99,Active,,334.67
6270,9390,2024-09-11,,BASIC,9.99,Active,,168.5
6271,651,2024-03-31,,STANDARD,19.99,Active,,446.44
6272,7873,2024-01-23,2025-04-06,STANDARD,19.99,Churned,TECH-01,292.52
6273,9854,2024-11-20,,PREMIUM,39.99,Active,,581.19
6274,6225,2025-05-07,,BASIC,9.99,Active,,89.24
6275,4581,2025-02-15,,BASIC,9.99,Active,,116.22
6276,8162,2024-02-13,,BASIC,9.99,Active,,238.76
6277,8176,2026-05-29,,PREMIUM,39.99,Active,,-158.63
6278,5116,2025-02-07,2025-04-08,PREMIUM,39.99,Churned,SERVICE-01,79.98
6279,6573,2023-05-12,,STANDARD,19.99,Active,,662.34
6280,2126,2023-10-27,2024-09-04,STANDARD,19.99,Churned,SERVICE-02,208.56
6281,3574,2024-10-14,,BASIC,9.99,Active,,157.51
6282,5573,2024-02-06,,PREMIUM,39.99,Active,,965.09
6283,8076,2025-01-17,2026-01-27,PREMIUM,39.99,Churned,TECH-01,499.88
6284,3813,2025-02-26,,STANDARD,19.99,Active,,225.22
6285,6285,2026-05-22,,STANDARD,19.99,Active,,-74.63
6286,3498,2024-01-01,2024-02-28,STANDARD,19.99,Churned,PRICE-02,38.65
6287,2380,2023-04-21,,BASIC,9.99,Active,,338.0
6288,2727,2025-06-14,,STANDARD,19.99,Active,,153.26
6289,7037,2026-02-14,,BASIC,9.99,Active,,-5.0
6290,4502,2023-08-20,,STANDARD,19.99,Active,,595.7
6291,8310,2025-03-14,2025-07-25,STANDARD,19.99,Churned,COMP-01,88.62
6292,5703,2024-12-18,,BASIC,9.99,Active,,135.86
6293,6736,2026-03-27,,PREMIUM,39.99,Active,,-74.65
6294,2600,2026-02-24,2026-08-17,STANDARD,19.99,Churned,TECH-01,115.94
6295,8736,2023-04-16,,PREMIUM,39.99,Active,,1359.66
6296,8373,2024-07-04,2025-12-12,BASIC,9.99,Churned,PRICE-01,175.16
6297,453,2026-05-27,,STANDARD,19.99,Active,,-77.96
6298,185,2025-07-05,,BASIC,9.99,Active,,69.6
6299,9947,2023-09-10,,PREMIUM,39.99,Active,,1163.71
6300,7303,2023-09-13,2024-03-16,PREMIUM,39.99,Churned,SERVICE-02,246.61
6301,3006,2024-01-08,,BASIC,9.99,Active,,250.75
6302,8019,2023-09-03,2024-01-11,STANDARD,19.99,Churned,PRICE-01,86.62
6303,6980,2025-11-30,,BASIC,9.99,Active,,20.31
6304,6399,2025-08-12,,PREMIUM,39.99,Active,,227.94
6305,7311,2023-04-21,,BASIC,9.99,Active,,338.0
6306,1156,2023-03-09,,BASIC,9.99,Active,,352.31
6307,7238,2025-07-06,,STANDARD,19.99,Active,,138.6
6308,1954,2023-07-04,,STANDARD,19.99,Active,,627.02
6309,5176,2025-08-08,2027-02-25,PREMIUM,39.99,Churned,PRICE-01,754.48
6310,9731,2024-02-09,,STANDARD,19.99,Active,,480.43
6311,7613,2025-07-24,2025-12-14,PREMIUM,39.99,Churned,PRICE-01,190.62
6312,8495,2026-03-31,,PREMIUM,39.99,Active,,-79.98
6313,9274,2024-08-30,,BASIC,9.99,Active,,172.49
6314,4596,2025-11-16,,PREMIUM,39.99,Active,,99.98
6315,601,2024-10-04,,BASIC,9.99,Active,,160.84
6316,745,2025-09-22,,PREMIUM,39.99,Active,,173.29
6317,3682,2025-10-22,,STANDARD,19.99,Active,,66.63
6318,8884,2025-03-05,,PREMIUM,39.99,Active,,441.22
6319,4622,2023-07-08,,PREMIUM,39.99,Active,,1249.02
6320,6140,2026-01-22,,PREMIUM,39.99,Active,,10.66
6321,8341,2026-03-22,2027-11-03,STANDARD,19.99,Churned,SERVICE-01,393.8
6322,2608,2026-01-16,,BASIC,9.99,Active,,4.66
6323,5938,2023-01-16,,PREMIUM,39.99,Active,,1479.63
6324,2936,2024-07-21,,PREMIUM,39.99,Active,,743.81
6325,7662,2023-12-05,,PREMIUM,39.99,Active,,1049.07
6326,7394,2024-07-04,,STANDARD,19.99,Active,,383.14
6327,8532,2024-09-25,,STANDARD,19.99,Active,,327.84
6328,8471,2024-02-16,,BASIC,9.99,Active,,237.76
6329,5612,2024-03-30,,PREMIUM,39.99,Active,,894.44
6330,9695,2024-09-09,,BASIC,9.99,Active,,169.16
6331,1428,2025-02-18,2025-10-13,BASIC,9.99,Churned,SERVICE-02,78.92
6332,3338,2024-12-18,2026-02-25,BASIC,9.99,Churned,PROD-01,144.52
6333,4965,2023-11-26,,BASIC,9.99,Active,,265.07
6334,9842,2023-03-06,,PREMIUM,39.99,Active,,1414.31
6335,4695,2024-11-26,,PREMIUM,39.99,Active,,573.19
6336,986,2024-10-17,,BASIC,9.99,Active,,156.51
6337,4861,2024-01-26,2024-10-21,BASIC,9.99,Churned,SERVICE-01,89.58
6338,9998,2023-02-10,,PREMIUM,39.99,Active,,1446.31
6339,2094,2023-01-10,,BASIC,9.99,Active,,371.63
6340,8305,2023-08-26,2024-06-14,STANDARD,19.99,Churned,PROD-01,195.24
6341,4524,2023-07-22,,PREMIUM,39.99,Active,,1230.36
6342,2674,2025-07-30,2025-11-18,PREMIUM,39.99,Churned,TECH-01,147.96
6343,2749,2025-06-19,2026-06-04,BASIC,9.99,Churned,PRICE-02,116.55
6344,8365,2024-08-03,,STANDARD,19.99,Active,,363.15
6345,1970,2025-11-27,,PREMIUM,39.99,Active,,85.31
6346,2586,2023-03-11,,STANDARD,19.99,Active,,703.65
6347,6105,2025-11-20,2026-02-25,BASIC,9.99,Churned,PROD-01,32.3
6348,2066,2025-09-06,,BASIC,9.99,Active,,48.62
6349,2517,2023-07-25,,STANDARD,19.99,Active,,613.03
6350,7555,2024-12-11,2026-09-26,STANDARD,19.99,Churned,PRICE-02,435.78
6351,624,2024-05-18,,STANDARD,19.99,Active,,414.46
6352,5740,2023-04-23,,STANDARD,19.99,Active,,675.0
6353,6793,2023-07-17,2024-10-19,PREMIUM,39.99,Churned,TECH-01,613.18
6354,8117,2025-12-01,2027-03-26,BASIC,9.99,Churned,PRICE-01,159.84
6355,7207,2024-09-20,,BASIC,9.99,Active,,165.5
6356,837,2024-05-13,2025-06-30,PREMIUM,39.99,Churned,PROD-01,550.53
6357,5982,2024-04-04,2025-04-30,STANDARD,19.99,Churned,PRICE-02,260.54
6358,8318,2026-01-08,2026-06-19,PREMIUM,39.99,Churned,SERVICE-01,215.95
6359,7424,2023-09-02,,PREMIUM,39.99,Active,,1174.37
6360,3373,2026-04-05,,STANDARD,19.99,Active,,-43.31
6361,1685,2026-02-27,,STANDARD,19.99,Active,,-18.66
6362,1176,2025-03-16,,PREMIUM,39.99,Active,,426.56
6363,9115,2023-07-29,2025-06-15,STANDARD,19.99,Churned,SERVICE-02,457.77
6364,1752,2023-01-05,,PREMIUM,39.99,Active,,1494.29
6365,7741,2025-11-22,,PREMIUM,39.99,Active,,91.98
6366,9180,2026-03-29,2027-09-27,STANDARD,19.99,Churned,TECH-01,364.48
6367,1449,2025-10-12,,STANDARD,19.99,Active,,73.3
6368,1960,2024-03-16,,PREMIUM,39.99,Active,,913.11
6369,7035,2024-07-03,,BASIC,9.99,Active,,191.81
6370,3366,2025-10-11,,STANDARD,19.99,Active,,73.96
6371,935,2023-11-09,,PREMIUM,39.99,Active,,1083.73
6372,1109,2023-02-27,,PREMIUM,39.99,Active,,1423.64
6373,1295,2024-11-01,2025-05-31,STANDARD,19.99,Churned,TECH-01,140.6
6374,1740,2023-05-26,2023-07-14,BASIC,9.99,Churned,SERVICE-01,16.32
6375,7982,2023-06-30,2025-03-05,PREMIUM,39.99,Churned,TECH-01,818.46
6376,4775,2025-08-01,,BASIC,9.99,Active,,60.61
6377,5383,2023-10-02,,STANDARD,19.99,Active,,567.05
6378,9695,2025-09-06,2026-04-22,BASIC,9.99,Churned,SERVICE-02,75.92
6379,68,2026-04-22,2026-07-25,PREMIUM,39.99,Churned,SERVICE-01,125.3
6380,6931,2023-09-03,,BASIC,9.99,Active,,293.04
6381,886,2024-04-29,2025-09-11,BASIC,9.99,Churned,PROD-01,166.5
6382,4808,2026-05-17,,BASIC,9.99,Active,,-35.63
6383,8296,2023-08-06,,BASIC,9.99,Active,,302.36
6384,6940,2026-01-07,2026-05-30,BASIC,9.99,Churned,PROD-01,47.62
6385,4507,2023-09-10,,STANDARD,19.99,Active,,581.71
6386,1521,2023-06-14,,BASIC,9.99,Active,,320.01
6387,295,2023-02-16,,PREMIUM,39.99,Active,,1438.31
6388,6667,2023-05-29,2023-12-05,PREMIUM,39.99,Churned,COMP-01,253.27
6389,2111,2025-02-10,,STANDARD,19.99,Active,,235.88
6390,2661,2024-01-10,,BASIC,9.99,Active,,250.08
6391,856,2024-09-26,2025-06-20,BASIC,9.99,Churned,SERVICE-01,88.91
6392,2318,2025-12-08,,BASIC,9.99,Active,,17.65
6393,8347,2025-09-19,,STANDARD,19.99,Active,,88.62
6394,511,2023-07-09,2025-01-01,BASIC,9.99,Churned,SERVICE-02,180.49
6395,2147,2025-06-02,,PREMIUM,39.99,Active,,322.59
6396,9028,2025-02-06,,BASIC,9.99,Active,,119.21
6397,9636,2024-11-30,,STANDARD,19.99,Active,,283.86
6398,8901,2023-12-20,,STANDARD,19.99,Active,,514.41
6399,9665,2025-09-04,,BASIC,9.99,Active,,49.28
6400,5721,2024-01-27,,PREMIUM,39.99,Active,,978.42
6401,7017,2024-03-14,,BASIC,9.99,Active,,228.77
6402,4619,2023-05-13,,STANDARD,19.99,Active,,661.67
6403,8574,2025-10-27,,PREMIUM,39.99,Active,,126.64
6404,2319,2026-04-13,,STANDARD,19.99,Active,,-48.64
6405,2041,2025-05-16,,PREMIUM,39.99,Active,,345.25
6406,8746,2026-04-02,2026-12-06,BASIC,9.99,Churned,COMP-01,82.58
6407,1974,2024-11-22,,STANDARD,19.99,Active,,289.19
6408,2132,2024-12-09,,PREMIUM,39.99,Active,,555.86
6409,3688,2023-03-29,,PREMIUM,39.99,Active,,1383.65
6410,7495,2023-09-15,,STANDARD,19.99,Active,,578.38
6411,3333,2026-02-06,,PREMIUM,39.99,Active,,-9.33
6412,6103,2025-02-17,,STANDARD,19.99,Active,,231.22
6413,4612,2025-01-03,2026-01-11,BASIC,9.99,Churned,PROD-01,124.21
6414,4872,2024-10-18,,STANDARD,19.99,Active,,312.51
6415,3149,2025-10-06,,BASIC,9.99,Active,,38.63
6416,1848,2025-08-31,,BASIC,9.99,Active,,50.62
6417,665,2026-04-28,,STANDARD,19.99,Active,,-58.64
6418,2592,2025-05-28,,PREMIUM,39.99,Active,,329.25
6419,9567,2025-02-01,2025-12-12,PREMIUM,39.99,Churned,PROD-01,418.56
6420,1723,2025-01-29,,BASIC,9.99,Active,,121.88
6421,1607,2024-01-19,2025-06-02,STANDARD,19.99,Churned,COMP-01,333.17
6422,9257,2023-04-07,,STANDARD,19.99,Active,,685.66
6423,5838,2025-09-05,,PREMIUM,39.99,Active,,195.95
6424,6271,2025-08-26,,BASIC,9.99,Active,,52.28
6425,5135,2025-02-23,,STANDARD,19.99,Active,,227.22
6426,9939,2024-06-19,,STANDARD,19.99,Active,,393.14
6427,6058,2025-08-15,,BASIC,9.99,Active,,55.94
6428,7451,2025-08-12,,BASIC,9.99,Active,,56.94
6429,6497,2024-01-12,,PREMIUM,39.99,Active,,998.42
6430,5658,2026-05-28,,BASIC,9.99,Active,,-39.29
6431,4190,2025-06-19,,STANDARD,19.99,Active,,149.92
6432,7804,2024-05-27,2024-12-10,PREMIUM,39.99,Churned,PRICE-02,262.6
6433,6188,2026-06-16,,PREMIUM,39.99,Active,,-182.62
6434,1198,2023-10-27,,STANDARD,19.99,Active,,550.39
6435,3968,2024-11-29,,STANDARD,19.99,Active,,284.52
6436,763,2023-05-07,,BASIC,9.99,Active,,332.67
6437,2356,2025-02-25,2026-09-01,STANDARD,19.99,Churned,SERVICE-01,368.48
6438,3863,2024-04-25,2024-07-16,STANDARD,19.99,Churned,PRICE-02,54.64
6439,9856,2024-01-19,2025-07-22,STANDARD,19.99,Churned,COMP-01,366.48
6440,5811,2025-08-06,,BASIC,9.99,Active,,58.94
6441,9982,2025-05-28,,STANDARD,19.99,Active,,164.58
6442,7132,2024-09-24,,PREMIUM,39.99,Active,,657.17
6443,1256,2024-09-21,2026-03-10,BASIC,9.99,Churned,SERVICE-01,178.16
6444,9084,2023-02-28,,PREMIUM,39.99,Active,,1422.31
6445,8189,2026-05-23,2027-09-03,PREMIUM,39.99,Churned,TECH-01,623.84
6446,3648,2024-12-10,,STANDARD,19.99,Active,,277.19
6447,2071,2023-02-11,,STANDARD,19.99,Active,,722.31
6448,103,2025-12-10,2027-08-17,STANDARD,19.99,Churned,PROD-01,409.79
6449,9827,2025-11-06,,PREMIUM,39.99,Active,,113.31
6450,8942,2024-04-21,,BASIC,9.99,Active,,216.12
6451,4918,2023-11-21,,STANDARD,19.99,Active,,533.73
6452,421,2025-08-20,,STANDARD,19.99,Active,,108.61
6453,5376,2025-01-19,,BASIC,9.99,Active,,125.21
6454,4477,2026-02-06,,PREMIUM,39.99,Active,,-9.33
6455,995,2024-06-19,2025-09-21,BASIC,9.99,Churned,PROD-01,152.85
6456,2641,2023-09-23,2024-11-20,STANDARD,19.99,Churned,PRICE-01,282.53
6457,291,2026-04-04,,PREMIUM,39.99,Active,,-85.31
6458,954,2025-05-14,,PREMIUM,39.99,Active,,347.91
6459,1719,2024-08-17,,PREMIUM,39.99,Active,,707.82
6460,4009,2025-03-09,,STANDARD,19.99,Active,,217.89
6461,1575,2023-12-24,,STANDARD,19.99,Active,,511.74
6462,4295,2025-04-27,,BASIC,9.99,Active,,92.57
6463,9139,2023-02-08,,PREMIUM,39.99,Active,,1448.97
6464,9461,2023-04-16,,STANDARD,19.99,Active,,679.66
6465,3477,2024-08-20,2025-01-17,BASIC,9.99,Churned,SERVICE-01,49.95
6466,4759,2026-05-15,2026-08-18,STANDARD,19.99,Churned,SERVICE-02,63.3
6467,4899,2025-10-02,2027-08-19,BASIC,9.99,Churned,COMP-01,228.44
6468,8663,2025-03-22,,BASIC,9.99,Active,,104.56
6469,3849,2026-02-15,2027-07-02,STANDARD,19.99,Churned,PRICE-01,334.5
6470,665,2023-09-11,,PREMIUM,39.99,Active,,1162.38
6471,1722,2025-09-28,,PREMIUM,39.99,Active,,165.29
6472,9035,2026-05-16,2027-10-30,BASIC,9.99,Churned,PROD-01,177.16
6473,5777,2024-03-08,2025-11-29,STANDARD,19.99,Churned,PROD-01,420.46
6474,8879,2023-06-28,,PREMIUM,39.99,Active,,1262.35
6475,3066,2023-07-25,2024-03-09,PREMIUM,39.99,Churned,PRICE-01,303.92
6476,7195,2026-02-14,,STANDARD,19.99,Active,,-9.99
6477,5686,2026-03-22,2027-06-11,STANDARD,19.99,Churned,TECH-01,297.18
6478,1543,2024-08-17,,STANDARD,19.99,Active,,353.82
6479,9081,2024-11-21,,STANDARD,19.99,Active,,289.85
6480,3221,2024-03-26,,BASIC,9.99,Active,,224.78
6481,3348,2023-11-26,,BASIC,9.99,Active,,265.07
6482,6682,2024-04-25,,STANDARD,19.99,Active,,429.78
6483,353,2025-11-08,,STANDARD,19.99,Active,,55.31
6484,7998,2025-09-01,,BASIC,9.99,Active,,50.28
6485,8213,2025-07-05,,BASIC,9.99,Active,,69.6
6486,1391,2025-07-18,,PREMIUM,39.99,Active,,261.27
6487,1350,2025-05-29,2025-12-30,PREMIUM,39.99,Churned,TECH-01,286.6
6488,8244,2024-07-13,,PREMIUM,39.99,Active,,754.48
6489,2910,2023-01-26,,PREMIUM,39.99,Active,,1466.3
6490,8372,2024-02-19,,PREMIUM,39.99,Active,,947.76
6491,7137,2023-11-08,2025-10-08,STANDARD,19.99,Churned,PROD-01,466.43
6492,2518,2024-08-05,,PREMIUM,39.99,Active,,723.82
6493,1222,2025-11-12,,STANDARD,19.99,Active,,52.64
6494,2641,2025-08-18,2026-08-05,BASIC,9.99,Churned,PROD-01,117.22
6495,8622,2025-12-27,2027-04-23,BASIC,9.99,Churned,SERVICE-02,160.51
6496,2861,2026-04-22,2028-03-13,PREMIUM,39.99,Churned,PRICE-02,921.1
6497,5652,2024-08-03,,STANDARD,19.99,Active,,363.15
6498,6951,2025-03-12,2026-10-06,BASIC,9.99,Churned,PRICE-01,190.81
6499,2089,2023-07-17,,BASIC,9.99,Active,,309.02
6500,3608,2025-11-02,2026-04-22,BASIC,9.99,Churned,SERVICE-02,56.94
6501,797,2024-10-26,,BASIC,9.99,Active,,153.51
6502,1453,2023-06-12,,PREMIUM,39.99,Active,,1283.68
6503,3034,2024-03-16,2025-08-19,BASIC,9.99,Churned,PRICE-02,173.49
6504,8601,2023-07-28,2025-03-23,PREMIUM,39.99,Churned,PROD-01,805.13
6505,1003,2025-04-17,,BASIC,9.99,Active,,95.9
6506,2728,2023-07-20,,BASIC,9.99,Active,,308.02
6507,3258,2025-04-10,2027-04-08,PREMIUM,39.99,Churned,TECH-01,970.42
6508,6805,2026-03-30,2026-08-04,STANDARD,19.99,Churned,PRICE-01,84.62
6509,1269,2024-05-22,,BASIC,9.99,Active,,205.79
6510,4469,2025-01-22,,STANDARD,19.99,Active,,248.54
6511,772,2023-11-10,,PREMIUM,39.99,Active,,1082.4
6512,840,2026-03-26,,BASIC,9.99,Active,,-18.32
6513,9448,2024-10-18,,BASIC,9.99,Active,,156.18
6514,7562,2023-03-11,,BASIC,9.99,Active,,351.65
6515,461,2024-08-15,2026-06-18,PREMIUM,39.99,Churned,PRICE-01,895.78
6516,1365,2025-06-06,,PREMIUM,39.99,Active,,317.25
6517,5290,2023-05-31,,BASIC,9.99,Active,,324.68
6518,4961,2024-08-25,,BASIC,9.99,Active,,174.16
6519,2648,2025-11-19,2026-02-18,PREMIUM,39.99,Churned,TECH-01,121.3
6520,1243,2025-11-17,2027-05-16,BASIC,9.99,Churned,SERVICE-02,181.49
6521,5432,2025-06-25,2026-01-27,BASIC,9.99,Churned,SERVICE-02,71.93
6522,7660,2023-11-02,,BASIC,9.99,Active,,273.06
6523,901,2025-10-10,,PREMIUM,39.99,Active,,149.3
6524,9138,2023-02-13,,BASIC,9.99,Active,,360.31
6525,9657,2024-04-19,,BASIC,9.99,Active,,216.78
6526,3943,2023-12-31,2024-05-19,STANDARD,19.99,Churned,COMP-01,93.29
6527,1528,2024-01-11,,BASIC,9.99,Active,,249.75
6528,1816,2025-05-29,,STANDARD,19.99,Active,,163.92
6529,6250,2023-09-19,,PREMIUM,39.99,Active,,1151.71
6530,1981,2024-04-02,,STANDARD,19.99,Active,,445.11
6531,6710,2025-03-11,,BASIC,9.99,Active,,108.23
6532,5724,2023-04-20,,PREMIUM,39.99,Active,,1354.33
6533,4848,2025-07-14,2026-07-26,PREMIUM,39.99,Churned,COMP-01,502.54
6534,1072,2023-02-21,,BASIC,9.99,Active,,357.64
6535,3733,2023-06-07,2024-05-10,STANDARD,19.99,Churned,TECH-01,225.22
6536,7750,2026-04-26,2026-07-22,PREMIUM,39.99,Churned,SERVICE-01,115.97
6537,3002,2023-08-15,,BASIC,9.99,Active,,299.37
6538,5045,2023-01-10,,STANDARD,19.99,Active,,743.63
6539,9457,2025-07-31,2027-03-16,BASIC,9.99,Churned,PRICE-02,197.47
6540,5834,2023-10-09,,PREMIUM,39.99,Active,,1125.05
6541,6180,2023-05-24,2025-03-29,STANDARD,19.99,Churned,PROD-01,449.77
6542,6048,2024-06-07,2025-12-07,PREMIUM,39.99,Churned,COMP-01,730.48
6543,1198,2024-12-09,,BASIC,9.99,Active,,138.86
6544,5739,2023-10-29,,STANDARD,19.99,Active,,549.06
6545,7716,2025-09-25,,BASIC,9.99,Active,,42.29
6546,7395,2026-05-31,,STANDARD,19.99,Active,,-80.63
6547,7101,2024-07-07,2025-11-21,BASIC,9.99,Churned,PRICE-01,167.17
6548,956,2026-05-01,,PREMIUM,39.99,Active,,-121.3
6549,553,2023-12-17,,STANDARD,19.99,Active,,516.41
6550,541,2024-10-02,,BASIC,9.99,Active,,161.51
6551,3388,2026-01-26,2026-10-22,PREMIUM,39.99,Churned,COMP-01,358.58
6552,6399,2025-03-03,,PREMIUM,39.99,Active,,443.89
6553,8202,2025-10-29,,BASIC,9.99,Active,,30.97
6554,7650,2026-03-06,,PREMIUM,39.99,Active,,-46.66
6555,7651,2025-04-30,2026-06-27,PREMIUM,39.99,Churned,PRICE-01,563.86
6556,7027,2024-04-30,,PREMIUM,39.99,Active,,853.12
6557,8532,2023-10-30,,STANDARD,19.99,Active,,548.39
6558,7641,2023-08-17,,STANDARD,19.99,Active,,597.7
6559,7189,2023-03-23,2023-08-01,STANDARD,19.99,Churned,SERVICE-01,87.29
6560,4902,2025-09-21,,STANDARD,19.99,Active,,87.29
6561,9679,2023-12-30,,STANDARD,19.99,Active,,507.75
6562,9866,2023-05-18,,BASIC,9.99,Active,,329.0
6563,2860,2024-01-27,2025-10-29,STANDARD,19.99,Churned,SERVICE-01,427.12
6564,1570,2024-04-26,2025-11-11,PREMIUM,39.99,Churned,PRICE-01,751.81
6565,3740,2023-08-22,2024-05-16,PREMIUM,39.99,Churned,PRICE-02,357.24
6566,4577,2025-02-28,2027-01-19,PREMIUM,39.99,Churned,SERVICE-01,919.77
6567,1302,2025-07-24,2026-02-23,STANDARD,19.99,Churned,COMP-01,142.6
6568,2609,2024-06-13,,STANDARD,19.99,Active,,397.13
6569,7437,2023-06-16,,BASIC,9.99,Active,,319.35
6570,8740,2026-04-01,,PREMIUM,39.99,Active,,-81.31
6571,6744,2026-02-25,2027-05-02,BASIC,9.99,Churned,PRICE-01,143.52
6572,958,2025-09-03,,BASIC,9.99,Active,,49.62
6573,1910,2023-07-01,2025-06-19,BASIC,9.99,Churned,PROD-01,239.43
6574,8071,2025-04-21,,PREMIUM,39.99,Active,,378.57
6575,8864,2026-01-31,,STANDARD,19.99,Active,,-0.67
6576,7557,2024-06-13,2026-04-30,PREMIUM,39.99,Churned,TECH-01,914.44
6577,9488,2025-05-30,,BASIC,9.99,Active,,81.58
6578,3957,2023-09-03,,BASIC,9.99,Active,,293.04
6579,7385,2025-03-03,,STANDARD,19.99,Active,,221.89
6580,5236,2024-07-29,,PREMIUM,39.99,Active,,733.15
6581,849,2025-08-03,,PREMIUM,39.99,Active,,239.94
6582,6794,2025-02-25,,BASIC,9.99,Active,,112.89
6583,426,2026-04-24,2027-02-26,PREMIUM,39.99,Churned,SERVICE-02,410.56
6584,6295,2023-05-18,,PREMIUM,39.99,Active,,1317.0
6585,5477,2023-10-08,,BASIC,9.99,Active,,281.38
6586,9291,2026-04-26,2026-11-28,BASIC,9.99,Churned,TECH-01,71.93
6587,5954,2025-01-10,,PREMIUM,39.99,Active,,513.21
6588,2563,2026-01-07,,PREMIUM,39.99,Active,,30.66
6589,9783,2024-09-18,,STANDARD,19.99,Active,,332.5
6590,9154,2025-02-15,,STANDARD,19.99,Active,,232.55
6591,182,2026-05-29,2028-02-13,STANDARD,19.99,Churned,PRICE-01,416.46
6592,2841,2026-04-14,2027-07-08,STANDARD,19.99,Churned,PROD-01,299.85
6593,1707,2024-10-29,,STANDARD,19.99,Active,,305.18
6594,2240,2025-02-17,2026-10-23,BASIC,9.99,Churned,PROD-01,204.13
6595,7216,2025-09-06,,BASIC,9.99,Active,,48.62
6596,244,2026-03-29,2026-11-13,STANDARD,19.99,Churned,TECH-01,152.59
6597,919,2023-06-27,,BASIC,9.99,Active,,315.68
6598,2625,2026-06-12,,STANDARD,19.99,Active,,-88.62
6599,8633,2025-10-20,,STANDARD,19.99,Active,,67.97
6600,321,2023-04-13,,STANDARD,19.99,Active,,681.66
6601,5202,2024-08-16,,BASIC,9.99,Active,,177.16
6602,1350,2023-06-07,2024-05-02,BASIC,9.99,Churned,PROD-01,109.89
6603,4436,2023-11-06,,STANDARD,19.99,Active,,543.73
6604,5645,2023-09-02,,STANDARD,19.99,Active,,587.04
6605,3576,2023-11-16,,STANDARD,19.99,Active,,537.06
6606,509,2023-12-07,,BASIC,9.99,Active,,261.41
6607,9089,2024-01-16,,PREMIUM,39.99,Active,,993.09
6608,8367,2025-07-04,,BASIC,9.99,Active,,69.93
6609,2372,2026-01-05,,BASIC,9.99,Active,,8.33
6610,565,2024-12-29,2025-05-18,BASIC,9.99,Churned,SERVICE-01,46.62
6611,2348,2025-11-04,2026-05-30,STANDARD,19.99,Churned,PRICE-01,137.93
6612,7926,2024-10-15,2026-01-23,PREMIUM,39.99,Churned,PROD-01,619.85
6613,7731,2023-07-04,,PREMIUM,39.99,Active,,1254.35
6614,8068,2023-12-21,,STANDARD,19.99,Active,,513.74
6615,1704,2023-11-22,2025-03-09,PREMIUM,39.99,Churned,COMP-01,630.51
6616,7349,2026-02-06,,BASIC,9.99,Active,,-2.33
6617,445,2023-01-20,2024-06-10,STANDARD,19.99,Churned,PRICE-02,337.83
6618,6944,2023-12-26,2025-07-05,STANDARD,19.99,Churned,SERVICE-02,371.15
6619,9549,2024-02-23,,STANDARD,19.99,Active,,471.1
6620,2425,2025-11-16,,PREMIUM,39.99,Active,,99.98
6621,5680,2024-10-04,,BASIC,9.99,Active,,160.84
6622,9139,2024-11-28,2026-06-05,BASIC,9.99,Churned,PRICE-02,184.48
6623,1284,2023-10-19,,BASIC,9.99,Active,,277.72
6624,7513,2025-07-05,2025-10-03,BASIC,9.99,Churned,COMP-01,29.97
6625,3230,2026-06-05,2027-09-13,PREMIUM,39.99,Churned,PROD-01,619.85
6626,1810,2023-07-10,2024-08-12,STANDARD,19.99,Churned,COMP-01,265.87
6627,8311,2025-11-12,,BASIC,9.99,Active,,26.31
6628,8358,2023-05-17,2024-07-06,BASIC,9.99,Churned,PRICE-01,138.53
6629,6897,2025-02-24,,BASIC,9.99,Active,,113.22
6630,7384,2025-09-03,,BASIC,9.99,Active,,49.62
6631,5823,2024-05-17,,STANDARD,19.99,Active,,415.13
6632,7386,2025-05-22,,STANDARD,19.99,Active,,168.58
6633,9400,2025-11-11,,BASIC,9.99,Active,,26.64
6634,7843,2023-03-20,,PREMIUM,39.99,Active,,1395.65
6635,6866,2023-04-07,2024-11-17,STANDARD,19.99,Churned,PRICE-02,393.14
6636,4420,2025-07-13,,PREMIUM,39.99,Active,,267.93
6637,3394,2023-07-01,,STANDARD,19.99,Active,,629.02
6638,8479,2023-07-01,,PREMIUM,39.99,Active,,1258.35
6639,5125,2023-08-18,,PREMIUM,39.99,Active,,1194.37
6640,1392,2023-12-13,,BASIC,9.99,Active,,259.41
6641,7415,2023-10-22,,BASIC,9.99,Active,,276.72
6642,7156,2024-09-02,2025-06-11,STANDARD,19.99,Churned,SERVICE-01,187.91
6643,8026,2024-08-15,,PREMIUM,39.99,Active,,710.49
6644,3190,2024-12-01,,PREMIUM,39.99,Active,,566.52
6645,8831,2023-09-18,2024-05-11,STANDARD,19.99,Churned,PRICE-02,157.25
6646,1000,2025-11-20,,BASIC,9.99,Active,,23.64
6647,3341,2025-07-01,2026-09-06,PREMIUM,39.99,Churned,SERVICE-01,575.86
6648,4750,2023-09-24,,BASIC,9.99,Active,,286.05
6649,1730,2026-05-08,,BASIC,9.99,Active,,-32.63
6650,6450,2025-11-15,,PREMIUM,39.99,Active,,101.31
6651,8603,2023-03-16,,PREMIUM,39.99,Active,,1400.98
6652,2235,2025-09-24,,BASIC,9.99,Active,,42.62
6653,7292,2025-09-09,,STANDARD,19.99,Active,,95.29
6654,3590,2023-07-20,2025-01-06,STANDARD,19.99,Churned,SERVICE-02,357.15
6655,6252,2023-01-31,,BASIC,9.99,Active,,364.63
6656,1669,2025-10-11,2027-05-10,BASIC,9.99,Churned,SERVICE-02,191.81
6657,2157,2025-12-25,,STANDARD,19.99,Active,,23.99
6658,1300,2026-01-28,2027-07-16,BASIC,9.99,Churned,PRICE-01,177.82
6659,8930,2024-07-06,2025-07-14,BASIC,9.99,Churned,PRICE-02,124.21
6660,2955,2023-05-20,,STANDARD,19.99,Active,,657.0
6661,153,2025-07-15,,STANDARD,19.99,Active,,132.6
6662,6705,2025-09-06,2026-12-26,STANDARD,19.99,Churned,SERVICE-01,317.17
6663,6840,2024-12-30,,STANDARD,19.99,Active,,263.87
6664,533,2024-10-27,,STANDARD,19.99,Active,,306.51
6665,9491,2024-08-08,,BASIC,9.99,Active,,179.82
6666,3523,2023-09-30,,STANDARD,19.99,Active,,568.38
6667,7394,2026-03-29,,BASIC,9.99,Active,,-19.31
6668,5950,2023-10-24,,STANDARD,19.99,Active,,552.39
6669,1208,2024-03-02,2024-09-13,BASIC,9.99,Churned,SERVICE-01,64.94
6670,9965,2025-10-04,2027-02-02,PREMIUM,39.99,Churned,SERVICE-02,647.84
6671,4929,2026-01-02,,BASIC,9.99,Active,,9.32
6672,7770,2024-07-01,2024-12-17,PREMIUM,39.99,Churned,PRICE-01,225.28
6673,4064,2023-10-07,,BASIC,9.99,Active,,281.72
6674,1361,2026-04-20,,BASIC,9.99,Active,,-26.64
6675,6202,2023-02-26,2024-11-22,PREMIUM,39.99,Churned,TECH-01,846.46
6676,784,2024-12-29,2026-06-25,BASIC,9.99,Churned,PRICE-02,180.82
6677,9450,2025-12-28,,STANDARD,19.99,Active,,21.99
6678,2891,2023-11-29,2025-05-19,BASIC,9.99,Churned,TECH-01,178.82
6679,1381,2023-10-12,,PREMIUM,39.99,Active,,1121.05
6680,5996,2024-06-19,2025-03-08,BASIC,9.99,Churned,PRICE-02,87.25
6681,6665,2026-04-21,,STANDARD,19.99,Active,,-53.97
6682,9672,2026-04-23,2027-03-13,STANDARD,19.99,Churned,COMP-01,215.89
6683,2307,2023-05-01,,STANDARD,19.99,Active,,669.66
6684,6986,2024-09-15,,STANDARD,19.99,Active,,334.5
6685,4856,2025-04-02,,STANDARD,19.99,Active,,201.9
6686,4750,2024-12-10,,STANDARD,19.99,Active,,277.19
6687,9377,2023-01-23,2024-03-02,STANDARD,19.99,Churned,SERVICE-01,269.2
6688,9268,2024-03-24,,STANDARD,19.99,Active,,451.11
6689,7793,2024-09-17,2025-12-02,BASIC,9.99,Churned,PRICE-01,146.85
6690,4269,2025-03-21,2025-10-15,BASIC,9.99,Churned,COMP-01,69.26
6691,1520,2025-04-09,,STANDARD,19.99,Active,,197.23
6692,7964,2025-09-10,,BASIC,9.99,Active,,47.29
6693,9600,2026-03-02,2027-01-19,PREMIUM,39.99,Churned,SERVICE-01,430.56
6694,5079,2025-08-20,,BASIC,9.99,Active,,54.28
6695,9192,2023-07-18,,BASIC,9.99,Active,,308.69
6696,3493,2025-11-15,,BASIC,9.99,Active,,25.31
6697,658,2025-01-11,,BASIC,9.99,Active,,127.87
6698,9584,2024-11-21,,PREMIUM,39.99,Active,,579.86
6699,6087,2026-06-05,2027-04-08,STANDARD,19.99,Churned,SERVICE-02,204.56
6700,1891,2025-04-16,,BASIC,9.99,Active,,96.24
6701,7226,2023-01-05,2023-05-05,BASIC,9.99,Churned,SERVICE-02,39.96
6702,9103,2025-01-04,,BASIC,9.99,Active,,130.2
6703,6237,2026-06-17,,PREMIUM,39.99,Active,,-183.95
6704,2311,2024-12-26,,BASIC,9.99,Active,,133.2
6705,9836,2025-11-29,,STANDARD,19.99,Active,,41.31
6706,6419,2025-09-19,,PREMIUM,39.99,Active,,177.29
6707,5242,2024-06-09,,BASIC,9.99,Active,,199.8
6708,9304,2023-04-02,,PREMIUM,39.99,Active,,1378.32
6709,9463,2025-02-15,,BASIC,9.99,Active,,116.22
6710,5580,2023-05-01,,PREMIUM,39.99,Active,,1339.66
6711,5941,2023-04-10,,PREMIUM,39.99,Active,,1367.66
6712,1919,2026-05-19,2027-05-01,PREMIUM,39.99,Churned,COMP-01,462.55
6713,3005,2024-02-14,,STANDARD,19.99,Active,,477.09
6714,4843,2024-08-20,2025-01-15,PREMIUM,39.99,Churned,PRICE-01,197.28
6715,8667,2024-03-14,,PREMIUM,39.99,Active,,915.77
6716,3807,2026-01-20,,PREMIUM,39.99,Active,,13.33
6717,7403,2024-12-31,2026-04-07,BASIC,9.99,Churned,PRICE-01,153.85
6718,6923,2024-04-14,,PREMIUM,39.99,Active,,874.45
6719,4347,2025-03-29,,STANDARD,19.99,Active,,204.56
6720,1196,2026-05-09,2027-07-18,BASIC,9.99,Churned,PRICE-02,144.85
6721,8164,2024-12-06,2026-03-30,BASIC,9.99,Churned,PRICE-02,159.51
6722,1155,2025-11-25,,PREMIUM,39.99,Active,,87.98
6723,9192,2026-03-11,,BASIC,9.99,Active,,-13.32
6724,1063,2023-01-24,,STANDARD,19.99,Active,,734.3
6725,754,2023-11-10,,STANDARD,19.99,Active,,541.06
6726,4681,2024-04-21,,PREMIUM,39.99,Active,,865.12
6727,5354,2023-12-08,,PREMIUM,39.99,Active,,1045.07
6728,1834,2026-04-01,,STANDARD,19.99,Active,,-40.65
6729,2794,2025-11-30,,STANDARD,19.99,Active,,40.65
6730,129,2024-11-28,,BASIC,9.99,Active,,142.52
6731,5934,2025-10-31,,BASIC,9.99,Active,,30.3
6732,3902,2026-04-16,,STANDARD,19.99,Active,,-50.64
6733,1887,2026-04-29,,STANDARD,19.99,Active,,-59.3
6734,7730,2024-11-11,,STANDARD,19.99,Active,,296.52
6735,5911,2023-07-03,,BASIC,9.99,Active,,313.69
6736,8534,2023-03-04,,STANDARD,19.99,Active,,708.31
6737,2215,2023-08-01,,PREMIUM,39.99,Active,,1217.03
6738,9605,2023-11-07,,BASIC,9.99,Active,,271.4
6739,2525,2023-09-29,,BASIC,9.99,Active,,284.38
6740,2028,2023-02-10,2025-01-11,PREMIUM,39.99,Churned,COMP-01,934.43
6741,8034,2026-06-08,2026-08-23,STANDARD,19.99,Churned,PRICE-01,50.64
6742,8123,2026-05-30,,STANDARD,19.99,Active,,-79.96
6743,2350,2024-01-29,,STANDARD,19.99,Active,,487.76
6744,4137,2025-04-16,,BASIC,9.99,Active,,96.24
6745,3665,2026-03-16,,PREMIUM,39.99,Active,,-59.98
6746,680,2026-06-19,,PREMIUM,39.99,Active,,-186.62
6747,3490,2024-09-29,,STANDARD,19.99,Active,,325.17
6748,2271,2025-06-27,,PREMIUM,39.99,Active,,289.26
6749,2385,2024-01-07,2024-07-31,STANDARD,19.99,Churned,TECH-01,137.26
6750,2268,2024-08-31,2025-07-20,BASIC,9.99,Churned,SERVICE-02,107.56
6751,2446,2024-02-09,2025-12-27,PREMIUM,39.99,Churned,PRICE-02,915.77
6752,3593,2023-10-29,2024-05-08,STANDARD,19.99,Churned,PROD-01,127.94
6753,6206,2025-10-06,2027-09-24,BASIC,9.99,Churned,PRICE-02,239.09
6754,2953,2024-11-12,,BASIC,9.99,Active,,147.85
6755,7300,2023-08-07,,STANDARD,19.99,Active,,604.36
6756,8174,2023-07-08,2024-08-03,PREMIUM,39.99,Churned,COMP-01,522.54
6757,3509,2025-07-30,,STANDARD,19.99,Active,,122.61
6758,1174,2024-04-04,,STANDARD,19.99,Active,,443.78
6759,8311,2024-07-06,,PREMIUM,39.99,Active,,763.81
6760,8447,2023-06-02,2025-02-09,BASIC,9.99,Churned,PROD-01,205.79
6761,2349,2023-10-04,2025-09-08,STANDARD,19.99,Churned,PRICE-02,469.76
6762,4588,2025-06-02,2025-12-23,BASIC,9.99,Churned,COMP-01,67.93
6763,7166,2024-12-21,,BASIC,9.99,Active,,134.87
6764,9872,2025-05-20,,STANDARD,19.99,Active,,169.91
6765,2251,2025-08-26,,PREMIUM,39.99,Active,,209.28
6766,3734,2023-10-10,,BASIC,9.99,Active,,280.72
6767,3611,2024-06-23,,PREMIUM,39.99,Active,,781.14
6768,4289,2024-11-10,,PREMIUM,39.99,Active,,594.52
6769,436,2023-10-31,,PREMIUM,39.99,Active,,1095.73
6770,3777,2025-05-09,,STANDARD,19.99,Active,,177.24
6771,8743,2025-07-14,2026-05-22,STANDARD,19.99,Churned,SERVICE-01,207.9
6772,5630,2025-07-09,2027-04-08,STANDARD,19.99,Churned,SERVICE-01,425.12
6773,4655,2025-11-14,2026-05-07,STANDARD,19.99,Churned,TECH-01,115.94
6774,9838,2026-04-06,,PREMIUM,39.99,Active,,-87.98
6775,3646,2023-07-05,,STANDARD,19.99,Active,,626.35
6776,9211,2023-03-17,,BASIC,9.99,Active,,349.65
6777,3787,2025-04-26,2026-02-09,BASIC,9.99,Churned,COMP-01,96.24
6778,3494,2024-01-31,,BASIC,9.99,Active,,243.09
6779,5784,2023-08-22,2024-12-22,STANDARD,19.99,Churned,PROD-01,325.17
6780,3587,2026-04-25,,STANDARD,19.99,Active,,-56.64
6781,1514,2025-10-13,2026-05-31,BASIC,9.99,Churned,PRICE-01,76.59
6782,1755,2024-05-23,,STANDARD,19.99,Active,,411.13
6783,1866,2024-04-03,2025-07-07,BASIC,9.99,Churned,SERVICE-01,153.18
6784,5675,2026-03-01,,STANDARD,19.99,Active,,-19.99
6785,6197,2023-12-21,2025-04-17,STANDARD,19.99,Churned,PRICE-01,321.84
6786,5806,2025-05-06,,STANDARD,19.99,Active,,179.24
6787,7846,2024-07-30,,BASIC,9.99,Active,,182.82
6788,1423,2024-08-13,,PREMIUM,39.99,Active,,713.15
6789,3769,2024-01-04,,BASIC,9.99,Active,,252.08
6790,6480,2025-12-20,2027-11-19,BASIC,9.99,Churned,TECH-01,232.77
6791,6094,2024-11-30,,STANDARD,19.99,Active,,283.86
6792,3373,2023-06-24,2024-05-31,STANDARD,19.99,Churned,PRICE-01,227.89
6793,902,2023-12-09,2024-09-30,PREMIUM,39.99,Churned,PRICE-01,394.57
6794,1279,2025-10-10,,BASIC,9.99,Active,,37.3
6795,2276,2026-06-24,2028-05-04,BASIC,9.99,Churned,PROD-01,226.44
6796,2099,2023-07-23,,BASIC,9.99,Active,,307.03
6797,7457,2026-03-05,2027-10-09,BASIC,9.99,Churned,PRICE-02,194.14
6798,2066,2024-02-08,,PREMIUM,39.99,Active,,962.43
6799,645,2025-11-02,,STANDARD,19.99,Active,,59.3
6800,9115,2024-11-18,2026-02-14,PREMIUM,39.99,Churned,SERVICE-02,603.85
6801,3775,2023-11-24,2024-01-09,BASIC,9.99,Churned,COMP-01,15.32
6802,6770,2024-03-04,,STANDARD,19.99,Active,,464.43
6803,8846,2023-04-16,2025-01-14,STANDARD,19.99,Churned,PROD-01,425.79
6804,8350,2026-05-01,,STANDARD,19.99,Active,,-60.64
6805,7033,2025-12-24,2027-09-04,PREMIUM,39.99,Churned,PRICE-02,825.13
6806,9328,2024-10-15,,STANDARD,19.99,Active,,314.51
6807,1326,2025-07-12,2025-12-20,BASIC,9.99,Churned,COMP-01,53.61
6808,8610,2026-03-05,,STANDARD,19.99,Active,,-22.66
6809,3402,2023-02-28,2024-02-20,PREMIUM,39.99,Churned,PRICE-01,475.88
6810,9316,2023-12-26,,BASIC,9.99,Active,,255.08
6811,7263,2023-06-27,,STANDARD,19.99,Active,,631.68
6812,6367,2024-09-23,,PREMIUM,39.99,Active,,658.5
6813,8203,2024-05-24,,PREMIUM,39.99,Active,,821.13
6814,2057,2023-04-19,,BASIC,9.99,Active,,338.66
6815,1340,2025-09-11,2025-10-24,BASIC,9.99,Churned,TECH-01,14.32
6816,6494,2026-06-28,2027-02-19,STANDARD,19.99,Churned,PRICE-02,157.25
6817,3886,2024-07-21,,PREMIUM,39.99,Active,,743.81
6818,6423,2025-12-29,,PREMIUM,39.99,Active,,42.66
6819,1602,2025-01-04,,PREMIUM,39.99,Active,,521.2
6820,6229,2024-09-13,2025-02-03,STANDARD,19.99,Churned,PRICE-01,95.29
6821,5554,2023-06-23,2024-08-20,BASIC,9.99,Churned,SERVICE-01,141.19
6822,4131,2025-11-11,2027-08-22,STANDARD,19.99,Churned,TECH-01,432.45
6823,2413,2023-01-29,,BASIC,9.99,Active,,365.3
6824,6142,2025-04-11,,PREMIUM,39.99,Active,,391.9
6825,2480,2026-03-15,,STANDARD,19.99,Active,,-29.32
6826,849,2024-09-29,,PREMIUM,39.99,Active,,650.5
6827,4618,2024-06-12,,STANDARD,19.99,Active,,397.8
6828,3070,2026-01-18,,BASIC,9.99,Active,,4.0
6829,211,2024-12-31,,PREMIUM,39.99,Active,,526.53
6830,8706,2023-03-15,2025-02-17,STANDARD,19.99,Churned,PRICE-02,469.76
6831,9228,2026-01-01,,BASIC,9.99,Active,,9.66
6832,4381,2024-11-29,,PREMIUM,39.99,Active,,569.19
6833,1929,2025-04-07,2025-12-10,BASIC,9.99,Churned,COMP-01,82.25
6834,8483,2023-01-14,,PREMIUM,39.99,Active,,1482.3
6835,9838,2025-06-15,,BASIC,9.99,Active,,76.26
6836,2638,2023-03-25,2024-03-07,PREMIUM,39.99,Churned,TECH-01,463.88
6837,4463,2026-06-11,,BASIC,9.99,Active,,-43.96
6838,2373,2023-10-21,2024-03-26,BASIC,9.99,Churned,SERVICE-02,52.28
6839,545,2025-11-17,,BASIC,9.99,Active,,24.64
6840,8062,2025-09-23,2027-05-18,BASIC,9.99,Churned,COMP-01,200.47
6841,3389,2026-03-16,,PREMIUM,39.99,Active,,-59.98
6842,1124,2026-05-24,2028-04-08,BASIC,9.99,Churned,PRICE-01,228.1
6843,643,2024-10-27,2025-03-07,BASIC,9.99,Churned,PRICE-01,43.62
6844,6799,2025-05-22,2027-02-24,BASIC,9.99,Churned,SERVICE-02,214.12
6845,8434,2024-02-06,,STANDARD,19.99,Active,,482.43
6846,429,2024-11-23,2026-10-09,STANDARD,19.99,Churned,PRICE-02,456.44
6847,551,2026-04-24,,PREMIUM,39.99,Active,,-111.97
6848,7502,2024-05-30,,PREMIUM,39.99,Active,,813.13
6849,6992,2023-07-17,2023-11-29,PREMIUM,39.99,Churned,PRICE-01,179.96
6850,827,2023-01-28,2024-02-04,PREMIUM,39.99,Churned,PRICE-02,495.88
6851,1258,2024-06-26,2026-05-04,PREMIUM,39.99,Churned,SERVICE-01,902.44
6852,2288,2026-06-14,2027-08-10,BASIC,9.99,Churned,SERVICE-01,140.53
6853,3906,2025-07-11,,BASIC,9.99,Active,,67.6
6854,4236,2023-02-02,2023-09-02,STANDARD,19.99,Churned,PROD-01,141.26
6855,5671,2026-06-25,,BASIC,9.99,Active,,-48.62
6856,6194,2026-05-22,,BASIC,9.99,Active,,-37.3
6857,2088,2024-08-13,2025-09-28,STANDARD,19.99,Churned,PRICE-01,273.86
6858,9529,2025-05-17,,PREMIUM,39.99,Active,,343.91
6859,5057,2023-02-22,,STANDARD,19.99,Active,,714.98
6860,1363,2025-12-11,2027-11-22,STANDARD,19.99,Churned,SERVICE-01,473.76
6861,9521,2024-12-28,2025-02-05,BASIC,9.99,Churned,TECH-01,12.99
6862,1205,2025-03-20,,STANDARD,19.99,Active,,210.56
6863,8397,2024-08-22,2025-10-18,STANDARD,19.99,Churned,PRICE-02,281.19
6864,508,2026-05-17,,STANDARD,19.99,Active,,-71.3
6865,2665,2023-12-08,2025-11-10,BASIC,9.99,Churned,SERVICE-01,234.1
6866,7882,2026-06-26,,STANDARD,19.99,Active,,-97.95
6867,8695,2025-06-06,,BASIC,9.99,Active,,79.25
6868,9826,2026-01-11,,BASIC,9.99,Active,,6.33
6869,535,2023-02-14,2024-08-22,BASIC,9.99,Churned,COMP-01,184.81
6870,9132,2023-03-26,,PREMIUM,39.99,Active,,1387.65
6871,2353,2025-08-22,,PREMIUM,39.99,Active,,214.61
6872,7237,2024-07-23,,PREMIUM,39.99,Active,,741.15
6873,2840,2023-12-22,,PREMIUM,39.99,Active,,1026.41
6874,3803,2024-09-12,2025-09-21,PREMIUM,39.99,Churned,COMP-01,498.54
6875,7035,2024-07-02,,BASIC,9.99,Active,,192.14
6876,2321,2023-03-23,,PREMIUM,39.99,Active,,1391.65
6877,4780,2025-03-31,,BASIC,9.99,Active,,101.56
6878,4950,2023-10-18,,BASIC,9.99,Active,,278.06
6879,4236,2026-01-08,,PREMIUM,39.99,Active,,29.33
6880,2313,2024-02-19,2025-03-26,BASIC,9.99,Churned,SERVICE-02,133.53
6881,6398,2024-09-29,2026-02-03,STANDARD,19.99,Churned,SERVICE-02,327.84
6882,206,2023-12-15,2024-05-03,PREMIUM,39.99,Churned,PROD-01,186.62
6883,2480,2026-02-06,2027-07-18,STANDARD,19.99,Churned,SERVICE-01,351.16
6884,3902,2023-04-18,,STANDARD,19.99,Active,,678.33
6885,460,2023-05-24,,PREMIUM,39.99,Active,,1309.01
6886,8791,2026-04-09,2026-11-29,PREMIUM,39.99,Churned,PROD-01,311.92
6887,9292,2025-10-30,,BASIC,9.99,Active,,30.64
6888,1643,2025-12-18,,STANDARD,19.99,Active,,28.65
6889,4281,2023-08-21,,STANDARD,19.99,Active,,595.04
6890,8472,2024-07-05,2025-01-04,BASIC,9.99,Churned,TECH-01,60.94
6891,6430,2024-10-08,2026-05-29,PREMIUM,39.99,Churned,SERVICE-02,797.13
6892,4784,2024-04-14,,PREMIUM,39.99,Active,,874.45
6893,1818,2025-12-29,,PREMIUM,39.99,Active,,42.66
6894,7298,2025-11-24,,STANDARD,19.99,Active,,44.64
6895,6997,2024-10-06,,BASIC,9.99,Active,,160.17
6896,8055,2026-06-24,,PREMIUM,39.99,Active,,-193.28
6897,9039,2023-05-29,2025-02-16,STANDARD,19.99,Churned,SERVICE-02,419.12
6898,6194,2023-11-06,,STANDARD,19.99,Active,,543.73
6899,7010,2025-05-16,,PREMIUM,39.99,Active,,345.25
6900,7095,2023-09-11,,STANDARD,19.99,Active,,581.04
6901,658,2025-03-23,,BASIC,9.99,Active,,104.23
6902,2623,2026-06-04,2027-10-12,STANDARD,19.99,Churned,PROD-01,329.83
6903,4873,2023-08-07,,STANDARD,19.99,Active,,604.36
6904,4551,2024-09-30,,PREMIUM,39.99,Active,,649.17
6905,5441,2024-12-19,,PREMIUM,39.99,Active,,542.53
6906,5136,2025-09-24,,STANDARD,19.99,Active,,85.29
6907,4825,2026-03-03,2028-02-15,STANDARD,19.99,Churned,COMP-01,475.76
6908,2808,2023-09-23,,BASIC,9.99,Active,,286.38
6909,3139,2025-06-04,,STANDARD,19.99,Active,,159.92
6910,8384,2024-10-09,,BASIC,9.99,Active,,159.17
6911,2609,2026-05-26,2027-12-11,PREMIUM,39.99,Churned,PRICE-01,751.81
6912,3843,2023-05-01,,STANDARD,19.99,Active,,669.66
6913,4325,2025-12-05,2026-02-20,BASIC,9.99,Churned,SERVICE-01,25.64
6914,6874,2023-09-30,,PREMIUM,39.99,Active,,1137.05
6915,5130,2026-02-22,,BASIC,9.99,Active,,-7.66
6916,8070,2026-06-11,,PREMIUM,39.99,Active,,-175.96
6917,5529,2024-09-14,,STANDARD,19.99,Active,,335.17
6918,8110,2026-01-14,,STANDARD,19.99,Active,,10.66
6919,3161,2025-06-25,2025-09-11,BASIC,9.99,Churned,PRICE-02,25.97
6920,803,2023-10-08,,BASIC,9.99,Active,,281.38
6921,3128,2024-06-27,,BASIC,9.99,Active,,193.81
6922,7960,2023-06-14,,STANDARD,19.99,Active,,640.35
6923,291,2024-08-06,,PREMIUM,39.99,Active,,722.49
6924,1509,2025-12-08,2027-01-11,BASIC,9.99,Churned,PRICE-02,132.87
6925,2958,2024-12-09,,BASIC,9.99,Active,,138.86
6926,5061,2023-01-13,2024-10-30,BASIC,9.99,Churned,SERVICE-01,218.45
6927,6071,2023-05-10,,STANDARD,19.99,Active,,663.67
6928,7034,2024-04-25,,BASIC,9.99,Active,,214.78
6929,9129,2024-08-08,,BASIC,9.99,Active,,179.82
6930,3275,2024-09-14,,BASIC,9.99,Active,,167.5
6931,6001,2024-08-14,,STANDARD,19.99,Active,,355.82
6932,8901,2025-02-02,,BASIC,9.99,Active,,120.55
6933,7373,2024-03-19,,PREMIUM,39.99,Active,,909.11
6934,7093,2024-04-08,,BASIC,9.99,Active,,220.45
6935,540,2025-12-21,2027-03-27,PREMIUM,39.99,Churned,SERVICE-01,614.51
6936,1029,2024-06-08,,STANDARD,19.99,Active,,400.47
6937,2169,2025-10-13,,STANDARD,19.99,Active,,72.63
6938,4098,2025-11-16,2027-04-24,STANDARD,19.99,Churned,PRICE-01,349.16
6939,4466,2025-12-01,2026-03-07,BASIC,9.99,Churned,TECH-01,31.97
6940,4971,2026-03-24,,BASIC,9.99,Active,,-17.65
6941,3860,2025-03-13,,PREMIUM,39.99,Active,,430.56
6942,8661,2025-06-27,2025-08-23,STANDARD,19.99,Churned,PRICE-01,37.98
6943,9298,2025-02-07,,PREMIUM,39.99,Active,,475.88
6944,5668,2024-06-10,,BASIC,9.99,Active,,199.47
6945,9786,2023-01-19,2024-11-19,BASIC,9.99,Churned,SERVICE-02,223.11
6946,6529,2026-02-09,,BASIC,9.99,Active,,-3.33
6947,8438,2026-01-09,,PREMIUM,39.99,Active,,27.99
6948,3182,2025-12-27,2027-11-17,STANDARD,19.99,Churned,PRICE-02,459.77
6949,3509,2023-04-10,,STANDARD,19.99,Active,,683.66
6950,6436,2024-03-02,,BASIC,9.99,Active,,232.77
6951,8085,2024-06-25,,STANDARD,19.99,Active,,389.14
6952,640,2023-01-12,,PREMIUM,39.99,Active,,1484.96
6953,7302,2024-09-26,,BASIC,9.99,Active,,163.5
6954,6482,2026-02-18,2026-05-03,STANDARD,19.99,Churned,PRICE-02,49.31
6955,1484,2025-05-03,2027-03-22,STANDARD,19.99,Churned,SERVICE-02,458.44
6956,7134,2023-05-05,,BASIC,9.99,Active,,333.33
6957,9933,2025-10-18,,BASIC,9.99,Active,,34.63
6958,6300,2025-10-03,,PREMIUM,39.99,Active,,158.63
6959,727,2023-09-01,,STANDARD,19.99,Active,,587.71
6960,3875,2025-04-08,,PREMIUM,39.99,Active,,395.9
6961,9492,2026-06-02,,STANDARD,19.99,Active,,-81.96
6962,3083,2023-10-12,,STANDARD,19.99,Active,,560.39
6963,9957,2023-11-25,,BASIC,9.99,Active,,265.4
6964,6370,2023-07-11,,BASIC,9.99,Active,,311.02
6965,716,2025-01-10,2026-05-04,BASIC,9.99,Churned,COMP-01,159.51
6966,9198,2024-06-26,,BASIC,9.99,Active,,194.14
6967,2833,2023-02-23,2024-03-03,BASIC,9.99,Churned,SERVICE-01,124.54
6968,7299,2023-04-07,2023-08-24,STANDARD,19.99,Churned,COMP-01,92.62
6969,4275,2025-03-23,,PREMIUM,39.99,Active,,417.23
6970,713,2025-11-03,,PREMIUM,39.99,Active,,117.3
6971,626,2025-08-21,,STANDARD,19.99,Active,,107.95
6972,3804,2024-03-10,,STANDARD,19.99,Active,,460.44
6973,217,2024-01-21,,PREMIUM,39.99,Active,,986.42
6974,6238,2026-02-23,2027-10-25,BASIC,9.99,Churned,PRICE-02,202.8
6975,2021,2024-10-20,2025-06-09,BASIC,9.99,Churned,PRICE-02,77.26
6976,6189,2024-04-18,,BASIC,9.99,Active,,217.12
6977,2828,2024-06-21,,PREMIUM,39.99,Active,,783.8
6978,3598,2024-08-05,,BASIC,9.99,Active,,180.82
6979,6329,2025-06-26,,STANDARD,19.99,Active,,145.26
6980,6136,2023-06-04,,PREMIUM,39.99,Active,,1294.34
6981,4948,2023-08-17,2024-11-14,PREMIUM,39.99,Churned,PRICE-01,606.51
6982,5379,2024-01-29,,BASIC,9.99,Active,,243.76
6983,6720,2023-12-28,,PREMIUM,39.99,Active,,1018.41
6984,1791,2024-11-13,,STANDARD,19.99,Active,,295.19
6985,4943,2023-02-03,2024-12-09,PREMIUM,39.99,Churned,SERVICE-02,899.78
6986,9628,2023-03-24,,STANDARD,19.99,Active,,694.99
6987,7191,2023-02-08,,PREMIUM,39.99,Active,,1448.97
6988,479,2024-12-25,,STANDARD,19.99,Active,,267.2
6989,8892,2025-01-10,,BASIC,9.99,Active,,128.21
6990,7204,2026-01-27,,BASIC,9.99,Active,,1.0
6991,2545,2025-07-19,,PREMIUM,39.99,Active,,259.94
6992,2715,2025-06-21,,BASIC,9.99,Active,,74.26
6993,9012,2025-02-23,2026-06-16,PREMIUM,39.99,Churned,PRICE-01,637.17
6994,5114,2024-06-17,,STANDARD,19.99,Active,,394.47
6995,6714,2025-03-29,,STANDARD,19.99,Active,,204.56
6996,6432,2023-09-01,,STANDARD,19.99,Active,,587.71
6997,300,2026-06-05,,PREMIUM,39.99,Active,,-167.96
6998,2992,2023-10-17,,BASIC,9.99,Active,,278.39
6999,7387,2025-03-27,,PREMIUM,39.99,Active,,411.9
7000,6905,2023-03-19,2024-07-16,STANDARD,19.99,Churned,PRICE-01,323.17
7001,5084,2024-08-31,,PREMIUM,39.99,Active,,689.16
7002,471,2023-03-02,,BASIC,9.99,Active,,354.64
7003,6527,2024-04-03,,BASIC,9.99,Active,,222.11
7004,7151,2024-12-16,,STANDARD,19.99,Active,,273.2
7005,6754,2025-05-19,,PREMIUM,39.99,Active,,341.25
7006,2306,2025-09-17,,STANDARD,19.99,Active,,89.95
7007,2220,2025-01-24,2025-03-25,PREMIUM,39.99,Churned,PRICE-02,79.98
7008,6259,2024-12-25,2025-11-01,BASIC,9.99,Churned,PRICE-02,103.56
7009,2493,2025-07-28,2027-07-06,PREMIUM,39.99,Churned,SERVICE-01,943.76
7010,8178,2024-06-15,,STANDARD,19.99,Active,,395.8
7011,7974,2023-02-16,,PREMIUM,39.99,Active,,1438.31
7012,2005,2023-02-26,,BASIC,9.99,Active,,355.98
7013,8644,2025-12-11,,BASIC,9.99,Active,,16.65
7014,8842,2025-07-18,,BASIC,9.99,Active,,65.27
7015,4368,2023-03-01,,PREMIUM,39.99,Active,,1420.98
7016,5516,2023-01-15,,PREMIUM,39.99,Active,,1480.96
7017,640,2023-05-12,2025-04-05,BASIC,9.99,Churned,PRICE-02,231.1
7018,7376,2026-06-02,,BASIC,9.99,Active,,-40.96
7019,7318,2026-04-21,,BASIC,9.99,Active,,-26.97
7020,1731,2026-02-28,,BASIC,9.99,Active,,-9.66
7021,2959,2024-01-22,,PREMIUM,39.99,Active,,985.09
7022,5680,2024-03-08,,PREMIUM,39.99,Active,,923.77
7023,8247,2025-08-20,,STANDARD,19.99,Active,,108.61
7024,3212,2023-08-28,,STANDARD,19.99,Active,,590.37
7025,2760,2023-07-11,,STANDARD,19.99,Active,,622.36
7026,3448,2025-01-13,2025-12-17,BASIC,9.99,Churned,COMP-01,112.55
7027,4182,2025-05-17,,STANDARD,19.99,Active,,171.91
7028,8391,2025-10-05,2026-04-16,BASIC,9.99,Churned,COMP-01,64.27
7029,5532,2024-05-12,,BASIC,9.99,Active,,209.12
7030,9660,2026-05-26,,PREMIUM,39.99,Active,,-154.63
7031,5613,2023-10-05,,BASIC,9.99,Active,,282.38
7032,3576,2024-01-15,2024-12-28,BASIC,9.99,Churned,PRICE-02,115.88
7033,3683,2026-01-11,,BASIC,9.99,Active,,6.33
7034,5093,2023-11-07,2025-07-24,STANDARD,19.99,Churned,PROD-01,416.46
7035,7408,2024-05-18,2024-06-25,PREMIUM,39.99,Churned,SERVICE-01,50.65
7036,9364,2025-09-18,,PREMIUM,39.99,Active,,178.62
7037,3731,2023-02-02,2023-08-29,BASIC,9.99,Churned,PRICE-01,69.26
7038,6206,2024-08-09,,PREMIUM,39.99,Active,,718.49
7039,3769,2024-07-04,,PREMIUM,39.99,Active,,766.48
7040,5079,2025-05-14,2025-11-30,BASIC,9.99,Churned,COMP-01,66.6
7041,4537,2025-01-17,2025-05-05,STANDARD,19.99,Churned,PRICE-02,71.96
7042,9788,2024-12-04,2025-08-05,PREMIUM,39.99,Churned,COMP-01,325.25
7043,7506,2023-08-28,,PREMIUM,39.99,Active,,1181.04
7044,8363,2025-03-26,,STANDARD,19.99,Active,,206.56
7045,55,2024-01-15,,STANDARD,19.99,Active,,497.08
7046,1314,2025-12-30,2027-07-23,STANDARD,19.99,Churned,SERVICE-02,379.81
7047,6793,2024-12-14,,STANDARD,19.99,Active,,274.53
7048,3554,2023-01-16,2024-10-05,BASIC,9.99,Churned,PRICE-02,209.12
7049,855,2023-02-14,,BASIC,9.99,Active,,359.97
7050,7964,2024-04-06,2025-07-08,BASIC,9.99,Churned,PROD-01,152.51
7051,9806,2025-05-17,,PREMIUM,39.99,Active,,343.91
7052,3230,2024-01-12,2024-07-11,BASIC,9.99,Churned,TECH-01,60.27
7053,4451,2023-04-08,,BASIC,9.99,Active,,342.32
7054,6184,2025-07-13,2025-09-01,BASIC,9.99,Churned,PRICE-01,16.65
7055,6808,2025-02-11,2026-07-01,PREMIUM,39.99,Churned,PRICE-02,673.16
7056,2815,2023-10-31,,PREMIUM,39.99,Active,,1095.73
7057,9409,2024-12-12,2026-10-13,STANDARD,19.99,Churned,PROD-01,446.44
7058,525,2024-04-13,,STANDARD,19.99,Active,,437.78
7059,1216,2025-10-28,2027-06-19,PREMIUM,39.99,Churned,COMP-01,798.47
7060,304,2023-01-12,,STANDARD,19.99,Active,,742.3
7061,5738,2024-08-27,,PREMIUM,39.99,Active,,694.49
7062,5477,2025-06-01,,STANDARD,19.99,Active,,161.92
7063,6069,2024-07-14,,BASIC,9.99,Active,,188.14
7064,377,2023-03-05,2024-06-22,BASIC,9.99,Churned,PROD-01,158.18
7065,8079,2024-12-23,,BASIC,9.99,Active,,134.2
7066,7449,2024-05-10,2025-09-07,BASIC,9.99,Churned,SERVICE-01,161.51
7067,3835,2025-06-15,,PREMIUM,39.99,Active,,305.26
7068,9278,2025-02-26,,STANDARD,19.99,Active,,225.22
7069,3442,2024-08-24,,PREMIUM,39.99,Active,,698.49
7070,7009,2025-04-11,2026-11-14,BASIC,9.99,Churned,SERVICE-02,193.81
7071,9675,2026-03-07,,PREMIUM,39.99,Active,,-47.99
7072,4572,2023-01-07,2024-12-04,PREMIUM,39.99,Churned,TECH-01,929.1
7073,1893,2025-09-04,,PREMIUM,39.99,Active,,197.28
7074,2954,2026-06-05,2026-08-26,PREMIUM,39.99,Churned,PRICE-01,109.31
7075,4835,2024-06-05,2026-03-17,PREMIUM,39.99,Churned,PRICE-02,866.45
7076,2569,2024-06-26,,PREMIUM,39.99,Active,,777.14
7077,9036,2023-10-12,,PREMIUM,39.99,Active,,1121.05
7078,1671,2026-01-24,2026-06-30,STANDARD,19.99,Churned,PRICE-01,104.61
7079,8774,2024-11-12,,STANDARD,19.99,Active,,295.85
7080,811,2025-08-18,2027-04-27,BASIC,9.99,Churned,PRICE-02,205.46
7081,982,2025-06-11,,STANDARD,19.99,Active,,155.26
7082,9037,2025-09-15,,PREMIUM,39.99,Active,,182.62
7083,5270,2023-10-26,,STANDARD,19.99,Active,,551.06
7084,7756,2023-02-10,,BASIC,9.99,Active,,361.31
7085,5429,2025-09-08,,STANDARD,19.99,Active,,95.95
7086,702,2025-10-27,,BASIC,9.99,Active,,31.63
7087,3763,2024-09-07,,PREMIUM,39.99,Active,,679.83
7088,5138,2026-03-01,,BASIC,9.99,Active,,-9.99
7089,8135,2023-11-25,2025-10-29,PREMIUM,39.99,Churned,PROD-01,938.43
7090,3770,2023-02-15,,PREMIUM,39.99,Active,,1439.64
7091,7948,2025-01-31,,BASIC,9.99,Active,,121.21
7092,9657,2024-08-07,,PREMIUM,39.99,Active,,721.15
7093,3135,2023-02-28,,STANDARD,19.99,Active,,710.98
7094,3589,2023-09-11,,BASIC,9.99,Active,,290.38
7095,1922,2024-04-10,,PREMIUM,39.99,Active,,879.78
7096,763,2024-06-01,,BASIC,9.99,Active,,202.46
7097,9892,2024-10-13,,BASIC,9.99,Active,,157.84
7098,9663,2025-02-09,,PREMIUM,39.99,Active,,473.22
7099,4479,2023-01-20,2024-05-06,PREMIUM,39.99,Churned,PRICE-01,629.18
7100,3572,2023-08-05,,PREMIUM,39.99,Active,,1211.7
7101,2,2024-10-07,2026-04-22,BASIC,9.99,Churned,PRICE-01,187.15
7102,7449,2026-02-21,2026-06-18,STANDARD,19.99,Churned,PRICE-01,77.96
7103,9666,2025-08-14,,BASIC,9.99,Active,,56.28
7104,4158,2023-02-16,,PREMIUM,39.99,Active,,1438.31
7105,9509,2024-05-20,,BASIC,9.99,Active,,206.46
7106,9959,2023-02-09,,STANDARD,19.99,Active,,723.64
7107,6171,2023-08-02,,BASIC,9.99,Active,,303.7
7108,4958,2026-06-21,,STANDARD,19.99,Active,,-94.62
7109,4516,2023-08-28,,STANDARD,19.99,Active,,590.37
7110,1860,2024-06-07,,PREMIUM,39.99,Active,,802.47
7111,2835,2024-08-04,2026-07-30,BASIC,9.99,Churned,PRICE-01,241.43
7112,149,2026-02-03,2026-10-29,BASIC,9.99,Churned,SERVICE-02,89.24
7113,3222,2025-04-21,2027-04-19,STANDARD,19.99,Churned,TECH-01,485.09
7114,5638,2024-02-15,2024-04-21,STANDARD,19.99,Churned,COMP-01,43.98
7115,1143,2026-01-07,,STANDARD,19.99,Active,,15.33
7116,8817,2024-08-11,,PREMIUM,39.99,Active,,715.82
7117,7462,2023-02-11,2024-09-16,STANDARD,19.99,Churned,PRICE-02,388.47
7118,3510,2025-07-17,,STANDARD,19.99,Active,,131.27
7119,6726,2023-09-13,,BASIC,9.99,Active,,289.71
7120,4962,2023-06-30,,STANDARD,19.99,Active,,629.68
7121,5823,2023-12-29,,STANDARD,19.99,Active,,508.41
7122,3640,2025-01-20,,BASIC,9.99,Active,,124.88
7123,720,2025-01-08,2026-04-21,BASIC,9.99,Churned,COMP-01,155.84
7124,9980,2025-07-29,,PREMIUM,39.99,Active,,246.61
7125,2993,2024-02-20,,STANDARD,19.99,Active,,473.1
7126,1161,2023-01-22,,STANDARD,19.99,Active,,735.63
7127,1029,2023-06-06,2024-06-28,BASIC,9.99,Churned,PRICE-02,129.2
7128,1601,2023-01-30,,PREMIUM,39.99,Active,,1460.97
7129,3322,2024-10-12,2026-06-15,PREMIUM,39.99,Churned,SERVICE-01,814.46
7130,4516,2024-11-13,,STANDARD,19.99,Active,,295.19
7131,1077,2024-11-05,2025-11-11,PREMIUM,39.99,Churned,COMP-01,494.54
7132,6765,2026-02-26,,STANDARD,19.99,Active,,-17.99
7133,4630,2026-01-21,2027-05-21,PREMIUM,39.99,Churned,TECH-01,646.51
7134,2617,2023-03-10,,STANDARD,19.99,Active,,704.31
7135,2773,2024-12-24,,PREMIUM,39.99,Active,,535.87
7136,2442,2024-07-10,,STANDARD,19.99,Active,,379.14
7137,2266,2026-05-10,,BASIC,9.99,Active,,-33.3
7138,8544,2026-05-24,,PREMIUM,39.99,Active,,-151.96
7139,1197,2024-12-08,,BASIC,9.99,Active,,139.19
7140,9512,2025-06-07,,STANDARD,19.99,Active,,157.92
7141,7210,2023-05-05,2024-04-19,BASIC,9.99,Churned,PRICE-01,116.55
7142,1754,2025-04-09,,BASIC,9.99,Active,,98.57
7143,4045,2023-02-03,,PREMIUM,39.99,Active,,1455.64
7144,5057,2024-08-26,,PREMIUM,39.99,Active,,695.83
7145,9657,2026-03-21,,BASIC,9.99,Active,,-16.65
7146,9314,2025-03-13,,STANDARD,19.99,Active,,215.23
7147,7240,2025-07-16,2026-05-08,STANDARD,19.99,Churned,COMP-01,197.23
7148,1600,2024-07-18,,PREMIUM,39.99,Active,,747.81
7149,8347,2026-06-28,,BASIC,9.99,Active,,-49.62
7150,9278,2025-04-25,2025-09-16,STANDARD,19.99,Churned,PRICE-01,95.95
7151,9676,2023-09-15,,PREMIUM,39.99,Active,,1157.04
7152,7397,2023-03-07,,BASIC,9.99,Active,,352.98
7153,2903,2023-07-10,,STANDARD,19.99,Active,,623.02
7154,1201,2025-04-28,,STANDARD,19.99,Active,,184.57
7155,9979,2026-03-28,2027-08-08,BASIC,9.99,Churned,PROD-01,165.83
7156,9131,2024-05-31,,STANDARD,19.99,Active,,405.8
7157,2344,2024-07-14,2025-05-19,PREMIUM,39.99,Churned,PROD-01,411.9
7158,6378,2023-10-19,,STANDARD,19.99,Active,,555.72
7159,33,2024-03-25,2024-09-21,PREMIUM,39.99,Churned,PRICE-01,239.94
7160,7957,2024-01-14,,PREMIUM,39.99,Active,,995.75
7161,9600,2024-11-17,,PREMIUM,39.99,Active,,585.19
7162,2234,2024-12-17,,STANDARD,19.99,Active,,272.53
7163,458,2026-02-24,2027-05-14,PREMIUM,39.99,Churned,PROD-01,591.85
7164,8405,2023-11-20,,PREMIUM,39.99,Active,,1069.07
7165,6448,2024-09-12,,STANDARD,19.99,Active,,336.5
7166,8186,2024-03-18,,BASIC,9.99,Active,,227.44
7167,7243,2026-05-23,,STANDARD,19.99,Active,,-75.3
7168,5985,2023-06-04,2024-10-16,PREMIUM,39.99,Churned,PRICE-02,666.5
7169,1592,2025-07-29,,BASIC,9.99,Active,,61.61
7170,3525,2026-05-24,,STANDARD,19.99,Active,,-75.96
7171,2955,2024-04-28,,STANDARD,19.99,Active,,427.79
7172,7697,2023-12-23,,STANDARD,19.99,Active,,512.41
7173,4765,2023-12-24,2024-05-24,STANDARD,19.99,Churned,PRICE-02,101.28
7174,2687,2024-12-21,,PREMIUM,39.99,Active,,539.87
7175,6121,2024-08-23,,STANDARD,19.99,Active,,349.82
7176,6881,2025-11-08,,PREMIUM,39.99,Active,,110.64
7177,3860,2023-02-06,2024-12-04,PREMIUM,39.99,Churned,PROD-01,889.11
7178,562,2023-11-22,,PREMIUM,39.99,Active,,1066.4
7179,7055,2025-12-05,2026-10-30,BASIC,9.99,Churned,SERVICE-02,109.56
7180,7243,2023-08-05,,STANDARD,19.99,Active,,605.7
7181,2184,2026-06-28,2028-01-20,STANDARD,19.99,Churned,TECH-01,380.48
7182,752,2025-02-12,,PREMIUM,39.99,Active,,469.22
7183,7827,2023-06-14,,PREMIUM,39.99,Active,,1281.01
7184,7918,2023-05-06,2024-10-16,BASIC,9.99,Churned,COMP-01,176.16
7185,364,2023-05-18,2025-01-07,PREMIUM,39.99,Churned,PRICE-01,799.8
7186,5222,2024-08-20,2026-02-02,PREMIUM,39.99,Churned,SERVICE-02,707.82
7187,1737,2025-02-14,,BASIC,9.99,Active,,116.55
7188,2657,2023-07-25,,STANDARD,19.99,Active,,613.03
7189,231,2026-03-08,,STANDARD,19.99,Active,,-24.65
7190,3350,2023-02-08,,STANDARD,19.99,Active,,724.3
7191,3914,2025-06-13,,BASIC,9.99,Active,,76.92
7192,929,2023-10-06,2024-04-19,STANDARD,19.99,Churned,TECH-01,130.6
7193,2798,2024-09-26,,BASIC,9.99,Active,,163.5
7194,8297,2025-07-31,,BASIC,9.99,Active,,60.94
7195,9527,2025-05-10,,STANDARD,19.99,Active,,176.58
7196,1304,2025-04-05,2025-12-08,BASIC,9.99,Churned,PRICE-01,82.25
7197,7780,2023-03-16,2024-05-15,BASIC,9.99,Churned,PRICE-01,141.86
7198,9824,2023-06-22,,PREMIUM,39.99,Active,,1270.35
7199,1797,2024-11-16,,PREMIUM,39.99,Active,,586.52
7200,7072,2024-09-27,,PREMIUM,39.99,Active,,653.17
7201,1102,2025-09-12,,STANDARD,19.99,Active,,93.29
7202,6221,2025-08-15,,STANDARD,19.99,Active,,111.94
7203,4438,2023-09-23,,BASIC,9.99,Active,,286.38
7204,8941,2026-01-08,,BASIC,9.99,Active,,7.33
7205,5957,2025-08-12,,PREMIUM,39.99,Active,,227.94
7206,891,2025-01-23,,STANDARD,19.99,Active,,247.88
7207,2648,2025-07-28,2026-01-15,BASIC,9.99,Churned,SERVICE-02,56.94
7208,1200,2023-08-07,2024-01-27,PREMIUM,39.99,Churned,PRICE-01,230.61
7209,5806,2025-04-28,2026-08-25,BASIC,9.99,Churned,PROD-01,161.17
7210,312,2024-02-05,2024-08-10,PREMIUM,39.99,Churned,SERVICE-02,249.27
7211,3588,2023-02-21,2024-07-21,BASIC,9.99,Churned,PRICE-02,171.83
7212,4141,2025-04-29,,PREMIUM,39.99,Active,,367.91
7213,9080,2024-11-12,,STANDARD,19.99,Active,,295.85
7214,7999,2026-04-23,,PREMIUM,39.99,Active,,-110.64
7215,1512,2026-01-31,,STANDARD,19.99,Active,,-0.67
7216,4584,2024-05-13,,BASIC,9.99,Active,,208.79
7217,8879,2024-01-31,2025-12-26,STANDARD,19.99,Churned,PRICE-01,463.1
7218,2098,2023-04-13,,BASIC,9.99,Active,,340.66
7219,2076,2025-08-30,,PREMIUM,39.99,Active,,203.95
7220,7803,2023-05-24,,BASIC,9.99,Active,,327.01
7221,1744,2024-04-25,,STANDARD,19.99,Active,,429.78
7222,8229,2025-10-21,,STANDARD,19.99,Active,,67.3
7223,6014,2023-07-31,,PREMIUM,39.99,Active,,1218.36
7224,9960,2023-03-06,2024-08-21,PREMIUM,39.99,Churned,COMP-01,711.82
7225,1608,2026-02-22,,PREMIUM,39.99,Active,,-30.66
7226,5857,2024-10-14,,PREMIUM,39.99,Active,,630.51
7227,3521,2023-01-28,2024-09-25,PREMIUM,39.99,Churned,PRICE-01,807.8
7228,9681,2024-02-06,2026-01-17,STANDARD,19.99,Churned,COMP-01,473.76
7229,3505,2025-06-06,,STANDARD,19.99,Active,,158.59
7230,4358,2025-12-13,,BASIC,9.99,Active,,15.98
7231,1109,2024-04-25,2024-10-08,BASIC,9.99,Churned,PROD-01,55.28
7232,6404,2023-12-03,2025-08-25,BASIC,9.99,Churned,PROD-01,210.12
7233,1086,2023-07-02,,PREMIUM,39.99,Active,,1257.02
7234,2473,2025-06-13,,STANDARD,19.99,Active,,153.92
7235,6186,2024-05-05,2024-12-16,PREMIUM,39.99,Churned,COMP-01,299.93
7236,9287,2023-08-03,2025-01-16,PREMIUM,39.99,Churned,SERVICE-02,709.16
7237,7654,2024-10-03,2025-04-11,BASIC,9.99,Churned,SERVICE-02,63.27
7238,5032,2025-11-05,,BASIC,9.99,Active,,28.64
7239,6802,2023-06-13,,STANDARD,19.99,Active,,641.01
7240,455,2025-10-01,,BASIC,9.99,Active,,40.29
7241,2179,2024-12-20,,BASIC,9.99,Active,,135.2
7242,2242,2025-07-26,,STANDARD,19.99,Active,,125.27
7243,4387,2025-12-12,,BASIC,9.99,Active,,16.32
7244,7500,2023-06-25,2024-09-12,BASIC,9.99,Churned,PRICE-02,148.19
7245,7951,2026-06-10,,STANDARD,19.99,Active,,-87.29
7246,7878,2024-08-04,2025-07-14,PREMIUM,39.99,Churned,COMP-01,458.55
7247,7115,2025-12-31,,BASIC,9.99,Active,,9.99
7248,6290,2023-11-28,2024-04-26,STANDARD,19.99,Churned,PRICE-02,99.95
7249,1305,2025-01-23,,PREMIUM,39.99,Active,,495.88
7250,6584,2026-06-04,2026-08-18,STANDARD,19.99,Churned,PROD-01,49.97
7251,2515,2024-02-14,2025-08-04,PREMIUM,39.99,Churned,PRICE-02,715.82
7252,4976,2026-04-10,,STANDARD,19.99,Active,,-46.64
7253,5812,2025-10-23,,STANDARD,19.99,Active,,65.97
7254,9700,2023-04-16,,BASIC,9.99,Active,,339.66
7255,4268,2023-05-17,,PREMIUM,39.99,Active,,1318.34
7256,9086,2025-01-21,,BASIC,9.99,Active,,124.54
7257,7031,2024-01-02,,PREMIUM,39.99,Active,,1011.75
7258,9727,2025-11-05,,PREMIUM,39.99,Active,,114.64
7259,21,2025-01-31,,BASIC,9.99,Active,,121.21
7260,3563,2025-12-19,2027-04-03,PREMIUM,39.99,Churned,PRICE-02,626.51
7261,3716,2023-11-17,,STANDARD,19.99,Active,,536.4
7262,5495,2024-03-25,2025-02-18,PREMIUM,39.99,Churned,PRICE-02,439.89
7263,2524,2024-03-18,2024-04-27,BASIC,9.99,Churned,PRICE-02,13.32
7264,7893,2025-03-12,,PREMIUM,39.99,Active,,431.89
7265,6375,2024-11-18,2025-10-04,PREMIUM,39.99,Churned,TECH-01,426.56
7266,912,2026-04-05,2027-10-16,STANDARD,19.99,Churned,PRICE-02,372.48
7267,7405,2026-04-04,,STANDARD,19.99,Active,,-42.65
7268,4242,2026-04-09,,PREMIUM,39.99,Active,,-91.98
7269,7919,2024-03-29,,PREMIUM,39.99,Active,,895.78
7270,2364,2025-09-02,2027-01-27,BASIC,9.99,Churned,PROD-01,170.5
7271,1068,2025-11-11,2026-12-31,BASIC,9.99,Churned,SERVICE-01,138.2
7272,680,2023-12-25,,PREMIUM,39.99,Active,,1022.41
7273,7376,2023-07-01,,STANDARD,19.99,Active,,629.02
7274,8598,2026-03-12,,STANDARD,19.99,Active,,-27.32
7275,5214,2023-09-14,,PREMIUM,39.99,Active,,1158.38
7276,371,2025-06-29,,PREMIUM,39.99,Active,,286.6
7277,4477,2023-01-10,,BASIC,9.99,Active,,371.63
7278,6059,2023-01-24,,BASIC,9.99,Active,,366.97
7279,8059,2023-08-29,,STANDARD,19.99,Active,,589.7
7280,9470,2023-11-09,,STANDARD,19.99,Active,,541.73
7281,9377,2026-05-24,,BASIC,9.99,Active,,-37.96
7282,9092,2024-02-26,,BASIC,9.99,Active,,234.43
7283,5089,2023-02-05,2023-05-09,BASIC,9.99,Churned,TECH-01,30.97
7284,4632,2023-05-27,,BASIC,9.99,Active,,326.01
7285,4766,2023-01-25,,PREMIUM,39.99,Active,,1467.63
7286,9680,2024-07-23,2025-11-01,BASIC,9.99,Churned,PRICE-01,155.18
7287,827,2023-02-11,,PREMIUM,39.99,Active,,1444.97
7288,2261,2023-09-13,,BASIC,9.99,Active,,289.71
7289,5422,2023-05-05,,PREMIUM,39.99,Active,,1334.33
7290,9771,2025-09-17,,PREMIUM,39.99,Active,,179.96
7291,6152,2025-05-29,,BASIC,9.99,Active,,81.92
7292,4556,2024-04-06,2024-08-13,PREMIUM,39.99,Churned,SERVICE-02,171.96
7293,8900,2023-12-18,,PREMIUM,39.99,Active,,1031.74
7294,4949,2025-06-03,,PREMIUM,39.99,Active,,321.25
7295,696,2023-06-22,,PREMIUM,39.99,Active,,1270.35
7296,6378,2024-11-14,2026-10-10,STANDARD,19.99,Churned,COMP-01,463.1
7297,6259,2025-10-25,,BASIC,9.99,Active,,32.3
7298,2491,2026-06-24,2026-11-20,PREMIUM,39.99,Churned,PROD-01,198.62
7299,1261,2024-04-08,,PREMIUM,39.99,Active,,882.45
7300,6250,2023-12-20,,PREMIUM,39.99,Active,,1029.08
7301,5938,2024-10-01,,STANDARD,19.99,Active,,323.84
7302,1478,2025-01-01,2026-07-05,BASIC,9.99,Churned,SERVICE-02,183.15
7303,7024,2025-04-26,,STANDARD,19.99,Active,,185.91
7304,4107,2023-07-27,,STANDARD,19.99,Active,,611.69
7305,7771,2025-05-13,,BASIC,9.99,Active,,87.25
7306,9253,2026-04-28,,STANDARD,19.99,Active,,-58.64
7307,3727,2025-03-07,,PREMIUM,39.99,Active,,438.56
7308,603,2023-01-04,,PREMIUM,39.99,Active,,1495.63
7309,6682,2023-03-31,2024-10-14,BASIC,9.99,Churned,TECH-01,187.48
7310,3793,2023-08-19,2024-08-18,STANDARD,19.99,Churned,PROD-01,243.21
7311,7891,2023-07-11,,BASIC,9.99,Active,,311.02
7312,7650,2024-12-16,,BASIC,9.99,Active,,136.53
7313,1374,2024-05-02,,PREMIUM,39.99,Active,,850.45
7314,2994,2025-10-13,,PREMIUM,39.99,Active,,145.3
7315,5497,2026-04-06,,PREMIUM,39.99,Active,,-87.98
7316,5489,2024-06-20,2025-02-24,BASIC,9.99,Churned,PROD-01,82.92
7317,2208,2024-06-01,2024-10-31,PREMIUM,39.99,Churned,PRICE-02,202.62
7318,6948,2025-11-25,,STANDARD,19.99,Active,,43.98
7319,2914,2023-12-18,,PREMIUM,39.99,Active,,1031.74
7320,9202,2025-06-20,,STANDARD,19.99,Active,,149.26
7321,712,2023-09-01,,PREMIUM,39.99,Active,,1175.71
7322,2495,2024-12-30,,PREMIUM,39.99,Active,,527.87
7323,4977,2025-10-12,,BASIC,9.99,Active,,36.63
7324,1264,2026-02-16,,PREMIUM,39.99,Active,,-22.66
7325,2157,2024-02-09,,BASIC,9.99,Active,,240.09
7326,553,2024-08-09,2024-12-09,BASIC,9.99,Churned,TECH-01,40.63
7327,5494,2025-05-18,2026-03-04,STANDARD,19.99,Churned,PROD-01,193.24
7328,2479,2026-02-04,2027-06-05,STANDARD,19.99,Churned,PROD-01,323.84
7329,1494,2025-09-24,,PREMIUM,39.99,Active,,170.62
7330,849,2023-10-19,2024-04-05,STANDARD,19.99,Churned,TECH-01,112.61
7331,8544,2025-08-13,,PREMIUM,39.99,Active,,226.61
7332,4756,2024-03-27,,PREMIUM,39.99,Active,,898.44
7333,8371,2024-12-03,2026-09-27,BASIC,9.99,Churned,PRICE-01,220.78
7334,4133,2025-06-12,,PREMIUM,39.99,Active,,309.26
7335,2560,2024-12-03,,STANDARD,19.99,Active,,281.86
7336,1791,2024-10-01,2025-11-12,PREMIUM,39.99,Churned,TECH-01,542.53
7337,4805,2025-11-21,2026-09-30,PREMIUM,39.99,Churned,PRICE-01,417.23
7338,3309,2023-12-11,,STANDARD,19.99,Active,,520.41
7339,9164,2024-11-16,,BASIC,9.99,Active,,146.52
7340,2744,2024-07-18,,BASIC,9.99,Active,,186.81
7341,4295,2023-12-15,,PREMIUM,39.99,Active,,1035.74
7342,3752,2024-05-21,,STANDARD,19.99,Active,,412.46
7343,544,2025-05-05,,BASIC,9.99,Active,,89.91
7344,6023,2024-01-11,2025-01-26,STANDARD,19.99,Churned,TECH-01,253.87
7345,9235,2026-03-13,2028-01-20,PREMIUM,39.99,Churned,COMP-01,903.77
7346,7328,2023-04-27,2023-12-01,STANDARD,19.99,Churned,TECH-01,145.26
7347,6750,2024-11-07,2026-04-21,STANDARD,19.99,Churned,PRICE-01,353.16
7348,931,2023-11-15,,STANDARD,19.99,Active,,537.73
7349,8582,2023-04-01,,PREMIUM,39.99,Active,,1379.65
7350,3160,2023-08-16,,BASIC,9.99,Active,,299.03
7351,533,2025-06-15,2027-01-20,PREMIUM,39.99,Churned,PRICE-01,778.47
7352,1527,2024-05-09,,STANDARD,19.99,Active,,420.46
7353,9755,2023-03-27,,STANDARD,19.99,Active,,692.99
7354,4034,2025-02-17,2026-12-31,PREMIUM,39.99,Churned,SERVICE-02,909.11
7355,1499,2023-01-01,,BASIC,9.99,Active,,374.62
7356,5313,2023-01-23,,BASIC,9.99,Active,,367.3
7357,119,2026-03-15,,BASIC,9.99,Active,,-14.65
7358,9369,2023-11-09,,PREMIUM,39.99,Active,,1083.73
7359,2461,2026-06-29,,BASIC,9.99,Active,,-49.95
7360,8399,2023-12-11,,STANDARD,19.99,Active,,520.41
7361,8129,2024-02-25,2025-02-24,STANDARD,19.99,Churned,SERVICE-02,243.21
7362,1528,2023-04-21,,STANDARD,19.99,Active,,676.33
7363,5416,2026-01-11,,STANDARD,19.99,Active,,12.66
7364,3088,2023-08-10,,PREMIUM,39.99,Active,,1205.03
7365,8139,2023-07-31,,STANDARD,19.99,Active,,609.03
7366,6694,2023-03-07,,PREMIUM,39.99,Active,,1412.98
7367,4621,2025-03-07,,STANDARD,19.99,Active,,219.22
7368,6129,2024-12-16,2026-11-25,PREMIUM,39.99,Churned,PROD-01,945.1
7369,113,2026-04-12,,PREMIUM,39.99,Active,,-95.98
7370,9869,2025-04-06,,PREMIUM,39.99,Active,,398.57
7371,475,2026-04-03,,PREMIUM,39.99,Active,,-83.98
7372,1002,2023-05-29,,STANDARD,19.99,Active,,651.01
7373,3526,2023-03-31,,BASIC,9.99,Active,,344.99
7374,6649,2024-04-17,2025-04-30,BASIC,9.99,Churned,PROD-01,125.87
7375,1593,2025-07-27,,BASIC,9.99,Active,,62.27
7376,5968,2024-11-20,,BASIC,9.99,Active,,145.19
7377,7670,2025-06-01,,BASIC,9.99,Active,,80.92
7378,13,2025-10-10,,BASIC,9.99,Active,,37.3
7379,7931,2023-07-23,,STANDARD,19.99,Active,,614.36
7380,6881,2025-10-22,,PREMIUM,39.99,Active,,133.3
7381,7304,2024-06-18,,PREMIUM,39.99,Active,,787.8
7382,4813,2025-01-15,,BASIC,9.99,Active,,126.54
7383,876,2026-05-09,,PREMIUM,39.99,Active,,-131.97
7384,1088,2025-05-03,,BASIC,9.99,Active,,90.58
7385,2557,2024-02-08,,PREMIUM,39.99,Active,,962.43
7386,7109,2025-10-23,,STANDARD,19.99,Active,,65.97
7387,4650,2024-09-13,,PREMIUM,39.99,Active,,671.83
7388,1892,2023-01-17,2024-05-19,STANDARD,19.99,Churned,PRICE-01,325.17
7389,3321,2023-02-06,,STANDARD,19.99,Active,,725.64
7390,4640,2025-09-15,,PREMIUM,39.99,Active,,182.62
7391,1257,2025-05-13,,PREMIUM,39.99,Active,,349.25
7392,3822,2023-03-04,,PREMIUM,39.99,Active,,1416.98
7393,5616,2026-03-30,2026-06-09,STANDARD,19.99,Churned,SERVICE-01,47.31
7394,8749,2024-08-11,,BASIC,9.99,Active,,178.82
7395,5048,2024-01-08,2024-10-14,PREMIUM,39.99,Churned,PROD-01,373.24
7396,7992,2025-01-08,,STANDARD,19.99,Active,,257.87
7397,965,2023-07-15,,STANDARD,19.99,Active,,619.69
7398,9151,2023-07-08,,STANDARD,19.99,Active,,624.35
7399,3016,2023-03-30,,PREMIUM,39.99,Active,,1382.32
7400,3359,2026-06-26,2028-05-23,STANDARD,19.99,Churned,PROD-01,464.43
7401,3809,2023-05-11,2023-08-30,STANDARD,19.99,Churned,PRICE-01,73.96
7402,5962,2025-06-25,,BASIC,9.99,Active,,72.93
7403,4408,2024-08-15,,BASIC,9.99,Active,,177.49
7404,5796,2024-07-13,,BASIC,9.99,Active,,188.48
7405,4864,2025-01-23,2025-03-20,BASIC,9.99,Churned,SERVICE-01,18.65
7406,4833,2023-10-21,2025-01-06,BASIC,9.99,Churned,COMP-01,147.52
7407,6976,2023-11-15,,STANDARD,19.99,Active,,537.73
7408,8377,2024-02-09,,BASIC,9.99,Active,,240.09
7409,9143,2024-02-05,,BASIC,9.99,Active,,241.43
7410,5555,2025-07-06,2026-04-14,STANDARD,19.99,Churned,COMP-01,187.91
7411,4059,2024-09-09,,BASIC,9.99,Active,,169.16
7412,2424,2025-08-27,,PREMIUM,39.99,Active,,207.95
7413,1190,2023-06-20,,BASIC,9.99,Active,,318.01
7414,1937,2026-05-05,,STANDARD,19.99,Active,,-63.3
7415,3146,2024-12-17,2025-09-20,STANDARD,19.99,Churned,PRICE-01,184.57
7416,7922,2024-10-23,2025-01-28,STANDARD,19.99,Churned,PRICE-01,64.63
7417,5607,2026-03-11,,BASIC,9.99,Active,,-13.32
7418,9508,2024-08-10,,PREMIUM,39.99,Active,,717.15
7419,7101,2025-12-03,,PREMIUM,39.99,Active,,77.31
7420,3891,2025-05-23,,STANDARD,19.99,Active,,167.92
7421,9628,2024-10-20,,STANDARD,19.99,Active,,311.18
7422,3116,2026-01-22,,PREMIUM,39.99,Active,,10.66
7423,5964,2025-03-21,,BASIC,9.99,Active,,104.89
7424,386,2023-06-24,,BASIC,9.99,Active,,316.68
7425,9315,2026-01-25,,PREMIUM,39.99,Active,,6.67
7426,8868,2026-05-08,2027-08-20,PREMIUM,39.99,Churned,PRICE-02,625.18
7427,5455,2026-01-08,,PREMIUM,39.99,Active,,29.33
7428,2306,2026-06-06,,BASIC,9.99,Active,,-42.29
7429,7740,2023-07-05,,STANDARD,19.99,Active,,626.35
7430,7362,2024-01-22,,STANDARD,19.99,Active,,492.42
7431,7627,2024-11-21,,PREMIUM,39.99,Active,,579.86
7432,9953,2024-05-06,,STANDARD,19.99,Active,,422.46
7433,2550,2025-08-16,,BASIC,9.99,Active,,55.61
7434,3415,2023-10-16,2024-01-23,PREMIUM,39.99,Churned,SERVICE-02,131.97
7435,468,2025-07-05,,BASIC,9.99,Active,,69.6
7436,1043,2023-12-14,2024-11-15,PREMIUM,39.99,Churned,SERVICE-01,449.22
7437,2169,2023-03-31,,PREMIUM,39.99,Active,,1380.99
7438,1292,2025-07-26,,STANDARD,19.99,Active,,125.27
7439,4520,2026-06-12,,BASIC,9.99,Active,,-44.29
7440,7813,2025-05-22,,PREMIUM,39.99,Active,,337.25
7441,5614,2024-02-12,,STANDARD,19.99,Active,,478.43
7442,3000,2026-05-15,,BASIC,9.99,Active,,-34.97
7443,9309,2023-07-14,2025-01-05,BASIC,9.99,Churned,PRICE-01,180.15
7444,3003,2025-02-20,,PREMIUM,39.99,Active,,458.55
7445,4959,2025-09-28,,STANDARD,19.99,Active,,82.63
7446,1730,2024-11-23,,STANDARD,19.99,Active,,288.52
7447,6306,2026-01-05,,BASIC,9.99,Active,,8.33
7448,7978,2024-11-09,2025-04-22,PREMIUM,39.99,Churned,PROD-01,218.61
7449,8260,2024-06-28,,STANDARD,19.99,Active,,387.14
7450,8533,2026-01-06,2027-09-13,BASIC,9.99,Churned,PROD-01,204.8
7451,2045,2024-05-23,,PREMIUM,39.99,Active,,822.46
7452,938,2025-10-18,,STANDARD,19.99,Active,,69.3
7453,449,2026-06-02,,PREMIUM,39.99,Active,,-163.96
7454,9576,2025-01-24,2026-09-01,BASIC,9.99,Churned,PROD-01,194.81
7455,7358,2025-01-24,,BASIC,9.99,Active,,123.54
7456,2374,2025-08-25,2025-12-21,BASIC,9.99,Churned,COMP-01,39.29
7457,4330,2025-08-30,2027-01-19,PREMIUM,39.99,Churned,TECH-01,675.83
7458,4638,2025-11-06,2026-02-07,STANDARD,19.99,Churned,PRICE-01,61.97
7459,5206,2024-09-14,,STANDARD,19.99,Active,,335.17
7460,4094,2023-03-07,,PREMIUM,39.99,Active,,1412.98
7461,2651,2023-12-18,,BASIC,9.99,Active,,257.74
7462,6840,2023-06-10,,STANDARD,19.99,Active,,643.01
7463,3044,2024-02-04,,BASIC,9.99,Active,,241.76
7464,2708,2023-01-05,,STANDARD,19.99,Active,,746.96
7465,5882,2024-10-05,2025-06-19,BASIC,9.99,Churned,COMP-01,85.58
7466,9471,2024-08-04,,BASIC,9.99,Active,,181.15
7467,6954,2023-08-31,,PREMIUM,39.99,Active,,1177.04
7468,9580,2025-01-05,,STANDARD,19.99,Active,,259.87
7469,3074,2023-01-25,2023-09-16,BASIC,9.99,Churned,PROD-01,77.92
7470,7749,2024-08-31,,STANDARD,19.99,Active,,344.49
7471,2960,2023-09-30,,BASIC,9.99,Active,,284.05
7472,7244,2024-09-26,,BASIC,9.99,Active,,163.5
7473,8985,2024-07-27,,STANDARD,19.99,Active,,367.82
7474,5636,2024-10-22,,BASIC,9.99,Active,,154.84
7475,4695,2024-01-11,,PREMIUM,39.99,Active,,999.75
7476,2202,2024-07-16,,STANDARD,19.99,Active,,375.15
7477,5617,2026-02-20,,BASIC,9.99,Active,,-6.99
7478,5952,2024-06-20,,STANDARD,19.99,Active,,392.47
7479,8195,2023-09-26,2025-06-20,STANDARD,19.99,Churned,PRICE-01,421.79
7480,8674,2025-05-23,2025-08-24,PREMIUM,39.99,Churned,PRICE-02,123.97
7481,4388,2023-02-25,,STANDARD,19.99,Active,,712.98
7482,4130,2026-05-16,2028-01-27,STANDARD,19.99,Churned,SERVICE-01,413.79
7483,9091,2025-07-06,,STANDARD,19.99,Active,,138.6
7484,9957,2026-06-13,,BASIC,9.99,Active,,-44.62
7485,1152,2024-05-27,2025-12-23,BASIC,9.99,Churned,TECH-01,191.48
7486,3403,2023-08-12,2023-12-03,BASIC,9.99,Churned,PRICE-02,37.63
7487,1716,2025-12-09,,STANDARD,19.99,Active,,34.65
7488,7413,2023-10-21,,STANDARD,19.99,Active,,554.39
7489,1499,2023-11-30,,PREMIUM,39.99,Active,,1055.74
7490,1637,2025-12-07,,PREMIUM,39.99,Active,,71.98
7491,9849,2023-12-06,,PREMIUM,39.99,Active,,1047.74
7492,4072,2023-06-24,2023-12-17,BASIC,9.99,Churned,SERVICE-02,58.61
7493,5339,2025-07-14,,BASIC,9.99,Active,,66.6
7494,1565,2025-11-13,2027-03-13,BASIC,9.99,Churned,SERVICE-01,161.51
7495,8954,2023-01-04,,PREMIUM,39.99,Active,,1495.63
7496,8822,2026-04-20,,STANDARD,19.99,Active,,-53.31
7497,157,2023-05-16,,STANDARD,19.99,Active,,659.67
7498,4780,2024-09-23,,BASIC,9.99,Active,,164.5
7499,4030,2025-10-30,2026-01-26,PREMIUM,39.99,Churned,COMP-01,117.3
7500,6235,2025-07-30,,STANDARD,19.99,Active,,122.61
7501,8505,2023-04-01,,PREMIUM,39.99,Active,,1379.65
7502,3422,2024-03-13,,PREMIUM,39.99,Active,,917.1
7503,6194,2023-10-11,,BASIC,9.99,Active,,280.39
7504,3959,2024-05-10,2025-01-10,BASIC,9.99,Churned,SERVICE-02,81.58
7505,4523,2025-10-29,,STANDARD,19.99,Active,,61.97
7506,4383,2024-07-28,,PREMIUM,39.99,Active,,734.48
7507,7061,2025-03-29,,STANDARD,19.99,Active,,204.56
7508,9226,2025-11-18,,BASIC,9.99,Active,,24.31
7509,4925,2025-04-24,,PREMIUM,39.99,Active,,374.57
7510,5935,2023-05-31,,BASIC,9.99,Active,,324.68
7511,3480,2023-12-04,,BASIC,9.99,Active,,262.4
7512,9850,2025-08-12,,BASIC,9.99,Active,,56.94
7513,933,2023-09-16,2024-04-02,STANDARD,19.99,Churned,SERVICE-02,132.6
7514,9929,2025-06-24,,BASIC,9.99,Active,,73.26
7515,3441,2026-03-18,,BASIC,9.99,Active,,-15.65
7516,6633,2025-04-11,,STANDARD,19.99,Active,,195.9
7517,2185,2026-04-21,2027-10-01,STANDARD,19.99,Churned,PRICE-01,351.82
7518,1137,2026-01-30,2026-03-13,BASIC,9.99,Churned,TECH-01,13.99
7519,9009,2023-04-23,,STANDARD,19.99,Active,,675.0
7520,5986,2026-01-25,,PREMIUM,39.99,Active,,6.67
7521,2136,2023-06-26,,BASIC,9.99,Active,,316.02
7522,5119,2025-03-08,,PREMIUM,39.99,Active,,437.22
7523,3668,2024-12-21,,BASIC,9.99,Active,,134.87
7524,5479,2024-03-09,,PREMIUM,39.99,Active,,922.44
7525,7921,2026-05-01,,BASIC,9.99,Active,,-30.3
7526,5755,2024-11-08,,BASIC,9.99,Active,,149.18
7527,7855,2025-09-27,,PREMIUM,39.99,Active,,166.63
7528,7465,2025-04-05,,BASIC,9.99,Active,,99.9
7529,7878,2025-07-15,2026-11-09,PREMIUM,39.99,Churned,COMP-01,642.51
7530,6634,2026-05-07,2027-12-26,STANDARD,19.99,Churned,TECH-01,398.47
7531,642,2024-06-25,,BASIC,9.99,Active,,194.47
7532,2008,2025-02-18,2026-10-31,PREMIUM,39.99,Churned,COMP-01,826.46
7533,4111,2023-09-14,,PREMIUM,39.99,Active,,1158.38
7534,6049,2025-07-20,,BASIC,9.99,Active,,64.6
7535,3165,2024-07-09,,STANDARD,19.99,Active,,379.81
7536,2387,2026-04-21,,BASIC,9.99,Active,,-26.97
7537,4454,2023-09-29,2023-12-05,PREMIUM,39.99,Churned,COMP-01,89.31
7538,3608,2025-02-13,,STANDARD,19.99,Active,,233.88
7539,2487,2025-02-09,,STANDARD,19.99,Active,,236.55
7540,6039,2025-01-28,,PREMIUM,39.99,Active,,489.21
7541,5119,2023-08-24,,STANDARD,19.99,Active,,593.04
7542,8828,2023-09-16,2025-01-08,STANDARD,19.99,Churned,PROD-01,319.84
7543,4806,2025-03-29,,STANDARD,19.99,Active,,204.56
7544,9277,2024-04-18,,STANDARD,19.99,Active,,434.45
7545,8786,2024-06-26,,BASIC,9.99,Active,,194.14
7546,87,2024-09-27,,PREMIUM,39.99,Active,,653.17
7547,8616,2026-04-20,2026-07-22,PREMIUM,39.99,Churned,COMP-01,123.97
7548,3163,2023-09-27,,BASIC,9.99,Active,,285.05
7549,9805,2024-01-14,,STANDARD,19.99,Active,,497.75
7550,8631,2026-01-08,,BASIC,9.99,Active,,7.33
7551,5822,2025-02-13,2026-02-21,STANDARD,19.99,Churned,TECH-01,248.54
7552,3771,2026-06-15,2028-04-16,PREMIUM,39.99,Churned,PRICE-02,894.44
7553,5756,2024-03-26,,STANDARD,19.99,Active,,449.77
7554,5259,2023-08-12,2024-03-26,BASIC,9.99,Churned,PRICE-01,75.59
7555,8915,2026-05-09,,PREMIUM,39.99,Active,,-131.97
7556,7636,2025-09-30,2027-03-01,BASIC,9.99,Churned,TECH-01,172.16
7557,6712,2024-05-11,,BASIC,9.99,Active,,209.46
7558,7707,2023-08-18,,PREMIUM,39.99,Active,,1194.37
7559,3260,2023-05-09,,BASIC,9.99,Active,,332.0
7560,1862,2024-04-02,,PREMIUM,39.99,Active,,890.44
7561,8207,2023-10-15,,BASIC,9.99,Active,,279.05
7562,3412,2025-08-19,,BASIC,9.99,Active,,54.61
7563,2058,2023-12-17,2025-07-06,PREMIUM,39.99,Churned,PROD-01,755.81
7564,7032,2025-04-26,2026-01-10,STANDARD,19.99,Churned,PROD-01,172.58
7565,6302,2023-05-10,,BASIC,9.99,Active,,331.67
7566,8699,2026-01-13,,PREMIUM,39.99,Active,,22.66
7567,6426,2023-02-13,2025-01-07,BASIC,9.99,Churned,PRICE-01,231.1
7568,7189,2023-02-13,2023-03-21,PREMIUM,39.99,Churned,SERVICE-02,47.99
7569,652,2024-07-20,,PREMIUM,39.99,Active,,745.15
7570,7615,2023-01-25,,BASIC,9.99,Active,,366.63
7571,8374,2024-12-05,,PREMIUM,39.99,Active,,561.19
7572,6387,2023-09-18,,PREMIUM,39.99,Active,,1153.05
7573,5659,2024-03-05,2024-11-28,BASIC,9.99,Churned,PRICE-01,89.24
7574,9592,2024-09-13,2025-07-22,BASIC,9.99,Churned,PRICE-02,103.9
7575,9256,2025-08-03,,STANDARD,19.99,Active,,119.94
7576,3285,2023-07-20,,BASIC,9.99,Active,,308.02
7577,6408,2025-07-11,2026-03-07,PREMIUM,39.99,Churned,COMP-01,318.59
7578,6185,2026-01-15,,STANDARD,19.99,Active,,9.99
7579,1255,2024-03-11,2025-07-20,BASIC,9.99,Churned,COMP-01,165.17
7580,1621,2026-01-20,,BASIC,9.99,Active,,3.33
7581,9853,2024-07-26,,STANDARD,19.99,Active,,368.48
7582,7720,2024-02-02,,STANDARD,19.99,Active,,485.09
7583,5242,2023-07-07,2025-02-21,PREMIUM,39.99,Churned,COMP-01,793.13
7584,2139,2023-08-31,2023-12-05,BASIC,9.99,Churned,SERVICE-02,31.97
7585,2376,2024-02-01,,STANDARD,19.99,Active,,485.76
7586,1651,2025-03-28,2025-08-26,STANDARD,19.99,Churned,COMP-01,100.62
7587,5950,2025-08-13,2026-05-13,STANDARD,19.99,Churned,PRICE-02,181.91
7588,3381,2023-04-20,2025-04-09,PREMIUM,39.99,Churned,PRICE-02,959.76
7589,1801,2023-07-30,,STANDARD,19.99,Active,,609.69
7590,9517,2025-07-10,,BASIC,9.99,Active,,67.93
7591,7411,2023-12-05,2025-11-30,BASIC,9.99,Churned,SERVICE-01,241.76
7592,8050,2024-06-17,2026-03-07,BASIC,9.99,Churned,PROD-01,209.12
7593,4165,2026-01-25,2027-02-25,BASIC,9.99,Churned,PRICE-01,131.87
7594,3205,2025-11-08,,BASIC,9.99,Active,,27.64
7595,5361,2024-04-19,,STANDARD,19.99,Active,,433.78
7596,9821,2023-06-26,,BASIC,9.99,Active,,316.02
7597,3245,2026-05-31,,STANDARD,19.99,Active,,-80.63
7598,2770,2025-10-05,,PREMIUM,39.99,Active,,155.96
7599,6007,2025-08-16,,STANDARD,19.99,Active,,111.28
7600,559,2025-03-07,,PREMIUM,39.99,Active,,438.56
7601,2154,2023-07-04,,PREMIUM,39.99,Active,,1254.35
7602,3967,2023-07-04,,PREMIUM,39.99,Active,,1254.35
7603,3372,2023-09-03,,BASIC,9.99,Active,,293.04
7604,3836,2025-05-21,,PREMIUM,39.99,Active,,338.58
7605,6709,2023-03-08,,STANDARD,19.99,Active,,705.65
7606,9937,2025-01-02,2026-03-20,STANDARD,19.99,Churned,PRICE-01,294.52
7607,2401,2025-02-02,2026-12-25,PREMIUM,39.99,Churned,TECH-01,921.1
7608,8003,2025-09-30,2027-09-09,PREMIUM,39.99,Churned,PROD-01,945.1
7609,2013,2023-08-09,,PREMIUM,39.99,Active,,1206.37
7610,3112,2023-12-25,,BASIC,9.99,Active,,255.41
7611,476,2024-07-24,,BASIC,9.99,Active,,184.81
7612,9841,2023-12-15,,BASIC,9.99,Active,,258.74
7613,6092,2025-01-03,,STANDARD,19.99,Active,,261.2
7614,1308,2024-06-04,,BASIC,9.99,Active,,201.47
7615,353,2025-12-05,2026-12-28,BASIC,9.99,Churned,PRICE-02,129.2
7616,818,2023-02-10,2023-12-26,PREMIUM,39.99,Churned,PRICE-01,425.23
7617,2631,2025-08-31,2025-12-12,STANDARD,19.99,Churned,SERVICE-02,68.63
7618,8009,2025-11-04,2026-05-25,PREMIUM,39.99,Churned,TECH-01,269.27
7619,8402,2023-02-25,,PREMIUM,39.99,Active,,1426.31
7620,2164,2025-06-27,,BASIC,9.99,Active,,72.26
7621,6113,2025-12-18,,STANDARD,19.99,Active,,28.65
7622,2392,2025-12-24,,PREMIUM,39.99,Active,,49.32
7623,1398,2026-05-21,,PREMIUM,39.99,Active,,-147.96
7624,8182,2024-03-12,,PREMIUM,39.99,Active,,918.44
7625,6362,2024-04-13,2025-02-17,BASIC,9.99,Churned,PRICE-02,103.23
7626,7785,2024-12-09,,STANDARD,19.99,Active,,277.86
7627,7075,2025-03-19,,STANDARD,19.99,Active,,211.23
7628,353,2024-01-05,,STANDARD,19.99,Active,,503.75
7629,1107,2025-03-10,,PREMIUM,39.99,Active,,434.56
7630,1978,2023-01-12,,STANDARD,19.99,Active,,742.3
7631,5130,2025-01-22,,BASIC,9.99,Active,,124.21
7632,1052,2025-07-15,,STANDARD,19.99,Active,,132.6
7633,374,2025-11-16,,STANDARD,19.99,Active,,49.97
7634,2000,2023-02-02,2023-04-20,STANDARD,19.99,Churned,PROD-01,51.31
7635,6386,2024-07-06,,STANDARD,19.99,Active,,381.81
7636,8248,2023-12-07,,BASIC,9.99,Active,,261.41
7637,9384,2023-11-01,2024-04-09,STANDARD,19.99,Churned,TECH-01,106.61
7638,4431,2024-11-28,,STANDARD,19.99,Active,,285.19
7639,6150,2025-11-26,2026-11-05,BASIC,9.99,Churned,TECH-01,114.55
7640,6678,2024-12-24,,STANDARD,19.99,Active,,267.87
7641,7615,2024-05-06,,BASIC,9.99,Active,,211.12
7642,3569,2023-03-04,,PREMIUM,39.99,Active,,1416.98
7643,7717,2025-09-01,2026-05-29,PREMIUM,39.99,Churned,TECH-01,359.91
7644,2999,2024-10-27,,PREMIUM,39.99,Active,,613.18
7645,3996,2023-09-19,,PREMIUM,39.99,Active,,1151.71
7646,7227,2023-07-17,2025-04-18,STANDARD,19.99,Churned,COMP-01,427.12
7647,9311,2023-05-01,,STANDARD,19.99,Active,,669.66
7648,4885,2025-12-02,,BASIC,9.99,Active,,19.65
7649,1088,2025-12-10,,STANDARD,19.99,Active,,33.98
7650,3149,2023-09-15,,PREMIUM,39.99,Active,,1157.04
7651,8742,2023-10-13,,BASIC,9.99,Active,,279.72
7652,1979,2024-04-03,,STANDARD,19.99,Active,,444.44
7653,5737,2024-12-16,,BASIC,9.99,Active,,136.53
7654,9441,2024-12-13,,PREMIUM,39.99,Active,,550.53
7655,24,2026-05-02,,PREMIUM,39.99,Active,,-122.64
7656,3344,2024-05-09,2025-07-26,BASIC,9.99,Churned,PRICE-01,147.52
7657,9106,2026-03-17,2027-02-26,PREMIUM,39.99,Churned,TECH-01,461.22
7658,1127,2026-06-29,2027-01-30,BASIC,9.99,Churned,TECH-01,71.59
7659,1074,2023-06-18,,PREMIUM,39.99,Active,,1275.68
7660,2009,2025-02-09,,BASIC,9.99,Active,,118.22
7661,75,2025-06-04,,STANDARD,19.99,Active,,159.92
7662,796,2025-01-06,2026-09-13,PREMIUM,39.99,Churned,TECH-01,819.8
7663,6388,2023-02-21,,STANDARD,19.99,Active,,715.64
7664,6856,2023-04-05,,PREMIUM,39.99,Active,,1374.32
7665,7192,2024-06-23,,PREMIUM,39.99,Active,,781.14
7666,4657,2025-10-06,2026-02-20,PREMIUM,39.99,Churned,SERVICE-02,182.62
7667,3816,2023-03-17,,PREMIUM,39.99,Active,,1399.65
7668,3525,2025-12-24,2027-08-02,PREMIUM,39.99,Churned,PRICE-02,781.14
7669,6004,2024-06-23,,STANDARD,19.99,Active,,390.47
7670,9441,2024-12-14,,BASIC,9.99,Active,,137.2
7671,7207,2026-01-08,2027-06-21,STANDARD,19.99,Churned,PRICE-01,352.49
7672,8046,2026-05-29,,STANDARD,19.99,Active,,-79.29
7673,5479,2025-09-27,,STANDARD,19.99,Active,,83.29
7674,9425,2025-03-12,,PREMIUM,39.99,Active,,431.89
7675,3862,2025-08-14,,BASIC,9.99,Active,,56.28
7676,4290,2024-04-08,,STANDARD,19.99,Active,,441.11
7677,3813,2024-04-20,2026-02-28,BASIC,9.99,Churned,PRICE-01,226.11
7678,5330,2023-01-12,,PREMIUM,39.99,Active,,1484.96
7679,6889,2025-12-18,,BASIC,9.99,Active,,14.32
7680,3225,2025-03-17,2027-01-22,PREMIUM,39.99,Churned,PRICE-02,901.11
7681,6357,2025-11-21,,BASIC,9.99,Active,,23.31
7682,853,2023-07-04,,PREMIUM,39.99,Active,,1254.35
7683,2581,2025-02-09,2026-08-17,BASIC,9.99,Churned,PRICE-02,184.48
7684,4123,2024-12-14,,BASIC,9.99,Active,,137.2
7685,5691,2025-04-04,,BASIC,9.99,Active,,100.23
7686,3398,2025-08-30,,PREMIUM,39.99,Active,,203.95
7687,1106,2025-02-19,,PREMIUM,39.99,Active,,459.89
7688,7286,2024-06-05,2026-04-06,BASIC,9.99,Churned,PRICE-02,223.11
7689,4665,2025-03-16,,STANDARD,19.99,Active,,213.23
7690,2661,2025-04-27,,STANDARD,19.99,Active,,185.24
7691,9592,2026-03-02,2027-12-13,PREMIUM,39.99,Churned,PROD-01,867.78
7692,6530,2026-02-10,2026-11-06,STANDARD,19.99,Churned,COMP-01,179.24
7693,990,2025-09-27,,BASIC,9.99,Active,,41.63
7694,6353,2025-03-28,,PREMIUM,39.99,Active,,410.56
7695,2889,2025-08-13,,PREMIUM,39.99,Active,,226.61
7696,8839,2024-11-03,,PREMIUM,39.99,Active,,603.85
7697,8752,2023-04-18,,STANDARD,19.99,Active,,678.33
7698,3962,2023-07-01,,STANDARD,19.99,Active,,629.02
7699,9366,2023-04-19,2025-04-15,BASIC,9.99,Churned,COMP-01,242.09
7700,5811,2024-12-15,,PREMIUM,39.99,Active,,547.86
7701,3477,2023-06-11,,STANDARD,19.99,Active,,642.35
7702,8449,2023-11-24,,PREMIUM,39.99,Active,,1063.73
7703,7558,2025-10-03,,STANDARD,19.99,Active,,79.29
7704,9744,2025-07-14,,STANDARD,19.99,Active,,133.27
7705,5403,2024-03-02,,PREMIUM,39.99,Active,,931.77
7706,4700,2026-05-07,2026-10-20,BASIC,9.99,Churned,PROD-01,55.28
7707,8080,2023-10-12,,BASIC,9.99,Active,,280.05
7708,6026,2024-07-19,,STANDARD,19.99,Active,,373.15
7709,2567,2026-05-14,2026-07-31,BASIC,9.99,Churned,PROD-01,25.97
7710,5262,2025-01-29,,PREMIUM,39.99,Active,,487.88
7711,8993,2024-08-23,2026-05-25,PREMIUM,39.99,Churned,PRICE-01,853.12
7712,9078,2024-11-11,,PREMIUM,39.99,Active,,593.19
7713,3616,2025-06-02,2026-03-10,STANDARD,19.99,Churned,TECH-01,187.24
7714,8926,2025-03-22,,BASIC,9.99,Active,,104.56
7715,8838,2024-08-29,,STANDARD,19.99,Active,,345.83
7716,7403,2023-10-01,,PREMIUM,39.99,Active,,1135.72
7717,9366,2026-06-26,2027-04-10,STANDARD,19.99,Churned,PROD-01,191.9
7718,1263,2026-02-05,,BASIC,9.99,Active,,-2.0
7719,35,2023-12-10,,PREMIUM,39.99,Active,,1042.41
7720,8089,2023-06-13,,PREMIUM,39.99,Active,,1282.35
7721,7285,2023-02-23,2024-05-07,BASIC,9.99,Churned,PRICE-02,146.19
7722,847,2024-11-18,,STANDARD,19.99,Active,,291.85
7723,2480,2024-01-21,,STANDARD,19.99,Active,,493.09
7724,4564,2025-08-12,2027-04-14,STANDARD,19.99,Churned,COMP-01,406.46
7725,7028,2025-05-19,,STANDARD,19.99,Active,,170.58
7726,222,2024-03-13,,STANDARD,19.99,Active,,458.44
7727,2379,2023-12-10,,BASIC,9.99,Active,,260.41
7728,5843,2023-07-04,,BASIC,9.99,Active,,313.35
7729,5690,2023-03-08,2024-03-12,PREMIUM,39.99,Churned,PROD-01,493.21
7730,7277,2025-02-09,2026-05-02,STANDARD,19.99,Churned,PROD-01,297.85
7731,8420,2024-10-26,,BASIC,9.99,Active,,153.51
7732,128,2023-11-01,2025-02-02,BASIC,9.99,Churned,TECH-01,152.85
7733,5254,2023-09-05,,PREMIUM,39.99,Active,,1170.37
7734,3995,2025-09-28,2026-07-13,BASIC,9.99,Churned,PRICE-01,95.9
7735,7900,2023-06-29,,PREMIUM,39.99,Active,,1261.02
7736,9758,2025-07-20,,BASIC,9.99,Active,,64.6
7737,2587,2025-05-31,,PREMIUM,39.99,Active,,325.25
7738,159,2024-02-08,,STANDARD,19.99,Active,,481.09
7739,5923,2024-05-05,2025-01-22,PREMIUM,39.99,Churned,SERVICE-01,349.25
7740,2886,2023-05-30,,STANDARD,19.99,Active,,650.34
7741,9152,2025-11-06,,STANDARD,19.99,Active,,56.64
7742,2122,2026-03-17,,BASIC,9.99,Active,,-15.32
7743,8926,2024-04-02,,PREMIUM,39.99,Active,,890.44
7744,7725,2024-04-01,,BASIC,9.99,Active,,222.78
7745,3299,2025-05-27,,STANDARD,19.99,Active,,165.25
7746,1240,2023-06-22,2023-11-24,PREMIUM,39.99,Churned,COMP-01,206.62
7747,7065,2025-07-03,2026-04-07,PREMIUM,39.99,Churned,COMP-01,370.57
7748,3457,2024-11-26,,PREMIUM,39.99,Active,,573.19
7749,5629,2023-08-13,,STANDARD,19.99,Active,,600.37
7750,5460,2023-11-12,,STANDARD,19.99,Active,,539.73
7751,1275,2026-02-13,2026-12-31,BASIC,9.99,Churned,PRICE-01,106.89
7752,3574,2025-09-21,,PREMIUM,39.99,Active,,174.62
7753,1018,2025-10-15,,STANDARD,19.99,Active,,71.3
7754,8681,2025-03-04,2025-12-16,STANDARD,19.99,Churned,TECH-01,191.24
7755,1518,2023-03-26,,PREMIUM,39.99,Active,,1387.65
7756,1867,2023-01-06,,PREMIUM,39.99,Active,,1492.96
7757,3591,2023-11-24,,BASIC,9.99,Active,,265.73
7758,3148,2024-01-04,,STANDARD,19.99,Active,,504.41
7759,5385,2025-08-22,,BASIC,9.99,Active,,53.61
7760,2301,2023-09-25,2024-09-01,BASIC,9.99,Churned,SERVICE-01,113.89
7761,424,2025-05-09,,PREMIUM,39.99,Active,,354.58
7762,9282,2023-01-13,2024-12-27,PREMIUM,39.99,Churned,PRICE-02,951.76
7763,9060,2023-01-12,,PREMIUM,39.99,Active,,1484.96
7764,3843,2023-04-09,2023-12-10,BASIC,9.99,Churned,SERVICE-02,81.58
7765,8541,2026-01-03,,STANDARD,19.99,Active,,17.99
7766,3765,2024-12-07,2025-03-07,STANDARD,19.99,Churned,SERVICE-01,59.97
7767,9003,2026-03-02,,BASIC,9.99,Active,,-10.32
7768,9599,2025-03-29,,PREMIUM,39.99,Active,,409.23
7769,5564,2025-10-26,2026-02-02,PREMIUM,39.99,Churned,SERVICE-01,131.97
7770,8479,2026-05-13,,PREMIUM,39.99,Active,,-137.3
7771,5477,2023-12-22,,BASIC,9.99,Active,,256.41
7772,6727,2025-07-18,,STANDARD,19.99,Active,,130.6
7773,4932,2024-03-10,2024-10-13,BASIC,9.99,Churned,SERVICE-02,72.26
7774,3259,2026-04-29,,BASIC,9.99,Active,,-29.64
7775,3927,2024-08-21,,STANDARD,19.99,Active,,351.16
7776,626,2026-03-08,2027-08-10,STANDARD,19.99,Churned,PRICE-01,346.49
7777,4813,2025-01-30,,BASIC,9.99,Active,,121.55
7778,735,2023-10-13,2025-05-18,STANDARD,19.99,Churned,COMP-01,388.47
7779,1782,2026-02-23,,PREMIUM,39.99,Active,,-31.99
7780,4777,2023-08-18,,PREMIUM,39.99,Active,,1194.37
7781,6915,2026-06-18,,BASIC,9.99,Active,,-46.29
7782,7461,2023-12-01,2025-08-08,STANDARD,19.99,Churned,PRICE-02,410.46
7783,8361,2024-09-14,2026-01-16,BASIC,9.99,Churned,TECH-01,162.84
7784,668,2025-11-26,,BASIC,9.99,Active,,21.64
7785,145,2024-11-28,2026-03-13,BASIC,9.99,Churned,TECH-01,156.51
7786,180,2025-02-06,,STANDARD,19.99,Active,,238.55
7787,9606,2025-10-12,2027-07-13,BASIC,9.99,Churned,COMP-01,212.79
7788,7667,2023-10-02,2025-02-09,BASIC,9.99,Churned,COMP-01,165.17
7789,7337,2025-06-16,,BASIC,9.99,Active,,75.92
7790,8261,2023-02-06,2024-07-19,BASIC,9.99,Churned,PROD-01,176.16
7791,1141,2025-10-09,2026-04-27,BASIC,9.99,Churned,TECH-01,66.6
7792,2983,2025-03-22,,STANDARD,19.99,Active,,209.23
7793,8526,2023-07-18,,STANDARD,19.99,Active,,617.69
7794,9239,2024-11-09,,BASIC,9.99,Active,,148.85
7795,2104,2024-01-11,,BASIC,9.99,Active,,249.75
7796,3612,2025-12-07,,PREMIUM,39.99,Active,,71.98
7797,6989,2023-01-20,,PREMIUM,39.99,Active,,1474.3
7798,1115,2023-06-20,,PREMIUM,39.99,Active,,1273.02
7799,496,2025-04-30,,STANDARD,19.99,Active,,183.24
7800,5055,2025-10-25,,BASIC,9.99,Active,,32.3
7801,9531,2024-09-29,2026-03-20,STANDARD,19.99,Churned,PRICE-02,357.82
7802,4142,2026-01-29,2027-09-21,BASIC,9.99,Churned,SERVICE-01,199.8
7803,8317,2025-02-20,,PREMIUM,39.99,Active,,458.55
7804,5740,2023-03-07,2024-05-09,PREMIUM,39.99,Churned,COMP-01,571.86
7805,8333,2023-06-11,,PREMIUM,39.99,Active,,1285.01
7806,636,2024-08-31,,STANDARD,19.99,Active,,344.49
7807,5065,2025-08-27,,BASIC,9.99,Active,,51.95
7808,4816,2024-10-09,2026-06-14,STANDARD,19.99,Churned,PRICE-02,408.46
7809,3476,2023-04-07,,BASIC,9.99,Active,,342.66
7810,1082,2025-08-10,,BASIC,9.99,Active,,57.61
7811,9554,2024-06-25,,BASIC,9.99,Active,,194.47
7812,6655,2024-06-27,,STANDARD,19.99,Active,,387.81
7813,3677,2024-06-03,,PREMIUM,39.99,Active,,807.8
7814,7691,2023-09-08,,PREMIUM,39.99,Active,,1166.38
7815,7451,2023-05-09,2024-05-03,STANDARD,19.99,Churned,TECH-01,239.88
7816,4081,2023-08-10,,PREMIUM,39.99,Active,,1205.03
7817,6151,2025-07-14,,BASIC,9.99,Active,,66.6
7818,9402,2023-11-16,,PREMIUM,39.99,Active,,1074.4
7819,7221,2023-10-02,2025-08-31,PREMIUM,39.99,Churned,PROD-01,931.77
7820,2987,2025-02-15,,STANDARD,19.99,Active,,232.55
7821,3048,2023-02-03,,BASIC,9.99,Active,,363.64
7822,7893,2026-06-17,,PREMIUM,39.99,Active,,-183.95
7823,2284,2023-07-17,,STANDARD,19.99,Active,,618.36
7824,8651,2023-06-26,,STANDARD,19.99,Active,,632.35
7825,7665,2026-06-23,,BASIC,9.99,Active,,-47.95
7826,1037,2025-04-08,2026-11-20,BASIC,9.99,Churned,TECH-01,196.8
7827,3105,2025-07-13,,STANDARD,19.99,Active,,133.93
7828,8065,2025-09-21,,PREMIUM,39.99,Active,,174.62
7829,5881,2024-04-06,,BASIC,9.99,Active,,221.11
7830,5255,2025-09-13,,BASIC,9.99,Active,,46.29
7831,7433,2024-08-31,,PREMIUM,39.99,Active,,689.16
7832,6004,2023-07-07,,STANDARD,19.99,Active,,625.02
7833,1909,2025-12-28,2027-11-25,PREMIUM,39.99,Churned,TECH-01,929.1
7834,5540,2026-03-05,,STANDARD,19.99,Active,,-22.66
7835,6471,2024-04-08,,BASIC,9.99,Active,,220.45
7836,4290,2023-11-15,,STANDARD,19.99,Active,,537.73
7837,5388,2026-01-04,,STANDARD,19.99,Active,,17.32
7838,7990,2025-03-15,,PREMIUM,39.99,Active,,427.89
7839,3615,2025-11-27,2026-06-20,BASIC,9.99,Churned,PRICE-02,68.27
7840,7951,2026-04-17,2026-08-11,PREMIUM,39.99,Churned,PRICE-01,154.63
7841,213,2025-04-06,,PREMIUM,39.99,Active,,398.57
7842,7125,2023-06-11,,STANDARD,19.99,Active,,642.35
7843,663,2025-02-09,,STANDARD,19.99,Active,,236.55
7844,3878,2023-06-16,,BASIC,9.99,Active,,319.35
7845,111,2025-10-14,,BASIC,9.99,Active,,35.96
7846,6638,2023-03-14,,STANDARD,19.99,Active,,701.65
7847,3092,2024-05-12,,BASIC,9.99,Active,,209.12
7848,2228,2023-04-02,,BASIC,9.99,Active,,344.32
7849,2617,2025-02-04,2026-06-25,BASIC,9.99,Churned,TECH-01,168.5
7850,158,2023-01-07,,STANDARD,19.99,Active,,745.63
7851,4852,2023-12-15,2024-03-03,PREMIUM,39.99,Churned,PRICE-01,105.31
7852,3296,2024-04-29,,STANDARD,19.99,Active,,427.12
7853,4845,2024-03-11,,STANDARD,19.99,Active,,459.77
7854,3884,2025-02-01,2025-03-25,BASIC,9.99,Churned,COMP-01,17.32
7855,5198,2023-07-09,,PREMIUM,39.99,Active,,1247.69
7856,7254,2025-12-30,,STANDARD,19.99,Active,,20.66
7857,9331,2026-04-28,,BASIC,9.99,Active,,-29.3
7858,9929,2023-08-21,,STANDARD,19.99,Active,,595.04
7859,6145,2025-08-23,,STANDARD,19.99,Active,,106.61
7860,322,2023-02-17,,BASIC,9.99,Active,,358.97
7861,2207,2024-01-12,,BASIC,9.99,Active,,249.42
7862,7139,2023-10-01,,PREMIUM,39.99,Active,,1135.72
7863,8514,2026-02-23,,BASIC,9.99,Active,,-7.99
7864,8077,2023-03-18,,BASIC,9.99,Active,,349.32
7865,7704,2024-01-23,2024-07-10,PREMIUM,39.99,Churned,PRICE-01,225.28
7866,8535,2024-07-17,,PREMIUM,39.99,Active,,749.15
7867,7489,2025-04-02,,PREMIUM,39.99,Active,,403.9
7868,3145,2025-07-30,,STANDARD,19.99,Active,,122.61
7869,2856,2024-06-10,,PREMIUM,39.99,Active,,798.47
7870,271,2025-09-16,,STANDARD,19.99,Active,,90.62
7871,6588,2023-07-06,,PREMIUM,39.99,Active,,1251.69
7872,1956,2024-10-29,,STANDARD,19.99,Active,,305.18
7873,1562,2023-10-20,,STANDARD,19.99,Active,,555.06
7874,4551,2023-04-29,2023-07-01,STANDARD,19.99,Churned,PRICE-02,41.98
7875,1248,2024-11-17,2026-05-28,STANDARD,19.99,Churned,PRICE-01,371.15
7876,5861,2025-12-16,,STANDARD,19.99,Active,,29.98
7877,7019,2026-06-15,2028-05-30,STANDARD,19.99,Churned,COMP-01,476.43
7878,6838,2026-06-18,,PREMIUM,39.99,Active,,-185.29
7879,2877,2023-12-24,,BASIC,9.99,Active,,255.74
7880,9277,2024-08-25,2026-03-20,BASIC,9.99,Churned,PROD-01,190.48
7881,2000,2023-09-03,,PREMIUM,39.99,Active,,1173.04
7882,944,2025-07-27,,PREMIUM,39.99,Active,,249.27
7883,6651,2024-05-28,2025-06-02,STANDARD,19.99,Churned,SERVICE-01,246.54
7884,4733,2024-03-03,,BASIC,9.99,Active,,232.43
7885,9116,2023-04-05,,PREMIUM,39.99,Active,,1374.32
7886,177,2026-05-26,2026-12-08,BASIC,9.99,Churned,PRICE-01,65.27
7887,9394,2025-01-17,,BASIC,9.99,Active,,125.87
7888,1506,2026-06-11,2027-12-25,PREMIUM,39.99,Churned,PROD-01,749.15
7889,4890,2025-09-29,,PREMIUM,39.99,Active,,163.96
7890,6681,2026-05-27,2027-04-13,BASIC,9.99,Churned,SERVICE-02,106.89
7891,2569,2025-10-26,2027-06-11,BASIC,9.99,Churned,SERVICE-02,197.47
7892,3801,2026-01-01,,PREMIUM,39.99,Active,,38.66
7893,2275,2023-12-05,,BASIC,9.99,Active,,262.07
7894,6411,2026-03-27,2027-02-23,BASIC,9.99,Churned,PRICE-02,110.89
7895,9912,2025-10-19,,PREMIUM,39.99,Active,,137.3
7896,8255,2024-09-20,,BASIC,9.99,Active,,165.5
7897,2104,2024-07-04,,BASIC,9.99,Active,,191.48
7898,5619,2024-02-14,,STANDARD,19.99,Active,,477.09
7899,3436,2023-08-09,,PREMIUM,39.99,Active,,1206.37
7900,9941,2024-12-10,,PREMIUM,39.99,Active,,554.53
7901,5332,2024-06-03,,STANDARD,19.99,Active,,403.8
7902,3898,2023-08-15,,PREMIUM,39.99,Active,,1198.37
7903,512,2024-01-17,2024-10-31,STANDARD,19.99,Churned,PRICE-01,191.9
7904,3094,2024-11-18,2026-04-14,PREMIUM,39.99,Churned,PROD-01,682.5
7905,4492,2026-03-20,,STANDARD,19.99,Active,,-32.65
7906,9357,2023-06-30,,STANDARD,19.99,Active,,629.68
7907,44,2025-07-15,2026-01-01,BASIC,9.99,Churned,PRICE-02,56.61
7908,2023,2025-05-16,,BASIC,9.99,Active,,86.25
7909,7420,2026-05-25,,PREMIUM,39.99,Active,,-153.3
7910,3764,2026-04-14,,BASIC,9.99,Active,,-24.64
7911,2261,2023-11-22,,PREMIUM,39.99,Active,,1066.4
7912,8745,2026-02-03,2026-05-04,PREMIUM,39.99,Churned,PROD-01,119.97
7913,2966,2024-07-26,2024-09-25,PREMIUM,39.99,Churned,PRICE-01,81.31
7914,5770,2024-04-25,,BASIC,9.99,Active,,214.78
7915,1879,2024-08-29,2026-03-18,BASIC,9.99,Churned,SERVICE-01,188.48
7916,1790,2023-11-19,2025-01-17,BASIC,9.99,Churned,TECH-01,141.53
7917,9558,2026-02-13,,PREMIUM,39.99,Active,,-18.66
7918,7765,2026-04-29,,PREMIUM,39.99,Active,,-118.64
7919,5526,2026-06-09,2027-03-14,BASIC,9.99,Churned,COMP-01,92.57
7920,6437,2023-02-15,,BASIC,9.99,Active,,359.64
7921,7936,2025-03-03,,STANDARD,19.99,Active,,221.89
7922,6605,2023-06-13,,PREMIUM,39.99,Active,,1282.35
7923,1906,2023-08-18,,STANDARD,19.99,Active,,597.03
7924,7722,2023-05-27,2024-12-04,BASIC,9.99,Churned,PROD-01,185.48
7925,317,2024-11-30,,PREMIUM,39.99,Active,,567.86
7926,3662,2026-02-24,,STANDARD,19.99,Active,,-16.66
7927,7193,2025-02-05,,PREMIUM,39.99,Active,,478.55
7928,3068,2023-11-07,,PREMIUM,39.99,Active,,1086.4
7929,869,2023-11-07,,PREMIUM,39.99,Active,,1086.4
7930,9874,2024-06-24,,BASIC,9.99,Active,,194.81
7931,1354,2025-07-29,,PREMIUM,39.99,Active,,246.61
7932,8830,2026-04-02,2027-03-04,BASIC,9.99,Churned,SERVICE-01,111.89
7933,5393,2026-06-15,,PREMIUM,39.99,Active,,-181.29
7934,7365,2024-02-27,,STANDARD,19.99,Active,,468.43
7935,8124,2024-07-23,2025-05-06,BASIC,9.99,Churned,PRICE-01,95.57
7936,555,2023-12-07,2024-08-17,BASIC,9.99,Churned,TECH-01,84.58
7937,6335,2025-02-05,,BASIC,9.99,Active,,119.55
7938,4693,2024-01-19,,BASIC,9.99,Active,,247.09
7939,9896,2023-02-11,,BASIC,9.99,Active,,360.97
7940,811,2024-03-16,2025-12-14,BASIC,9.99,Churned,PRICE-02,212.45
7941,1164,2023-11-06,,PREMIUM,39.99,Active,,1087.73
7942,7003,2026-02-16,,PREMIUM,39.99,Active,,-22.66
7943,339,2025-03-23,,BASIC,9.99,Active,,104.23
7944,5364,2023-06-10,,STANDARD,19.99,Active,,643.01
7945,8646,2023-05-07,,PREMIUM,39.99,Active,,1331.67
7946,2420,2023-03-12,,PREMIUM,39.99,Active,,1406.32
7947,1181,2026-02-06,,PREMIUM,39.99,Active,,-9.33
7948,639,2025-11-23,,BASIC,9.99,Active,,22.64
7949,5777,2025-09-27,,STANDARD,19.99,Active,,83.29
7950,7945,2023-12-17,,STANDARD,19.99,Active,,516.41
7951,7964,2025-11-29,2027-07-20,BASIC,9.99,Churned,PRICE-01,199.13
7952,8144,2026-01-06,,BASIC,9.99,Active,,7.99
7953,4386,2025-10-12,,STANDARD,19.99,Active,,73.3
7954,366,2025-08-13,,STANDARD,19.99,Active,,113.28
7955,3994,2023-10-31,,BASIC,9.99,Active,,273.73
7956,3324,2023-05-02,2024-02-10,BASIC,9.99,Churned,SERVICE-02,94.57
7957,2399,2023-11-18,,BASIC,9.99,Active,,267.73
7958,5420,2026-04-21,,STANDARD,19.99,Active,,-53.97
7959,822,2026-02-26,2026-09-14,PREMIUM,39.99,Churned,SERVICE-02,266.6
7960,6657,2023-07-20,,PREMIUM,39.99,Active,,1233.03
7961,8735,2024-01-31,,PREMIUM,39.99,Active,,973.09
7962,8204,2024-03-05,,STANDARD,19.99,Active,,463.77
7963,1660,2026-04-08,,PREMIUM,39.99,Active,,-90.64
7964,6054,2024-03-28,,BASIC,9.99,Active,,224.11
7965,6389,2023-08-29,,BASIC,9.99,Active,,294.7
7966,8805,2023-06-04,,STANDARD,19.99,Active,,647.01
7967,2192,2026-03-10,,STANDARD,19.99,Active,,-25.99
7968,4786,2025-11-27,,PREMIUM,39.99,Active,,85.31
7969,3292,2026-02-17,,STANDARD,19.99,Active,,-11.99
7970,9583,2024-03-30,,BASIC,9.99,Active,,223.44
7971,5032,2025-10-15,,STANDARD,19.99,Active,,71.3
7972,3446,2023-11-25,,BASIC,9.99,Active,,265.4
7973,299,2023-04-21,2024-04-30,STANDARD,19.99,Churned,PROD-01,249.87
7974,8681,2023-07-09,,PREMIUM,39.99,Active,,1247.69
7975,1150,2023-06-22,,PREMIUM,39.99,Active,,1270.35
7976,7430,2024-07-10,2025-01-29,STANDARD,19.99,Churned,COMP-01,135.27
7977,6382,2024-01-01,,STANDARD,19.99,Active,,506.41
7978,7111,2024-03-02,2024-04-25,STANDARD,19.99,Churned,TECH-01,35.98
7979,8051,2025-03-24,,BASIC,9.99,Active,,103.9
7980,7525,2026-06-11,,BASIC,9.99,Active,,-43.96
7981,1713,2025-06-18,,STANDARD,19.99,Active,,150.59
7982,6689,2026-02-08,,STANDARD,19.99,Active,,-6.0
7983,614,2023-01-01,,BASIC,9.99,Active,,374.62
7984,7805,2024-09-19,,BASIC,9.99,Active,,165.83
7985,1259,2026-06-02,2028-05-29,STANDARD,19.99,Churned,SERVICE-01,484.42
7986,2528,2025-10-21,,BASIC,9.99,Active,,33.63
7987,7308,2025-06-06,,STANDARD,19.99,Active,,158.59
7988,7986,2023-12-07,,PREMIUM,39.99,Active,,1046.41
7989,6467,2025-12-22,,STANDARD,19.99,Active,,25.99
7990,1322,2023-11-09,,PREMIUM,39.99,Active,,1083.73
7991,3737,2026-03-02,,STANDARD,19.99,Active,,-20.66
7992,7595,2024-10-10,2025-12-03,STANDARD,19.99,Churned,PROD-01,279.19
7993,2759,2026-06-20,,BASIC,9.99,Active,,-46.95
7994,9321,2025-06-03,,STANDARD,19.99,Active,,160.59
7995,4060,2026-04-23,,STANDARD,19.99,Active,,-55.31
7996,7004,2023-12-28,,BASIC,9.99,Active,,254.41
7997,86,2024-02-16,2025-12-14,STANDARD,19.99,Churned,SERVICE-02,444.44
7998,8144,2026-03-10,,STANDARD,19.99,Active,,-25.99
7999,4139,2023-09-30,,BASIC,9.99,Active,,284.05
8000,5712,2025-09-14,,BASIC,9.99,Active,,45.95
8001,9803,2024-01-03,,BASIC,9.99,Active,,252.41
8002,1394,2024-07-28,2026-07-10,PREMIUM,39.99,Churned,PRICE-01,949.1
8003,1423,2024-09-12,,STANDARD,19.99,Active,,336.5
8004,7026,2026-05-16,2026-12-13,STANDARD,19.99,Churned,COMP-01,140.6
8005,2307,2025-04-12,,STANDARD,19.99,Active,,195.24
8006,2040,2025-12-26,,PREMIUM,39.99,Active,,46.66
8007,2356,2024-10-01,,STANDARD,19.99,Active,,323.84
8008,177,2026-01-16,,PREMIUM,39.99,Active,,18.66
8009,7887,2024-02-06,2024-10-17,STANDARD,19.99,Churned,PRICE-02,169.25
8010,9112,2023-05-29,,BASIC,9.99,Active,,325.34
8011,882,2024-07-21,,BASIC,9.99,Active,,185.81
8012,7599,2026-04-15,,PREMIUM,39.99,Active,,-99.98
8013,2570,2024-11-24,2025-07-18,PREMIUM,39.99,Churned,TECH-01,314.59
8014,1773,2024-07-07,2025-03-27,STANDARD,19.99,Churned,SERVICE-01,175.25
8015,558,2024-08-04,,BASIC,9.99,Active,,181.15
8016,9923,2024-07-13,,STANDARD,19.99,Active,,377.14
8017,5135,2024-12-11,,BASIC,9.99,Active,,138.2
8018,1162,2026-04-20,,BASIC,9.99,Active,,-26.64
8019,1096,2025-01-20,2025-03-15,BASIC,9.99,Churned,SERVICE-02,17.98
8020,8089,2023-10-02,,STANDARD,19.99,Active,,567.05
8021,6845,2023-01-28,,PREMIUM,39.99,Active,,1463.63
8022,3859,2024-03-27,2026-02-12,STANDARD,19.99,Churned,SERVICE-01,457.77
8023,7606,2023-10-06,,STANDARD,19.99,Active,,564.38
8024,5477,2025-02-10,,STANDARD,19.99,Active,,235.88
8025,4638,2025-04-20,2026-09-21,PREMIUM,39.99,Churned,TECH-01,691.83
8026,3128,2025-07-12,2025-08-20,PREMIUM,39.99,Churned,PRICE-01,51.99
8027,8510,2023-06-02,,BASIC,9.99,Active,,324.01
8028,1018,2024-06-22,2024-10-23,STANDARD,19.99,Churned,PRICE-02,81.96
8029,4334,2025-07-14,,BASIC,9.99,Active,,66.6
8030,7841,2026-02-07,2027-07-15,STANDARD,19.99,Churned,COMP-01,348.49
8031,6197,2025-01-09,2026-10-29,PREMIUM,39.99,Churned,COMP-01,877.11
8032,6372,2025-03-28,,STANDARD,19.99,Active,,205.23
8033,3304,2024-12-11,,BASIC,9.99,Active,,138.2
8034,7468,2026-04-29,,BASIC,9.99,Active,,-29.64
8035,749,2023-12-20,2024-11-22,STANDARD,19.99,Churned,SERVICE-02,225.22
8036,6553,2025-06-22,2025-10-18,BASIC,9.99,Churned,PRICE-01,39.29
8037,7695,2023-04-13,,STANDARD,19.99,Active,,681.66
8038,6021,2025-07-05,,BASIC,9.99,Active,,69.6
8039,6709,2023-07-30,,STANDARD,19.99,Active,,609.69
8040,5060,2025-09-10,,BASIC,9.99,Active,,47.29
8041,6052,2026-03-06,2027-11-08,STANDARD,19.99,Churned,COMP-01,407.8
8042,9048,2023-04-29,,BASIC,9.99,Active,,335.33
8043,2289,2024-03-30,,BASIC,9.99,Active,,223.44
8044,3232,2026-03-26,,STANDARD,19.99,Active,,-36.65
8045,5969,2023-10-12,,BASIC,9.99,Active,,280.05
8046,8692,2025-12-03,2027-01-03,STANDARD,19.99,Churned,SERVICE-01,263.87
8047,5116,2024-04-04,,PREMIUM,39.99,Active,,887.78
8048,923,2024-01-13,,BASIC,9.99,Active,,249.08
8049,5797,2023-05-16,,PREMIUM,39.99,Active,,1319.67
8050,710,2025-08-31,2027-03-15,BASIC,9.99,Churned,PRICE-01,186.81
8051,9205,2026-04-03,,STANDARD,19.99,Active,,-41.98
8052,4494,2025-06-07,2025-11-07,BASIC,9.99,Churned,SERVICE-02,50.95
8053,3214,2026-05-03,,PREMIUM,39.99,Active,,-123.97
8054,577,2024-02-03,,BASIC,9.99,Active,,242.09
8055,3278,2025-02-23,,BASIC,9.99,Active,,113.55
8056,3178,2023-03-22,2025-03-11,STANDARD,19.99,Churned,PROD-01,479.76
8057,2262,2026-03-10,2026-05-01,STANDARD,19.99,Churned,PRICE-01,34.65
8058,5355,2024-02-03,2025-08-07,STANDARD,19.99,Churned,COMP-01,367.15
8059,6683,2025-03-21,2027-02-24,BASIC,9.99,Churned,TECH-01,234.77
8060,4727,2023-05-26,,BASIC,9.99,Active,,326.34
8061,6301,2024-04-22,2025-04-06,BASIC,9.99,Churned,TECH-01,116.22
8062,1736,2023-10-18,,PREMIUM,39.99,Active,,1113.06
8063,7186,2025-08-11,,STANDARD,19.99,Active,,114.61
8064,475,2026-05-30,,PREMIUM,39.99,Active,,-159.96
8065,9492,2023-04-05,,BASIC,9.99,Active,,343.32
8066,1033,2026-05-02,,PREMIUM,39.99,Active,,-122.64
8067,5285,2023-12-05,,STANDARD,19.99,Active,,524.4
8068,8833,2026-03-27,,STANDARD,19.99,Active,,-37.31
8069,9930,2024-06-03,,BASIC,9.99,Active,,201.8
8070,6147,2023-12-25,,BASIC,9.99,Active,,255.41
8071,1845,2024-05-11,,PREMIUM,39.99,Active,,838.46
8072,7633,2025-08-31,,PREMIUM,39.99,Active,,202.62
8073,1625,2024-05-04,,PREMIUM,39.99,Active,,847.79
8074,2942,2023-01-17,,STANDARD,19.99,Active,,738.96
8075,9164,2024-01-13,,PREMIUM,39.99,Active,,997.08
8076,8398,2024-12-24,2026-08-28,STANDARD,19.99,Churned,SERVICE-02,407.8
8077,7444,2023-09-30,,PREMIUM,39.99,Active,,1137.05
8078,9775,2024-05-27,2025-07-02,PREMIUM,39.99,Churned,SERVICE-02,534.53
8079,8757,2024-01-14,2025-07-27,PREMIUM,39.99,Churned,SERVICE-01,746.48
8080,9800,2023-10-20,2025-02-07,PREMIUM,39.99,Churned,SERVICE-01,634.51
8081,2344,2025-07-23,2026-04-02,BASIC,9.99,Churned,PROD-01,84.25
8082,4983,2025-12-18,,PREMIUM,39.99,Active,,57.32
8083,6204,2025-05-25,,PREMIUM,39.99,Active,,333.25
8084,8542,2023-03-16,,BASIC,9.99,Active,,349.98
8085,5404,2024-12-23,,BASIC,9.99,Active,,134.2
8086,8285,2024-04-22,2024-10-11,STANDARD,19.99,Churned,PROD-01,114.61
8087,6147,2025-12-02,,STANDARD,19.99,Active,,39.31
8088,79,2024-07-14,,BASIC,9.99,Active,,188.14
8089,828,2025-11-06,,STANDARD,19.99,Active,,56.64
8090,5277,2023-03-03,2024-02-26,PREMIUM,39.99,Churned,PROD-01,479.88
8091,7808,2024-02-03,,PREMIUM,39.99,Active,,969.09
8092,8732,2025-05-19,,BASIC,9.99,Active,,85.25
8093,6167,2023-04-30,2024-08-30,BASIC,9.99,Churned,PRICE-02,162.5
8094,8830,2024-12-09,,BASIC,9.99,Active,,138.86
8095,266,2025-09-08,2027-01-17,STANDARD,19.99,Churned,PRICE-01,330.5
8096,6520,2023-07-28,,BASIC,9.99,Active,,305.36
8097,74,2023-08-09,,PREMIUM,39.99,Active,,1206.37
8098,7724,2023-10-04,,PREMIUM,39.99,Active,,1131.72
8099,2749,2023-08-24,2023-12-28,STANDARD,19.99,Churned,COMP-01,83.96
8100,8827,2025-02-09,2026-11-24,PREMIUM,39.99,Churned,TECH-01,870.45
8101,5340,2024-01-24,2025-03-14,STANDARD,19.99,Churned,PROD-01,276.53
8102,9388,2026-05-03,,PREMIUM,39.99,Active,,-123.97
8103,2961,2025-02-10,,BASIC,9.99,Active,,117.88
8104,3180,2024-08-11,,STANDARD,19.99,Active,,357.82
8105,3936,2024-04-29,,STANDARD,19.99,Active,,427.12
8106,4188,2024-06-20,2024-09-06,PREMIUM,39.99,Churned,PRICE-01,103.97
8107,9221,2025-12-26,,PREMIUM,39.99,Active,,46.66
8108,1955,2024-02-08,,BASIC,9.99,Active,,240.43
8109,2788,2024-02-16,2024-08-09,BASIC,9.99,Churned,TECH-01,58.27
8110,7606,2024-06-10,,BASIC,9.99,Active,,199.47
8111,6462,2024-04-30,2025-10-12,BASIC,9.99,Churned,SERVICE-01,176.49
8112,1566,2026-01-07,,PREMIUM,39.99,Active,,30.66
8113,3649,2024-06-01,,PREMIUM,39.99,Active,,810.46
8114,7377,2025-10-18,,BASIC,9.99,Active,,34.63
8115,4574,2024-10-16,,BASIC,9.99,Active,,156.84
8116,5497,2025-01-09,,PREMIUM,39.99,Active,,514.54
8117,5247,2024-08-14,,STANDARD,19.99,Active,,355.82
8118,3035,2026-02-17,2027-04-15,BASIC,9.99,Churned,TECH-01,140.53
8119,7035,2026-04-25,,BASIC,9.99,Active,,-28.31
8120,9527,2024-06-29,,PREMIUM,39.99,Active,,773.14
8121,6958,2025-02-07,2026-11-04,STANDARD,19.99,Churned,PRICE-01,423.12
8122,7348,2023-05-14,,STANDARD,19.99,Active,,661.0
8123,6312,2023-10-12,,STANDARD,19.99,Active,,560.39
8124,8222,2023-10-20,,PREMIUM,39.99,Active,,1110.39
8125,2858,2023-04-23,,BASIC,9.99,Active,,337.33
8126,443,2025-08-13,,BASIC,9.99,Active,,56.61
8127,3646,2024-04-05,,PREMIUM,39.99,Active,,886.45
8128,6719,2025-01-29,,BASIC,9.99,Active,,121.88
8129,3203,2024-03-17,,BASIC,9.99,Active,,227.77
8130,7509,2025-08-16,,PREMIUM,39.99,Active,,222.61
8131,4079,2023-01-30,,STANDARD,19.99,Active,,730.3
8132,3838,2023-12-14,,PREMIUM,39.99,Active,,1037.07
8133,8969,2025-02-26,,BASIC,9.99,Active,,112.55
8134,4210,2026-05-02,2027-03-14,STANDARD,19.99,Churned,PROD-01,210.56
8135,9554,2023-04-23,,STANDARD,19.99,Active,,675.0
8136,1331,2024-03-12,2025-03-21,PREMIUM,39.99,Churned,PRICE-02,498.54
8137,3952,2025-01-20,,PREMIUM,39.99,Active,,499.88
8138,9189,2026-06-23,,PREMIUM,39.99,Active,,-191.95
8139,5703,2024-04-23,2025-06-18,BASIC,9.99,Churned,SERVICE-02,140.19
8140,1242,2025-04-01,,BASIC,9.99,Active,,101.23
8141,3607,2023-07-22,2023-09-06,STANDARD,19.99,Churned,COMP-01,30.65
8142,265,2023-12-23,,BASIC,9.99,Active,,256.08
8143,5064,2023-02-09,,STANDARD,19.99,Active,,723.64
8144,3727,2024-11-12,,PREMIUM,39.99,Active,,591.85
8145,1370,2023-05-28,,STANDARD,19.99,Active,,651.67
8146,3717,2025-05-05,,BASIC,9.99,Active,,89.91
8147,5496,2025-10-14,,PREMIUM,39.99,Active,,143.96
8148,3098,2023-09-11,,PREMIUM,39.99,Active,,1162.38
8149,6941,2026-04-19,,STANDARD,19.99,Active,,-52.64
8150,214,2023-06-03,,BASIC,9.99,Active,,323.68
8151,8648,2025-12-28,,BASIC,9.99,Active,,10.99
8152,8738,2023-02-26,,PREMIUM,39.99,Active,,1424.98
8153,6349,2023-01-25,,STANDARD,19.99,Active,,733.63
8154,1022,2023-10-08,2025-09-28,BASIC,9.99,Churned,PRICE-01,240.09
8155,938,2024-11-12,,STANDARD,19.99,Active,,295.85
8156,9427,2023-02-03,,PREMIUM,39.99,Active,,1455.64
8157,3325,2025-09-20,,STANDARD,19.99,Active,,87.96
8158,647,2026-06-25,,STANDARD,19.99,Active,,-97.28
8159,452,2025-07-30,,STANDARD,19.99,Active,,122.61
8160,1059,2024-09-24,,BASIC,9.99,Active,,164.17
8161,8077,2024-12-17,,STANDARD,19.99,Active,,272.53
8162,6761,2026-03-15,,STANDARD,19.99,Active,,-29.32
8163,4977,2023-11-05,2025-06-09,BASIC,9.99,Churned,COMP-01,193.81
8164,7206,2024-10-08,,STANDARD,19.99,Active,,319.17
8165,5546,2024-01-28,,PREMIUM,39.99,Active,,977.09
8166,6844,2023-06-04,,STANDARD,19.99,Active,,647.01
8167,7967,2024-01-09,,PREMIUM,39.99,Active,,1002.42
8168,7286,2025-02-28,2026-01-30,BASIC,9.99,Churned,PROD-01,111.89
8169,2051,2026-05-17,,BASIC,9.99,Active,,-35.63
8170,266,2023-12-18,2025-10-06,PREMIUM,39.99,Churned,PROD-01,877.11
8171,3347,2024-05-06,,BASIC,9.99,Active,,211.12
8172,9914,2025-11-26,,PREMIUM,39.99,Active,,86.64
8173,3268,2024-01-21,,PREMIUM,39.99,Active,,986.42
8174,9706,2023-05-30,,PREMIUM,39.99,Active,,1301.01
8175,4939,2025-12-25,,BASIC,9.99,Active,,11.99
8176,479,2026-03-31,,STANDARD,19.99,Active,,-39.98
8177,8234,2025-06-08,2026-02-22,BASIC,9.99,Churned,SERVICE-01,86.25
8178,2816,2025-05-22,,STANDARD,19.99,Active,,168.58
8179,6366,2023-06-28,2025-04-24,STANDARD,19.99,Churned,TECH-01,443.78
8180,8833,2023-09-18,,BASIC,9.99,Active,,288.05
8181,629,2025-11-10,,BASIC,9.99,Active,,26.97
8182,148,2025-01-08,2026-11-10,BASIC,9.99,Churned,SERVICE-02,223.44
8183,332,2023-02-12,,PREMIUM,39.99,Active,,1443.64
8184,36,2026-03-06,,BASIC,9.99,Active,,-11.66
8185,9240,2024-01-12,,PREMIUM,39.99,Active,,998.42
8186,54,2025-04-03,,BASIC,9.99,Active,,100.57
8187,9137,2023-01-07,,PREMIUM,39.99,Active,,1491.63
8188,6477,2024-01-30,2024-07-24,STANDARD,19.99,Churned,SERVICE-02,117.27
8189,1668,2026-03-30,2027-04-23,STANDARD,19.99,Churned,TECH-01,259.2
8190,2129,2026-03-08,,BASIC,9.99,Active,,-12.32
8191,4009,2024-12-01,2025-12-07,PREMIUM,39.99,Churned,TECH-01,494.54
8192,4306,2024-11-04,,BASIC,9.99,Active,,150.52
8193,8149,2024-03-18,,PREMIUM,39.99,Active,,910.44
8194,9489,2025-05-23,,STANDARD,19.99,Active,,167.92
8195,4126,2025-04-15,2025-10-14,STANDARD,19.99,Churned,PROD-01,121.27
8196,5331,2023-10-29,,PREMIUM,39.99,Active,,1098.39
8197,9522,2024-08-10,,PREMIUM,39.99,Active,,717.15
8198,8057,2023-01-31,,STANDARD,19.99,Active,,729.63
8199,5342,2025-06-20,,BASIC,9.99,Active,,74.59
8200,4857,2025-08-03,,STANDARD,19.99,Active,,119.94
8201,6134,2024-12-19,,STANDARD,19.99,Active,,271.2
8202,1805,2025-02-12,,STANDARD,19.99,Active,,234.55
8203,3338,2024-05-28,,BASIC,9.99,Active,,203.8
8204,9075,2026-02-12,,PREMIUM,39.99,Active,,-17.33
8205,4229,2025-09-19,,PREMIUM,39.99,Active,,177.29
8206,9377,2026-05-27,,STANDARD,19.99,Active,,-77.96
8207,4964,2026-05-01,,BASIC,9.99,Active,,-30.3
8208,8092,2024-12-20,,BASIC,9.99,Active,,135.2
8209,3712,2024-01-28,2024-07-12,PREMIUM,39.99,Churned,COMP-01,221.28
8210,9025,2023-01-23,2024-07-20,BASIC,9.99,Churned,PRICE-01,181.15
8211,8673,2026-01-13,2026-05-22,BASIC,9.99,Churned,SERVICE-01,42.96
8212,3156,2025-10-14,2025-12-22,PREMIUM,39.99,Churned,PROD-01,91.98
8213,2492,2025-09-26,,STANDARD,19.99,Active,,83.96
8214,190,2024-02-05,,PREMIUM,39.99,Active,,966.43
8215,9423,2024-07-14,2026-05-13,PREMIUM,39.99,Churned,PRICE-01,890.44
8216,4750,2026-03-19,,BASIC,9.99,Active,,-15.98
8217,9403,2025-04-20,,PREMIUM,39.99,Active,,379.91
8218,8885,2023-06-11,,STANDARD,19.99,Active,,642.35
8219,5177,2026-06-06,,BASIC,9.99,Active,,-42.29
8220,8113,2023-07-24,,PREMIUM,39.99,Active,,1227.69
8221,9596,2025-10-03,2027-04-02,STANDARD,19.99,Churned,PROD-01,363.82
8222,5393,2023-11-12,,PREMIUM,39.99,Active,,1079.73
8223,7135,2024-11-14,,BASIC,9.99,Active,,147.19
8224,4084,2025-11-15,,BASIC,9.99,Active,,25.31
8225,1985,2023-10-24,2025-05-22,STANDARD,19.99,Churned,PROD-01,383.81
8226,8763,2026-02-08,,PREMIUM,39.99,Active,,-12.0
8227,1416,2026-01-21,,STANDARD,19.99,Active,,6.0
8228,6428,2026-06-27,2028-04-13,STANDARD,19.99,Churned,COMP-01,437.11
8229,7807,2023-04-03,2023-09-23,STANDARD,19.99,Churned,PRICE-02,115.28
8230,3874,2025-11-10,2027-06-05,BASIC,9.99,Churned,TECH-01,190.48
8231,4708,2024-06-21,2025-09-03,STANDARD,19.99,Churned,PRICE-01,292.52
8232,1494,2026-06-29,,STANDARD,19.99,Active,,-99.95
8233,5193,2023-12-21,,STANDARD,19.99,Active,,513.74
8234,6030,2025-04-22,,PREMIUM,39.99,Active,,377.24
8235,1104,2024-08-07,2024-11-30,PREMIUM,39.99,Churned,SERVICE-02,153.3
8236,172,2023-03-18,,STANDARD,19.99,Active,,698.98
8237,4196,2024-07-24,2026-06-19,PREMIUM,39.99,Churned,PROD-01,926.44
8238,1165,2023-12-12,2025-02-09,STANDARD,19.99,Churned,PRICE-01,283.19
8239,4222,2024-11-04,2026-10-15,STANDARD,19.99,Churned,PROD-01,473.1
8240,8876,2023-10-29,,BASIC,9.99,Active,,274.39
8241,3756,2024-02-11,,BASIC,9.99,Active,,239.43
8242,8629,2025-12-08,,BASIC,9.99,Active,,17.65
8243,7754,2025-08-27,,BASIC,9.99,Active,,51.95
8244,9556,2023-12-30,2025-03-06,BASIC,9.99,Churned,TECH-01,143.86
8245,1777,2023-11-24,2025-05-05,BASIC,9.99,Churned,PRICE-02,175.82
8246,7076,2024-05-17,,BASIC,9.99,Active,,207.46
8247,6238,2023-12-24,,PREMIUM,39.99,Active,,1023.74
8248,5762,2024-03-08,,BASIC,9.99,Active,,230.77
8249,4770,2025-03-18,2025-06-14,PREMIUM,39.99,Churned,PROD-01,117.3
8250,6961,2024-12-30,,STANDARD,19.99,Active,,263.87
8251,844,2023-12-17,,STANDARD,19.99,Active,,516.41
8252,4717,2026-02-07,,STANDARD,19.99,Active,,-5.33
8253,2201,2023-12-26,2025-06-01,PREMIUM,39.99,Churned,TECH-01,697.16
8254,2296,2025-03-10,,PREMIUM,39.99,Active,,434.56
8255,2620,2023-08-30,,PREMIUM,39.99,Active,,1178.37
8256,1236,2025-04-02,2026-07-18,BASIC,9.99,Churned,TECH-01,157.18
8257,4649,2023-02-03,,PREMIUM,39.99,Active,,1455.64
8258,4421,2023-12-07,2024-06-12,PREMIUM,39.99,Churned,SERVICE-01,250.6
8259,9848,2024-12-29,,STANDARD,19.99,Active,,264.53
8260,9035,2024-07-27,,STANDARD,19.99,Active,,367.82
8261,3587,2023-05-11,2024-06-04,BASIC,9.99,Churned,COMP-01,129.87
8262,9480,2024-12-21,,BASIC,9.99,Active,,134.87
8263,6016,2025-01-04,,PREMIUM,39.99,Active,,521.2
8264,3395,2025-11-02,,PREMIUM,39.99,Active,,118.64
8265,8227,2026-05-08,,STANDARD,19.99,Active,,-65.3
8266,9684,2025-04-18,,STANDARD,19.99,Active,,191.24
8267,7195,2023-07-20,,STANDARD,19.99,Active,,616.36
8268,2228,2024-10-21,,PREMIUM,39.99,Active,,621.18
8269,2977,2023-06-29,,STANDARD,19.99,Active,,630.35
8270,7475,2023-11-12,,STANDARD,19.99,Active,,539.73
8271,7741,2025-04-27,,BASIC,9.99,Active,,92.57
8272,9348,2026-06-07,,STANDARD,19.99,Active,,-85.29
8273,1193,2023-11-28,,BASIC,9.99,Active,,264.4
8274,4564,2024-02-13,,STANDARD,19.99,Active,,477.76
8275,8171,2023-02-20,,PREMIUM,39.99,Active,,1432.98
8276,2477,2026-05-19,,BASIC,9.99,Active,,-36.3
8277,7109,2024-04-29,,BASIC,9.99,Active,,213.45
8278,4672,2025-07-21,,PREMIUM,39.99,Active,,257.27
8279,4368,2023-08-06,,STANDARD,19.99,Active,,605.03
8280,3002,2023-01-08,,STANDARD,19.99,Active,,744.96
8281,5810,2024-06-10,,STANDARD,19.99,Active,,399.13
8282,6387,2025-09-02,,PREMIUM,39.99,Active,,199.95
8283,8754,2026-05-05,,STANDARD,19.99,Active,,-63.3
8284,1716,2024-08-19,,PREMIUM,39.99,Active,,705.16
8285,9702,2024-11-26,,BASIC,9.99,Active,,143.19
8286,3646,2023-12-15,2024-08-15,STANDARD,19.99,Churned,COMP-01,162.59
8287,9275,2024-01-26,2024-05-03,STANDARD,19.99,Churned,SERVICE-01,65.3
8288,4452,2023-08-27,,STANDARD,19.99,Active,,591.04
8289,9468,2024-04-24,,PREMIUM,39.99,Active,,861.12
8290,8122,2025-04-08,2026-12-18,PREMIUM,39.99,Churned,SERVICE-01,825.13
8291,4477,2023-04-25,,STANDARD,19.99,Active,,673.66
8292,6433,2025-12-17,,BASIC,9.99,Active,,14.65
8293,7444,2023-09-11,2024-01-05,STANDARD,19.99,Churned,COMP-01,77.29
8294,4613,2023-04-06,2023-09-28,BASIC,9.99,Churned,SERVICE-02,58.27
8295,4130,2023-07-04,,BASIC,9.99,Active,,313.35
8296,4047,2025-03-29,,STANDARD,19.99,Active,,204.56
8297,9797,2025-01-16,2025-07-03,BASIC,9.99,Churned,SERVICE-02,55.94
8298,6647,2024-12-02,2025-07-15,PREMIUM,39.99,Churned,PROD-01,299.93
8299,967,2024-10-25,2025-05-27,STANDARD,19.99,Churned,PRICE-01,142.6
8300,8358,2025-07-17,,STANDARD,19.99,Active,,131.27
8301,3625,2023-12-09,,BASIC,9.99,Active,,260.74
8302,1512,2023-09-03,,STANDARD,19.99,Active,,586.37
8303,7680,2025-12-20,,STANDARD,19.99,Active,,27.32
8304,3638,2026-03-10,2027-01-18,PREMIUM,39.99,Churned,SERVICE-01,418.56
8305,2670,2025-07-11,,BASIC,9.99,Active,,67.6
8306,9726,2025-11-09,,BASIC,9.99,Active,,27.31
8307,177,2024-03-28,,STANDARD,19.99,Active,,448.44
8308,4326,2026-01-14,,STANDARD,19.99,Active,,10.66
8309,6816,2023-11-22,,PREMIUM,39.99,Active,,1066.4
8310,3877,2023-08-05,,PREMIUM,39.99,Active,,1211.7
8311,2303,2023-10-17,,PREMIUM,39.99,Active,,1114.39
8312,2118,2024-04-04,2025-06-26,BASIC,9.99,Churned,PROD-01,149.18
8313,4036,2024-06-18,2025-04-09,BASIC,9.99,Churned,PRICE-01,98.24
8314,9481,2023-09-13,,STANDARD,19.99,Active,,579.71
8315,8908,2026-05-02,,BASIC,9.99,Active,,-30.64
8316,2610,2025-10-18,2027-06-02,PREMIUM,39.99,Churned,PRICE-02,789.14
8317,6721,2023-07-03,,BASIC,9.99,Active,,313.69
8318,9311,2024-06-23,2025-11-01,STANDARD,19.99,Churned,PRICE-02,330.5
8319,6126,2025-01-22,,STANDARD,19.99,Active,,248.54
8320,8076,2025-03-30,,PREMIUM,39.99,Active,,407.9
8321,8683,2025-08-26,2025-12-09,PREMIUM,39.99,Churned,SERVICE-02,139.97
8322,8319,2024-06-01,2025-04-12,BASIC,9.99,Churned,PRICE-02,104.89
8323,2676,2023-11-08,,PREMIUM,39.99,Active,,1085.06
8324,7565,2023-12-06,,STANDARD,19.99,Active,,523.74
8325,7460,2023-12-03,,STANDARD,19.99,Active,,525.74
8326,2758,2023-04-01,,PREMIUM,39.99,Active,,1379.65
8327,9904,2025-03-13,2025-10-22,PREMIUM,39.99,Churned,SERVICE-02,297.26
8328,8924,2023-02-20,,PREMIUM,39.99,Active,,1432.98
8329,2623,2024-09-13,,STANDARD,19.99,Active,,335.83
8330,5724,2023-11-24,2024-09-28,PREMIUM,39.99,Churned,PRICE-01,411.9
8331,6264,2025-02-20,2026-02-24,STANDARD,19.99,Churned,COMP-01,245.88
8332,132,2026-05-11,2028-03-24,PREMIUM,39.99,Churned,SERVICE-01,910.44
8333,3513,2024-08-02,,BASIC,9.99,Active,,181.82
8334,4879,2025-11-21,,STANDARD,19.99,Active,,46.64
8335,4318,2024-01-10,2025-05-31,PREMIUM,39.99,Churned,SERVICE-01,675.83
8336,3129,2023-04-21,,PREMIUM,39.99,Active,,1353.0
8337,7913,2023-05-08,,PREMIUM,39.99,Active,,1330.33
8338,3544,2024-06-11,,BASIC,9.99,Active,,199.13
8339,4854,2025-10-19,,STANDARD,19.99,Active,,68.63
8340,8897,2024-09-09,,PREMIUM,39.99,Active,,677.16
8341,3854,2024-02-11,,BASIC,9.99,Active,,239.43
8342,8596,2024-06-21,,BASIC,9.99,Active,,195.8
8343,7861,2023-11-14,2024-01-19,BASIC,9.99,Churned,COMP-01,21.98
8344,3061,2023-08-12,2025-03-22,BASIC,9.99,Churned,PRICE-01,195.8
8345,9265,2026-01-23,,STANDARD,19.99,Active,,4.66
8346,3325,2025-12-11,,STANDARD,19.99,Active,,33.32
8347,7865,2024-04-23,,STANDARD,19.99,Active,,431.12
8348,4061,2023-02-24,,BASIC,9.99,Active,,356.64
8349,8891,2024-06-20,,BASIC,9.99,Active,,196.14
8350,9027,2024-06-11,,STANDARD,19.99,Active,,398.47
8351,9522,2023-08-29,,BASIC,9.99,Active,,294.7
8352,6720,2025-03-09,,STANDARD,19.99,Active,,217.89
8353,8601,2026-03-08,,BASIC,9.99,Active,,-12.32
8354,2307,2026-03-25,,BASIC,9.99,Active,,-17.98
8355,1714,2023-05-28,2025-03-14,PREMIUM,39.99,Churned,SERVICE-02,874.45
8356,8187,2025-05-30,,PREMIUM,39.99,Active,,326.58
8357,4607,2023-09-20,,STANDARD,19.99,Active,,575.05
8358,8537,2024-06-27,2025-04-08,PREMIUM,39.99,Churned,PRICE-02,379.91
8359,5835,2024-08-24,,STANDARD,19.99,Active,,349.16
8360,8495,2023-09-01,,PREMIUM,39.99,Active,,1175.71
8361,2726,2025-03-08,,PREMIUM,39.99,Active,,437.22
8362,7317,2025-03-17,2027-03-11,BASIC,9.99,Churned,PROD-01,241.09
8363,9511,2025-11-30,,STANDARD,19.99,Active,,40.65
8364,7959,2025-09-01,,BASIC,9.99,Active,,50.28
8365,5117,2023-12-23,,BASIC,9.99,Active,,256.08
8366,8286,2026-01-28,2027-06-03,STANDARD,19.99,Churned,TECH-01,327.17
8367,7173,2024-02-22,,BASIC,9.99,Active,,235.76
8368,3478,2025-09-02,,STANDARD,19.99,Active,,99.95
8369,876,2023-10-25,,PREMIUM,39.99,Active,,1103.72
8370,6927,2025-01-18,,BASIC,9.99,Active,,125.54
8371,4005,2023-06-10,2023-10-07,BASIC,9.99,Churned,SERVICE-01,39.63
8372,4903,2025-03-20,,STANDARD,19.99,Active,,210.56
8373,1192,2026-06-14,2026-10-15,STANDARD,19.99,Churned,PROD-01,81.96
8374,2880,2024-05-05,,PREMIUM,39.99,Active,,846.46
8375,6795,2024-05-15,,PREMIUM,39.99,Active,,833.12
8376,1703,2024-07-20,,PREMIUM,39.99,Active,,745.15
8377,1978,2025-03-27,,PREMIUM,39.99,Active,,411.9
8378,4194,2025-11-22,2027-10-13,PREMIUM,39.99,Churned,SERVICE-02,919.77
8379,5227,2023-08-17,,PREMIUM,39.99,Active,,1195.7
8380,8710,2026-04-28,,STANDARD,19.99,Active,,-58.64
8381,8257,2024-12-21,2025-01-26,BASIC,9.99,Churned,PRICE-02,11.99
8382,3483,2023-04-02,,BASIC,9.99,Active,,344.32
8383,2727,2024-08-04,,BASIC,9.99,Active,,181.15
8384,8945,2024-06-01,,BASIC,9.99,Active,,202.46
8385,6731,2026-05-01,,BASIC,9.99,Active,,-30.3
8386,2529,2026-01-06,2027-08-21,BASIC,9.99,Churned,PROD-01,197.14
8387,4875,2025-10-18,,PREMIUM,39.99,Active,,138.63
8388,9744,2026-04-04,2026-05-16,STANDARD,19.99,Churned,TECH-01,27.99
8389,8532,2023-09-23,,BASIC,9.99,Active,,286.38
8390,7715,2025-09-12,,BASIC,9.99,Active,,46.62
8391,3089,2026-01-08,,PREMIUM,39.99,Active,,29.33
8392,6820,2023-07-16,,PREMIUM,39.99,Active,,1238.36
8393,5025,2026-01-30,,STANDARD,19.99,Active,,0.0
8394,2988,2026-01-22,,PREMIUM,39.99,Active,,10.66
8395,5670,2023-01-25,2024-02-27,STANDARD,19.99,Churned,PRICE-02,265.2
8396,7080,2023-01-01,,BASIC,9.99,Active,,374.62
8397,6915,2024-08-03,,PREMIUM,39.99,Active,,726.49
8398,5258,2025-10-19,,STANDARD,19.99,Active,,68.63
8399,9853,2026-03-09,2027-04-16,PREMIUM,39.99,Churned,PROD-01,537.2
8400,2583,2026-06-22,,BASIC,9.99,Active,,-47.62
8401,7741,2024-03-21,,BASIC,9.99,Active,,226.44
8402,9275,2023-03-26,,STANDARD,19.99,Active,,693.65
8403,2442,2025-05-21,,PREMIUM,39.99,Active,,338.58
8404,4640,2024-01-17,2025-06-22,PREMIUM,39.99,Churned,PRICE-01,695.83
8405,8838,2023-03-27,,STANDARD,19.99,Active,,692.99
8406,1217,2023-04-02,,PREMIUM,39.99,Active,,1378.32
8407,2300,2023-02-05,,STANDARD,19.99,Active,,726.3
8408,416,2023-03-02,,PREMIUM,39.99,Active,,1419.64
8409,6292,2024-11-21,2025-09-05,STANDARD,19.99,Churned,PROD-01,191.9
8410,87,2023-09-30,,BASIC,9.99,Active,,284.05
8411,8505,2025-09-27,2026-08-30,PREMIUM,39.99,Churned,SERVICE-02,449.22
8412,6989,2023-04-27,,STANDARD,19.99,Active,,672.33
8413,5992,2024-10-23,,BASIC,9.99,Active,,154.51
8414,6157,2024-08-02,,BASIC,9.99,Active,,181.82
8415,1434,2024-04-08,,BASIC,9.99,Active,,220.45
8416,876,2024-08-02,2026-07-20,PREMIUM,39.99,Churned,SERVICE-02,955.76
8417,6269,2023-03-01,2023-04-29,STANDARD,19.99,Churned,TECH-01,39.31
8418,5687,2024-05-03,,STANDARD,19.99,Active,,424.45
8419,4880,2023-01-28,,STANDARD,19.99,Active,,731.63
8420,971,2024-06-03,2025-12-13,BASIC,9.99,Churned,COMP-01,185.81
8421,1153,2023-07-07,2025-05-13,PREMIUM,39.99,Churned,TECH-01,901.11
8422,3921,2025-05-01,,STANDARD,19.99,Active,,182.58
8423,4696,2024-06-12,2026-05-01,PREMIUM,39.99,Churned,COMP-01,917.1
8424,3066,2024-01-20,,STANDARD,19.99,Active,,493.75
8425,6589,2024-03-23,,PREMIUM,39.99,Active,,903.77
8426,429,2024-05-03,,PREMIUM,39.99,Active,,849.12
8427,901,2024-07-11,,STANDARD,19.99,Active,,378.48
8428,9469,2025-04-10,,STANDARD,19.99,Active,,196.57
8429,2375,2023-05-06,2024-09-13,BASIC,9.99,Churned,COMP-01,165.17
8430,147,2024-04-06,,STANDARD,19.99,Active,,442.45
8431,7273,2026-01-08,2026-04-19,STANDARD,19.99,Churned,COMP-01,67.3
8432,9473,2025-08-14,,BASIC,9.99,Active,,56.28
8433,1100,2025-05-02,,STANDARD,19.99,Active,,181.91
8434,7059,2025-10-04,2026-08-08,PREMIUM,39.99,Churned,PRICE-02,410.56
8435,6954,2025-06-05,2026-09-25,BASIC,9.99,Churned,PRICE-01,158.84
8436,8964,2025-10-14,,PREMIUM,39.99,Active,,143.96
8437,3901,2024-01-07,,STANDARD,19.99,Active,,502.42
8438,9765,2026-05-04,,PREMIUM,39.99,Active,,-125.3
8439,7493,2023-03-31,,BASIC,9.99,Active,,344.99
8440,9012,2026-04-23,2026-09-15,STANDARD,19.99,Churned,PROD-01,96.62
8441,8261,2024-08-14,,STANDARD,19.99,Active,,355.82
8442,4986,2024-07-15,,STANDARD,19.99,Active,,375.81
8443,3887,2024-01-12,,PREMIUM,39.99,Active,,998.42
8444,6440,2023-09-29,,STANDARD,19.99,Active,,569.05
8445,9737,2023-01-15,,STANDARD,19.99,Active,,740.3
8446,9129,2023-10-27,,STANDARD,19.99,Active,,550.39
8447,7928,2023-07-22,2024-10-10,BASIC,9.99,Churned,TECH-01,148.52
8448,4563,2024-04-30,,BASIC,9.99,Active,,213.12
8449,4306,2023-12-21,,STANDARD,19.99,Active,,513.74
8450,9438,2023-03-25,,PREMIUM,39.99,Active,,1388.99
8451,9602,2024-11-01,2026-02-13,PREMIUM,39.99,Churned,PRICE-02,625.18
8452,2379,2023-03-24,,BASIC,9.99,Active,,347.32
8453,2742,2023-12-30,,PREMIUM,39.99,Active,,1015.75
8454,8367,2023-02-28,2023-06-12,BASIC,9.99,Churned,PRICE-02,34.63
8455,4872,2024-03-10,,STANDARD,19.99,Active,,460.44
8456,694,2024-08-12,,PREMIUM,39.99,Active,,714.49
8457,4006,2024-05-03,2025-08-08,PREMIUM,39.99,Churned,SERVICE-02,615.85
8458,7911,2023-03-16,,STANDARD,19.99,Active,,700.32
8459,7064,2023-12-03,,STANDARD,19.99,Active,,525.74
8460,6356,2024-11-18,2025-08-23,STANDARD,19.99,Churned,TECH-01,185.24
8461,2836,2025-11-20,,STANDARD,19.99,Active,,47.31
8462,9757,2024-08-31,,BASIC,9.99,Active,,172.16
8463,8922,2023-03-25,,BASIC,9.99,Active,,346.99
8464,7249,2026-03-10,,PREMIUM,39.99,Active,,-51.99
8465,15,2026-05-22,2026-07-05,STANDARD,19.99,Churned,COMP-01,29.32
8466,3146,2024-08-04,2024-10-10,BASIC,9.99,Churned,PRICE-01,22.31
8467,4801,2025-09-09,2027-02-22,STANDARD,19.99,Churned,PRICE-01,353.82
8468,5742,2025-10-27,,BASIC,9.99,Active,,31.63
8469,8845,2023-02-22,,PREMIUM,39.99,Active,,1430.31
8470,9117,2024-01-20,,PREMIUM,39.99,Active,,987.75
8471,7997,2025-06-03,,BASIC,9.99,Active,,80.25
8472,2781,2026-01-03,2027-10-21,STANDARD,19.99,Churned,PRICE-01,437.11
8473,3878,2023-05-23,,STANDARD,19.99,Active,,655.01
8474,3200,2023-04-24,,STANDARD,19.99,Active,,674.33
8475,6049,2024-01-06,,STANDARD,19.99,Active,,503.08
8476,7149,2025-11-16,,PREMIUM,39.99,Active,,99.98
8477,4970,2023-03-19,,BASIC,9.99,Active,,348.98
8478,9356,2025-12-30,,BASIC,9.99,Active,,10.32
8479,8306,2024-04-29,2024-11-05,STANDARD,19.99,Churned,SERVICE-02,126.6
8480,7221,2023-08-20,,STANDARD,19.99,Active,,595.7
8481,7402,2025-10-24,,PREMIUM,39.99,Active,,130.63
8482,2800,2025-08-16,,STANDARD,19.99,Active,,111.28
8483,855,2023-05-27,2023-11-27,BASIC,9.99,Churned,SERVICE-01,61.27
8484,6151,2025-05-22,,STANDARD,19.99,Active,,168.58
8485,5156,2023-08-20,2025-06-25,STANDARD,19.99,Churned,SERVICE-02,449.77
8486,3368,2026-04-02,,BASIC,9.99,Active,,-20.65
8487,1170,2026-05-18,,PREMIUM,39.99,Active,,-143.96
8488,1938,2024-06-10,,STANDARD,19.99,Active,,399.13
8489,9049,2025-05-02,2026-08-01,STANDARD,19.99,Churned,SERVICE-01,303.85
8490,867,2023-01-08,2023-05-30,PREMIUM,39.99,Churned,SERVICE-02,189.29
8491,812,2023-04-12,2024-08-03,BASIC,9.99,Churned,SERVICE-02,159.51
8492,1119,2026-02-08,,BASIC,9.99,Active,,-3.0
8493,4717,2026-04-26,,BASIC,9.99,Active,,-28.64
8494,1686,2024-05-19,,STANDARD,19.99,Active,,413.79
8495,4509,2026-01-21,,STANDARD,19.99,Active,,6.0
8496,8911,2026-01-29,,STANDARD,19.99,Active,,0.67
8497,4874,2023-03-02,,BASIC,9.99,Active,,354.64
8498,7610,2025-08-03,,BASIC,9.99,Active,,59.94
8499,7175,2023-01-05,2024-10-30,STANDARD,19.99,Churned,TECH-01,442.45
8500,9088,2024-11-20,,STANDARD,19.99,Active,,290.52
8501,9546,2025-03-02,2027-02-06,PREMIUM,39.99,Churned,PRICE-01,941.1
8502,1472,2023-08-10,2025-02-20,STANDARD,19.99,Churned,PRICE-02,373.15
8503,2752,2025-11-03,2027-08-20,BASIC,9.99,Churned,TECH-01,218.11
8504,2950,2024-05-05,,STANDARD,19.99,Active,,423.12
8505,9839,2026-01-24,,STANDARD,19.99,Active,,4.0
8506,5271,2023-07-20,,BASIC,9.99,Active,,308.02
8507,419,2023-01-20,2023-05-17,BASIC,9.99,Churned,SERVICE-02,38.96
8508,5659,2025-10-28,,STANDARD,19.99,Active,,62.64
8509,6534,2023-08-14,,STANDARD,19.99,Active,,599.7
8510,5674,2026-01-20,,BASIC,9.99,Active,,3.33
8511,5967,2023-07-29,,STANDARD,19.99,Active,,610.36
8512,8911,2024-01-11,,PREMIUM,39.99,Active,,999.75
8513,840,2024-04-21,,STANDARD,19.99,Active,,432.45
8514,488,2024-07-15,,STANDARD,19.99,Active,,375.81
8515,7923,2023-02-16,,STANDARD,19.99,Active,,718.97
8516,3044,2023-09-12,,PREMIUM,39.99,Active,,1161.04
8517,7149,2025-03-14,,BASIC,9.99,Active,,107.23
8518,4480,2023-02-05,2023-10-11,PREMIUM,39.99,Churned,COMP-01,330.58
8519,564,2023-02-03,2024-05-13,BASIC,9.99,Churned,PRICE-02,154.84
8520,9977,2023-04-20,2024-10-06,PREMIUM,39.99,Churned,COMP-01,713.15
8521,2261,2026-01-08,,BASIC,9.99,Active,,7.33
8522,1869,2025-09-30,,BASIC,9.99,Active,,40.63
8523,8184,2026-01-30,,PREMIUM,39.99,Active,,0.0
8524,2768,2024-12-01,,BASIC,9.99,Active,,141.53
8525,6282,2026-02-06,,BASIC,9.99,Active,,-2.33
8526,1805,2024-11-08,,STANDARD,19.99,Active,,298.52
8527,6865,2024-08-26,,PREMIUM,39.99,Active,,695.83
8528,4421,2024-04-18,,STANDARD,19.99,Active,,434.45
8529,5352,2025-03-25,,BASIC,9.99,Active,,103.56
8530,523,2026-06-21,,BASIC,9.99,Active,,-47.29
8531,5413,2024-03-16,,PREMIUM,39.99,Active,,913.11
8532,1318,2024-04-25,2024-12-01,STANDARD,19.99,Churned,PRICE-01,146.59
8533,862,2025-10-30,2026-10-30,PREMIUM,39.99,Churned,PROD-01,486.55
8534,5978,2023-03-29,,BASIC,9.99,Active,,345.65
8535,1780,2025-10-18,,PREMIUM,39.99,Active,,138.63
8536,8668,2025-11-08,,PREMIUM,39.99,Active,,110.64
8537,934,2026-03-17,,PREMIUM,39.99,Active,,-61.32
8538,3068,2023-12-26,,PREMIUM,39.99,Active,,1021.08
8539,4318,2025-10-05,,BASIC,9.99,Active,,38.96
8540,5821,2023-05-28,,STANDARD,19.99,Active,,651.67
8541,3310,2026-05-14,,PREMIUM,39.99,Active,,-138.63
8542,9981,2024-01-05,,BASIC,9.99,Active,,251.75
8543,3452,2025-08-06,,BASIC,9.99,Active,,58.94
8544,1373,2024-06-20,,BASIC,9.99,Active,,196.14
8545,3263,2025-02-04,,BASIC,9.99,Active,,119.88
8546,8444,2023-01-02,,PREMIUM,39.99,Active,,1498.29
8547,3324,2023-09-29,,BASIC,9.99,Active,,284.38
8548,3573,2024-09-06,,STANDARD,19.99,Active,,340.5
8549,3914,2023-08-04,,BASIC,9.99,Active,,303.03
8550,8050,2023-03-03,2023-04-17,STANDARD,19.99,Churned,SERVICE-01,29.98
8551,7923,2024-05-21,,PREMIUM,39.99,Active,,825.13
8552,8135,2025-01-08,2025-02-19,PREMIUM,39.99,Churned,COMP-01,55.99
8553,8414,2023-06-02,,BASIC,9.99,Active,,324.01
8554,503,2024-06-05,,PREMIUM,39.99,Active,,805.13
8555,9115,2026-02-01,2027-09-25,BASIC,9.99,Churned,SERVICE-02,200.13
8556,6869,2023-03-12,,STANDARD,19.99,Active,,702.98
8557,4997,2025-06-17,,STANDARD,19.99,Active,,151.26
8558,3246,2023-02-16,,STANDARD,19.99,Active,,718.97
8559,3133,2024-12-16,,PREMIUM,39.99,Active,,546.53
8560,7537,2025-10-26,,PREMIUM,39.99,Active,,127.97
8561,7465,2025-06-13,2027-06-08,BASIC,9.99,Churned,PRICE-01,241.43
8562,8314,2025-02-27,,PREMIUM,39.99,Active,,449.22
8563,3241,2024-02-08,2024-06-02,PREMIUM,39.99,Churned,PRICE-02,153.3
8564,6418,2024-08-09,,BASIC,9.99,Active,,179.49
8565,5345,2025-08-18,,BASIC,9.99,Active,,54.95
8566,5126,2024-07-21,,BASIC,9.99,Active,,185.81
8567,6129,2025-03-31,2025-08-23,BASIC,9.99,Churned,SERVICE-02,48.28
8568,3872,2024-12-31,,PREMIUM,39.99,Active,,526.53
8569,7842,2025-07-22,2026-06-11,PREMIUM,39.99,Churned,TECH-01,431.89
8570,5798,2026-06-29,2028-04-29,PREMIUM,39.99,Churned,PRICE-02,893.11
8571,6759,2023-12-10,,BASIC,9.99,Active,,260.41
8572,3951,2024-07-11,,BASIC,9.99,Active,,189.14
8573,2059,2025-12-08,2026-01-10,STANDARD,19.99,Churned,PRICE-02,21.99
8574,7218,2025-06-22,,BASIC,9.99,Active,,73.93
8575,2104,2023-07-02,2025-04-15,STANDARD,19.99,Churned,PRICE-02,435.12
8576,7378,2025-08-21,,BASIC,9.99,Active,,53.95
8577,7602,2024-10-17,,BASIC,9.99,Active,,156.51
8578,9901,2026-04-10,2026-05-26,STANDARD,19.99,Churned,COMP-01,30.65
8579,8016,2025-04-09,,STANDARD,19.99,Active,,197.23
8580,1143,2024-03-06,2025-11-08,BASIC,9.99,Churned,PRICE-02,203.8
8581,9919,2023-05-13,2024-03-08,PREMIUM,39.99,Churned,PRICE-01,399.9
8582,9417,2025-06-16,,PREMIUM,39.99,Active,,303.92
8583,6849,2025-02-04,2026-09-27,STANDARD,19.99,Churned,COMP-01,399.8
8584,5871,2025-01-27,,PREMIUM,39.99,Active,,490.54
8585,5816,2026-04-07,2027-10-25,PREMIUM,39.99,Churned,PROD-01,754.48
8586,1499,2025-04-28,,STANDARD,19.99,Active,,184.57
8587,618,2024-10-30,,BASIC,9.99,Active,,152.18
8588,9719,2024-06-03,2025-04-27,BASIC,9.99,Churned,SERVICE-01,109.22
8589,2847,2024-07-22,,PREMIUM,39.99,Active,,742.48
8590,3474,2024-08-11,,PREMIUM,39.99,Active,,715.82
8591,3341,2023-10-30,,BASIC,9.99,Active,,274.06
8592,3980,2025-09-07,2025-12-08,BASIC,9.99,Churned,PROD-01,30.64
8593,825,2024-10-29,2025-05-16,STANDARD,19.99,Churned,COMP-01,132.6
8594,5421,2025-09-02,,STANDARD,19.99,Active,,99.95
8595,474,2024-02-21,,BASIC,9.99,Active,,236.1
8596,29,2026-06-17,,PREMIUM,39.99,Active,,-183.95
8597,8253,2026-03-13,,STANDARD,19.99,Active,,-27.99
8598,433,2025-01-07,,BASIC,9.99,Active,,129.2
8599,7423,2024-03-29,,STANDARD,19.99,Active,,447.78
8600,326,2023-10-13,,PREMIUM,39.99,Active,,1119.72
8601,5853,2024-09-26,,STANDARD,19.99,Active,,327.17
8602,1374,2025-07-07,2025-08-13,PREMIUM,39.99,Churned,SERVICE-02,49.32
8603,2656,2025-08-07,2026-01-03,BASIC,9.99,Churned,SERVICE-01,49.62
8604,3962,2023-07-12,,PREMIUM,39.99,Active,,1243.69
8605,4943,2023-04-19,,BASIC,9.99,Active,,338.66
8606,4024,2025-08-28,,BASIC,9.99,Active,,51.62
8607,5770,2025-11-17,,PREMIUM,39.99,Active,,98.64
8608,7996,2024-09-23,,STANDARD,19.99,Active,,329.17
8609,574,2025-09-26,,PREMIUM,39.99,Active,,167.96
8610,8031,2023-05-26,2025-04-04,STANDARD,19.99,Churned,PRICE-02,452.44
8611,5330,2023-02-24,,BASIC,9.99,Active,,356.64
8612,4001,2026-05-11,,PREMIUM,39.99,Active,,-134.63
8613,6321,2023-03-22,2024-01-10,STANDARD,19.99,Churned,COMP-01,195.9
8614,8984,2024-05-23,,BASIC,9.99,Active,,205.46
8615,9473,2024-01-15,,BASIC,9.99,Active,,248.42
8616,129,2023-01-22,2024-02-27,BASIC,9.99,Churned,TECH-01,133.53
8617,6439,2023-07-16,2023-10-18,PREMIUM,39.99,Churned,TECH-01,125.3
8618,5068,2025-08-04,,BASIC,9.99,Active,,59.61
8619,4871,2026-03-25,,BASIC,9.99,Active,,-17.98
8620,9656,2026-05-13,,PREMIUM,39.99,Active,,-137.3
8621,9192,2025-09-07,,STANDARD,19.99,Active,,96.62
8622,6029,2025-07-22,2026-03-15,BASIC,9.99,Churned,PROD-01,78.59
8623,7569,2023-06-03,,BASIC,9.99,Active,,323.68
8624,9604,2025-07-23,2026-03-01,STANDARD,19.99,Churned,COMP-01,147.26
8625,4620,2025-09-15,2027-07-19,BASIC,9.99,Churned,COMP-01,223.78
8626,8298,2026-04-22,,STANDARD,19.99,Active,,-54.64
8627,3634,2024-07-02,,PREMIUM,39.99,Active,,769.14
8628,8931,2024-02-02,,STANDARD,19.99,Active,,485.09
8629,2490,2023-04-20,,BASIC,9.99,Active,,338.33
8630,4700,2025-03-05,,PREMIUM,39.99,Active,,441.22
8631,4374,2025-12-31,2027-02-02,PREMIUM,39.99,Churned,PROD-01,530.53
8632,1523,2025-01-04,,STANDARD,19.99,Active,,260.54
8633,6641,2026-03-30,,STANDARD,19.99,Active,,-39.31
8634,7816,2024-05-27,,BASIC,9.99,Active,,204.13
8635,2219,2023-12-04,,BASIC,9.99,Active,,262.4
8636,245,2025-01-25,,BASIC,9.99,Active,,123.21
8637,670,2024-05-16,,PREMIUM,39.99,Active,,831.79
8638,9023,2024-08-07,,PREMIUM,39.99,Active,,721.15
8639,2698,2024-11-11,,BASIC,9.99,Active,,148.19
8640,5944,2024-07-31,,PREMIUM,39.99,Active,,730.48
8641,2216,2023-05-21,2024-08-14,PREMIUM,39.99,Churned,COMP-01,601.18
8642,8859,2024-09-01,,PREMIUM,39.99,Active,,687.83
8643,6973,2024-11-08,,PREMIUM,39.99,Active,,597.18
8644,5612,2025-01-19,,PREMIUM,39.99,Active,,501.21
8645,6293,2023-07-13,,BASIC,9.99,Active,,310.36
8646,4705,2025-06-25,2026-10-07,STANDARD,19.99,Churned,SERVICE-01,312.51
8647,5961,2024-06-09,,STANDARD,19.99,Active,,399.8
8648,8046,2024-10-17,,PREMIUM,39.99,Active,,626.51
8649,3753,2026-04-29,,STANDARD,19.99,Active,,-59.3
8650,1377,2023-05-08,,STANDARD,19.99,Active,,665.0
8651,4597,2023-01-29,,PREMIUM,39.99,Active,,1462.3
8652,7461,2026-02-02,,PREMIUM,39.99,Active,,-4.0
8653,7655,2024-04-24,2026-01-06,BASIC,9.99,Churned,COMP-01,207.13
8654,4349,2023-09-06,,STANDARD,19.99,Active,,584.37
8655,7370,2023-11-28,,BASIC,9.99,Active,,264.4
8656,6578,2026-03-01,,BASIC,9.99,Active,,-9.99
8657,8199,2026-06-01,2027-11-23,STANDARD,19.99,Churned,PROD-01,359.82
8658,45,2025-05-31,2026-11-13,STANDARD,19.99,Churned,SERVICE-01,353.82
8659,78,2023-06-21,2025-06-20,PREMIUM,39.99,Churned,PRICE-02,973.09
8660,6318,2025-01-21,,BASIC,9.99,Active,,124.54
8661,8311,2023-05-10,2023-08-03,STANDARD,19.99,Churned,PRICE-01,56.64
8662,7332,2025-05-27,,BASIC,9.99,Active,,82.58
8663,7028,2025-08-18,,STANDARD,19.99,Active,,109.94
8664,2373,2023-04-01,,BASIC,9.99,Active,,344.66
8665,5848,2025-06-01,2026-08-11,PREMIUM,39.99,Churned,COMP-01,581.19
8666,8355,2025-02-05,,BASIC,9.99,Active,,119.55
8667,8887,2026-03-14,2026-07-23,PREMIUM,39.99,Churned,SERVICE-01,174.62
8668,8604,2023-08-04,,STANDARD,19.99,Active,,606.36
8669,9898,2025-04-11,,STANDARD,19.99,Active,,195.9
8670,5390,2026-03-12,,STANDARD,19.99,Active,,-27.32
8671,1116,2025-06-23,,BASIC,9.99,Active,,73.59
8672,2860,2025-05-05,,BASIC,9.99,Active,,89.91
8673,969,2025-01-28,2025-05-22,STANDARD,19.99,Churned,PRICE-02,75.96
8674,9114,2024-03-09,2024-08-08,BASIC,9.99,Churned,SERVICE-02,50.62
8675,2597,2025-05-13,2026-04-28,PREMIUM,39.99,Churned,TECH-01,466.55
8676,2364,2023-07-20,,PREMIUM,39.99,Active,,1233.03
8677,6748,2024-05-01,,STANDARD,19.99,Active,,425.79
8678,2352,2023-03-17,2025-02-19,BASIC,9.99,Churned,COMP-01,234.77
8679,6662,2023-07-12,,STANDARD,19.99,Active,,621.69
8680,7441,2026-06-09,2028-02-27,STANDARD,19.99,Churned,SERVICE-01,418.46
8681,9120,2025-02-26,,STANDARD,19.99,Active,,225.22
8682,9127,2026-01-23,2027-12-30,STANDARD,19.99,Churned,COMP-01,470.43
8683,5728,2024-05-11,,STANDARD,19.99,Active,,419.12
8684,7286,2024-11-27,2025-03-19,BASIC,9.99,Churned,TECH-01,37.3
8685,8548,2024-05-25,2024-11-05,PREMIUM,39.99,Churned,SERVICE-01,218.61
8686,8499,2024-04-10,,BASIC,9.99,Active,,219.78
8687,7269,2023-11-07,2024-06-27,BASIC,9.99,Churned,PRICE-02,77.59
8688,7837,2024-10-11,,PREMIUM,39.99,Active,,634.51
8689,7468,2024-10-19,2025-04-23,STANDARD,19.99,Churned,PROD-01,123.94
8690,6747,2025-10-10,2026-04-26,STANDARD,19.99,Churned,TECH-01,131.93
8691,6315,2024-11-20,,PREMIUM,39.99,Active,,581.19
8692,3840,2023-10-24,,STANDARD,19.99,Active,,552.39
8693,3641,2026-03-03,,STANDARD,19.99,Active,,-21.32
8694,7916,2023-05-13,,PREMIUM,39.99,Active,,1323.67
8695,753,2024-10-22,2025-05-20,PREMIUM,39.99,Churned,PROD-01,279.93
8696,8825,2026-06-09,2026-08-07,BASIC,9.99,Churned,SERVICE-02,19.65
8697,5038,2024-06-01,2025-05-26,PREMIUM,39.99,Churned,PROD-01,478.55
8698,6696,2024-12-14,2025-10-25,BASIC,9.99,Churned,PRICE-01,104.89
8699,4030,2025-10-16,,BASIC,9.99,Active,,35.3
8700,9830,2023-01-10,,PREMIUM,39.99,Active,,1487.63
8701,2114,2026-04-11,,BASIC,9.99,Active,,-23.64
8702,1195,2023-05-13,,STANDARD,19.99,Active,,661.67
8703,1376,2025-03-01,,STANDARD,19.99,Active,,223.22
8704,5759,2024-09-24,,PREMIUM,39.99,Active,,657.17
8705,4182,2023-09-13,2024-02-10,STANDARD,19.99,Churned,SERVICE-01,99.95
8706,3590,2024-09-28,,STANDARD,19.99,Active,,325.84
8707,2429,2024-08-19,,STANDARD,19.99,Active,,352.49
8708,8638,2024-07-18,,PREMIUM,39.99,Active,,747.81
8709,9899,2023-10-02,,PREMIUM,39.99,Active,,1134.38
8710,585,2023-04-17,,STANDARD,19.99,Active,,678.99
8711,3167,2026-05-26,,STANDARD,19.99,Active,,-77.29
8712,1227,2025-04-01,,STANDARD,19.99,Active,,202.57
8713,2244,2024-04-08,2024-11-16,PREMIUM,39.99,Churned,SERVICE-01,295.93
8714,9501,2023-10-28,,STANDARD,19.99,Active,,549.72
8715,4046,2024-03-16,2024-08-31,STANDARD,19.99,Churned,SERVICE-02,111.94
8716,995,2023-01-10,,STANDARD,19.99,Active,,743.63
8717,7904,2023-12-26,2024-04-10,PREMIUM,39.99,Churned,SERVICE-01,141.3
8718,9838,2025-08-21,,STANDARD,19.99,Active,,107.95
8719,2340,2025-05-23,,BASIC,9.99,Active,,83.92
8720,1751,2025-07-20,2027-06-08,STANDARD,19.99,Churned,PRICE-01,458.44
8721,3843,2026-01-21,,BASIC,9.99,Active,,3.0
8722,2985,2023-10-19,,BASIC,9.99,Active,,277.72
8723,7529,2025-06-17,,PREMIUM,39.99,Active,,302.59
8724,2490,2023-12-27,2025-12-17,PREMIUM,39.99,Churned,PRICE-01,961.09
8725,7503,2023-03-16,,BASIC,9.99,Active,,349.98
8726,2665,2026-06-17,,STANDARD,19.99,Active,,-91.95
8727,6446,2024-04-28,,BASIC,9.99,Active,,213.79
8728,1550,2025-06-08,2025-11-08,BASIC,9.99,Churned,SERVICE-02,50.95
8729,2786,2025-06-04,,BASIC,9.99,Active,,79.92
8730,8816,2025-02-19,2025-08-28,STANDARD,19.99,Churned,SERVICE-02,126.6
8731,567,2023-10-11,2024-08-13,PREMIUM,39.99,Churned,PRICE-02,409.23
8732,1490,2026-05-08,,STANDARD,19.99,Active,,-65.3
8733,1516,2025-07-09,2027-05-02,PREMIUM,39.99,Churned,TECH-01,882.45
8734,8026,2023-06-12,,BASIC,9.99,Active,,320.68
8735,8568,2026-03-15,2027-04-02,STANDARD,19.99,Churned,PROD-01,255.21
8736,6589,2025-05-27,2026-07-07,PREMIUM,39.99,Churned,SERVICE-02,541.2
8737,3945,2026-05-18,,STANDARD,19.99,Active,,-71.96
8738,6531,2024-04-07,2025-06-06,STANDARD,19.99,Churned,PROD-01,283.19
8739,5540,2023-07-17,,PREMIUM,39.99,Active,,1237.02
8740,5309,2026-01-17,,STANDARD,19.99,Active,,8.66
8741,87,2023-08-01,,PREMIUM,39.99,Active,,1217.03
8742,2622,2026-03-04,,PREMIUM,39.99,Active,,-43.99
8743,6327,2025-05-21,,PREMIUM,39.99,Active,,338.58
8744,7993,2023-03-05,,STANDARD,19.99,Active,,707.65
8745,9154,2023-10-26,2025-05-19,PREMIUM,39.99,Churned,SERVICE-02,761.14
8746,1251,2024-01-12,2024-09-04,BASIC,9.99,Churned,PROD-01,78.59
8747,6732,2023-10-17,,BASIC,9.99,Active,,278.39
8748,4734,2025-05-08,2026-01-31,BASIC,9.99,Churned,PRICE-02,89.24
8749,1927,2024-02-18,,BASIC,9.99,Active,,237.1
8750,8013,2023-10-15,,PREMIUM,39.99,Active,,1117.05
8751,4685,2024-08-07,,STANDARD,19.99,Active,,360.49
8752,8660,2025-04-12,2026-12-17,BASIC,9.99,Churned,PROD-01,204.46
8753,9286,2026-01-01,,BASIC,9.99,Active,,9.66
8754,9481,2024-03-16,,STANDARD,19.99,Active,,456.44
8755,1466,2024-11-01,,BASIC,9.99,Active,,151.51
8756,3437,2025-06-17,2027-03-10,BASIC,9.99,Churned,COMP-01,210.12
8757,1895,2025-08-19,,STANDARD,19.99,Active,,109.28
8758,8412,2025-10-16,2026-04-28,STANDARD,19.99,Churned,COMP-01,129.27
8759,7583,2024-10-08,,STANDARD,19.99,Active,,319.17
8760,7024,2023-12-05,,STANDARD,19.99,Active,,524.4
8761,100,2024-08-26,,PREMIUM,39.99,Active,,695.83
8762,488,2025-05-16,2026-10-20,PREMIUM,39.99,Churned,SERVICE-02,695.83
8763,6975,2023-11-13,,PREMIUM,39.99,Active,,1078.4
8764,4768,2024-08-02,,BASIC,9.99,Active,,181.82
8765,2516,2024-11-20,,STANDARD,19.99,Active,,290.52
8766,5640,2024-09-24,,STANDARD,19.99,Active,,328.5
8767,6787,2024-12-13,,BASIC,9.99,Active,,137.53
8768,8004,2024-04-05,,STANDARD,19.99,Active,,443.11
8769,9134,2025-01-16,2026-01-26,PREMIUM,39.99,Churned,PRICE-01,499.88
8770,7262,2025-07-24,,STANDARD,19.99,Active,,126.6
8771,4753,2024-10-21,,BASIC,9.99,Active,,155.18
8772,8636,2026-06-15,2027-06-03,PREMIUM,39.99,Churned,COMP-01,470.55
8773,2966,2026-05-17,,PREMIUM,39.99,Active,,-142.63
8774,5758,2023-02-24,,STANDARD,19.99,Active,,713.64
8775,3737,2025-07-18,,STANDARD,19.99,Active,,130.6
8776,8772,2025-12-07,2027-02-02,BASIC,9.99,Churned,TECH-01,140.53
8777,1641,2024-05-18,,STANDARD,19.99,Active,,414.46
8778,9841,2026-03-17,,PREMIUM,39.99,Active,,-61.32
8779,4628,2025-07-03,,BASIC,9.99,Active,,70.26
8780,1417,2024-05-08,,BASIC,9.99,Active,,210.46
8781,3535,2026-05-23,,BASIC,9.99,Active,,-37.63
8782,9768,2024-12-07,2026-01-01,PREMIUM,39.99,Churned,PRICE-01,519.87
8783,7563,2025-02-10,,STANDARD,19.99,Active,,235.88
8784,78,2023-02-05,,PREMIUM,39.99,Active,,1452.97
8785,7029,2025-04-25,,PREMIUM,39.99,Active,,373.24
8786,7106,2023-05-02,,PREMIUM,39.99,Active,,1338.33
8787,3956,2023-07-07,,BASIC,9.99,Active,,312.35
8788,1749,2026-04-27,,BASIC,9.99,Active,,-28.97
8789,874,2023-09-09,,BASIC,9.99,Active,,291.04
8790,1910,2023-08-19,,STANDARD,19.99,Active,,596.37
8791,8612,2024-07-24,,PREMIUM,39.99,Active,,739.82
8792,6257,2026-05-16,,PREMIUM,39.99,Active,,-141.3
8793,372,2024-03-01,2025-09-05,PREMIUM,39.99,Churned,TECH-01,737.15
8794,9866,2025-10-04,,STANDARD,19.99,Active,,78.63
8795,3161,2024-05-27,,PREMIUM,39.99,Active,,817.13
8796,3601,2025-04-14,,PREMIUM,39.99,Active,,387.9
8797,4212,2023-09-09,,STANDARD,19.99,Active,,582.38
8798,6906,2023-06-08,,PREMIUM,39.99,Active,,1289.01
8799,7002,2024-06-24,,BASIC,9.99,Active,,194.81
8800,3834,2025-01-06,2025-07-06,PREMIUM,39.99,Churned,PROD-01,241.27
8801,3434,2025-01-18,,PREMIUM,39.99,Active,,502.54
8802,2717,2025-08-28,,BASIC,9.99,Active,,51.62
8803,3472,2023-06-07,,STANDARD,19.99,Active,,645.01
8804,8140,2024-12-15,,BASIC,9.99,Active,,136.86
8805,609,2024-06-18,,STANDARD,19.99,Active,,393.8
8806,5194,2024-05-18,,BASIC,9.99,Active,,207.13
8807,8907,2023-05-06,2024-09-01,PREMIUM,39.99,Churned,PRICE-02,645.17
8808,759,2023-01-07,,STANDARD,19.99,Active,,745.63
8809,5898,2025-05-21,,STANDARD,19.99,Active,,169.25
8810,7978,2024-02-11,2025-07-01,PREMIUM,39.99,Churned,COMP-01,674.5
8811,8265,2024-10-07,,STANDARD,19.99,Active,,319.84
8812,163,2024-11-28,,PREMIUM,39.99,Active,,570.52
8813,8236,2024-11-11,,BASIC,9.99,Active,,148.19
8814,2148,2025-05-21,2026-07-26,BASIC,9.99,Churned,PROD-01,143.52
8815,6966,2026-04-19,,BASIC,9.99,Active,,-26.31
8816,5483,2023-06-09,,STANDARD,19.99,Active,,643.68
8817,8862,2025-08-29,,STANDARD,19.99,Active,,102.62
8818,5081,2025-01-22,2026-10-14,PREMIUM,39.99,Churned,TECH-01,839.79
8819,3972,2025-04-29,,STANDARD,19.99,Active,,183.91
8820,300,2025-06-14,2027-02-14,STANDARD,19.99,Churned,PROD-01,406.46
8821,8099,2024-11-22,,STANDARD,19.99,Active,,289.19
8822,3567,2023-05-15,,PREMIUM,39.99,Active,,1321.0
8823,4896,2023-02-02,,PREMIUM,39.99,Active,,1456.97
8824,3359,2024-10-19,,PREMIUM,39.99,Active,,623.84
8825,1447,2024-01-23,2024-05-03,STANDARD,19.99,Churned,SERVICE-01,67.3
8826,104,2024-03-30,2025-10-26,BASIC,9.99,Churned,PRICE-02,191.48
8827,6077,2026-05-21,,PREMIUM,39.99,Active,,-147.96
8828,8878,2024-12-14,,STANDARD,19.99,Active,,274.53
8829,9089,2024-06-17,2025-06-20,STANDARD,19.99,Churned,SERVICE-01,245.21
8830,6516,2023-03-06,,BASIC,9.99,Active,,353.31
8831,1037,2024-04-15,,PREMIUM,39.99,Active,,873.12
8832,8531,2025-08-21,,STANDARD,19.99,Active,,107.95
8833,7394,2025-08-13,,STANDARD,19.99,Active,,113.28
8834,8548,2025-09-15,2026-04-24,PREMIUM,39.99,Churned,TECH-01,294.59
8835,5882,2023-10-08,,STANDARD,19.99,Active,,563.05
8836,8381,2024-10-30,2025-12-27,BASIC,9.99,Churned,COMP-01,140.86
8837,5818,2023-11-29,,PREMIUM,39.99,Active,,1057.07
8838,3790,2026-05-27,2026-11-26,PREMIUM,39.99,Churned,SERVICE-01,243.94
8839,6669,2023-08-27,,PREMIUM,39.99,Active,,1182.37
8840,7006,2025-07-24,,BASIC,9.99,Active,,63.27
8841,3011,2023-09-06,,STANDARD,19.99,Active,,584.37
8842,9531,2026-05-17,,BASIC,9.99,Active,,-35.63
8843,119,2023-06-22,,BASIC,9.99,Active,,317.35
8844,3962,2023-06-27,2025-02-19,PREMIUM,39.99,Churned,COMP-01,803.8
8845,8350,2023-11-01,2025-05-05,BASIC,9.99,Churned,PROD-01,183.48
8846,4768,2023-02-03,2023-12-16,BASIC,9.99,Churned,TECH-01,105.23
8847,5039,2026-01-23,,STANDARD,19.99,Active,,4.66
8848,5090,2023-07-19,,BASIC,9.99,Active,,308.36
8849,2999,2023-03-09,,STANDARD,19.99,Active,,704.98
8850,1237,2023-02-27,2024-10-19,BASIC,9.99,Churned,SERVICE-02,199.8
8851,9548,2024-04-25,,STANDARD,19.99,Active,,429.78
8852,3640,2026-04-24,2028-02-28,PREMIUM,39.99,Churned,COMP-01,899.78
8853,2629,2024-11-01,2026-02-19,BASIC,9.99,Churned,PRICE-02,158.18
8854,8825,2023-12-08,,STANDARD,19.99,Active,,522.41
8855,5674,2024-06-30,,BASIC,9.99,Active,,192.81
8856,704,2025-03-05,2025-11-19,BASIC,9.99,Churned,SERVICE-01,86.25
8857,9774,2024-11-15,,BASIC,9.99,Active,,146.85
8858,3005,2023-01-08,2024-02-02,PREMIUM,39.99,Churned,TECH-01,519.87
8859,7562,2024-01-18,,BASIC,9.99,Active,,247.42
8860,4985,2024-01-12,2024-05-07,STANDARD,19.99,Churned,TECH-01,77.29
8861,4252,2023-07-18,,PREMIUM,39.99,Active,,1235.69
8862,4575,2026-04-03,2026-05-21,BASIC,9.99,Churned,PRICE-02,15.98
8863,5560,2026-06-14,,PREMIUM,39.99,Active,,-179.96
8864,8556,2026-02-24,,PREMIUM,39.99,Active,,-33.33
8865,5340,2024-03-08,,STANDARD,19.99,Active,,461.77
8866,3607,2024-08-27,,PREMIUM,39.99,Active,,694.49
8867,2757,2025-07-14,2025-08-20,PREMIUM,39.99,Churned,COMP-01,49.32
8868,5881,2024-12-22,,STANDARD,19.99,Active,,269.2
8869,6444,2026-06-22,2027-08-09,BASIC,9.99,Churned,TECH-01,137.53
8870,9616,2023-02-03,,PREMIUM,39.99,Active,,1455.64
8871,3893,2025-05-10,,STANDARD,19.99,Active,,176.58
8872,9365,2025-11-12,2026-11-03,STANDARD,19.99,Churned,SERVICE-02,237.21
8873,9865,2026-04-26,,BASIC,9.99,Active,,-28.64
8874,2649,2023-07-06,,BASIC,9.99,Active,,312.69
8875,4052,2025-10-28,2027-08-22,STANDARD,19.99,Churned,COMP-01,441.78
8876,8252,2023-02-28,2024-07-27,PREMIUM,39.99,Churned,PRICE-02,686.5
8877,6372,2023-11-15,2024-02-02,BASIC,9.99,Churned,PRICE-01,26.31
8878,5654,2026-03-22,,PREMIUM,39.99,Active,,-67.98
8879,7919,2025-05-13,,BASIC,9.99,Active,,87.25
8880,8886,2026-05-06,,BASIC,9.99,Active,,-31.97
8881,4929,2025-01-16,,STANDARD,19.99,Active,,252.54
8882,8748,2026-03-22,2027-04-21,PREMIUM,39.99,Churned,PRICE-02,526.53
8883,9412,2024-08-02,,BASIC,9.99,Active,,181.82
8884,4656,2023-04-30,,STANDARD,19.99,Active,,670.33
8885,371,2023-04-09,2023-10-27,BASIC,9.99,Churned,SERVICE-01,66.93
8886,5268,2025-07-18,,PREMIUM,39.99,Active,,261.27
8887,2500,2023-08-04,2024-03-24,STANDARD,19.99,Churned,PRICE-01,155.26
8888,3470,2026-02-09,,BASIC,9.99,Active,,-3.33
8889,511,2024-04-18,,BASIC,9.99,Active,,217.12
8890,4029,2025-08-22,,PREMIUM,39.99,Active,,214.61
8891,691,2023-08-24,,STANDARD,19.99,Active,,593.04
8892,3294,2025-10-24,,PREMIUM,39.99,Active,,130.63
8893,3,2024-01-12,,BASIC,9.99,Active,,249.42
8894,7540,2025-09-24,2027-09-04,PREMIUM,39.99,Churned,PRICE-01,946.43
8895,6822,2023-10-12,,BASIC,9.99,Active,,280.05
8896,3749,2024-12-26,,BASIC,9.99,Active,,133.2
8897,8785,2025-09-12,,STANDARD,19.99,Active,,93.29
8898,5236,2023-02-14,,BASIC,9.99,Active,,359.97
8899,1141,2025-10-07,,PREMIUM,39.99,Active,,153.3
8900,5286,2023-03-30,,STANDARD,19.99,Active,,690.99
8901,1728,2026-02-04,2028-01-18,PREMIUM,39.99,Churned,PRICE-02,950.43
8902,2842,2023-06-12,2023-08-03,BASIC,9.99,Churned,TECH-01,17.32
8903,6413,2023-01-22,,BASIC,9.99,Active,,367.63
8904,5186,2025-02-25,,BASIC,9.99,Active,,112.89
8905,1295,2025-11-04,,STANDARD,19.99,Active,,57.97
8906,8360,2023-10-22,,PREMIUM,39.99,Active,,1107.72
8907,5140,2025-09-01,2026-08-03,BASIC,9.99,Churned,SERVICE-02,111.89
8908,520,2024-06-12,2025-08-25,BASIC,9.99,Churned,PRICE-02,146.19
8909,2301,2023-11-20,2024-02-03,STANDARD,19.99,Churned,PRICE-01,49.97
8910,7400,2023-02-23,,STANDARD,19.99,Active,,714.31
8911,1273,2024-11-20,,STANDARD,19.99,Active,,290.52
8912,8953,2025-02-26,,PREMIUM,39.99,Active,,450.55
8913,9833,2023-06-17,,BASIC,9.99,Active,,319.01
8914,9224,2025-01-24,,BASIC,9.99,Active,,123.54
8915,281,2025-03-22,,PREMIUM,39.99,Active,,418.56
8916,4597,2024-03-27,,STANDARD,19.99,Active,,449.11
8917,312,2023-01-03,,STANDARD,19.99,Active,,748.29
8918,5879,2024-05-01,,STANDARD,19.99,Active,,425.79
8919,5263,2023-10-21,,BASIC,9.99,Active,,277.06
8920,9464,2023-09-26,,PREMIUM,39.99,Active,,1142.38
8921,1157,2026-06-02,,PREMIUM,39.99,Active,,-163.96
8922,5330,2026-05-28,,PREMIUM,39.99,Active,,-157.29
8923,2602,2025-03-23,2025-07-18,BASIC,9.99,Churned,COMP-01,38.96
8924,9795,2025-01-07,,PREMIUM,39.99,Active,,517.2
8925,140,2026-04-18,,BASIC,9.99,Active,,-25.97
8926,2555,2023-03-17,,PREMIUM,39.99,Active,,1399.65
8927,4174,2024-10-27,,STANDARD,19.99,Active,,306.51
8928,6485,2025-09-26,2026-01-18,PREMIUM,39.99,Churned,PRICE-02,151.96
8929,8003,2025-01-05,,BASIC,9.99,Active,,129.87
8930,485,2023-09-19,,PREMIUM,39.99,Active,,1151.71
8931,9924,2026-06-18,,STANDARD,19.99,Active,,-92.62
8932,3683,2025-04-08,,BASIC,9.99,Active,,98.9
8933,728,2024-02-01,2025-12-02,BASIC,9.99,Churned,SERVICE-02,223.11
8934,4774,2023-11-08,,BASIC,9.99,Active,,271.06
8935,9924,2025-02-10,2026-10-09,PREMIUM,39.99,Churned,PRICE-01,807.8
8936,6228,2023-01-20,,STANDARD,19.99,Active,,736.96
8937,9694,2025-09-19,2025-11-12,STANDARD,19.99,Churned,SERVICE-02,35.98
8938,2206,2023-07-29,,BASIC,9.99,Active,,305.03
8939,5181,2026-03-05,2027-08-23,BASIC,9.99,Churned,COMP-01,178.49
8940,5479,2026-02-27,2027-05-07,PREMIUM,39.99,Churned,PRICE-01,578.52
8941,7360,2023-08-06,,BASIC,9.99,Active,,302.36
8942,9750,2023-12-07,,BASIC,9.99,Active,,261.41
8943,3598,2024-03-17,,BASIC,9.99,Active,,227.77
8944,6841,2026-04-10,,PREMIUM,39.99,Active,,-93.31
8945,2335,2024-03-29,,BASIC,9.99,Active,,223.78
8946,8360,2023-11-25,,STANDARD,19.99,Active,,531.07
8947,2650,2025-02-11,,PREMIUM,39.99,Active,,470.55
8948,4101,2025-05-14,,PREMIUM,39.99,Active,,347.91
8949,5191,2025-07-01,2025-12-31,STANDARD,19.99,Churned,TECH-01,121.94
8950,3661,2024-02-02,,BASIC,9.99,Active,,242.42
8951,1407,2026-02-01,,BASIC,9.99,Active,,-0.67
8952,2548,2026-01-14,,BASIC,9.99,Active,,5.33
8953,6765,2023-09-29,,BASIC,9.99,Active,,284.38
8954,5236,2023-05-24,,BASIC,9.99,Active,,327.01
8955,6096,2023-03-23,,STANDARD,19.99,Active,,695.65
8956,769,2025-03-07,2026-11-27,PREMIUM,39.99,Churned,COMP-01,839.79
8957,6426,2023-10-08,,BASIC,9.99,Active,,281.38
8958,2951,2024-03-07,2025-01-28,PREMIUM,39.99,Churned,PROD-01,435.89
8959,8163,2025-02-20,,STANDARD,19.99,Active,,229.22
8960,335,2023-06-13,,BASIC,9.99,Active,,320.35
8961,6191,2024-12-16,,BASIC,9.99,Active,,136.53
8962,5888,2024-04-18,,STANDARD,19.99,Active,,434.45
8963,4195,2025-02-02,2025-06-24,BASIC,9.99,Churned,SERVICE-02,47.29
8964,9334,2024-05-02,,BASIC,9.99,Active,,212.45
8965,5845,2025-09-15,,STANDARD,19.99,Active,,91.29
8966,9295,2024-05-30,,STANDARD,19.99,Active,,406.46
8967,9307,2024-09-10,,PREMIUM,39.99,Active,,675.83
8968,5288,2024-08-18,2024-11-06,STANDARD,19.99,Churned,SERVICE-02,53.31
8969,5279,2024-06-19,2025-12-09,STANDARD,19.99,Churned,COMP-01,358.49
8970,2401,2023-02-08,,PREMIUM,39.99,Active,,1448.97
8971,919,2026-05-26,,PREMIUM,39.99,Active,,-154.63
8972,8569,2024-08-18,2025-11-03,STANDARD,19.99,Churned,PRICE-01,294.52
8973,1770,2024-05-03,2025-08-30,PREMIUM,39.99,Churned,TECH-01,645.17
8974,942,2025-01-21,,BASIC,9.99,Active,,124.54
8975,9082,2024-07-22,2024-09-03,PREMIUM,39.99,Churned,SERVICE-02,57.32
8976,1498,2023-12-24,,PREMIUM,39.99,Active,,1023.74
8977,530,2023-05-01,,BASIC,9.99,Active,,334.67
8978,6057,2024-11-09,2026-03-26,STANDARD,19.99,Churned,TECH-01,334.5
8979,5194,2023-01-22,,BASIC,9.99,Active,,367.63
8980,6732,2024-04-09,,BASIC,9.99,Active,,220.11
8981,2578,2024-09-02,,PREMIUM,39.99,Active,,686.5
8982,4592,2023-11-25,2024-12-22,STANDARD,19.99,Churned,PRICE-01,261.87
8983,7383,2023-01-31,2024-01-09,STANDARD,19.99,Churned,SERVICE-02,228.55
8984,8650,2024-12-21,,PREMIUM,39.99,Active,,539.87
8985,5188,2025-06-25,,STANDARD,19.99,Active,,145.93
8986,8772,2026-02-26,,PREMIUM,39.99,Active,,-35.99
8987,5941,2024-08-15,2025-01-12,PREMIUM,39.99,Churned,TECH-01,199.95
8988,5037,2023-08-20,,BASIC,9.99,Active,,297.7
8989,8195,2023-04-17,,BASIC,9.99,Active,,339.33
8990,4846,2026-03-13,,BASIC,9.99,Active,,-13.99
8991,2646,2026-03-05,2027-07-28,BASIC,9.99,Churned,PROD-01,169.83
8992,3498,2024-11-02,,STANDARD,19.99,Active,,302.52
8993,1740,2026-01-17,,STANDARD,19.99,Active,,8.66
8994,3965,2026-03-29,,BASIC,9.99,Active,,-19.31
8995,1789,2025-11-21,,STANDARD,19.99,Active,,46.64
8996,555,2025-09-23,2027-03-06,STANDARD,19.99,Churned,COMP-01,352.49
8997,3477,2025-03-13,,PREMIUM,39.99,Active,,430.56
8998,3599,2024-12-10,,PREMIUM,39.99,Active,,554.53
8999,245,2025-02-28,,STANDARD,19.99,Active,,223.89
9000,8366,2023-12-31,,STANDARD,19.99,Active,,507.08
9001,191,2024-02-18,,PREMIUM,39.99,Active,,949.1
9002,5413,2024-03-28,,BASIC,9.99,Active,,224.11
9003,9788,2025-02-20,,BASIC,9.99,Active,,114.55
9004,3579,2024-03-09,2024-12-17,BASIC,9.99,Churned,COMP-01,94.24
9005,3198,2026-02-20,2027-03-21,STANDARD,19.99,Churned,PROD-01,262.54
9006,7754,2024-06-26,2024-09-17,BASIC,9.99,Churned,PROD-01,27.64
9007,7384,2026-04-20,,BASIC,9.99,Active,,-26.64
9008,5919,2025-03-03,2026-05-29,PREMIUM,39.99,Churned,SERVICE-02,602.52
9009,6760,2025-08-09,,PREMIUM,39.99,Active,,231.94
9010,3900,2025-11-13,2026-12-15,PREMIUM,39.99,Churned,COMP-01,529.2
9011,2173,2025-01-11,,STANDARD,19.99,Active,,255.87
9012,429,2025-10-31,2026-02-17,BASIC,9.99,Churned,COMP-01,36.3
9013,928,2023-02-10,,BASIC,9.99,Active,,361.31
9014,3526,2026-02-03,,PREMIUM,39.99,Active,,-5.33
9015,9515,2024-07-25,,STANDARD,19.99,Active,,369.15
9016,3460,2024-05-24,2024-06-30,PREMIUM,39.99,Churned,PROD-01,49.32
9017,5806,2023-04-26,2024-05-26,STANDARD,19.99,Churned,SERVICE-01,263.87
9018,1192,2023-03-12,2025-02-17,STANDARD,19.99,Churned,SERVICE-02,471.76
9019,8522,2025-03-24,2025-09-30,BASIC,9.99,Churned,PRICE-02,63.27
9020,9979,2023-09-24,,PREMIUM,39.99,Active,,1145.05
9021,8970,2024-04-09,,BASIC,9.99,Active,,220.11
9022,113,2023-03-20,2024-11-16,PREMIUM,39.99,Churned,PRICE-01,809.13
9023,7674,2024-08-20,,STANDARD,19.99,Active,,351.82
9024,1313,2024-04-01,2025-10-21,PREMIUM,39.99,Churned,PRICE-02,757.14
9025,7987,2024-03-07,,STANDARD,19.99,Active,,462.44
9026,1895,2023-03-23,,STANDARD,19.99,Active,,695.65
9027,6626,2025-02-03,,STANDARD,19.99,Active,,240.55
9028,9192,2025-08-16,2026-12-06,STANDARD,19.99,Churned,PRICE-01,317.84
9029,2533,2024-09-02,2026-02-15,BASIC,9.99,Churned,PROD-01,176.82
9030,4635,2024-06-05,,PREMIUM,39.99,Active,,805.13
9031,1776,2024-05-12,2025-06-14,STANDARD,19.99,Churned,SERVICE-02,265.2
9032,4686,2025-07-16,2026-12-20,BASIC,9.99,Churned,SERVICE-01,173.83
9033,9831,2025-03-16,,PREMIUM,39.99,Active,,426.56
9034,8732,2025-03-23,,BASIC,9.99,Active,,104.23
9035,8826,2023-07-09,,BASIC,9.99,Active,,311.69
9036,232,2024-12-02,2026-09-23,BASIC,9.99,Churned,PROD-01,219.78
9037,5998,2025-09-14,,STANDARD,19.99,Active,,91.95
9038,4501,2023-03-14,,STANDARD,19.99,Active,,701.65
9039,3101,2025-12-06,,STANDARD,19.99,Active,,36.65
9040,4319,2026-04-27,2026-09-14,BASIC,9.99,Churned,PROD-01,46.62
9041,4991,2023-10-10,2024-02-02,PREMIUM,39.99,Churned,PRICE-02,153.3
9042,1764,2025-05-09,,BASIC,9.99,Active,,88.58
9043,6089,2025-05-25,,BASIC,9.99,Active,,83.25
9044,908,2025-08-27,,PREMIUM,39.99,Active,,207.95
9045,7075,2024-09-11,,STANDARD,19.99,Active,,337.16
9046,3458,2024-05-02,,BASIC,9.99,Active,,212.45
9047,9421,2023-11-04,,BASIC,9.99,Active,,272.39
9048,2892,2026-01-11,,STANDARD,19.99,Active,,12.66
9049,2509,2025-02-05,,PREMIUM,39.99,Active,,478.55
9050,3040,2024-07-24,,PREMIUM,39.99,Active,,739.82
9051,6642,2026-06-22,,BASIC,9.99,Active,,-47.62
9052,534,2026-04-19,2026-06-22,PREMIUM,39.99,Churned,COMP-01,85.31
9053,5715,2025-03-18,,BASIC,9.99,Active,,105.89
9054,9940,2024-11-27,,BASIC,9.99,Active,,142.86
9055,3023,2024-04-25,,BASIC,9.99,Active,,214.78
9056,7097,2024-10-24,,BASIC,9.99,Active,,154.18
9057,4170,2026-06-06,,BASIC,9.99,Active,,-42.29
9058,1383,2025-08-18,2027-03-25,BASIC,9.99,Churned,TECH-01,194.47
9059,7766,2023-11-06,,PREMIUM,39.99,Active,,1087.73
9060,2970,2024-07-13,,BASIC,9.99,Active,,188.48
9061,9181,2023-01-01,,STANDARD,19.99,Active,,749.62
9062,1435,2023-05-09,2023-11-30,PREMIUM,39.99,Churned,COMP-01,273.26
9063,7907,2025-04-21,,STANDARD,19.99,Active,,189.24
9064,3274,2025-07-19,2025-09-16,STANDARD,19.99,Churned,COMP-01,39.31
9065,7250,2023-06-20,2025-01-18,BASIC,9.99,Churned,PRICE-01,192.47
9066,4387,2026-01-07,,PREMIUM,39.99,Active,,30.66
9067,3750,2024-11-23,,STANDARD,19.99,Active,,288.52
9068,7204,2023-09-12,,PREMIUM,39.99,Active,,1161.04
9069,1739,2024-09-06,,PREMIUM,39.99,Active,,681.16
9070,1901,2025-07-17,2026-07-03,STANDARD,19.99,Churned,PRICE-02,233.88
9071,9708,2023-12-28,,STANDARD,19.99,Active,,509.08
9072,2659,2026-04-06,,PREMIUM,39.99,Active,,-87.98
9073,6394,2023-11-29,,PREMIUM,39.99,Active,,1057.07
9074,9679,2023-03-19,,BASIC,9.99,Active,,348.98
9075,7987,2025-10-05,2026-10-30,PREMIUM,39.99,Churned,PROD-01,519.87
9076,8846,2023-11-13,2024-05-13,STANDARD,19.99,Churned,SERVICE-02,121.27
9077,4643,2025-01-04,,BASIC,9.99,Active,,130.2
9078,820,2026-04-15,,PREMIUM,39.99,Active,,-99.98
9079,1960,2024-09-15,,STANDARD,19.99,Active,,334.5
9080,2261,2024-06-03,,PREMIUM,39.99,Active,,807.8
9081,1739,2026-01-13,,BASIC,9.99,Active,,5.66
9082,4916,2023-09-16,,BASIC,9.99,Active,,288.71
9083,8134,2025-05-25,,PREMIUM,39.99,Active,,333.25
9084,7692,2025-05-06,,BASIC,9.99,Active,,89.58
9085,8363,2023-07-17,,BASIC,9.99,Active,,309.02
9086,1934,2024-04-01,,PREMIUM,39.99,Active,,891.78
9087,62,2024-12-25,,BASIC,9.99,Active,,133.53
9088,3965,2023-08-23,2023-11-18,PREMIUM,39.99,Churned,PROD-01,115.97
9089,1309,2024-10-06,,STANDARD,19.99,Active,,320.51
9090,2042,2024-07-01,,STANDARD,19.99,Active,,385.14
9091,5170,2024-01-24,2024-04-16,PREMIUM,39.99,Churned,TECH-01,110.64
9092,7397,2024-01-21,,STANDARD,19.99,Active,,493.09
9093,6482,2024-07-25,2025-11-11,PREMIUM,39.99,Churned,SERVICE-02,631.84
9094,4198,2023-05-06,,BASIC,9.99,Active,,333.0
9095,6304,2023-12-08,,BASIC,9.99,Active,,261.07
9096,8981,2023-09-11,2025-09-06,STANDARD,19.99,Churned,TECH-01,483.76
9097,8579,2024-07-06,,PREMIUM,39.99,Active,,763.81
9098,5113,2023-09-05,,STANDARD,19.99,Active,,585.04
9099,4701,2025-11-24,,STANDARD,19.99,Active,,44.64
9100,4466,2025-05-13,,PREMIUM,39.99,Active,,349.25
9101,8309,2026-04-10,,PREMIUM,39.99,Active,,-93.31
9102,5801,2024-08-16,,BASIC,9.99,Active,,177.16
9103,9159,2024-12-01,,PREMIUM,39.99,Active,,566.52
9104,1746,2023-08-04,,BASIC,9.99,Active,,303.03
9105,2909,2025-07-08,2026-10-12,STANDARD,19.99,Churned,SERVICE-02,307.18
9106,3890,2023-06-14,,BASIC,9.99,Active,,320.01
9107,2818,2024-03-29,2024-07-31,STANDARD,19.99,Churned,PROD-01,82.63
9108,7638,2024-08-03,2025-03-07,PREMIUM,39.99,Churned,PRICE-01,287.93
9109,1289,2025-09-28,,BASIC,9.99,Active,,41.29
9110,8829,2024-10-15,,BASIC,9.99,Active,,157.18
9111,8478,2025-06-11,,STANDARD,19.99,Active,,155.26
9112,6404,2025-12-30,,BASIC,9.99,Active,,10.32
9113,8639,2025-09-29,,PREMIUM,39.99,Active,,163.96
9114,9665,2023-11-21,2024-02-23,STANDARD,19.99,Churned,PRICE-01,62.64
9115,4734,2024-04-05,,STANDARD,19.99,Active,,443.11
9116,6170,2026-03-06,2027-10-24,PREMIUM,39.99,Churned,PRICE-02,795.8
9117,7116,2023-07-15,,PREMIUM,39.99,Active,,1239.69
9118,2894,2025-09-10,,STANDARD,19.99,Active,,94.62
9119,5892,2026-05-27,,PREMIUM,39.99,Active,,-155.96
9120,8519,2023-06-12,,PREMIUM,39.99,Active,,1283.68
9121,270,2024-02-28,,STANDARD,19.99,Active,,467.77
9122,1345,2023-10-29,,BASIC,9.99,Active,,274.39
9123,7801,2024-05-22,,BASIC,9.99,Active,,205.79
9124,6603,2024-12-20,,BASIC,9.99,Active,,135.2
9125,1615,2024-12-22,,BASIC,9.99,Active,,134.53
9126,171,2024-10-02,,PREMIUM,39.99,Active,,646.51
9127,8217,2023-11-08,,STANDARD,19.99,Active,,542.4
9128,6765,2025-07-22,,BASIC,9.99,Active,,63.94
9129,5106,2024-04-19,,STANDARD,19.99,Active,,433.78
9130,2792,2024-08-14,2025-10-02,BASIC,9.99,Churned,PRICE-02,137.86
9131,7737,2023-07-08,,STANDARD,19.99,Active,,624.35
9132,3139,2023-07-02,2024-02-05,BASIC,9.99,Churned,PRICE-01,72.59
9133,402,2024-11-23,,STANDARD,19.99,Active,,288.52
9134,3657,2023-07-30,,STANDARD,19.99,Active,,609.69
9135,5659,2025-03-16,,BASIC,9.99,Active,,106.56
9136,7694,2025-10-15,2027-05-20,STANDARD,19.99,Churned,PRICE-01,387.81
9137,2766,2024-09-30,,PREMIUM,39.99,Active,,649.17
9138,5878,2023-05-26,,BASIC,9.99,Active,,326.34
9139,8464,2026-06-07,,PREMIUM,39.99,Active,,-170.62
9140,6123,2026-03-13,,PREMIUM,39.99,Active,,-55.99
9141,9151,2024-10-14,2026-09-14,BASIC,9.99,Churned,COMP-01,233.1
9142,5047,2026-01-26,,STANDARD,19.99,Active,,2.67
9143,4726,2024-12-12,2026-02-17,PREMIUM,39.99,Churned,PROD-01,575.86
9144,8557,2025-07-14,,BASIC,9.99,Active,,66.6
9145,5298,2025-10-20,,STANDARD,19.99,Active,,67.97
9146,9969,2023-03-11,2023-06-01,STANDARD,19.99,Churned,TECH-01,54.64
9147,5093,2025-06-18,,STANDARD,19.99,Active,,150.59
9148,1908,2025-08-29,,PREMIUM,39.99,Active,,205.28
9149,3026,2024-12-09,2025-12-02,STANDARD,19.99,Churned,COMP-01,238.55
9150,4257,2023-01-22,,STANDARD,19.99,Active,,735.63
9151,9705,2025-05-19,,PREMIUM,39.99,Active,,341.25
9152,4002,2024-09-26,,STANDARD,19.99,Active,,327.17
9153,7337,2025-09-20,,STANDARD,19.99,Active,,87.96
9154,5901,2023-04-05,,BASIC,9.99,Active,,343.32
9155,4442,2026-01-18,,PREMIUM,39.99,Active,,16.0
9156,4429,2023-03-29,,BASIC,9.99,Active,,345.65
9157,4426,2023-03-12,,PREMIUM,39.99,Active,,1406.32
9158,2420,2026-04-20,,STANDARD,19.99,Active,,-53.31
9159,7420,2023-11-04,,BASIC,9.99,Active,,272.39
9160,2276,2024-01-29,2024-05-13,STANDARD,19.99,Churned,SERVICE-01,69.96
9161,8,2025-09-09,2027-09-09,BASIC,9.99,Churned,SERVICE-01,243.09
9162,6176,2023-02-09,,STANDARD,19.99,Active,,723.64
9163,8147,2023-03-29,,PREMIUM,39.99,Active,,1383.65
9164,7773,2024-04-17,,BASIC,9.99,Active,,217.45
9165,8339,2024-10-19,,PREMIUM,39.99,Active,,623.84
9166,5629,2024-02-24,,BASIC,9.99,Active,,235.1
9167,5956,2026-06-09,2027-08-12,BASIC,9.99,Churned,SERVICE-01,142.86
9168,2702,2025-08-31,,PREMIUM,39.99,Active,,202.62
9169,1529,2024-09-04,2024-11-24,BASIC,9.99,Churned,COMP-01,26.97
9170,2767,2025-06-17,2027-03-27,PREMIUM,39.99,Churned,SERVICE-01,863.78
9171,4129,2024-02-08,,PREMIUM,39.99,Active,,962.43
9172,5221,2025-10-01,,BASIC,9.99,Active,,40.29
9173,1340,2023-05-17,,PREMIUM,39.99,Active,,1318.34
9174,5975,2024-02-25,2025-06-01,PREMIUM,39.99,Churned,PRICE-02,615.85
9175,3085,2023-09-25,,BASIC,9.99,Active,,285.71
9176,7750,2026-04-29,,PREMIUM,39.99,Active,,-118.64
9177,4136,2023-03-01,,BASIC,9.99,Active,,354.98
9178,6884,2024-01-06,2024-05-18,PREMIUM,39.99,Churned,SERVICE-02,177.29
9179,7655,2023-05-31,2025-03-27,BASIC,9.99,Churned,PROD-01,221.78
9180,850,2023-07-27,2024-04-16,PREMIUM,39.99,Churned,PRICE-02,351.91
9181,7660,2026-04-11,,BASIC,9.99,Active,,-23.64
9182,9821,2025-07-21,,PREMIUM,39.99,Active,,257.27
9183,3725,2024-02-02,2025-11-17,PREMIUM,39.99,Churned,COMP-01,871.78
9184,6661,2024-11-25,,PREMIUM,39.99,Active,,574.52
9185,1030,2026-05-09,,STANDARD,19.99,Active,,-65.97
9186,3549,2026-02-25,,STANDARD,19.99,Active,,-17.32
9187,3013,2025-12-02,,PREMIUM,39.99,Active,,78.65
9188,9371,2023-06-14,,BASIC,9.99,Active,,320.01
9189,5581,2024-12-20,,BASIC,9.99,Active,,135.2
9190,660,2024-03-28,,PREMIUM,39.99,Active,,897.11
9191,7770,2026-03-19,,BASIC,9.99,Active,,-15.98
9192,5228,2023-08-22,2024-06-28,PREMIUM,39.99,Churned,PRICE-01,414.56
9193,4836,2025-07-07,,STANDARD,19.99,Active,,137.93
9194,955,2024-10-12,2025-07-22,PREMIUM,39.99,Churned,TECH-01,377.24
9195,443,2023-09-05,,STANDARD,19.99,Active,,585.04
9196,4574,2025-08-22,,STANDARD,19.99,Active,,107.28
9197,7993,2024-12-19,,PREMIUM,39.99,Active,,542.53
9198,4166,2024-05-30,,BASIC,9.99,Active,,203.13
9199,7721,2025-10-26,,STANDARD,19.99,Active,,63.97
9200,6259,2026-01-24,,STANDARD,19.99,Active,,4.0
9201,9737,2026-02-02,,PREMIUM,39.99,Active,,-4.0
9202,5568,2024-01-27,,PREMIUM,39.99,Active,,978.42
9203,4152,2024-12-17,2026-02-10,PREMIUM,39.99,Churned,COMP-01,559.86
9204,5230,2023-11-27,,STANDARD,19.99,Active,,529.74
9205,989,2026-02-15,,BASIC,9.99,Active,,-5.33
9206,243,2023-01-22,,PREMIUM,39.99,Active,,1471.63
9207,6913,2025-02-14,,STANDARD,19.99,Active,,233.22
9208,3300,2024-01-29,2025-07-21,BASIC,9.99,Churned,PROD-01,179.49
9209,6125,2026-06-12,2027-06-23,PREMIUM,39.99,Churned,COMP-01,501.21
9210,6864,2026-03-29,,BASIC,9.99,Active,,-19.31
9211,7760,2023-07-25,,STANDARD,19.99,Active,,613.03
9212,3542,2023-05-09,,BASIC,9.99,Active,,332.0
9213,2002,2026-05-19,,BASIC,9.99,Active,,-36.3
9214,3942,2024-12-11,2025-09-10,STANDARD,19.99,Churned,PROD-01,181.91
9215,7711,2026-05-12,,BASIC,9.99,Active,,-33.97
9216,5581,2023-12-26,,BASIC,9.99,Active,,255.08
9217,6830,2025-12-18,,PREMIUM,39.99,Active,,57.32
9218,5838,2024-04-09,2024-07-14,BASIC,9.99,Churned,SERVICE-02,31.97
9219,9975,2025-12-28,,BASIC,9.99,Active,,10.99
9220,4308,2024-06-18,,STANDARD,19.99,Active,,393.8
9221,9984,2023-02-02,,BASIC,9.99,Active,,363.97
9222,7936,2023-03-26,,STANDARD,19.99,Active,,693.65
9223,1445,2025-05-06,2027-03-04,STANDARD,19.99,Churned,COMP-01,444.44
9224,4605,2024-09-19,,PREMIUM,39.99,Active,,663.83
9225,1974,2024-09-12,,STANDARD,19.99,Active,,336.5
9226,2438,2023-08-24,,STANDARD,19.99,Active,,593.04
9227,5325,2024-04-27,,STANDARD,19.99,Active,,428.45
9228,1938,2025-08-18,2026-03-19,STANDARD,19.99,Churned,SERVICE-01,141.93
9229,7094,2024-01-08,,PREMIUM,39.99,Active,,1003.75
9230,6177,2026-05-11,,BASIC,9.99,Active,,-33.63
9231,1766,2024-12-28,,PREMIUM,39.99,Active,,530.53
9232,8627,2024-07-09,,STANDARD,19.99,Active,,379.81
9233,2817,2024-10-06,2024-11-07,BASIC,9.99,Churned,COMP-01,10.66
9234,9922,2026-04-13,,PREMIUM,39.99,Active,,-97.31
9235,6469,2026-01-18,,BASIC,9.99,Active,,4.0
9236,7956,2025-04-01,,PREMIUM,39.99,Active,,405.23
9237,4228,2026-05-13,2027-01-17,PREMIUM,39.99,Churned,SERVICE-01,331.92
9238,108,2023-10-02,,STANDARD,19.99,Active,,567.05
9239,7981,2025-04-27,,STANDARD,19.99,Active,,185.24
9240,3357,2023-07-06,,PREMIUM,39.99,Active,,1251.69
9241,7471,2023-04-05,,STANDARD,19.99,Active,,686.99
9242,3928,2025-12-18,,STANDARD,19.99,Active,,28.65
9243,7053,2023-11-18,2025-08-14,STANDARD,19.99,Churned,SERVICE-02,423.12
9244,9125,2023-07-04,,BASIC,9.99,Active,,313.35
9245,3054,2024-02-19,,BASIC,9.99,Active,,236.76
9246,4245,2023-11-26,,BASIC,9.99,Active,,265.07
9247,3644,2024-09-09,,PREMIUM,39.99,Active,,677.16
9248,1358,2023-08-19,,STANDARD,19.99,Active,,596.37
9249,5279,2024-03-20,,PREMIUM,39.99,Active,,907.77
9250,1057,2024-06-27,,BASIC,9.99,Active,,193.81
9251,6687,2024-04-29,,STANDARD,19.99,Active,,427.12
9252,70,2024-10-07,,PREMIUM,39.99,Active,,639.84
9253,4928,2023-04-02,,BASIC,9.99,Active,,344.32
9254,1655,2023-08-16,,STANDARD,19.99,Active,,598.37
9255,9566,2025-03-09,,STANDARD,19.99,Active,,217.89
9256,3674,2025-12-13,2027-03-10,STANDARD,19.99,Churned,PROD-01,301.18
9257,3804,2025-02-13,,STANDARD,19.99,Active,,233.88
9258,1304,2024-07-12,,BASIC,9.99,Active,,188.81
9259,5726,2023-06-16,,STANDARD,19.99,Active,,639.01
9260,9263,2023-12-21,,STANDARD,19.99,Active,,513.74
9261,7409,2024-12-09,,PREMIUM,39.99,Active,,555.86
9262,2793,2024-11-13,,BASIC,9.99,Active,,147.52
9263,2021,2025-04-24,,STANDARD,19.99,Active,,187.24
9264,6859,2024-01-20,,BASIC,9.99,Active,,246.75
9265,9502,2024-06-28,2026-02-11,STANDARD,19.99,Churned,PRICE-01,395.14
9266,7665,2024-11-27,,STANDARD,19.99,Active,,285.86
9267,1532,2023-08-21,,STANDARD,19.99,Active,,595.04
9268,2119,2025-08-09,2026-04-20,PREMIUM,39.99,Churned,SERVICE-01,338.58
9269,2549,2025-03-07,,PREMIUM,39.99,Active,,438.56
9270,6644,2025-06-22,,BASIC,9.99,Active,,73.93
9271,2753,2026-03-12,2027-08-31,STANDARD,19.99,Churned,SERVICE-01,357.82
9272,6495,2025-07-16,2026-12-19,PREMIUM,39.99,Churned,COMP-01,694.49
9273,2173,2024-02-19,,STANDARD,19.99,Active,,473.76
9274,5737,2025-03-17,2025-12-07,STANDARD,19.99,Churned,SERVICE-02,176.58
9275,889,2023-07-21,2025-04-06,BASIC,9.99,Churned,SERVICE-02,208.12
9276,9822,2026-02-24,2027-10-02,STANDARD,19.99,Churned,PROD-01,389.8
9277,265,2024-12-16,,PREMIUM,39.99,Active,,546.53
9278,4750,2024-06-12,,BASIC,9.99,Active,,198.8
9279,6849,2026-02-01,,STANDARD,19.99,Active,,-1.33
9280,3668,2023-12-16,2024-08-22,PREMIUM,39.99,Churned,SERVICE-02,333.25
9281,9767,2023-04-07,,BASIC,9.99,Active,,342.66
9282,9747,2024-07-24,,PREMIUM,39.99,Active,,739.82
9283,8057,2024-08-24,,BASIC,9.99,Active,,174.49
9284,842,2023-04-17,2023-10-31,BASIC,9.99,Churned,PRICE-01,65.6
9285,1013,2025-08-26,,STANDARD,19.99,Active,,104.61
9286,1577,2026-04-19,2027-02-08,BASIC,9.99,Churned,SERVICE-02,98.24
9287,8666,2025-02-12,,PREMIUM,39.99,Active,,469.22
9288,8748,2025-08-26,2026-05-15,PREMIUM,39.99,Churned,PRICE-02,349.25
9289,1203,2026-02-25,,BASIC,9.99,Active,,-8.66
9290,3259,2023-04-25,2024-03-15,PREMIUM,39.99,Churned,COMP-01,433.23
9291,2223,2023-04-29,2025-04-17,BASIC,9.99,Churned,PROD-01,239.43
9292,2202,2024-06-01,,PREMIUM,39.99,Active,,810.46
9293,3225,2023-05-03,2023-09-24,STANDARD,19.99,Churned,PRICE-01,95.95
9294,4568,2023-04-15,,BASIC,9.99,Active,,339.99
9295,3055,2024-07-31,2024-12-15,PREMIUM,39.99,Churned,TECH-01,182.62
9296,106,2025-09-04,,BASIC,9.99,Active,,49.28
9297,1158,2025-04-21,,STANDARD,19.99,Active,,189.24
9298,686,2026-04-12,,PREMIUM,39.99,Active,,-95.98
9299,3733,2025-09-20,,PREMIUM,39.99,Active,,175.96
9300,6558,2023-04-14,,BASIC,9.99,Active,,340.33
9301,8656,2026-02-20,,PREMIUM,39.99,Active,,-27.99
9302,607,2023-08-05,,STANDARD,19.99,Active,,605.7
9303,8254,2025-02-23,,PREMIUM,39.99,Active,,454.55
9304,4982,2023-07-31,,PREMIUM,39.99,Active,,1218.36
9305,1146,2026-05-08,2026-09-29,PREMIUM,39.99,Churned,PRICE-02,191.95
9306,2,2024-11-12,,STANDARD,19.99,Active,,295.85
9307,4158,2023-10-31,,STANDARD,19.99,Active,,547.73
9308,5174,2024-07-27,,BASIC,9.99,Active,,183.82
9309,6827,2024-09-25,2026-09-10,STANDARD,19.99,Churned,PRICE-01,476.43
9310,5570,2023-10-14,,BASIC,9.99,Active,,279.39
9311,6029,2025-04-25,2026-04-28,STANDARD,19.99,Churned,SERVICE-02,245.21
9312,8633,2024-08-13,,BASIC,9.99,Active,,178.16
9313,3747,2025-07-26,,STANDARD,19.99,Active,,125.27
9314,5542,2025-12-22,2027-09-28,BASIC,9.99,Churned,PRICE-02,214.78
9315,1537,2025-12-28,,STANDARD,19.99,Active,,21.99
9316,9905,2025-09-22,2027-04-04,BASIC,9.99,Churned,PROD-01,186.15
9317,2535,2024-07-20,,BASIC,9.99,Active,,186.15
9318,9989,2026-01-23,,STANDARD,19.99,Active,,4.66
9319,7837,2025-09-27,2027-01-09,BASIC,9.99,Churned,PRICE-02,156.18
9320,4426,2023-08-02,,STANDARD,19.99,Active,,607.7
9321,9736,2023-08-10,,PREMIUM,39.99,Active,,1205.03
9322,1549,2023-02-24,,STANDARD,19.99,Active,,713.64
9323,2727,2023-12-11,,STANDARD,19.99,Active,,520.41
9324,7245,2023-02-24,2023-03-31,PREMIUM,39.99,Churned,COMP-01,46.66
9325,7789,2024-11-21,,PREMIUM,39.99,Active,,579.86
9326,4129,2024-06-25,,BASIC,9.99,Active,,194.47
9327,4700,2024-02-18,2024-04-29,PREMIUM,39.99,Churned,PRICE-01,94.64
9328,2706,2025-03-02,2027-02-07,PREMIUM,39.99,Churned,SERVICE-01,942.43
9329,151,2026-03-28,2028-01-30,STANDARD,19.99,Churned,PROD-01,448.44
9330,6255,2025-06-20,2026-09-25,PREMIUM,39.99,Churned,SERVICE-01,615.85
9331,1059,2023-03-31,,STANDARD,19.99,Active,,690.32
9332,8180,2023-09-03,,PREMIUM,39.99,Active,,1173.04
9333,3598,2024-04-01,,BASIC,9.99,Active,,222.78
9334,2160,2023-06-13,,BASIC,9.99,Active,,320.35
9335,5317,2024-04-19,,PREMIUM,39.99,Active,,867.78
9336,4796,2026-02-18,,STANDARD,19.99,Active,,-12.66
9337,9611,2023-11-28,,BASIC,9.99,Active,,264.4
9338,1186,2024-02-06,2025-11-28,PREMIUM,39.99,Churned,PRICE-01,881.11
9339,3584,2024-07-03,,PREMIUM,39.99,Active,,767.81
9340,205,2024-08-30,,BASIC,9.99,Active,,172.49
9341,2690,2025-09-28,2027-03-31,BASIC,9.99,Churned,PRICE-02,182.82
9342,5069,2026-06-05,,BASIC,9.99,Active,,-41.96
9343,4925,2025-04-20,,STANDARD,19.99,Active,,189.9
9344,3284,2025-05-24,,BASIC,9.99,Active,,83.58
9345,729,2024-10-06,,STANDARD,19.99,Active,,320.51
9346,5126,2023-12-20,,PREMIUM,39.99,Active,,1029.08
9347,4701,2024-04-22,,PREMIUM,39.99,Active,,863.78
9348,6412,2025-06-01,2026-05-05,STANDARD,19.99,Churned,SERVICE-01,225.22
9349,6686,2026-05-15,,STANDARD,19.99,Active,,-69.96
9350,7588,2024-08-03,,BASIC,9.99,Active,,181.49
9351,9464,2023-02-14,,BASIC,9.99,Active,,359.97
9352,825,2025-04-11,2026-10-31,BASIC,9.99,Churned,COMP-01,189.14
9353,3321,2023-10-07,,STANDARD,19.99,Active,,563.72
9354,2075,2024-11-05,,PREMIUM,39.99,Active,,601.18
9355,4862,2026-04-12,,STANDARD,19.99,Active,,-47.98
9356,677,2023-11-14,,STANDARD,19.99,Active,,538.4
9357,2809,2025-01-24,,PREMIUM,39.99,Active,,494.54
9358,2321,2025-05-03,,PREMIUM,39.99,Active,,362.58
9359,7994,2024-06-05,,PREMIUM,39.99,Active,,805.13
9360,4391,2025-03-18,2025-04-27,BASIC,9.99,Churned,PRICE-01,13.32
9361,61,2025-12-04,,STANDARD,19.99,Active,,37.98
9362,9455,2023-10-15,,STANDARD,19.99,Active,,558.39
9363,826,2025-02-13,2026-05-31,BASIC,9.99,Churned,TECH-01,157.18
9364,4218,2024-01-25,,PREMIUM,39.99,Active,,981.09
9365,4940,2025-06-02,2025-12-05,BASIC,9.99,Churned,TECH-01,61.94
9366,1885,2023-09-03,,STANDARD,19.99,Active,,586.37
9367,8576,2023-05-27,2024-11-19,PREMIUM,39.99,Churned,SERVICE-02,722.49
9368,9237,2023-11-08,,STANDARD,19.99,Active,,542.4
9369,7436,2026-01-29,,PREMIUM,39.99,Active,,1.33
9370,4808,2025-03-08,2026-02-28,PREMIUM,39.99,Churned,COMP-01,475.88
9371,7086,2025-10-27,2027-03-26,BASIC,9.99,Churned,PRICE-02,171.5
9372,2107,2025-10-31,,PREMIUM,39.99,Active,,121.3
9373,1392,2025-06-14,,STANDARD,19.99,Active,,153.26
9374,6598,2023-12-31,,BASIC,9.99,Active,,253.41
9375,7499,2025-04-12,,PREMIUM,39.99,Active,,390.57
9376,1127,2024-04-08,,STANDARD,19.99,Active,,441.11
9377,8685,2026-01-13,2026-03-20,BASIC,9.99,Churned,PRICE-01,21.98
9378,6045,2026-06-08,,STANDARD,19.99,Active,,-85.96
9379,5895,2025-10-19,,BASIC,9.99,Active,,34.3
9380,6083,2023-03-18,,STANDARD,19.99,Active,,698.98
9381,9341,2025-06-04,,PREMIUM,39.99,Active,,319.92
9382,8373,2023-06-04,2023-12-01,BASIC,9.99,Churned,TECH-01,59.94
9383,68,2025-01-30,,PREMIUM,39.99,Active,,486.55
9384,8496,2026-02-07,2026-04-30,STANDARD,19.99,Churned,SERVICE-02,54.64
9385,8560,2024-10-16,2025-01-23,PREMIUM,39.99,Churned,SERVICE-02,131.97
9386,8629,2026-05-25,2027-02-19,PREMIUM,39.99,Churned,TECH-01,359.91
9387,2457,2025-03-03,2025-08-16,PREMIUM,39.99,Churned,SERVICE-01,221.28
9388,951,2023-07-10,2024-08-20,PREMIUM,39.99,Churned,PROD-01,542.53
9389,5911,2025-07-16,,STANDARD,19.99,Active,,131.93
9390,2913,2025-03-04,,BASIC,9.99,Active,,110.56
9391,2211,2025-11-16,2026-03-18,STANDARD,19.99,Churned,SERVICE-02,81.29
9392,5881,2025-11-03,,STANDARD,19.99,Active,,58.64
9393,8698,2025-10-21,2026-06-19,PREMIUM,39.99,Churned,PRICE-02,321.25
9394,989,2023-07-06,,PREMIUM,39.99,Active,,1251.69
9395,1311,2025-02-19,,BASIC,9.99,Active,,114.89
9396,3413,2025-09-18,,STANDARD,19.99,Active,,89.29
9397,617,2024-04-23,,PREMIUM,39.99,Active,,862.45
9398,8469,2025-10-18,2027-01-06,STANDARD,19.99,Churned,PROD-01,296.52
9399,7927,2025-02-14,,BASIC,9.99,Active,,116.55
9400,5738,2025-03-02,,STANDARD,19.99,Active,,222.56
9401,2193,2023-10-10,2024-06-11,PREMIUM,39.99,Churned,PROD-01,326.58
9402,9697,2025-05-27,,STANDARD,19.99,Active,,165.25
9403,7866,2026-02-25,,PREMIUM,39.99,Active,,-34.66
9404,4402,2025-03-29,,STANDARD,19.99,Active,,204.56
9405,3374,2023-08-19,,PREMIUM,39.99,Active,,1193.04
9406,796,2024-09-05,,PREMIUM,39.99,Active,,682.5
9407,3978,2025-11-18,,PREMIUM,39.99,Active,,97.31
9408,1844,2024-05-14,,PREMIUM,39.99,Active,,834.46
9409,2562,2024-10-12,,STANDARD,19.99,Active,,316.51
9410,3173,2024-09-30,,BASIC,9.99,Active,,162.17
9411,4736,2025-06-05,2026-11-06,PREMIUM,39.99,Churned,TECH-01,691.83
9412,4393,2023-10-20,,BASIC,9.99,Active,,277.39
9413,8818,2023-11-30,,PREMIUM,39.99,Active,,1055.74
9414,5906,2023-04-16,,PREMIUM,39.99,Active,,1359.66
9415,7026,2023-02-15,2024-03-31,PREMIUM,39.99,Churned,PRICE-01,546.53
9416,6125,2023-04-14,,BASIC,9.99,Active,,340.33
9417,8383,2023-04-03,2024-04-15,STANDARD,19.99,Churned,COMP-01,251.87
9418,9178,2024-11-04,,BASIC,9.99,Active,,150.52
9419,4962,2024-11-07,,BASIC,9.99,Active,,149.52
9420,7788,2025-02-28,2025-12-06,STANDARD,19.99,Churned,COMP-01,187.24
9421,6694,2024-08-16,,BASIC,9.99,Active,,177.16
9422,9998,2023-05-10,,BASIC,9.99,Active,,331.67
9423,4934,2025-11-02,,BASIC,9.99,Active,,29.64
9424,3654,2024-10-07,,BASIC,9.99,Active,,159.84
9425,5877,2023-11-01,,BASIC,9.99,Active,,273.39
9426,5407,2025-04-21,,PREMIUM,39.99,Active,,378.57
9427,5909,2023-06-20,,BASIC,9.99,Active,,318.01
9428,2967,2023-04-19,2024-04-15,BASIC,9.99,Churned,TECH-01,120.55
9429,6782,2023-03-05,,BASIC,9.99,Active,,353.65
9430,6843,2025-02-24,2026-01-20,PREMIUM,39.99,Churned,TECH-01,439.89
9431,2294,2025-03-20,,BASIC,9.99,Active,,105.23
9432,2329,2024-11-24,,STANDARD,19.99,Active,,287.86
9433,4044,2025-03-27,2026-08-13,PREMIUM,39.99,Churned,TECH-01,671.83
9434,776,2023-02-08,2023-06-06,STANDARD,19.99,Churned,PRICE-01,78.63
9435,6376,2024-03-13,2024-07-23,PREMIUM,39.99,Churned,PROD-01,175.96
9436,1400,2026-02-02,,PREMIUM,39.99,Active,,-4.0
9437,71,2025-12-06,,BASIC,9.99,Active,,18.32
9438,3459,2024-09-12,,PREMIUM,39.99,Active,,673.16
9439,5814,2024-11-05,,PREMIUM,39.99,Active,,601.18
9440,3258,2024-07-05,,PREMIUM,39.99,Active,,765.14
9441,4251,2024-07-19,,STANDARD,19.99,Active,,373.15
9442,7041,2023-08-07,2024-10-18,PREMIUM,39.99,Churned,PRICE-01,583.85
9443,2253,2024-08-10,,STANDARD,19.99,Active,,358.49
9444,5110,2024-07-30,2024-11-19,BASIC,9.99,Churned,TECH-01,37.3
9445,6480,2025-06-27,2026-01-12,BASIC,9.99,Churned,SERVICE-01,66.27
9446,5149,2024-09-29,2025-05-08,PREMIUM,39.99,Churned,PRICE-02,294.59
9447,3718,2025-11-01,,PREMIUM,39.99,Active,,119.97
9448,2345,2024-11-18,,STANDARD,19.99,Active,,291.85
9449,8806,2025-10-13,,STANDARD,19.99,Active,,72.63
9450,7007,2023-08-08,2023-10-27,PREMIUM,39.99,Churned,COMP-01,106.64
9451,9643,2024-08-29,,STANDARD,19.99,Active,,345.83
9452,7515,2026-01-17,,PREMIUM,39.99,Active,,17.33
9453,1300,2023-02-14,,BASIC,9.99,Active,,359.97
9454,1568,2023-11-14,,STANDARD,19.99,Active,,538.4
9455,7533,2026-02-24,,BASIC,9.99,Active,,-8.33
9456,980,2026-06-10,2027-09-05,PREMIUM,39.99,Churned,TECH-01,602.52
9457,6069,2024-07-08,,BASIC,9.99,Active,,190.14
9458,5594,2025-05-26,2026-12-22,PREMIUM,39.99,Churned,SERVICE-01,766.48
9459,1033,2026-06-13,,STANDARD,19.99,Active,,-89.29
9460,3296,2025-01-24,2025-04-27,PREMIUM,39.99,Churned,PROD-01,123.97
9461,2796,2023-04-22,,PREMIUM,39.99,Active,,1351.66
9462,6097,2025-03-03,,BASIC,9.99,Active,,110.89
9463,4508,2024-02-07,,PREMIUM,39.99,Active,,963.76
9464,148,2024-01-21,,PREMIUM,39.99,Active,,986.42
9465,2792,2024-03-25,2025-10-21,PREMIUM,39.99,Churned,PRICE-01,766.48
9466,866,2025-10-07,2026-08-02,PREMIUM,39.99,Churned,TECH-01,398.57
9467,8638,2024-09-28,,STANDARD,19.99,Active,,325.84
9468,5140,2023-11-10,,STANDARD,19.99,Active,,541.06
9469,9652,2023-01-05,,PREMIUM,39.99,Active,,1494.29
9470,3031,2023-08-23,,STANDARD,19.99,Active,,593.7
9471,6558,2025-09-02,,PREMIUM,39.99,Active,,199.95
9472,2793,2025-07-12,2026-10-28,PREMIUM,39.99,Churned,PRICE-02,630.51
9473,8654,2026-04-29,,PREMIUM,39.99,Active,,-118.64
9474,9461,2026-06-21,,STANDARD,19.99,Active,,-94.62
9475,1693,2024-02-24,2025-04-15,BASIC,9.99,Churned,COMP-01,138.53
9476,3157,2026-02-17,,BASIC,9.99,Active,,-5.99
9477,5101,2023-03-21,,STANDARD,19.99,Active,,696.98
9478,2766,2023-05-13,,PREMIUM,39.99,Active,,1323.67
9479,4457,2025-01-20,,STANDARD,19.99,Active,,249.87
9480,9214,2024-06-19,2024-10-19,BASIC,9.99,Churned,COMP-01,40.63
9481,3142,2024-03-13,,BASIC,9.99,Active,,229.1
9482,1350,2026-05-27,,BASIC,9.99,Active,,-38.96
9483,9733,2026-02-20,,BASIC,9.99,Active,,-6.99
9484,8794,2023-08-15,2024-02-21,BASIC,9.99,Churned,COMP-01,63.27
9485,7514,2024-10-29,,BASIC,9.99,Active,,152.51
9486,7107,2023-03-01,,PREMIUM,39.99,Active,,1420.98
9487,9125,2025-05-14,,STANDARD,19.99,Active,,173.91
9488,2759,2024-06-17,,BASIC,9.99,Active,,197.14
9489,3750,2025-10-18,,BASIC,9.99,Active,,34.63
9490,787,2023-10-31,2024-09-06,BASIC,9.99,Churned,TECH-01,103.56
9491,977,2023-03-05,2023-04-14,STANDARD,19.99,Churned,PROD-01,26.65
9492,3423,2024-12-01,2025-04-09,STANDARD,19.99,Churned,SERVICE-02,85.96
9493,6844,2025-12-03,,BASIC,9.99,Active,,19.31
9494,7998,2025-02-17,,BASIC,9.99,Active,,115.55
9495,8192,2023-01-22,,STANDARD,19.99,Active,,735.63
9496,3549,2026-02-02,,PREMIUM,39.99,Active,,-4.0
9497,362,2024-12-24,,STANDARD,19.99,Active,,267.87
9498,502,2024-09-10,2025-03-14,STANDARD,19.99,Churned,PRICE-01,123.27
9499,8907,2025-08-09,2026-07-09,STANDARD,19.99,Churned,SERVICE-02,222.56
9500,8703,2023-06-22,,STANDARD,19.99,Active,,635.02
9501,9725,2026-03-27,,PREMIUM,39.99,Active,,-74.65
9502,225,2026-04-17,,PREMIUM,39.99,Active,,-102.64
9503,2436,2024-10-21,,BASIC,9.99,Active,,155.18
9504,4931,2023-01-30,,BASIC,9.99,Active,,364.97
9505,5298,2024-01-21,2024-06-23,STANDARD,19.99,Churned,COMP-01,102.62
9506,7718,2025-05-10,,BASIC,9.99,Active,,88.25
9507,5681,2023-10-13,,BASIC,9.99,Active,,279.72
9508,2657,2024-12-19,,BASIC,9.99,Active,,135.53
9509,6663,2024-07-27,2026-05-23,BASIC,9.99,Churned,TECH-01,221.45
9510,3638,2025-08-31,2026-07-08,BASIC,9.99,Churned,PRICE-01,103.56
9511,8529,2024-01-27,,STANDARD,19.99,Active,,489.09
9512,8159,2025-07-21,,STANDARD,19.99,Active,,128.6
9513,8697,2025-04-12,,BASIC,9.99,Active,,97.57
9514,1311,2025-02-24,,STANDARD,19.99,Active,,226.55
9515,3973,2024-02-08,,BASIC,9.99,Active,,240.43
9516,2177,2026-01-28,,PREMIUM,39.99,Active,,2.67
9517,5051,2026-03-18,,BASIC,9.99,Active,,-15.65
9518,1841,2023-09-10,,BASIC,9.99,Active,,290.71
9519,2488,2025-06-28,,STANDARD,19.99,Active,,143.93
9520,336,2023-05-12,,BASIC,9.99,Active,,331.0
9521,2954,2025-07-08,,BASIC,9.99,Active,,68.6
9522,6730,2026-06-23,,STANDARD,19.99,Active,,-95.95
9523,620,2025-02-16,,STANDARD,19.99,Active,,231.88
9524,3496,2024-07-23,,PREMIUM,39.99,Active,,741.15
9525,5435,2023-05-16,,PREMIUM,39.99,Active,,1319.67
9526,9534,2025-04-02,,PREMIUM,39.99,Active,,403.9
9527,3868,2025-11-25,,BASIC,9.99,Active,,21.98
9528,495,2024-12-24,,STANDARD,19.99,Active,,267.87
9529,4010,2025-07-18,,BASIC,9.99,Active,,65.27
9530,6401,2023-11-06,,PREMIUM,39.99,Active,,1087.73
9531,4853,2023-05-23,,STANDARD,19.99,Active,,655.01
9532,5178,2023-06-15,,BASIC,9.99,Active,,319.68
9533,3812,2023-04-20,,PREMIUM,39.99,Active,,1354.33
9534,8788,2026-06-28,2027-03-26,STANDARD,19.99,Churned,TECH-01,180.58
9535,7666,2024-04-08,,STANDARD,19.99,Active,,441.11
9536,3573,2023-08-26,,STANDARD,19.99,Active,,591.7
9537,4224,2023-02-17,,PREMIUM,39.99,Active,,1436.97
9538,5163,2023-06-12,2024-03-17,PREMIUM,39.99,Churned,TECH-01,371.91
9539,3167,2024-02-18,,BASIC,9.99,Active,,237.1
9540,4060,2026-05-18,2027-05-18,BASIC,9.99,Churned,TECH-01,121.55
9541,314,2023-05-15,,STANDARD,19.99,Active,,660.34
9542,8622,2024-06-10,2025-03-16,STANDARD,19.99,Churned,PRICE-02,185.91
9543,8480,2023-03-05,,PREMIUM,39.99,Active,,1415.65
9544,5308,2025-05-10,,STANDARD,19.99,Active,,176.58
9545,1466,2023-11-15,2025-04-12,PREMIUM,39.99,Churned,COMP-01,685.16
9546,79,2023-07-14,,STANDARD,19.99,Active,,620.36
9547,5067,2023-11-29,,PREMIUM,39.99,Active,,1057.07
9548,6663,2023-09-29,2024-11-17,STANDARD,19.99,Churned,COMP-01,276.53
9549,9791,2025-12-27,,BASIC,9.99,Active,,11.32
9550,8197,2026-03-03,2026-07-23,STANDARD,19.99,Churned,PRICE-02,94.62
9551,7869,2025-09-23,2026-02-05,BASIC,9.99,Churned,COMP-01,44.95
9552,3339,2024-04-17,,STANDARD,19.99,Active,,435.12
9553,3709,2024-12-10,,PREMIUM,39.99,Active,,554.53
9554,5251,2025-10-25,,STANDARD,19.99,Active,,64.63
9555,6710,2025-03-28,,PREMIUM,39.99,Active,,410.56
9556,5478,2023-12-17,,STANDARD,19.99,Active,,516.41
9557,4560,2025-03-16,2026-10-18,BASIC,9.99,Churned,SERVICE-02,193.47
9558,1245,2023-12-03,,STANDARD,19.99,Active,,525.74
9559,9959,2024-10-26,,STANDARD,19.99,Active,,307.18
9560,9094,2026-06-09,,BASIC,9.99,Active,,-43.29
9561,5816,2025-11-17,,PREMIUM,39.99,Active,,98.64
9562,553,2024-04-17,,BASIC,9.99,Active,,217.45
9563,1788,2025-07-19,,PREMIUM,39.99,Active,,259.94
9564,408,2023-05-01,,STANDARD,19.99,Active,,669.66
9565,4960,2025-02-17,,PREMIUM,39.99,Active,,462.55
9566,2797,2026-06-23,,PREMIUM,39.99,Active,,-191.95
9567,6876,2026-04-23,2027-10-21,STANDARD,19.99,Churned,PROD-01,363.82
9568,573,2023-05-22,2023-10-10,PREMIUM,39.99,Churned,PRICE-01,187.95
9569,6504,2024-06-26,,PREMIUM,39.99,Active,,777.14
9570,5432,2025-08-13,,STANDARD,19.99,Active,,113.28
9571,8041,2025-04-15,,BASIC,9.99,Active,,96.57
9572,4780,2025-12-21,,PREMIUM,39.99,Active,,53.32
9573,5218,2024-10-09,,STANDARD,19.99,Active,,318.51
9574,9040,2024-04-13,,BASIC,9.99,Active,,218.78
9575,6844,2026-01-21,,PREMIUM,39.99,Active,,12.0
9576,5182,2023-08-16,2024-09-14,PREMIUM,39.99,Churned,COMP-01,526.53
9577,8173,2023-10-25,,BASIC,9.99,Active,,275.72
9578,6071,2023-03-25,,BASIC,9.99,Active,,346.99
9579,1407,2024-07-15,,STANDARD,19.99,Active,,375.81
9580,2294,2024-03-27,,STANDARD,19.99,Active,,449.11
9581,9583,2024-12-15,,STANDARD,19.99,Active,,273.86
9582,8097,2026-05-27,2028-02-14,STANDARD,19.99,Churned,PRICE-02,418.46
9583,781,2025-09-21,,BASIC,9.99,Active,,43.62
9584,7635,2023-02-02,,STANDARD,19.99,Active,,728.3
9585,7314,2023-01-07,,STANDARD,19.99,Active,,745.63
9586,5920,2024-12-04,2026-10-02,PREMIUM,39.99,Churned,TECH-01,889.11
9587,4869,2023-10-21,,PREMIUM,39.99,Active,,1109.06
9588,9773,2025-07-24,2026-09-18,BASIC,9.99,Churned,SERVICE-02,140.19
9589,1510,2024-09-21,,BASIC,9.99,Active,,165.17
9590,5870,2026-02-25,,BASIC,9.99,Active,,-8.66
9591,2216,2024-02-06,2025-09-30,PREMIUM,39.99,Churned,SERVICE-02,802.47
9592,2735,2023-12-22,,PREMIUM,39.99,Active,,1026.41
9593,8788,2024-01-31,,STANDARD,19.99,Active,,486.42
9594,3293,2025-12-14,2027-05-06,PREMIUM,39.99,Churned,SERVICE-01,677.16
9595,9935,2025-10-22,2027-02-28,BASIC,9.99,Churned,PROD-01,164.5
9596,2149,2024-01-09,,STANDARD,19.99,Active,,501.08
9597,1619,2024-05-29,,BASIC,9.99,Active,,203.46
9598,5360,2024-08-05,2025-01-28,PREMIUM,39.99,Churned,TECH-01,234.61
9599,381,2024-12-15,,STANDARD,19.99,Active,,273.86
9600,3368,2025-12-14,,PREMIUM,39.99,Active,,62.65
9601,4128,2025-06-01,,STANDARD,19.99,Active,,161.92
9602,9075,2025-09-11,,STANDARD,19.99,Active,,93.95
9603,849,2024-06-22,,STANDARD,19.99,Active,,391.14
9604,5663,2023-06-19,,BASIC,9.99,Active,,318.35
9605,4483,2025-04-21,,BASIC,9.99,Active,,94.57
9606,3577,2026-02-23,,STANDARD,19.99,Active,,-15.99
9607,6661,2023-05-31,,PREMIUM,39.99,Active,,1299.67
9608,8900,2025-06-13,,STANDARD,19.99,Active,,153.92
9609,9395,2024-03-01,,STANDARD,19.99,Active,,466.43
9610,2552,2024-09-06,2025-11-16,PREMIUM,39.99,Churned,TECH-01,581.19
9611,4354,2025-10-31,,STANDARD,19.99,Active,,60.64
9612,5579,2023-06-30,2024-03-15,STANDARD,19.99,Churned,SERVICE-02,172.58
9613,5172,2025-09-15,,BASIC,9.99,Active,,45.62
9614,6707,2023-09-05,,BASIC,9.99,Active,,292.37
9615,8017,2025-08-06,,PREMIUM,39.99,Active,,235.94
9616,7872,2023-06-08,2025-05-22,PREMIUM,39.99,Churned,PRICE-01,951.76
9617,2173,2023-09-03,,BASIC,9.99,Active,,293.04
9618,2890,2025-02-27,,PREMIUM,39.99,Active,,449.22
9619,3888,2024-10-31,,STANDARD,19.99,Active,,303.85
9620,8498,2023-09-26,,STANDARD,19.99,Active,,571.05
9621,2483,2024-12-12,,PREMIUM,39.99,Active,,551.86
9622,3474,2024-05-15,2026-04-15,PREMIUM,39.99,Churned,COMP-01,933.1
9623,1007,2024-06-03,,PREMIUM,39.99,Active,,807.8
9624,7725,2026-04-02,,BASIC,9.99,Active,,-20.65
9625,7185,2025-09-21,2026-01-27,STANDARD,19.99,Churned,SERVICE-02,85.29
9626,8621,2024-01-21,,STANDARD,19.99,Active,,493.09
9627,4551,2025-04-11,,PREMIUM,39.99,Active,,391.9
9628,6463,2024-12-30,,BASIC,9.99,Active,,131.87
9629,5509,2024-10-29,,BASIC,9.99,Active,,152.51
9630,7083,2024-07-20,,BASIC,9.99,Active,,186.15
9631,193,2023-02-01,,STANDARD,19.99,Active,,728.97
9632,3337,2025-03-14,2025-12-02,STANDARD,19.99,Churned,TECH-01,175.25
9633,5626,2023-09-10,2024-01-26,PREMIUM,39.99,Churned,PRICE-01,183.95
9634,774,2023-12-04,,STANDARD,19.99,Active,,525.07
9635,7720,2025-12-22,2027-04-23,BASIC,9.99,Churned,PROD-01,162.17
9636,7073,2025-06-14,,BASIC,9.99,Active,,76.59
9637,4348,2026-02-05,,STANDARD,19.99,Active,,-4.0
9638,517,2024-09-13,2026-01-25,PREMIUM,39.99,Churned,PROD-01,665.17
9639,3102,2024-11-18,,STANDARD,19.99,Active,,291.85
9640,2540,2025-12-24,,STANDARD,19.99,Active,,24.65
9641,2521,2025-03-12,,PREMIUM,39.99,Active,,431.89
9642,2318,2026-03-08,,PREMIUM,39.99,Active,,-49.32
9643,3291,2023-12-05,,BASIC,9.99,Active,,262.07
9644,4849,2024-04-07,2025-10-27,BASIC,9.99,Churned,PRICE-01,189.14
9645,1963,2025-07-22,2027-02-25,PREMIUM,39.99,Churned,SERVICE-02,777.14
9646,5764,2023-10-28,,BASIC,9.99,Active,,274.73
9647,4871,2025-11-13,2026-06-09,BASIC,9.99,Churned,PROD-01,69.26
9648,6845,2025-10-07,,BASIC,9.99,Active,,38.3
9649,2645,2025-01-28,,STANDARD,19.99,Active,,244.54
9650,7199,2025-10-15,,STANDARD,19.99,Active,,71.3
9651,8405,2023-10-27,,STANDARD,19.99,Active,,550.39
9652,8555,2023-06-05,,PREMIUM,39.99,Active,,1293.01
9653,4221,2023-01-04,2024-03-01,BASIC,9.99,Churned,PRICE-02,140.53
9654,4824,2025-09-25,,PREMIUM,39.99,Active,,169.29
9655,8226,2023-02-28,2023-04-30,BASIC,9.99,Churned,TECH-01,20.31
9656,2636,2023-05-30,,PREMIUM,39.99,Active,,1301.01
9657,3195,2024-12-10,,STANDARD,19.99,Active,,277.19
9658,5210,2024-08-23,,BASIC,9.99,Active,,174.83
9659,5139,2023-10-25,2024-09-12,BASIC,9.99,Churned,TECH-01,107.56
9660,8582,2023-11-22,,BASIC,9.99,Active,,266.4
9661,2852,2026-06-15,,STANDARD,19.99,Active,,-90.62
9662,7636,2023-02-28,,BASIC,9.99,Active,,355.31
9663,1029,2025-05-13,,PREMIUM,39.99,Active,,349.25
9664,4878,2023-01-27,,STANDARD,19.99,Active,,732.3
9665,3107,2024-12-22,,PREMIUM,39.99,Active,,538.53
9666,4731,2026-02-08,,STANDARD,19.99,Active,,-6.0
9667,6015,2025-08-19,,PREMIUM,39.99,Active,,218.61
9668,1148,2026-05-29,,BASIC,9.99,Active,,-39.63
9669,3273,2024-12-04,,PREMIUM,39.99,Active,,562.53
9670,1094,2024-08-10,,STANDARD,19.99,Active,,358.49
9671,5913,2023-12-20,2025-03-03,STANDARD,19.99,Churned,SERVICE-01,292.52
9672,8780,2026-04-15,,STANDARD,19.99,Active,,-49.97
9673,9083,2026-02-08,2027-06-22,STANDARD,19.99,Churned,SERVICE-02,332.5
9674,2920,2025-11-09,,BASIC,9.99,Active,,27.31
9675,9296,2026-05-02,2027-03-18,BASIC,9.99,Churned,TECH-01,106.56
9676,8362,2025-07-10,2026-03-14,STANDARD,19.99,Churned,SERVICE-02,164.58
9677,279,2025-03-02,,PREMIUM,39.99,Active,,445.22
9678,9778,2026-03-07,,STANDARD,19.99,Active,,-23.99
9679,1978,2023-01-05,2023-08-28,STANDARD,19.99,Churned,PRICE-02,156.59
9680,6897,2025-07-21,2025-11-13,STANDARD,19.99,Churned,SERVICE-02,76.63
9681,2618,2025-11-03,,PREMIUM,39.99,Active,,117.3
9682,5939,2024-08-06,,BASIC,9.99,Active,,180.49
9683,9069,2024-05-06,,PREMIUM,39.99,Active,,845.12
9684,2036,2023-04-29,,PREMIUM,39.99,Active,,1342.33
9685,9588,2024-09-09,2026-06-27,PREMIUM,39.99,Churned,PRICE-01,874.45
9686,163,2025-03-13,,BASIC,9.99,Active,,107.56
9687,6201,2024-03-12,2025-11-28,BASIC,9.99,Churned,PROD-01,208.46
9688,647,2024-10-17,,BASIC,9.99,Active,,156.51
9689,1674,2023-02-21,,PREMIUM,39.99,Active,,1431.64
9690,7344,2023-01-10,,PREMIUM,39.99,Active,,1487.63
9691,4459,2024-01-23,2024-11-01,PREMIUM,39.99,Churned,SERVICE-01,377.24
9692,7,2023-05-18,,BASIC,9.99,Active,,329.0
9693,6938,2025-05-21,,PREMIUM,39.99,Active,,338.58
9694,7782,2026-02-07,2027-06-24,BASIC,9.99,Churned,PRICE-02,167.17
9695,9748,2024-03-21,,STANDARD,19.99,Active,,453.11
9696,4257,2025-07-04,,STANDARD,19.99,Active,,139.93
9697,6103,2025-07-22,2027-05-27,PREMIUM,39.99,Churned,COMP-01,898.44
9698,2776,2025-08-09,,PREMIUM,39.99,Active,,231.94
9699,4100,2023-10-23,2025-10-08,STANDARD,19.99,Churned,TECH-01,477.09
9700,9659,2024-09-17,,STANDARD,19.99,Active,,333.17
9701,3400,2024-09-08,,PREMIUM,39.99,Active,,678.5
9702,7720,2023-08-30,,STANDARD,19.99,Active,,589.04
9703,5315,2023-07-02,,STANDARD,19.99,Active,,628.35
9704,8366,2023-12-01,,BASIC,9.99,Active,,263.4
9705,2148,2025-01-08,,BASIC,9.99,Active,,128.87
9706,3357,2025-02-06,,PREMIUM,39.99,Active,,477.21
9707,3227,2025-07-15,,BASIC,9.99,Active,,66.27
9708,3541,2023-01-01,2023-04-11,PREMIUM,39.99,Churned,TECH-01,133.3
9709,9727,2025-08-10,,BASIC,9.99,Active,,57.61
9710,6291,2024-09-11,,PREMIUM,39.99,Active,,674.5
9711,2664,2025-04-09,,BASIC,9.99,Active,,98.57
9712,2836,2025-10-09,,BASIC,9.99,Active,,37.63
9713,1646,2023-03-30,,BASIC,9.99,Active,,345.32
9714,4715,2023-08-30,,BASIC,9.99,Active,,294.37
9715,4634,2023-08-01,2024-10-01,STANDARD,19.99,Churned,PRICE-02,284.52
9716,9609,2025-08-25,,STANDARD,19.99,Active,,105.28
9717,2454,2023-02-24,,BASIC,9.99,Active,,356.64
9718,3431,2023-10-14,2025-08-30,BASIC,9.99,Churned,PROD-01,228.44
9719,4213,2025-05-17,2026-07-20,STANDARD,19.99,Churned,COMP-01,285.86
9720,694,2025-10-25,,STANDARD,19.99,Active,,64.63
9721,3291,2023-02-07,,STANDARD,19.99,Active,,724.97
9722,4665,2024-06-24,,STANDARD,19.99,Active,,389.8
9723,7056,2023-10-29,,PREMIUM,39.99,Active,,1098.39
9724,958,2024-09-24,2026-02-19,BASIC,9.99,Churned,SERVICE-02,170.83
9725,1411,2024-08-10,2025-11-25,BASIC,9.99,Churned,COMP-01,157.18
9726,6430,2024-03-29,,STANDARD,19.99,Active,,447.78
9727,6482,2026-01-19,2026-04-11,STANDARD,19.99,Churned,PRICE-02,54.64
9728,3233,2024-05-16,,STANDARD,19.99,Active,,415.79
9729,4964,2023-10-03,,BASIC,9.99,Active,,283.05
9730,553,2025-07-09,,STANDARD,19.99,Active,,136.6
9731,4133,2025-03-19,,BASIC,9.99,Active,,105.56
9732,371,2026-01-07,,STANDARD,19.99,Active,,15.33
9733,5422,2024-12-23,2025-04-19,PREMIUM,39.99,Churned,PRICE-02,155.96
9734,7249,2025-03-20,,BASIC,9.99,Active,,105.23
9735,4276,2023-09-09,,PREMIUM,39.99,Active,,1165.04
9736,9526,2024-10-14,,PREMIUM,39.99,Active,,630.51
9737,2515,2026-01-08,,PREMIUM,39.99,Active,,29.33
9738,8959,2025-12-12,,BASIC,9.99,Active,,16.32
9739,8878,2023-04-28,2024-10-28,STANDARD,19.99,Churned,TECH-01,365.82
9740,5301,2023-12-02,2025-10-05,PREMIUM,39.99,Churned,COMP-01,897.11
9741,1404,2025-12-26,,PREMIUM,39.99,Active,,46.66
9742,8426,2025-07-19,,PREMIUM,39.99,Active,,259.94
9743,2441,2026-05-07,2027-09-22,BASIC,9.99,Churned,SERVICE-02,167.5
9744,9627,2024-06-20,2025-03-09,STANDARD,19.99,Churned,COMP-01,174.58
9745,3864,2026-02-28,,STANDARD,19.99,Active,,-19.32
9746,8608,2024-10-09,,STANDARD,19.99,Active,,318.51
9747,4497,2025-03-25,2026-06-03,STANDARD,19.99,Churned,PRICE-01,289.85
9748,5438,2026-01-12,,PREMIUM,39.99,Active,,23.99
9749,1093,2024-02-05,,PREMIUM,39.99,Active,,966.43
9750,5530,2025-09-21,,BASIC,9.99,Active,,43.62
9751,561,2025-05-17,2025-06-29,PREMIUM,39.99,Churned,PROD-01,57.32
9752,8173,2024-04-12,2024-07-21,PREMIUM,39.99,Churned,TECH-01,133.3
9753,1581,2023-05-31,2024-03-17,PREMIUM,39.99,Churned,PRICE-01,387.9
9754,7601,2024-09-12,,STANDARD,19.99,Active,,336.5
9755,3792,2026-04-21,2027-09-08,STANDARD,19.99,Churned,PRICE-01,336.5
9756,559,2024-02-10,,PREMIUM,39.99,Active,,959.76
9757,3131,2024-12-06,2026-11-24,STANDARD,19.99,Churned,SERVICE-02,478.43
9758,4632,2024-10-24,,STANDARD,19.99,Active,,308.51
9759,5693,2023-06-16,,BASIC,9.99,Active,,319.35
9760,4267,2024-10-17,,STANDARD,19.99,Active,,313.18
9761,1535,2023-11-16,,PREMIUM,39.99,Active,,1074.4
9762,9407,2023-10-09,,PREMIUM,39.99,Active,,1125.05
9763,8902,2025-11-22,,PREMIUM,39.99,Active,,91.98
9764,5230,2024-11-30,,PREMIUM,39.99,Active,,567.86
9765,1229,2024-05-13,,STANDARD,19.99,Active,,417.79
9766,4174,2023-05-14,,PREMIUM,39.99,Active,,1322.34
9767,7233,2026-05-23,,BASIC,9.99,Active,,-37.63
9768,2104,2023-07-28,,STANDARD,19.99,Active,,611.03
9769,1959,2024-06-23,,BASIC,9.99,Active,,195.14
9770,4139,2023-06-06,2023-07-31,STANDARD,19.99,Churned,TECH-01,36.65
9771,3152,2023-02-20,,STANDARD,19.99,Active,,716.31
9772,7476,2023-01-27,2024-04-15,STANDARD,19.99,Churned,SERVICE-02,295.85
9773,3300,2025-09-07,,PREMIUM,39.99,Active,,193.28
9774,1744,2025-10-21,,BASIC,9.99,Active,,33.63
9775,6295,2025-06-09,,STANDARD,19.99,Active,,156.59
9776,2987,2026-01-16,,STANDARD,19.99,Active,,9.33
9777,2176,2025-12-31,,STANDARD,19.99,Active,,19.99
9778,4540,2024-04-30,2025-11-06,BASIC,9.99,Churned,PROD-01,184.81
9779,6003,2025-12-21,,STANDARD,19.99,Active,,26.65
9780,1360,2023-03-21,,BASIC,9.99,Active,,348.32
9781,3308,2023-11-29,,STANDARD,19.99,Active,,528.4
9782,948,2024-10-09,,BASIC,9.99,Active,,159.17
9783,5114,2023-12-11,,PREMIUM,39.99,Active,,1041.07
9784,9407,2025-05-13,,BASIC,9.99,Active,,87.25
9785,7796,2025-03-08,2025-09-01,STANDARD,19.99,Churned,PRICE-01,117.94
9786,7101,2024-03-26,2025-09-20,STANDARD,19.99,Churned,PRICE-01,361.82
9787,1391,2024-01-29,2025-06-30,STANDARD,19.99,Churned,TECH-01,345.16
9788,9251,2025-08-30,2026-10-30,BASIC,9.99,Churned,TECH-01,141.86
9789,7271,2025-04-20,2027-03-20,PREMIUM,39.99,Churned,COMP-01,931.77
9790,5598,2023-07-08,2024-11-02,BASIC,9.99,Churned,COMP-01,160.84
9791,2383,2023-01-16,,PREMIUM,39.99,Active,,1479.63
9792,3939,2025-03-27,2027-03-12,PREMIUM,39.99,Churned,COMP-01,953.1
9793,2189,2024-01-06,,STANDARD,19.99,Active,,503.08
9794,8065,2023-11-01,2024-06-08,PREMIUM,39.99,Churned,COMP-01,293.26
9795,8074,2024-08-27,,BASIC,9.99,Active,,173.49
9796,1514,2025-05-14,,PREMIUM,39.99,Active,,347.91
9797,8440,2025-07-08,,BASIC,9.99,Active,,68.6
9798,8828,2026-02-28,2027-01-09,STANDARD,19.99,Churned,PROD-01,209.89
9799,3015,2024-05-21,2024-10-18,BASIC,9.99,Churned,PRICE-02,49.95
9800,1553,2023-02-25,,PREMIUM,39.99,Active,,1426.31
9801,2998,2023-03-12,,PREMIUM,39.99,Active,,1406.32
9802,2759,2023-02-15,,PREMIUM,39.99,Active,,1439.64
9803,5731,2023-06-25,2024-11-15,STANDARD,19.99,Churned,PRICE-01,339.16
9804,5245,2023-03-19,2023-11-18,STANDARD,19.99,Churned,PRICE-02,162.59
9805,1530,2023-03-04,,BASIC,9.99,Active,,353.98
9806,5874,2023-08-26,2024-07-21,PREMIUM,39.99,Churned,PRICE-02,439.89
9807,2305,2023-04-10,,PREMIUM,39.99,Active,,1367.66
9808,3527,2026-06-10,,PREMIUM,39.99,Active,,-174.62
9809,2849,2024-02-07,2025-08-16,BASIC,9.99,Churned,PROD-01,185.15
9810,1800,2023-02-11,,BASIC,9.99,Active,,360.97
9811,487,2026-06-21,,PREMIUM,39.99,Active,,-189.29
9812,9782,2023-08-28,,PREMIUM,39.99,Active,,1181.04
9813,863,2023-07-20,,PREMIUM,39.99,Active,,1233.03
9814,1354,2026-06-15,,STANDARD,19.99,Active,,-90.62
9815,7559,2024-06-23,,BASIC,9.99,Active,,195.14
9816,3505,2024-05-12,,STANDARD,19.99,Active,,418.46
9817,6099,2023-05-02,2023-07-15,BASIC,9.99,Churned,SERVICE-02,24.64
9818,3556,2024-04-27,,PREMIUM,39.99,Active,,857.12
9819,5200,2024-05-03,,BASIC,9.99,Active,,212.12
9820,3480,2024-04-13,,STANDARD,19.99,Active,,437.78
9821,9707,2026-05-24,,STANDARD,19.99,Active,,-75.96
9822,4715,2024-01-18,,PREMIUM,39.99,Active,,990.42
9823,4943,2026-04-17,,STANDARD,19.99,Active,,-51.31
9824,4537,2025-03-22,,STANDARD,19.99,Active,,209.23
9825,3202,2025-12-14,,STANDARD,19.99,Active,,31.32
9826,632,2024-09-28,,BASIC,9.99,Active,,162.84
9827,1594,2025-06-07,,PREMIUM,39.99,Active,,315.92
9828,3720,2024-01-18,,BASIC,9.99,Active,,247.42
9829,3097,2023-09-20,,STANDARD,19.99,Active,,575.05
9830,6852,2024-06-12,,BASIC,9.99,Active,,198.8
9831,9622,2023-05-20,,PREMIUM,39.99,Active,,1314.34
9832,2439,2023-01-16,2023-10-06,PREMIUM,39.99,Churned,TECH-01,350.58
9833,6346,2023-02-28,,BASIC,9.99,Active,,355.31
9834,1823,2025-11-25,,STANDARD,19.99,Active,,43.98
9835,7648,2025-05-21,,STANDARD,19.99,Active,,169.25
9836,4707,2025-04-02,,BASIC,9.99,Active,,100.9
9837,8693,2024-04-08,,PREMIUM,39.99,Active,,882.45
9838,606,2024-04-17,2024-06-16,STANDARD,19.99,Churned,PROD-01,39.98
9839,5040,2025-06-10,,STANDARD,19.99,Active,,155.92
9840,2566,2025-10-19,2025-11-27,BASIC,9.99,Churned,TECH-01,12.99
9841,3987,2026-06-02,,BASIC,9.99,Active,,-40.96
9842,5126,2026-02-07,2026-06-24,PREMIUM,39.99,Churned,PRICE-02,182.62
9843,3730,2026-06-02,,BASIC,9.99,Active,,-40.96
9844,828,2025-09-21,2026-04-05,BASIC,9.99,Churned,TECH-01,65.27
9845,4366,2023-01-30,,PREMIUM,39.99,Active,,1460.97
9846,1740,2025-08-12,2027-02-11,PREMIUM,39.99,Churned,PRICE-02,730.48
9847,2279,2023-08-08,2023-12-01,BASIC,9.99,Churned,TECH-01,38.3
9848,6075,2023-01-12,,BASIC,9.99,Active,,370.96
9849,9039,2024-08-23,2024-09-22,PREMIUM,39.99,Churned,PROD-01,39.99
9850,9899,2026-01-24,,PREMIUM,39.99,Active,,8.0
9851,808,2024-03-12,,STANDARD,19.99,Active,,459.1
9852,6106,2023-08-07,2024-04-24,PREMIUM,39.99,Churned,SERVICE-01,347.91
9853,6484,2025-07-04,2025-10-01,BASIC,9.99,Churned,PRICE-01,29.64
9854,8987,2023-07-31,,PREMIUM,39.99,Active,,1218.36
9855,5739,2024-09-17,2026-05-04,BASIC,9.99,Churned,SERVICE-02,197.8
9856,185,2023-02-26,,STANDARD,19.99,Active,,712.31
9857,2559,2025-05-20,,BASIC,9.99,Active,,84.92
9858,5029,2023-09-04,,STANDARD,19.99,Active,,585.71
9859,269,2023-11-11,,STANDARD,19.99,Active,,540.4
9860,5442,2024-03-17,,BASIC,9.99,Active,,227.77
9861,9952,2026-04-20,,PREMIUM,39.99,Active,,-106.64
9862,9930,2025-06-27,,PREMIUM,39.99,Active,,289.26
9863,7256,2025-09-25,2027-05-30,STANDARD,19.99,Churned,PRICE-01,407.8
9864,6199,2024-05-17,,BASIC,9.99,Active,,207.46
9865,6473,2024-03-16,,PREMIUM,39.99,Active,,913.11
9866,6850,2024-10-26,,STANDARD,19.99,Active,,307.18
9867,7611,2025-10-04,2026-01-16,BASIC,9.99,Churned,SERVICE-01,34.63
9868,2065,2024-12-20,,PREMIUM,39.99,Active,,541.2
9869,6841,2026-04-07,2027-04-16,BASIC,9.99,Churned,SERVICE-01,124.54
9870,1806,2025-06-19,2026-10-05,PREMIUM,39.99,Churned,SERVICE-02,630.51
9871,8615,2024-01-05,,PREMIUM,39.99,Active,,1007.75
9872,429,2024-12-04,,STANDARD,19.99,Active,,281.19
9873,6352,2026-01-08,2027-01-26,STANDARD,19.99,Churned,PROD-01,255.21
9874,9482,2023-11-26,2025-11-22,PREMIUM,39.99,Churned,PRICE-01,969.09
9875,9091,2026-06-06,2027-03-12,PREMIUM,39.99,Churned,TECH-01,371.91
9876,2228,2025-09-17,,PREMIUM,39.99,Active,,179.96
9877,3427,2026-05-20,,BASIC,9.99,Active,,-36.63
9878,8789,2024-07-02,2024-10-31,PREMIUM,39.99,Churned,TECH-01,161.29
9879,1887,2025-05-19,2026-03-11,BASIC,9.99,Churned,COMP-01,98.57
9880,1640,2023-04-21,,STANDARD,19.99,Active,,676.33
9881,8686,2024-04-03,,STANDARD,19.99,Active,,444.44
9882,405,2024-10-27,,STANDARD,19.99,Active,,306.51
9883,6777,2024-02-08,,BASIC,9.99,Active,,240.43
9884,9431,2023-05-23,,PREMIUM,39.99,Active,,1310.34
9885,3172,2025-07-03,2027-05-23,BASIC,9.99,Churned,PRICE-01,229.44
9886,9442,2023-11-22,2025-02-05,STANDARD,19.99,Churned,SERVICE-01,293.85
9887,6459,2026-05-29,2027-12-23,BASIC,9.99,Churned,PRICE-02,190.81
9888,6095,2023-08-03,,STANDARD,19.99,Active,,607.03
9889,2580,2025-06-05,,PREMIUM,39.99,Active,,318.59
9890,6448,2024-05-18,2026-03-15,BASIC,9.99,Churned,SERVICE-02,221.78
9891,6769,2023-12-01,,PREMIUM,39.99,Active,,1054.4
9892,8298,2024-02-17,2024-07-15,PREMIUM,39.99,Churned,PRICE-01,198.62
9893,2133,2024-05-16,,PREMIUM,39.99,Active,,831.79
9894,8183,2023-12-02,,PREMIUM,39.99,Active,,1053.07
9895,2871,2025-11-25,,PREMIUM,39.99,Active,,87.98
9896,3809,2023-11-17,,STANDARD,19.99,Active,,536.4
9897,294,2025-12-12,2026-09-23,BASIC,9.99,Churned,PRICE-01,94.91
9898,10000,2025-09-18,,BASIC,9.99,Active,,44.62
9899,7484,2025-11-03,2027-06-25,PREMIUM,39.99,Churned,PRICE-02,798.47
9900,5192,2024-07-11,,PREMIUM,39.99,Active,,757.14
9901,2307,2024-02-09,,BASIC,9.99,Active,,240.09
9902,6179,2024-06-22,,STANDARD,19.99,Active,,391.14
9903,870,2025-03-15,,STANDARD,19.99,Active,,213.89
9904,8569,2023-03-08,,STANDARD,19.99,Active,,705.65
9905,5793,2024-08-21,2026-01-19,STANDARD,19.99,Churned,TECH-01,343.83
9906,8330,2025-10-01,,BASIC,9.99,Active,,40.29
9907,6358,2023-08-07,,PREMIUM,39.99,Active,,1209.03
9908,9962,2023-08-10,,STANDARD,19.99,Active,,602.37
9909,7237,2026-05-03,,BASIC,9.99,Active,,-30.97
9910,8200,2026-05-11,,STANDARD,19.99,Active,,-67.3
9911,8065,2023-06-28,,STANDARD,19.99,Active,,631.02
9912,7794,2025-07-30,,STANDARD,19.99,Active,,122.61
9913,4169,2023-07-07,2025-01-21,PREMIUM,39.99,Churned,SERVICE-01,751.81
9914,2702,2025-12-30,,BASIC,9.99,Active,,10.32
9915,1414,2023-10-02,,PREMIUM,39.99,Active,,1134.38
9916,7196,2023-04-22,,BASIC,9.99,Active,,337.66
9917,107,2024-02-21,,STANDARD,19.99,Active,,472.43
9918,7105,2023-09-05,,PREMIUM,39.99,Active,,1170.37
9919,9854,2023-11-05,,STANDARD,19.99,Active,,544.39
9920,8574,2023-03-31,2024-03-09,BASIC,9.99,Churned,PRICE-01,114.55
9921,7554,2023-06-19,2024-09-03,PREMIUM,39.99,Churned,COMP-01,589.19
9922,709,2026-06-01,,STANDARD,19.99,Active,,-81.29
9923,8831,2023-01-10,,STANDARD,19.99,Active,,743.63
9924,9765,2025-10-04,,BASIC,9.99,Active,,39.29
9925,9344,2025-12-05,,PREMIUM,39.99,Active,,74.65
9926,7209,2025-12-03,,PREMIUM,39.99,Active,,77.31
9927,4858,2023-12-19,2025-01-18,BASIC,9.99,Churned,SERVICE-01,131.87
9928,2027,2025-02-10,,PREMIUM,39.99,Active,,471.88
9929,1137,2025-04-01,,STANDARD,19.99,Active,,202.57
9930,6624,2025-06-26,,PREMIUM,39.99,Active,,290.59
9931,2879,2025-09-29,2026-03-18,PREMIUM,39.99,Churned,SERVICE-01,226.61
9932,7957,2023-07-08,2024-07-28,STANDARD,19.99,Churned,SERVICE-01,257.2
9933,5507,2023-07-18,,BASIC,9.99,Active,,308.69
9934,5915,2023-05-21,,PREMIUM,39.99,Active,,1313.01
9935,3759,2025-03-24,,BASIC,9.99,Active,,103.9
9936,929,2026-01-30,2027-02-17,PREMIUM,39.99,Churned,PRICE-02,510.54
9937,2594,2026-01-02,,BASIC,9.99,Active,,9.32
9938,3884,2025-01-13,2026-02-18,BASIC,9.99,Churned,PROD-01,133.53
9939,4074,2023-05-30,,BASIC,9.99,Active,,325.01
9940,8380,2025-04-01,2026-05-13,PREMIUM,39.99,Churned,SERVICE-01,542.53
9941,8912,2025-05-02,2027-04-16,BASIC,9.99,Churned,COMP-01,237.76
9942,9204,2023-06-16,,BASIC,9.99,Active,,319.35
9943,1784,2026-02-15,,PREMIUM,39.99,Active,,-21.33
9944,4664,2024-11-16,,BASIC,9.99,Active,,146.52
9945,1350,2024-01-22,2025-05-02,PREMIUM,39.99,Churned,COMP-01,621.18
9946,7640,2024-12-24,,PREMIUM,39.99,Active,,535.87
9947,6740,2023-10-10,,STANDARD,19.99,Active,,561.72
9948,7771,2023-11-07,2025-03-13,BASIC,9.99,Churned,PROD-01,163.84
9949,5972,2024-08-20,,PREMIUM,39.99,Active,,703.82
9950,748,2026-06-09,,PREMIUM,39.99,Active,,-173.29
9951,5745,2023-03-01,,PREMIUM,39.99,Active,,1420.98
9952,4040,2024-08-28,2026-04-27,PREMIUM,39.99,Churned,PRICE-02,809.13
9953,4483,2023-05-26,,STANDARD,19.99,Active,,653.01
9954,9515,2025-04-13,2025-06-25,STANDARD,19.99,Churned,PRICE-01,48.64
9955,4868,2023-07-30,2025-03-03,STANDARD,19.99,Churned,TECH-01,387.81
9956,5866,2023-01-29,,PREMIUM,39.99,Active,,1462.3
9957,7031,2023-01-06,,BASIC,9.99,Active,,372.96
9958,8170,2023-05-24,2024-12-05,PREMIUM,39.99,Churned,SERVICE-01,747.81
9959,3908,2026-01-13,,STANDARD,19.99,Active,,11.33
9960,4531,2023-12-20,,PREMIUM,39.99,Active,,1029.08
9961,5283,2026-03-04,,PREMIUM,39.99,Active,,-43.99
9962,8935,2025-10-25,2027-08-02,PREMIUM,39.99,Churned,TECH-01,861.12
9963,3163,2024-03-19,2026-01-21,STANDARD,19.99,Churned,SERVICE-01,448.44
9964,9078,2025-06-21,,STANDARD,19.99,Active,,148.59
9965,4065,2025-12-13,2026-03-26,PREMIUM,39.99,Churned,PRICE-02,137.3
9966,7779,2025-03-10,,BASIC,9.99,Active,,108.56
9967,7711,2024-07-16,,BASIC,9.99,Active,,187.48
9968,3114,2026-01-14,2026-05-13,BASIC,9.99,Churned,SERVICE-01,39.63
9969,1086,2023-02-17,,BASIC,9.99,Active,,358.97
9970,6350,2025-08-05,,PREMIUM,39.99,Active,,237.27
9971,710,2023-01-18,,STANDARD,19.99,Active,,738.3
9972,1325,2025-04-26,,STANDARD,19.99,Active,,185.91
9973,6875,2025-12-26,2027-11-15,STANDARD,19.99,Churned,SERVICE-02,459.1
9974,8189,2023-12-04,2024-12-19,BASIC,9.99,Churned,SERVICE-02,126.87
9975,4890,2024-10-18,,BASIC,9.99,Active,,156.18
9976,541,2023-03-17,,PREMIUM,39.99,Active,,1399.65
9977,616,2025-07-26,2025-10-28,BASIC,9.99,Churned,COMP-01,31.3
9978,2492,2025-10-07,2026-12-19,STANDARD,19.99,Churned,PRICE-02,291.85
9979,1020,2024-05-26,,BASIC,9.99,Active,,204.46
9980,9885,2025-05-24,2026-12-23,BASIC,9.99,Churned,COMP-01,192.47
9981,7866,2025-03-22,2027-01-02,BASIC,9.99,Churned,PRICE-01,216.78
9982,9543,2023-07-12,2024-01-25,BASIC,9.99,Churned,PRICE-02,65.6
9983,2453,2024-12-25,2026-03-23,STANDARD,19.99,Churned,PRICE-02,301.85
9984,4599,2025-05-08,,STANDARD,19.99,Active,,177.91
9985,5552,2024-04-06,,BASIC,9.99,Active,,221.11
9986,4345,2023-09-21,2025-06-18,BASIC,9.99,Churned,PROD-01,211.79
9987,4810,2023-07-07,,BASIC,9.99,Active,,312.35
9988,9795,2025-07-03,,BASIC,9.99,Active,,70.26
9989,2729,2025-11-02,2027-09-02,BASIC,9.99,Churned,PROD-01,222.78
9990,5354,2023-05-14,,BASIC,9.99,Active,,330.34
9991,6774,2024-06-14,2025-03-25,STANDARD,19.99,Churned,SERVICE-01,189.24
9992,9304,2025-05-02,,BASIC,9.99,Active,,90.91
9993,6884,2025-03-22,2026-09-24,BASIC,9.99,Churned,TECH-01,183.48
9994,3313,2024-12-11,2025-02-19,PREMIUM,39.99,Churned,PRICE-01,93.31
9995,5616,2024-01-04,2025-06-08,STANDARD,19.99,Churned,SERVICE-01,347.16
9996,5094,2023-10-02,,BASIC,9.99,Active,,283.38
9997,6942,2024-05-24,,BASIC,9.99,Active,,205.13
9998,5335,2026-02-17,,PREMIUM,39.99,Active,,-23.99
9999,5012,2023-12-30,,PREMIUM,39.99,Active,,1015.75
10000,4411,2023-07-17,,STANDARD,19.99,Active,,618.36
10001,6986,2024-02-24,2025-11-01,PREMIUM,39.99,Churned,PROD-01,821.13
10002,3661,2023-10-31,2024-03-09,STANDARD,19.99,Churned,SERVICE-02,86.62
10003,5276,2026-04-28,,STANDARD,19.99,Active,,-58.64
10004,2797,2024-04-08,2025-06-21,PREMIUM,39.99,Churned,COMP-01,585.19
10005,1049,2025-11-25,,STANDARD,19.99,Active,,43.98
10006,5997,2024-12-13,,STANDARD,19.99,Active,,275.2
10007,1410,2023-03-15,,PREMIUM,39.99,Active,,1402.32
10008,7459,2026-02-06,,BASIC,9.99,Active,,-2.33
10009,268,2023-08-20,,BASIC,9.99,Active,,297.7
10010,3107,2025-01-24,,PREMIUM,39.99,Active,,494.54
10011,5474,2025-06-15,2025-10-28,PREMIUM,39.99,Churned,PROD-01,179.96
10012,2792,2026-01-09,,PREMIUM,39.99,Active,,27.99
10013,1274,2023-07-29,,BASIC,9.99,Active,,305.03
10014,8547,2024-06-22,,PREMIUM,39.99,Active,,782.47
10015,5557,2025-11-06,,STANDARD,19.99,Active,,56.64
10016,1482,2023-03-16,,STANDARD,19.99,Active,,700.32
10017,6999,2024-11-12,,BASIC,9.99,Active,,147.85
10018,6064,2024-05-13,,PREMIUM,39.99,Active,,835.79
10019,2776,2023-11-21,,STANDARD,19.99,Active,,533.73
10020,5324,2026-02-17,2026-11-16,BASIC,9.99,Churned,SERVICE-02,90.58
10021,225,2024-10-08,,PREMIUM,39.99,Active,,638.51
10022,472,2025-07-06,,PREMIUM,39.99,Active,,277.26
10023,9592,2025-05-08,2027-04-05,PREMIUM,39.99,Churned,PROD-01,929.1
10024,4593,2024-05-07,,STANDARD,19.99,Active,,421.79
10025,198,2025-04-05,,PREMIUM,39.99,Active,,399.9
10026,5194,2025-11-15,,PREMIUM,39.99,Active,,101.31
10027,8494,2024-04-24,2026-03-15,BASIC,9.99,Churned,SERVICE-01,229.77
10028,5024,2024-05-30,2026-04-19,PREMIUM,39.99,Churned,PROD-01,918.44
10029,6981,2025-03-25,2026-09-22,BASIC,9.99,Churned,PRICE-02,181.82
10030,9968,2024-12-11,,PREMIUM,39.99,Active,,553.2
10031,7834,2026-03-09,,BASIC,9.99,Active,,-12.65
10032,5553,2026-01-17,2027-07-13,BASIC,9.99,Churned,PRICE-02,180.49
10033,3169,2025-08-05,2027-05-01,PREMIUM,39.99,Churned,SERVICE-01,845.12
10034,3996,2025-09-26,2026-01-14,STANDARD,19.99,Churned,PRICE-01,73.3
10035,2923,2023-05-06,,STANDARD,19.99,Active,,666.33
10036,8939,2024-03-12,,PREMIUM,39.99,Active,,918.44
10037,9703,2024-07-18,,BASIC,9.99,Active,,186.81
10038,4228,2025-11-19,,PREMIUM,39.99,Active,,95.98
10039,7953,2024-10-22,,BASIC,9.99,Active,,154.84
10040,5228,2023-02-09,,STANDARD,19.99,Active,,723.64
10041,8739,2023-08-11,2024-02-16,PREMIUM,39.99,Churned,PRICE-02,251.94
10042,4449,2025-05-01,,BASIC,9.99,Active,,91.24
10043,7306,2025-03-17,2026-11-16,BASIC,9.99,Churned,SERVICE-01,202.8
10044,7951,2024-08-25,2026-03-16,STANDARD,19.99,Churned,PRICE-02,378.48
10045,7013,2023-09-06,,STANDARD,19.99,Active,,584.37
10046,9167,2024-01-23,,BASIC,9.99,Active,,245.75
10047,9512,2023-02-28,2024-04-18,PREMIUM,39.99,Churned,COMP-01,553.2
10048,721,2025-01-14,,STANDARD,19.99,Active,,253.87
10049,1123,2023-02-03,2023-07-07,BASIC,9.99,Churned,PROD-01,51.28
10050,3786,2025-06-14,,BASIC,9.99,Active,,76.59
10051,9543,2024-12-01,,BASIC,9.99,Active,,141.53
10052,3589,2023-04-05,2024-09-28,BASIC,9.99,Churned,SERVICE-02,180.49
10053,3552,2024-11-25,,STANDARD,19.99,Active,,287.19
10054,7954,2026-01-15,,BASIC,9.99,Active,,5.0
10055,4065,2023-01-28,,PREMIUM,39.99,Active,,1463.63
10056,8604,2023-05-21,2024-11-15,STANDARD,19.99,Churned,SERVICE-01,362.49
10057,9628,2026-01-30,,PREMIUM,39.99,Active,,0.0
10058,4227,2023-02-03,,STANDARD,19.99,Active,,727.64
10059,8653,2025-05-26,,PREMIUM,39.99,Active,,331.92
10060,8712,2026-01-27,2027-08-18,STANDARD,19.99,Churned,PRICE-01,378.48
10061,6014,2023-09-03,,BASIC,9.99,Active,,293.04
10062,4941,2023-11-01,,STANDARD,19.99,Active,,547.06
10063,5462,2025-04-12,,BASIC,9.99,Active,,97.57
10064,1219,2023-02-05,2023-06-01,PREMIUM,39.99,Churned,TECH-01,154.63
10065,305,2023-12-16,,PREMIUM,39.99,Active,,1034.41
10066,3251,2023-12-08,2024-09-14,BASIC,9.99,Churned,SERVICE-01,93.57
10067,2190,2025-02-21,,PREMIUM,39.99,Active,,457.22
10068,1606,2025-08-02,,STANDARD,19.99,Active,,120.61
10069,8683,2024-11-19,,STANDARD,19.99,Active,,291.19
10070,4577,2026-04-18,,PREMIUM,39.99,Active,,-103.97
10071,9023,2025-10-29,2027-04-28,STANDARD,19.99,Churned,PRICE-02,363.82
10072,6950,2026-06-18,2026-08-29,BASIC,9.99,Churned,PRICE-02,23.98
10073,9957,2026-02-26,,PREMIUM,39.99,Active,,-35.99
10074,6046,2024-08-06,,PREMIUM,39.99,Active,,722.49
10075,8919,2024-09-21,2025-01-01,BASIC,9.99,Churned,SERVICE-01,33.97
10076,6616,2026-05-20,,PREMIUM,39.99,Active,,-146.63
10077,2745,2023-02-15,,STANDARD,19.99,Active,,719.64
10078,9104,2026-05-08,,PREMIUM,39.99,Active,,-130.63
10079,8424,2024-10-17,,PREMIUM,39.99,Active,,626.51
10080,2051,2025-01-23,,BASIC,9.99,Active,,123.88
10081,2148,2025-12-07,,PREMIUM,39.99,Active,,71.98
10082,6600,2025-09-14,,BASIC,9.99,Active,,45.95
10083,6225,2023-12-04,2025-06-03,STANDARD,19.99,Churned,TECH-01,364.48
10084,4479,2024-02-15,,STANDARD,19.99,Active,,476.43
10085,9599,2023-01-12,,STANDARD,19.99,Active,,742.3
10086,1426,2024-10-29,,STANDARD,19.99,Active,,305.18
10087,2193,2024-11-03,,BASIC,9.99,Active,,150.85
10088,2880,2024-06-06,2026-01-23,STANDARD,19.99,Churned,PRICE-01,397.13
10089,7596,2024-03-04,2025-01-19,BASIC,9.99,Churned,PRICE-02,106.89
10090,5503,2023-08-26,,PREMIUM,39.99,Active,,1183.7
10091,6302,2026-04-12,,PREMIUM,39.99,Active,,-95.98
10092,2089,2023-06-21,2024-04-17,PREMIUM,39.99,Churned,PROD-01,401.23
10093,4027,2023-07-05,,STANDARD,19.99,Active,,626.35
10094,856,2024-07-26,,STANDARD,19.99,Active,,368.48
10095,4689,2025-08-19,2025-09-23,BASIC,9.99,Churned,SERVICE-01,11.66
10096,673,2025-08-07,,PREMIUM,39.99,Active,,234.61
10097,4672,2024-10-19,,STANDARD,19.99,Active,,311.84
10098,7403,2024-08-18,,BASIC,9.99,Active,,176.49
10099,9964,2023-06-05,2025-05-02,BASIC,9.99,Churned,SERVICE-02,232.1
10100,9311,2024-04-27,,BASIC,9.99,Active,,214.12
10101,2654,2023-04-18,,STANDARD,19.99,Active,,678.33
10102,6087,2023-09-01,,BASIC,9.99,Active,,293.71
10103,4186,2023-06-27,,BASIC,9.99,Active,,315.68
10104,8915,2024-04-10,,PREMIUM,39.99,Active,,879.78
10105,2913,2026-01-26,,PREMIUM,39.99,Active,,5.33
10106,525,2024-05-01,,BASIC,9.99,Active,,212.79
10107,3567,2026-06-12,2026-10-10,STANDARD,19.99,Churned,PRICE-02,79.96
10108,9876,2025-11-28,,PREMIUM,39.99,Active,,83.98
10109,2789,2024-03-29,,BASIC,9.99,Active,,223.78
10110,3545,2024-09-11,,PREMIUM,39.99,Active,,674.5
10111,7279,2023-03-15,,PREMIUM,39.99,Active,,1402.32
10112,4745,2023-10-01,,STANDARD,19.99,Active,,567.72
10113,2631,2026-01-13,,BASIC,9.99,Active,,5.66
10114,44,2025-12-26,2027-03-30,STANDARD,19.99,Churned,SERVICE-02,305.85
10115,123,2023-08-05,2024-10-21,STANDARD,19.99,Churned,SERVICE-01,295.19
10116,4729,2023-11-16,,PREMIUM,39.99,Active,,1074.4
10117,58,2026-05-21,,STANDARD,19.99,Active,,-73.96
10118,8015,2025-08-20,,BASIC,9.99,Active,,54.28
10119,6073,2025-05-22,,PREMIUM,39.99,Active,,337.25
10120,2556,2023-12-15,,PREMIUM,39.99,Active,,1035.74
10121,4044,2026-01-08,,BASIC,9.99,Active,,7.33
10122,9560,2024-07-07,,PREMIUM,39.99,Active,,762.48
10123,1454,2023-12-12,2025-12-04,PREMIUM,39.99,Churned,TECH-01,963.76
10124,46,2026-05-11,,STANDARD,19.99,Active,,-67.3
10125,3269,2023-04-02,2025-03-02,BASIC,9.99,Churned,PRICE-02,233.1
10126,6179,2023-02-05,,BASIC,9.99,Active,,362.97
10127,7374,2026-02-20,2027-11-22,STANDARD,19.99,Churned,SERVICE-01,426.45
10128,6479,2026-02-04,2027-01-12,STANDARD,19.99,Churned,SERVICE-02,227.89
10129,5333,2026-05-16,,STANDARD,19.99,Active,,-70.63
10130,7396,2024-02-28,,STANDARD,19.99,Active,,467.77
10131,9320,2024-10-04,,STANDARD,19.99,Active,,321.84
10132,2096,2025-07-30,,STANDARD,19.99,Active,,122.61
10133,2308,2024-12-08,,PREMIUM,39.99,Active,,557.19
10134,145,2025-10-13,,PREMIUM,39.99,Active,,145.3
10135,1031,2024-09-20,,BASIC,9.99,Active,,165.5
10136,9358,2026-02-09,,STANDARD,19.99,Active,,-6.66
10137,6124,2025-03-19,2026-02-15,PREMIUM,39.99,Churned,SERVICE-02,443.89
10138,6078,2023-02-15,,BASIC,9.99,Active,,359.64
10139,2801,2026-03-21,,STANDARD,19.99,Active,,-33.32
10140,2503,2023-02-06,2024-10-03,BASIC,9.99,Churned,PRICE-01,201.47
10141,3739,2026-03-17,,PREMIUM,39.99,Active,,-61.32
10142,47,2025-11-09,,BASIC,9.99,Active,,27.31
10143,4742,2024-01-06,,PREMIUM,39.99,Active,,1006.42
10144,5287,2023-07-12,,STANDARD,19.99,Active,,621.69
10145,9086,2023-06-22,,STANDARD,19.99,Active,,635.02
10146,3239,2023-04-12,2023-10-25,BASIC,9.99,Churned,PRICE-01,65.27
10147,1636,2025-02-18,,PREMIUM,39.99,Active,,461.22
10148,7443,2026-04-15,2026-08-10,STANDARD,19.99,Churned,PRICE-01,77.96
10149,9816,2023-07-13,2024-03-04,STANDARD,19.99,Churned,PRICE-01,156.59
10150,2680,2023-05-06,2024-08-10,PREMIUM,39.99,Churned,SERVICE-02,615.85
10151,5633,2025-09-16,,BASIC,9.99,Active,,45.29
10152,9106,2025-03-02,,BASIC,9.99,Active,,111.22
10153,9487,2025-08-18,,PREMIUM,39.99,Active,,219.95
10154,7615,2023-03-21,2025-02-21,PREMIUM,39.99,Churned,SERVICE-02,937.1
10155,2593,2023-04-02,,BASIC,9.99,Active,,344.32
10156,6558,2024-07-24,,PREMIUM,39.99,Active,,739.82
10157,3857,2023-08-09,2024-09-07,PREMIUM,39.99,Churned,SERVICE-01,526.53
10158,1978,2025-10-18,,PREMIUM,39.99,Active,,138.63
10159,478,2024-07-12,2025-04-18,PREMIUM,39.99,Churned,SERVICE-01,373.24
10160,6622,2024-02-05,,STANDARD,19.99,Active,,483.09
10161,801,2025-04-01,2025-05-07,PREMIUM,39.99,Churned,SERVICE-01,47.99
10162,8896,2024-07-02,,PREMIUM,39.99,Active,,769.14
10163,1507,2024-09-28,2025-03-08,BASIC,9.99,Churned,TECH-01,53.61
10164,8073,2024-12-10,,PREMIUM,39.99,Active,,554.53
10165,231,2023-11-28,,BASIC,9.99,Active,,264.4
10166,1998,2024-11-20,,BASIC,9.99,Active,,145.19
10167,6807,2024-07-31,2024-12-31,BASIC,9.99,Churned,PROD-01,50.95
10168,1068,2023-10-26,2025-04-29,BASIC,9.99,Churned,SERVICE-01,183.48
10169,8924,2025-05-25,,STANDARD,19.99,Active,,166.58
10170,9952,2024-09-22,2026-07-01,PREMIUM,39.99,Churned,PROD-01,862.45
10171,3675,2024-12-07,,PREMIUM,39.99,Active,,558.53
10172,2432,2023-05-03,,STANDARD,19.99,Active,,668.33
10173,4687,2024-12-21,,STANDARD,19.99,Active,,269.86
10174,9546,2026-01-13,,STANDARD,19.99,Active,,11.33
10175,4331,2023-05-05,,STANDARD,19.99,Active,,667.0
10176,5436,2024-01-17,,PREMIUM,39.99,Active,,991.75
10177,1869,2024-03-01,,STANDARD,19.99,Active,,466.43
10178,9405,2023-11-25,,STANDARD,19.99,Active,,531.07
10179,1678,2024-07-15,,STANDARD,19.99,Active,,375.81
10180,132,2025-03-01,,STANDARD,19.99,Active,,223.22
10181,1614,2026-03-06,,BASIC,9.99,Active,,-11.66
10182,7296,2024-08-16,,STANDARD,19.99,Active,,354.49
10183,9242,2023-03-06,,BASIC,9.99,Active,,353.31
10184,46,2023-01-20,,PREMIUM,39.99,Active,,1474.3
10185,1719,2025-11-07,,STANDARD,19.99,Active,,55.97
10186,5656,2026-06-05,2028-03-27,PREMIUM,39.99,Churned,SERVICE-02,881.11
10187,2012,2023-08-30,,STANDARD,19.99,Active,,589.04
10188,2565,2025-09-30,,BASIC,9.99,Active,,40.63
10189,4735,2023-09-10,2023-12-29,BASIC,9.99,Churned,TECH-01,36.63
10190,6371,2023-01-14,,BASIC,9.99,Active,,370.3
10191,5607,2026-03-18,2027-04-20,BASIC,9.99,Churned,SERVICE-01,132.53
10192,7452,2024-01-17,2024-07-07,PREMIUM,39.99,Churned,COMP-01,229.28
10193,509,2025-03-15,2025-10-30,PREMIUM,39.99,Churned,SERVICE-02,305.26
10194,2538,2026-02-16,,STANDARD,19.99,Active,,-11.33
10195,7030,2025-05-10,,BASIC,9.99,Active,,88.25
10196,8766,2023-07-30,2025-03-26,PREMIUM,39.99,Churned,PRICE-02,806.47
10197,8130,2025-01-17,,PREMIUM,39.99,Active,,503.87
10198,1735,2023-06-01,,STANDARD,19.99,Active,,649.01
10199,2048,2026-04-18,,PREMIUM,39.99,Active,,-103.97
10200,2771,2025-04-07,,STANDARD,19.99,Active,,198.57
10201,3915,2026-05-02,2027-07-21,STANDARD,19.99,Churned,SERVICE-01,296.52
10202,7803,2024-08-10,,STANDARD,19.99,Active,,358.49
10203,708,2025-01-05,2026-06-29,STANDARD,19.99,Churned,PRICE-02,359.82
10204,3106,2023-08-14,2024-08-31,PREMIUM,39.99,Churned,SERVICE-01,510.54
10205,3217,2023-05-28,,STANDARD,19.99,Active,,651.67
10206,7901,2023-11-29,2024-02-24,PREMIUM,39.99,Churned,PRICE-01,115.97
10207,5230,2023-03-16,,BASIC,9.99,Active,,349.98
10208,180,2026-05-12,,STANDARD,19.99,Active,,-67.97
10209,6306,2024-06-09,2025-02-15,PREMIUM,39.99,Churned,SERVICE-01,334.58
10210,8425,2025-12-29,,PREMIUM,39.99,Active,,42.66
10211,7944,2025-06-20,,PREMIUM,39.99,Active,,298.59
10212,4354,2025-04-21,,STANDARD,19.99,Active,,189.24
10213,6614,2024-09-11,2026-05-18,STANDARD,19.99,Churned,PROD-01,409.13
10214,1325,2026-01-03,,STANDARD,19.99,Active,,17.99
10215,5778,2023-08-15,2024-05-02,BASIC,9.99,Churned,PRICE-02,86.91
10216,3211,2023-11-23,,BASIC,9.99,Active,,266.07
10217,8356,2024-01-02,2025-09-02,PREMIUM,39.99,Churned,PRICE-01,811.8
10218,4184,2023-11-26,,BASIC,9.99,Active,,265.07
10219,2102,2024-12-16,,PREMIUM,39.99,Active,,546.53
10220,9246,2025-10-11,,BASIC,9.99,Active,,36.96
10221,9855,2023-03-04,,STANDARD,19.99,Active,,708.31
10222,5419,2024-10-09,,PREMIUM,39.99,Active,,637.17
10223,7904,2025-06-12,,BASIC,9.99,Active,,77.26
10224,3023,2025-12-13,,BASIC,9.99,Active,,15.98
10225,7146,2024-05-12,2025-01-02,PREMIUM,39.99,Churned,COMP-01,313.25
10226,4372,2024-11-10,,BASIC,9.99,Active,,148.52
10227,8583,2026-03-12,2027-02-01,STANDARD,19.99,Churned,COMP-01,217.22
10228,9617,2024-05-09,,BASIC,9.99,Active,,210.12
10229,326,2025-07-17,,STANDARD,19.99,Active,,131.27
10230,8609,2026-01-14,,PREMIUM,39.99,Active,,21.33
10231,6533,2023-07-02,,BASIC,9.99,Active,,314.02
10232,8329,2023-07-14,,BASIC,9.99,Active,,310.02
10233,3533,2026-01-03,2026-03-05,PREMIUM,39.99,Churned,PROD-01,81.31
10234,9470,2026-05-18,,BASIC,9.99,Active,,-35.96
10235,3790,2024-06-14,,PREMIUM,39.99,Active,,793.13
10236,9146,2023-04-26,2024-04-14,PREMIUM,39.99,Churned,SERVICE-02,471.88
10237,405,2025-07-18,2026-09-30,BASIC,9.99,Churned,PROD-01,146.19
10238,8131,2025-09-07,,BASIC,9.99,Active,,48.28
10239,2751,2026-04-23,,STANDARD,19.99,Active,,-55.31
10240,1235,2024-02-18,,STANDARD,19.99,Active,,474.43
10241,3805,2025-01-07,,PREMIUM,39.99,Active,,517.2
10242,7868,2025-07-06,,STANDARD,19.99,Active,,138.6
10243,6652,2026-06-09,,BASIC,9.99,Active,,-43.29
10244,8832,2025-10-15,,STANDARD,19.99,Active,,71.3
10245,703,2023-07-20,,BASIC,9.99,Active,,308.02
10246,8626,2024-06-14,,STANDARD,19.99,Active,,396.47
10247,6700,2025-05-02,,PREMIUM,39.99,Active,,363.91
10248,9584,2024-05-27,,PREMIUM,39.99,Active,,817.13
10249,3401,2024-03-23,,STANDARD,19.99,Active,,451.77
10250,9607,2026-02-15,,STANDARD,19.99,Active,,-10.66
10251,7799,2024-06-24,2025-02-21,PREMIUM,39.99,Churned,PRICE-01,322.59
10252,840,2026-03-28,,PREMIUM,39.99,Active,,-75.98
10253,6031,2025-01-09,,STANDARD,19.99,Active,,257.2
10254,1336,2025-04-28,,STANDARD,19.99,Active,,184.57
10255,6624,2026-04-27,,PREMIUM,39.99,Active,,-115.97
10256,7949,2024-09-15,,STANDARD,19.99,Active,,334.5
10257,8949,2025-05-21,,STANDARD,19.99,Active,,169.25
10258,8785,2023-01-25,,PREMIUM,39.99,Active,,1467.63
10259,3145,2026-02-09,2028-01-10,BASIC,9.99,Churned,PRICE-02,233.1
10260,298,2024-02-12,2024-06-09,PREMIUM,39.99,Churned,SERVICE-01,157.29
10261,8063,2025-09-17,2026-03-24,BASIC,9.99,Churned,PRICE-01,62.6
10262,8756,2026-02-03,2026-06-15,BASIC,9.99,Churned,TECH-01,43.96
10263,6185,2024-11-19,,PREMIUM,39.99,Active,,582.52
10264,8248,2026-02-10,,STANDARD,19.99,Active,,-7.33
10265,7742,2026-06-28,2026-10-01,BASIC,9.99,Churned,TECH-01,31.63
10266,255,2026-06-08,,PREMIUM,39.99,Active,,-171.96
10267,2110,2025-07-07,2027-01-21,BASIC,9.99,Churned,TECH-01,187.48
10268,1832,2025-04-11,,STANDARD,19.99,Active,,195.9
10269,3098,2023-02-15,,BASIC,9.99,Active,,359.64
10270,2828,2023-06-19,,PREMIUM,39.99,Active,,1274.35
10271,6051,2024-07-20,2024-10-21,STANDARD,19.99,Churned,PRICE-01,61.97
10272,6105,2024-01-19,2025-10-29,PREMIUM,39.99,Churned,TECH-01,865.12
10273,6678,2026-01-11,,STANDARD,19.99,Active,,12.66
10274,6811,2025-08-06,,STANDARD,19.99,Active,,117.94
10275,7092,2025-07-27,,PREMIUM,39.99,Active,,249.27
10276,153,2023-09-25,,BASIC,9.99,Active,,285.71
10277,6660,2024-05-28,,STANDARD,19.99,Active,,407.8
10278,760,2024-09-23,,BASIC,9.99,Active,,164.5
10279,7262,2024-07-23,2025-03-24,PREMIUM,39.99,Churned,COMP-01,325.25
10280,9260,2024-11-12,,STANDARD,19.99,Active,,295.85
10281,2915,2024-02-20,,PREMIUM,39.99,Active,,946.43
10282,1117,2025-07-28,,BASIC,9.99,Active,,61.94
10283,4617,2023-11-24,2025-07-04,BASIC,9.99,Churned,TECH-01,195.8
10284,3425,2025-12-29,,PREMIUM,39.99,Active,,42.66
10285,1171,2023-04-08,,PREMIUM,39.99,Active,,1370.32
10286,6193,2026-04-07,,STANDARD,19.99,Active,,-44.64
10287,5553,2025-04-24,,BASIC,9.99,Active,,93.57
10288,2866,2023-02-01,,BASIC,9.99,Active,,364.3
10289,163,2023-08-10,,PREMIUM,39.99,Active,,1205.03
10290,3614,2025-03-18,,BASIC,9.99,Active,,105.89
10291,2140,2025-09-03,,STANDARD,19.99,Active,,99.28
10292,454,2023-05-24,,STANDARD,19.99,Active,,654.34
10293,8356,2025-07-09,,PREMIUM,39.99,Active,,273.26
10294,1622,2025-02-07,2026-12-25,PREMIUM,39.99,Churned,TECH-01,914.44
10295,3546,2026-04-16,,STANDARD,19.99,Active,,-50.64
10296,2411,2023-08-29,,BASIC,9.99,Active,,294.7
10297,1034,2024-12-17,,PREMIUM,39.99,Active,,545.2
10298,1792,2025-10-19,2026-07-04,STANDARD,19.99,Churned,PROD-01,171.91
10299,4534,2026-01-21,2027-06-13,PREMIUM,39.99,Churned,PRICE-02,677.16
10300,2837,2025-08-23,,BASIC,9.99,Active,,53.28
10301,6040,2024-12-23,,PREMIUM,39.99,Active,,537.2
10302,423,2025-07-07,,PREMIUM,39.99,Active,,275.93
10303,1226,2026-04-24,2028-04-01,STANDARD,19.99,Churned,COMP-01,471.76
10304,9720,2025-11-03,,PREMIUM,39.99,Active,,117.3
10305,2085,2026-01-13,2027-08-15,BASIC,9.99,Churned,SERVICE-02,192.81
10306,7875,2026-03-19,,BASIC,9.99,Active,,-15.98
10307,4501,2025-08-16,,BASIC,9.99,Active,,55.61
10308,9772,2024-04-07,,STANDARD,19.99,Active,,441.78
10309,6101,2026-05-07,,BASIC,9.99,Active,,-32.3
10310,9644,2026-01-16,2026-08-21,PREMIUM,39.99,Churned,PROD-01,289.26
10311,1012,2024-02-28,2025-11-04,BASIC,9.99,Churned,PROD-01,204.8
10312,686,2024-01-13,2025-03-28,BASIC,9.99,Churned,SERVICE-01,146.52
10313,1729,2024-07-08,,STANDARD,19.99,Active,,380.48
10314,4305,2024-05-29,,STANDARD,19.99,Active,,407.13
10315,2613,2023-12-30,,BASIC,9.99,Active,,253.75
10316,3427,2025-05-17,,PREMIUM,39.99,Active,,343.91
10317,6860,2024-11-12,,STANDARD,19.99,Active,,295.85
10318,8614,2024-03-10,2025-02-01,PREMIUM,39.99,Churned,PROD-01,437.22
10319,7066,2024-09-23,2024-10-30,STANDARD,19.99,Churned,PRICE-02,24.65
10320,3938,2024-05-02,,STANDARD,19.99,Active,,425.12
10321,6273,2026-03-19,2026-06-05,PREMIUM,39.99,Churned,PROD-01,103.97
10322,1676,2025-06-15,,STANDARD,19.99,Active,,152.59
10323,7343,2025-01-02,,STANDARD,19.99,Active,,261.87
10324,6439,2026-06-22,,BASIC,9.99,Active,,-47.62
10325,7448,2025-07-09,2027-01-03,STANDARD,19.99,Churned,SERVICE-01,361.82
10326,6693,2025-08-04,,PREMIUM,39.99,Active,,238.61
10327,3311,2024-08-13,,PREMIUM,39.99,Active,,713.15
10328,6790,2025-12-08,2026-05-22,BASIC,9.99,Churned,TECH-01,54.95
10329,2839,2023-07-02,,PREMIUM,39.99,Active,,1257.02
10330,2012,2026-06-02,,PREMIUM,39.99,Active,,-163.96
10331,5511,2024-09-06,,PREMIUM,39.99,Active,,681.16
10332,6171,2024-01-07,,BASIC,9.99,Active,,251.08
10333,4180,2024-08-13,2026-05-17,BASIC,9.99,Churned,COMP-01,213.79
10334,8156,2023-04-10,,BASIC,9.99,Active,,341.66
10335,6782,2024-02-28,2025-06-18,BASIC,9.99,Churned,PRICE-01,158.51
10336,9945,2024-07-15,2025-11-12,BASIC,9.99,Churned,PROD-01,161.51
10337,7652,2025-03-10,2026-05-19,PREMIUM,39.99,Churned,PRICE-01,579.86
10338,8274,2025-02-15,2025-05-04,STANDARD,19.99,Churned,PROD-01,51.97
10339,1319,2025-02-02,,PREMIUM,39.99,Active,,482.55
10340,1084,2024-03-26,2026-02-24,STANDARD,19.99,Churned,COMP-01,466.43
10341,9341,2023-04-22,,BASIC,9.99,Active,,337.66
10342,1439,2025-05-21,,BASIC,9.99,Active,,84.58
10343,5582,2026-05-23,,STANDARD,19.99,Active,,-75.3
10344,2698,2024-10-03,,STANDARD,19.99,Active,,322.51
10345,7381,2024-03-07,,STANDARD,19.99,Active,,462.44
10346,7256,2023-08-18,2024-03-17,PREMIUM,39.99,Churned,PROD-01,282.6
10347,7575,2024-07-05,2026-06-20,BASIC,9.99,Churned,PRICE-01,238.09
10348,3148,2025-04-10,2026-06-23,STANDARD,19.99,Churned,TECH-01,292.52
10349,5005,2026-05-04,2027-08-28,PREMIUM,39.99,Churned,PROD-01,641.17
10350,1843,2025-06-06,2026-09-01,STANDARD,19.99,Churned,SERVICE-01,301.18
10351,8722,2025-05-30,2026-07-18,PREMIUM,39.99,Churned,PRICE-01,551.86
10352,7554,2026-06-29,2028-04-01,STANDARD,19.99,Churned,PRICE-01,427.79
10353,8201,2024-05-24,,PREMIUM,39.99,Active,,821.13
10354,7823,2023-12-06,2024-01-18,PREMIUM,39.99,Churned,PRICE-01,57.32
10355,2549,2025-02-18,,STANDARD,19.99,Active,,230.55
10356,8649,2023-02-12,2024-10-05,PREMIUM,39.99,Churned,PRICE-01,801.13
10357,6464,2025-11-06,,BASIC,9.99,Active,,28.31
10358,5339,2024-07-15,,BASIC,9.99,Active,,187.81
10359,4775,2025-01-12,2025-06-08,BASIC,9.99,Churned,PRICE-01,48.95
10360,2814,2023-10-22,,BASIC,9.99,Active,,276.72
10361,3668,2024-08-14,,PREMIUM,39.99,Active,,711.82
10362,6738,2025-10-23,,BASIC,9.99,Active,,32.97
10363,9397,2025-11-21,,BASIC,9.99,Active,,23.31
10364,8644,2023-05-14,2024-09-24,PREMIUM,39.99,Churned,PRICE-01,665.17
10365,9781,2023-02-27,,PREMIUM,39.99,Active,,1423.64
10366,7979,2023-12-14,2024-09-19,BASIC,9.99,Churned,PRICE-02,93.24
10367,2434,2025-02-17,,PREMIUM,39.99,Active,,462.55
10368,3635,2024-02-10,2024-03-23,PREMIUM,39.99,Churned,PRICE-02,55.99
10369,3339,2025-09-28,,BASIC,9.99,Active,,41.29
10370,5289,2025-09-26,,BASIC,9.99,Active,,41.96
10371,4385,2025-11-28,,BASIC,9.99,Active,,20.98
10372,2261,2024-09-01,,BASIC,9.99,Active,,171.83
10373,7918,2023-06-24,2024-09-10,STANDARD,19.99,Churned,PRICE-01,295.85
10374,355,2024-05-29,,STANDARD,19.99,Active,,407.13
10375,9700,2024-07-05,,PREMIUM,39.99,Active,,765.14
10376,2584,2024-03-26,,STANDARD,19.99,Active,,449.77
10377,7117,2023-04-07,,PREMIUM,39.99,Active,,1371.66
10378,2779,2024-04-10,,PREMIUM,39.99,Active,,879.78
10379,2866,2026-03-13,,STANDARD,19.99,Active,,-27.99
10380,9943,2025-10-31,,PREMIUM,39.99,Active,,121.3
10381,4396,2025-04-25,,STANDARD,19.99,Active,,186.57
10382,9143,2024-12-21,,BASIC,9.99,Active,,134.87
10383,2784,2024-02-06,2025-12-03,STANDARD,19.99,Churned,PRICE-02,443.78
10384,7491,2023-12-28,,PREMIUM,39.99,Active,,1018.41
10385,8046,2023-05-07,2024-05-10,BASIC,9.99,Churned,PRICE-02,122.88
10386,9449,2025-03-16,,PREMIUM,39.99,Active,,426.56
10387,8025,2023-03-27,,STANDARD,19.99,Active,,692.99
10388,7273,2026-04-01,,STANDARD,19.99,Active,,-40.65
10389,3055,2024-01-21,,STANDARD,19.99,Active,,493.09
10390,592,2024-02-13,,PREMIUM,39.99,Active,,955.76
10391,4793,2024-01-17,,BASIC,9.99,Active,,247.75
10392,155,2025-05-20,2026-05-24,STANDARD,19.99,Churned,COMP-01,245.88
10393,3713,2023-10-14,,BASIC,9.99,Active,,279.39
10394,4320,2024-09-24,,PREMIUM,39.99,Active,,657.17
10395,8713,2024-07-19,2026-05-03,BASIC,9.99,Churned,PRICE-01,217.45
10396,6397,2024-11-16,2025-10-23,PREMIUM,39.99,Churned,SERVICE-01,454.55
10397,7394,2023-11-04,,BASIC,9.99,Active,,272.39
10398,9152,2025-07-19,,PREMIUM,39.99,Active,,259.94
10399,1935,2025-12-09,2026-05-26,BASIC,9.99,Churned,PRICE-02,55.94
10400,7144,2024-10-19,2025-01-30,STANDARD,19.99,Churned,SERVICE-02,68.63
10401,3004,2023-07-22,,STANDARD,19.99,Active,,615.03
10402,527,2025-09-26,2027-09-15,PREMIUM,39.99,Churned,COMP-01,958.43
10403,1108,2024-08-06,,PREMIUM,39.99,Active,,722.49
10404,3562,2024-09-16,2026-07-29,PREMIUM,39.99,Churned,SERVICE-01,907.77
10405,4902,2026-01-18,,STANDARD,19.99,Active,,8.0
10406,247,2026-02-05,,STANDARD,19.99,Active,,-4.0
10407,2422,2026-01-31,,STANDARD,19.99,Active,,-0.67
10408,973,2025-07-28,,STANDARD,19.99,Active,,123.94
10409,8058,2023-03-08,,BASIC,9.99,Active,,352.65
10410,8365,2025-04-16,2027-03-07,PREMIUM,39.99,Churned,SERVICE-02,919.77
10411,6204,2023-01-14,,PREMIUM,39.99,Active,,1482.3
10412,1974,2026-05-28,,PREMIUM,39.99,Active,,-157.29
10413,7788,2023-12-22,,PREMIUM,39.99,Active,,1026.41
10414,9990,2026-06-09,,STANDARD,19.99,Active,,-86.62
10415,686,2023-12-12,2024-07-04,BASIC,9.99,Churned,TECH-01,68.27
10416,2254,2024-03-04,2025-06-21,BASIC,9.99,Churned,TECH-01,157.84
10417,7469,2026-02-09,2027-05-13,PREMIUM,39.99,Churned,COMP-01,610.51
10418,5895,2024-07-22,,BASIC,9.99,Active,,185.48
10419,30,2024-11-20,,STANDARD,19.99,Active,,290.52
10420,2619,2025-04-30,,STANDARD,19.99,Active,,183.24
10421,339,2025-11-11,2027-05-26,PREMIUM,39.99,Churned,TECH-01,747.81
10422,3006,2025-08-20,,BASIC,9.99,Active,,54.28
10423,619,2023-04-08,,BASIC,9.99,Active,,342.32
10424,1463,2025-12-07,,BASIC,9.99,Active,,17.98
10425,803,2026-02-14,,BASIC,9.99,Active,,-5.0
10426,2842,2026-04-06,2026-08-29,PREMIUM,39.99,Churned,TECH-01,193.28
10427,61,2024-08-03,2026-03-12,BASIC,9.99,Churned,TECH-01,195.14
10428,8681,2023-10-22,,STANDARD,19.99,Active,,553.72
10429,5477,2024-04-01,2024-08-16,BASIC,9.99,Churned,SERVICE-02,45.62
10430,8254,2023-12-02,2025-03-11,PREMIUM,39.99,Churned,SERVICE-01,619.85
10431,4677,2024-08-12,2025-10-19,BASIC,9.99,Churned,PRICE-02,144.19
10432,4610,2026-04-28,,BASIC,9.99,Active,,-29.3
10433,6007,2023-02-06,2024-08-11,STANDARD,19.99,Churned,SERVICE-02,367.82
10434,810,2026-01-03,,PREMIUM,39.99,Active,,35.99
10435,9522,2025-06-17,,BASIC,9.99,Active,,75.59
10436,4958,2025-12-02,2026-06-29,BASIC,9.99,Churned,PROD-01,69.6
10437,841,2023-01-03,,STANDARD,19.99,Active,,748.29
10438,3265,2024-10-28,2025-07-17,BASIC,9.99,Churned,SERVICE-02,87.25
10439,1027,2024-08-11,,PREMIUM,39.99,Active,,715.82
10440,8686,2025-11-25,,STANDARD,19.99,Active,,43.98
10441,4170,2024-09-09,,PREMIUM,39.99,Active,,677.16
10442,2975,2023-10-01,2024-08-24,STANDARD,19.99,Churned,SERVICE-02,218.56
10443,6636,2025-04-14,,BASIC,9.99,Active,,96.9
10444,2972,2024-03-14,,PREMIUM,39.99,Active,,915.77
10445,4374,2024-12-14,,BASIC,9.99,Active,,137.2
10446,389,2025-08-08,,PREMIUM,39.99,Active,,233.28
10447,1746,2024-06-22,,PREMIUM,39.99,Active,,782.47
10448,1605,2024-07-12,2025-10-29,BASIC,9.99,Churned,PROD-01,157.84
10449,993,2026-01-04,,PREMIUM,39.99,Active,,34.66
10450,424,2025-01-01,,PREMIUM,39.99,Active,,525.2
10451,737,2024-06-25,2024-08-05,STANDARD,19.99,Churned,PRICE-02,27.32
10452,4474,2023-07-28,2025-05-18,BASIC,9.99,Churned,PRICE-02,219.78
10453,5708,2023-09-28,,BASIC,9.99,Active,,284.72
10454,219,2024-02-19,,STANDARD,19.99,Active,,473.76
10455,2867,2023-01-07,,BASIC,9.99,Active,,372.63
10456,5734,2024-06-09,,STANDARD,19.99,Active,,399.8
10457,5834,2024-06-15,2024-11-17,BASIC,9.99,Churned,TECH-01,51.62
10458,3848,2023-02-07,2024-09-14,STANDARD,19.99,Churned,PROD-01,389.8
10459,8423,2026-02-07,,BASIC,9.99,Active,,-2.66
10460,4577,2023-08-06,2024-05-08,STANDARD,19.99,Churned,COMP-01,183.91
10461,9425,2024-05-11,,BASIC,9.99,Active,,209.46
10462,7608,2025-07-11,2027-05-22,PREMIUM,39.99,Churned,COMP-01,906.44
10463,9328,2026-05-07,2028-04-10,BASIC,9.99,Churned,SERVICE-01,234.43
10464,8102,2025-11-24,,BASIC,9.99,Active,,22.31
10465,7914,2026-01-03,,STANDARD,19.99,Active,,17.99
10466,1630,2026-04-15,2027-07-22,PREMIUM,39.99,Churned,PRICE-02,617.18
10467,9098,2024-12-04,,BASIC,9.99,Active,,140.53
10468,3257,2024-08-06,,STANDARD,19.99,Active,,361.15
10469,3833,2026-06-13,,PREMIUM,39.99,Active,,-178.62
10470,1942,2023-09-19,,PREMIUM,39.99,Active,,1151.71
10471,3263,2025-12-05,2026-11-27,PREMIUM,39.99,Churned,COMP-01,475.88
10472,3753,2024-10-01,,BASIC,9.99,Active,,161.84
10473,5007,2025-11-05,2026-01-02,STANDARD,19.99,Churned,SERVICE-01,38.65
10474,5241,2025-03-30,2026-05-29,STANDARD,19.99,Churned,PRICE-02,283.19
10475,2296,2023-12-20,,BASIC,9.99,Active,,257.08
10476,7268,2024-10-12,,BASIC,9.99,Active,,158.18
10477,6402,2024-08-30,2025-02-18,PREMIUM,39.99,Churned,SERVICE-02,229.28
10478,9072,2024-08-20,,STANDARD,19.99,Active,,351.82
10479,704,2023-11-28,2024-10-29,PREMIUM,39.99,Churned,SERVICE-01,447.89
10480,7733,2024-03-28,2026-02-10,STANDARD,19.99,Churned,SERVICE-02,455.77
10481,8076,2023-12-08,,PREMIUM,39.99,Active,,1045.07
10482,9566,2025-06-01,,PREMIUM,39.99,Active,,323.92
10483,2577,2023-08-09,,PREMIUM,39.99,Active,,1206.37
10484,4776,2023-01-31,,BASIC,9.99,Active,,364.63
10485,9054,2023-10-13,,PREMIUM,39.99,Active,,1119.72
10486,8531,2023-02-19,2023-08-27,STANDARD,19.99,Churned,SERVICE-01,125.94
10487,9112,2023-09-07,,PREMIUM,39.99,Active,,1167.71
10488,9348,2023-01-14,,PREMIUM,39.99,Active,,1482.3
10489,2649,2023-05-29,,STANDARD,19.99,Active,,651.01
10490,5272,2023-03-13,,PREMIUM,39.99,Active,,1404.98
10491,4054,2026-01-26,,PREMIUM,39.99,Active,,5.33
10492,5364,2025-06-25,,BASIC,9.99,Active,,72.93
10493,5491,2023-11-18,,BASIC,9.99,Active,,267.73
10494,3188,2024-06-13,,BASIC,9.99,Active,,198.47
10495,2126,2025-03-27,,BASIC,9.99,Active,,102.9
10496,8296,2024-11-15,,STANDARD,19.99,Active,,293.85
10497,5550,2026-05-14,,BASIC,9.99,Active,,-34.63
10498,3847,2025-05-24,,BASIC,9.99,Active,,83.58
10499,3038,2023-11-28,,PREMIUM,39.99,Active,,1058.4
10500,1288,2025-03-06,2025-12-13,PREMIUM,39.99,Churned,PRICE-01,375.91
10501,4892,2024-09-23,,STANDARD,19.99,Active,,329.17
10502,7004,2025-01-28,,PREMIUM,39.99,Active,,489.21
10503,3053,2024-09-29,2026-09-02,STANDARD,19.99,Churned,SERVICE-02,468.43
10504,6435,2025-12-08,2027-08-13,BASIC,9.99,Churned,PROD-01,204.13
10505,4317,2025-06-18,2025-10-31,STANDARD,19.99,Churned,PRICE-01,89.95
10506,6943,2026-03-11,,BASIC,9.99,Active,,-13.32
10507,302,2025-06-28,,STANDARD,19.99,Active,,143.93
10508,5519,2025-09-28,,BASIC,9.99,Active,,41.29
10509,8941,2025-01-21,,STANDARD,19.99,Active,,249.21
10510,5406,2024-09-18,2025-10-22,BASIC,9.99,Churned,SERVICE-01,132.87
10511,1820,2025-09-13,,BASIC,9.99,Active,,46.29
10512,8812,2024-03-24,2024-11-08,BASIC,9.99,Churned,PRICE-01,76.26
10513,6574,2025-09-14,,PREMIUM,39.99,Active,,183.95
10514,4843,2023-12-14,,STANDARD,19.99,Active,,518.41
10515,5231,2023-01-10,,STANDARD,19.99,Active,,743.63
10516,995,2024-04-16,,BASIC,9.99,Active,,217.78
10517,1713,2026-01-11,2026-05-11,BASIC,9.99,Churned,TECH-01,39.96
10518,9599,2025-01-14,,STANDARD,19.99,Active,,253.87
10519,7471,2024-04-17,,BASIC,9.99,Active,,217.45
10520,3241,2023-10-08,2025-01-21,STANDARD,19.99,Churned,PRICE-01,313.84
10521,7113,2024-11-20,,BASIC,9.99,Active,,145.19
10522,7738,2023-06-18,,PREMIUM,39.99,Active,,1275.68
10523,1069,2023-12-18,,STANDARD,19.99,Active,,515.74
10524,5516,2024-12-21,2025-03-23,STANDARD,19.99,Churned,SERVICE-02,61.3
10525,9374,2023-08-14,2024-08-09,PREMIUM,39.99,Churned,PROD-01,481.21
10526,9698,2023-02-19,2024-02-22,PREMIUM,39.99,Churned,PRICE-02,490.54
10527,4363,2024-12-21,,BASIC,9.99,Active,,134.87
10528,5139,2023-05-03,,PREMIUM,39.99,Active,,1337.0
10529,502,2025-02-25,,BASIC,9.99,Active,,112.89
10530,1708,2024-12-07,,STANDARD,19.99,Active,,279.19
10531,6411,2026-04-24,,STANDARD,19.99,Active,,-55.97
10532,3628,2025-04-26,,BASIC,9.99,Active,,92.91
10533,3623,2023-06-10,2024-03-20,BASIC,9.99,Churned,PRICE-01,94.57
10534,486,2023-05-03,,STANDARD,19.99,Active,,668.33
10535,2794,2024-04-09,,BASIC,9.99,Active,,220.11
10536,2603,2024-11-20,,BASIC,9.99,Active,,145.19
10537,6206,2023-04-20,,PREMIUM,39.99,Active,,1354.33
10538,8393,2025-01-21,2025-10-13,PREMIUM,39.99,Churned,PRICE-01,353.25
10539,1433,2023-05-02,,STANDARD,19.99,Active,,669.0
10540,3245,2025-05-02,,PREMIUM,39.99,Active,,363.91
10541,8118,2024-01-18,,STANDARD,19.99,Active,,495.09
10542,4347,2026-05-31,,STANDARD,19.99,Active,,-80.63
10543,2464,2024-04-25,2024-08-01,BASIC,9.99,Churned,SERVICE-02,32.63
10544,839,2025-02-18,,STANDARD,19.99,Active,,230.55
10545,2362,2026-04-09,,PREMIUM,39.99,Active,,-91.98
10546,8890,2024-08-13,,PREMIUM,39.99,Active,,713.15
10547,6762,2025-03-13,,PREMIUM,39.99,Active,,430.56
10548,2476,2025-10-28,,BASIC,9.99,Active,,31.3
10549,3469,2026-03-11,,PREMIUM,39.99,Active,,-53.32
10550,2614,2026-04-21,2027-04-28,PREMIUM,39.99,Churned,SERVICE-01,495.88
10551,2236,2026-01-25,,STANDARD,19.99,Active,,3.33
10552,2498,2023-03-24,,PREMIUM,39.99,Active,,1390.32
10553,9586,2023-04-12,,PREMIUM,39.99,Active,,1364.99
10554,1806,2026-05-05,,BASIC,9.99,Active,,-31.63
10555,5496,2026-06-09,,PREMIUM,39.99,Active,,-173.29
10556,218,2026-01-22,,BASIC,9.99,Active,,2.66
10557,4277,2025-03-05,,PREMIUM,39.99,Active,,441.22
10558,2488,2024-06-10,2025-08-20,PREMIUM,39.99,Churned,PRICE-01,581.19
10559,2329,2025-07-16,,STANDARD,19.99,Active,,131.93
10560,3855,2023-02-12,,BASIC,9.99,Active,,360.64
10561,9776,2024-06-22,,BASIC,9.99,Active,,195.47
10562,2689,2023-04-04,2023-06-26,BASIC,9.99,Churned,COMP-01,27.64
10563,5297,2023-05-06,2023-06-06,STANDARD,19.99,Churned,COMP-01,20.66
10564,3198,2025-03-07,,STANDARD,19.99,Active,,219.22
10565,6175,2026-02-24,,PREMIUM,39.99,Active,,-33.33
10566,8851,2024-04-30,,STANDARD,19.99,Active,,426.45
10567,4582,2026-04-07,,PREMIUM,39.99,Active,,-89.31
10568,454,2025-07-05,2026-08-20,STANDARD,19.99,Churned,TECH-01,273.86
10569,6497,2025-12-07,,PREMIUM,39.99,Active,,71.98
10570,324,2023-02-16,,PREMIUM,39.99,Active,,1438.31
10571,9966,2023-08-05,,BASIC,9.99,Active,,302.7
10572,7881,2023-03-17,,STANDARD,19.99,Active,,699.65
10573,6803,2024-10-19,,STANDARD,19.99,Active,,311.84
10574,1316,2026-05-04,,BASIC,9.99,Active,,-31.3
10575,9117,2025-03-22,,BASIC,9.99,Active,,104.56
10576,4483,2025-03-06,,STANDARD,19.99,Active,,219.89
10577,344,2026-06-12,,PREMIUM,39.99,Active,,-177.29
10578,1477,2024-07-16,,STANDARD,19.99,Active,,375.15
10579,2182,2025-08-22,2026-09-11,PREMIUM,39.99,Churned,PRICE-01,513.21
10580,3164,2026-01-15,2026-12-02,PREMIUM,39.99,Churned,TECH-01,427.89
10581,1604,2026-02-16,,STANDARD,19.99,Active,,-11.33
10582,1817,2026-04-18,2028-03-07,STANDARD,19.99,Churned,PROD-01,459.1
10583,1458,2024-07-11,,BASIC,9.99,Active,,189.14
10584,4185,2025-09-04,,BASIC,9.99,Active,,49.28
10585,6741,2023-04-06,,PREMIUM,39.99,Active,,1372.99
10586,9787,2026-01-06,2026-10-10,STANDARD,19.99,Churned,TECH-01,184.57
10587,2205,2025-05-28,,PREMIUM,39.99,Active,,329.25
10588,8731,2023-09-25,,STANDARD,19.99,Active,,571.71
10589,1466,2026-05-31,,BASIC,9.99,Active,,-40.29
10590,2338,2024-03-06,,STANDARD,19.99,Active,,463.1
10591,9851,2023-08-24,,BASIC,9.99,Active,,296.37
10592,5857,2024-06-03,,PREMIUM,39.99,Active,,807.8
10593,8405,2025-08-25,,STANDARD,19.99,Active,,105.28
10594,3381,2024-07-22,,BASIC,9.99,Active,,185.48
10595,4358,2024-08-04,,STANDARD,19.99,Active,,362.49
10596,4369,2025-02-20,,BASIC,9.99,Active,,114.55
10597,7384,2025-07-22,2027-01-17,STANDARD,19.99,Churned,TECH-01,362.49
10598,2852,2026-05-18,,BASIC,9.99,Active,,-35.96
10599,7773,2024-03-26,,PREMIUM,39.99,Active,,899.78
10600,1220,2024-10-13,,BASIC,9.99,Active,,157.84
10601,8211,2026-02-04,2026-03-06,PREMIUM,39.99,Churned,TECH-01,39.99
10602,1111,2024-03-01,,PREMIUM,39.99,Active,,933.1
10603,6644,2024-05-03,,PREMIUM,39.99,Active,,849.12
10604,1448,2025-10-03,,PREMIUM,39.99,Active,,158.63
10605,6877,2024-04-30,,BASIC,9.99,Active,,213.12
10606,4986,2026-05-18,,STANDARD,19.99,Active,,-71.96
10607,6067,2023-11-27,2024-07-19,BASIC,9.99,Churned,PRICE-01,78.25
10608,6914,2025-08-23,,PREMIUM,39.99,Active,,213.28
10609,7969,2023-10-27,2025-06-21,BASIC,9.99,Churned,SERVICE-02,200.8
10610,5805,2025-01-08,,PREMIUM,39.99,Active,,515.87
10611,4729,2023-02-28,,PREMIUM,39.99,Active,,1422.31
10612,9179,2025-08-19,,BASIC,9.99,Active,,54.61
10613,7166,2025-03-22,2026-03-02,BASIC,9.99,Churned,TECH-01,114.89
10614,9230,2024-04-06,,STANDARD,19.99,Active,,442.45
10615,2121,2024-11-22,,BASIC,9.99,Active,,144.52
10616,5514,2026-02-12,2027-09-14,STANDARD,19.99,Churned,PRICE-02,385.81
10617,7433,2024-01-03,,BASIC,9.99,Active,,252.41
10618,9627,2025-10-16,,PREMIUM,39.99,Active,,141.3
10619,5235,2025-08-24,2027-05-13,STANDARD,19.99,Churned,PRICE-02,417.79
10620,2778,2024-01-30,,PREMIUM,39.99,Active,,974.42
10621,5838,2024-05-31,,PREMIUM,39.99,Active,,811.8
10622,4868,2025-06-18,2025-08-06,STANDARD,19.99,Churned,SERVICE-02,32.65
10623,2558,2025-05-06,,BASIC,9.99,Active,,89.58
10624,7003,2023-04-08,2025-03-29,PREMIUM,39.99,Churned,COMP-01,961.09
10625,9703,2023-03-22,,STANDARD,19.99,Active,,696.32
10626,5762,2025-04-21,,BASIC,9.99,Active,,94.57
10627,4391,2024-09-30,2025-01-26,BASIC,9.99,Churned,PROD-01,39.29
10628,9997,2023-03-02,,STANDARD,19.99,Active,,709.64
10629,922,2025-06-01,,STANDARD,19.99,Active,,161.92
10630,5906,2025-01-23,2026-06-28,PREMIUM,39.99,Churned,PRICE-01,694.49
10631,687,2025-09-15,,PREMIUM,39.99,Active,,182.62
10632,4704,2023-07-31,,BASIC,9.99,Active,,304.36
10633,4006,2024-10-12,,BASIC,9.99,Active,,158.18
10634,7989,2023-01-29,,BASIC,9.99,Active,,365.3
10635,1881,2026-03-19,2026-04-25,BASIC,9.99,Churned,TECH-01,12.32
10636,9511,2024-08-10,,BASIC,9.99,Active,,179.15
10637,1467,2023-07-08,,PREMIUM,39.99,Active,,1249.02
10638,8414,2024-04-04,,BASIC,9.99,Active,,221.78
10639,8579,2026-06-18,,PREMIUM,39.99,Active,,-185.29
10640,1080,2026-02-18,,STANDARD,19.99,Active,,-12.66
10641,3989,2023-05-12,,STANDARD,19.99,Active,,662.34
10642,6376,2026-04-01,,BASIC,9.99,Active,,-20.31
10643,8966,2026-06-14,,PREMIUM,39.99,Active,,-179.96
10644,9545,2025-08-31,,BASIC,9.99,Active,,50.62
10645,10,2023-09-06,,STANDARD,19.99,Active,,584.37
10646,2627,2026-01-15,,BASIC,9.99,Active,,5.0
10647,5819,2023-08-12,,BASIC,9.99,Active,,300.37
10648,1050,2025-10-20,,PREMIUM,39.99,Active,,135.97
10649,3357,2024-07-22,2026-02-10,STANDARD,19.99,Churned,SERVICE-02,378.48
10650,527,2024-10-06,,STANDARD,19.99,Active,,320.51
10651,1445,2023-04-30,2024-10-09,STANDARD,19.99,Churned,SERVICE-01,351.82
10652,4756,2025-10-18,2025-12-05,STANDARD,19.99,Churned,SERVICE-02,31.98
10653,5951,2024-02-15,,PREMIUM,39.99,Active,,953.1
10654,7000,2026-01-23,,PREMIUM,39.99,Active,,9.33
10655,8029,2024-12-10,2026-08-18,STANDARD,19.99,Churned,PRICE-01,410.46
10656,945,2023-07-08,2025-05-13,BASIC,9.99,Churned,PRICE-02,224.78
10657,9176,2024-11-02,,PREMIUM,39.99,Active,,605.18
10658,9444,2024-07-23,,STANDARD,19.99,Active,,370.48
10659,7550,2023-07-28,,BASIC,9.99,Active,,305.36
10660,1482,2024-05-30,,BASIC,9.99,Active,,203.13
10661,1053,2024-03-31,2024-06-25,BASIC,9.99,Churned,PROD-01,28.64
10662,5332,2024-08-20,2025-10-22,PREMIUM,39.99,Churned,SERVICE-02,570.52
10663,9662,2023-01-08,,STANDARD,19.99,Active,,744.96
10664,4236,2025-09-21,,PREMIUM,39.99,Active,,174.62
10665,7473,2023-01-15,,PREMIUM,39.99,Active,,1480.96
10666,8355,2023-04-27,,PREMIUM,39.99,Active,,1345.0
10667,9764,2023-12-13,,STANDARD,19.99,Active,,519.07
10668,3704,2026-04-12,,PREMIUM,39.99,Active,,-95.98
10669,6126,2023-11-28,,BASIC,9.99,Active,,264.4
10670,5820,2024-03-25,2025-02-03,PREMIUM,39.99,Churned,PROD-01,419.9
10671,945,2023-06-04,,PREMIUM,39.99,Active,,1294.34
10672,5728,2023-07-04,,PREMIUM,39.99,Active,,1254.35
10673,3803,2024-06-01,,BASIC,9.99,Active,,202.46
10674,1784,2025-06-06,2026-03-09,STANDARD,19.99,Churned,TECH-01,183.91
10675,1400,2023-10-25,2025-01-16,PREMIUM,39.99,Churned,SERVICE-01,598.52
10676,1875,2024-01-13,2025-10-04,PREMIUM,39.99,Churned,TECH-01,839.79
10677,4169,2023-01-20,,BASIC,9.99,Active,,368.3
10678,4280,2026-05-23,,BASIC,9.99,Active,,-37.63
10679,8864,2024-10-24,,BASIC,9.99,Active,,154.18
10680,7987,2023-04-28,,PREMIUM,39.99,Active,,1343.66
10681,3477,2024-04-17,,BASIC,9.99,Active,,217.45
10682,2006,2025-07-15,,BASIC,9.99,Active,,66.27
10683,8844,2024-09-03,,STANDARD,19.99,Active,,342.5
10684,4365,2025-08-30,,STANDARD,19.99,Active,,101.95
10685,1964,2024-12-17,,STANDARD,19.99,Active,,272.53
10686,5262,2025-12-17,,PREMIUM,39.99,Active,,58.65
10687,9642,2023-03-15,2024-06-04,PREMIUM,39.99,Churned,PROD-01,595.85
10688,2321,2025-09-04,2025-11-01,BASIC,9.99,Churned,COMP-01,19.31
10689,1319,2026-04-02,,PREMIUM,39.99,Active,,-82.65
10690,6523,2024-09-09,2026-02-13,BASIC,9.99,Churned,SERVICE-02,173.83
10691,1454,2024-07-27,,BASIC,9.99,Active,,183.82
10692,824,2025-07-10,,STANDARD,19.99,Active,,135.93
10693,5452,2026-05-10,,STANDARD,19.99,Active,,-66.63
10694,2234,2025-12-20,,PREMIUM,39.99,Active,,54.65
10695,982,2026-05-27,,STANDARD,19.99,Active,,-77.96
10696,9747,2025-01-18,,PREMIUM,39.99,Active,,502.54
10697,9322,2023-01-18,,STANDARD,19.99,Active,,738.3
10698,4557,2025-08-07,,PREMIUM,39.99,Active,,234.61
10699,1973,2024-03-22,,PREMIUM,39.99,Active,,905.11
10700,8543,2025-08-04,2026-10-02,PREMIUM,39.99,Churned,SERVICE-02,565.19
10701,2976,2023-08-12,,PREMIUM,39.99,Active,,1202.37
10702,6247,2024-10-24,,STANDARD,19.99,Active,,308.51
10703,8304,2026-03-23,,PREMIUM,39.99,Active,,-69.32
10704,6714,2024-01-15,,PREMIUM,39.99,Active,,994.42
10705,2702,2025-06-24,,PREMIUM,39.99,Active,,293.26
10706,5603,2023-05-21,2024-11-03,PREMIUM,39.99,Churned,PRICE-01,709.16
10707,3658,2025-01-12,,STANDARD,19.99,Active,,255.21
10708,3143,2023-06-16,2024-02-18,STANDARD,19.99,Churned,SERVICE-01,164.58
10709,1926,2023-01-31,,STANDARD,19.99,Active,,729.63
10710,7871,2023-05-15,2024-11-29,PREMIUM,39.99,Churned,SERVICE-02,751.81
10711,6445,2023-04-03,,STANDARD,19.99,Active,,688.32
10712,3981,2024-10-24,2026-08-09,STANDARD,19.99,Churned,PRICE-01,435.78
10713,9828,2024-04-22,,STANDARD,19.99,Active,,431.78
10714,9601,2026-03-28,,PREMIUM,39.99,Active,,-75.98
10715,4010,2024-11-17,,STANDARD,19.99,Active,,292.52
10716,7664,2023-08-11,,STANDARD,19.99,Active,,601.7
10717,4909,2024-05-31,2026-04-01,STANDARD,19.99,Churned,TECH-01,446.44
10718,3571,2023-01-16,,STANDARD,19.99,Active,,739.63
10719,2015,2025-05-14,,PREMIUM,39.99,Active,,347.91
10720,2900,2024-12-15,,PREMIUM,39.99,Active,,547.86
10721,2921,2023-11-27,,PREMIUM,39.99,Active,,1059.74
10722,3293,2025-04-05,,PREMIUM,39.99,Active,,399.9
10723,2385,2024-06-26,2025-04-16,BASIC,9.99,Churned,COMP-01,97.9
10724,930,2023-06-07,,BASIC,9.99,Active,,322.34
10725,9857,2025-11-13,,STANDARD,19.99,Active,,51.97
10726,5688,2024-09-18,,STANDARD,19.99,Active,,332.5
10727,2801,2023-01-07,2024-10-17,STANDARD,19.99,Churned,PRICE-02,432.45
10728,6872,2026-04-01,,PREMIUM,39.99,Active,,-81.31
10729,7604,2023-08-10,2025-07-09,STANDARD,19.99,Churned,PRICE-01,465.77
10730,9350,2025-07-08,,STANDARD,19.99,Active,,137.26
10731,8404,2025-09-16,2027-04-02,BASIC,9.99,Churned,COMP-01,187.48
10732,8640,2025-01-09,,BASIC,9.99,Active,,128.54
10733,7533,2023-06-07,2024-01-26,BASIC,9.99,Churned,COMP-01,77.59
10734,2108,2024-07-18,,PREMIUM,39.99,Active,,747.81
10735,1309,2024-02-23,2025-06-19,PREMIUM,39.99,Churned,PRICE-02,642.51
10736,3232,2025-10-29,2027-06-22,STANDARD,19.99,Churned,PROD-01,400.47
10737,8815,2026-04-24,,BASIC,9.99,Active,,-27.97
10738,1570,2023-01-18,,BASIC,9.99,Active,,368.96
10739,9923,2026-04-28,,BASIC,9.99,Active,,-29.3
10740,1607,2025-01-21,,PREMIUM,39.99,Active,,498.54
10741,2941,2024-12-29,2026-09-12,BASIC,9.99,Churned,TECH-01,207.13
10742,7720,2023-06-20,2024-04-20,STANDARD,19.99,Churned,PRICE-02,203.23
10743,1097,2023-07-13,,BASIC,9.99,Active,,310.36
10744,6079,2025-03-19,,BASIC,9.99,Active,,105.56
10745,8684,2025-03-08,2026-09-05,PREMIUM,39.99,Churned,TECH-01,727.82
10746,3970,2023-08-13,,BASIC,9.99,Active,,300.03
10747,9987,2024-09-20,,STANDARD,19.99,Active,,331.17
10748,1883,2023-09-15,,BASIC,9.99,Active,,289.04
10749,5270,2025-01-30,,STANDARD,19.99,Active,,243.21
10750,8941,2025-06-29,,BASIC,9.99,Active,,71.59
10751,8760,2023-01-08,,BASIC,9.99,Active,,372.29
10752,1479,2026-05-23,,STANDARD,19.99,Active,,-75.3
10753,150,2026-06-05,2028-02-08,PREMIUM,39.99,Churned,COMP-01,817.13
10754,9879,2023-04-13,2023-10-19,BASIC,9.99,Churned,COMP-01,62.94
10755,1825,2023-06-05,2023-10-13,STANDARD,19.99,Churned,SERVICE-01,86.62
10756,3894,2023-01-29,,PREMIUM,39.99,Active,,1462.3
10757,529,2023-10-19,2024-02-18,BASIC,9.99,Churned,SERVICE-01,40.63
10758,4645,2026-05-30,2027-01-21,BASIC,9.99,Churned,PRICE-02,78.59
10759,5574,2025-03-31,2026-12-18,PREMIUM,39.99,Churned,PRICE-01,835.79
10760,994,2023-11-12,,STANDARD,19.99,Active,,539.73
10761,5144,2026-02-26,,BASIC,9.99,Active,,-8.99
10762,7020,2024-01-31,2025-06-01,BASIC,9.99,Churned,PRICE-01,162.17
10763,9056,2023-09-05,,STANDARD,19.99,Active,,585.04
10764,6723,2026-02-20,2026-05-21,PREMIUM,39.99,Churned,PRICE-01,119.97
10765,7283,2023-02-02,,STANDARD,19.99,Active,,728.3
10766,6647,2026-06-26,,BASIC,9.99,Active,,-48.95
10767,4157,2023-06-01,,PREMIUM,39.99,Active,,1298.34
10768,7862,2023-09-15,,PREMIUM,39.99,Active,,1157.04
10769,4029,2026-06-22,,STANDARD,19.99,Active,,-95.29
10770,6578,2026-04-24,2027-12-08,PREMIUM,39.99,Churned,PRICE-02,790.47
10771,6491,2023-12-13,,PREMIUM,39.99,Active,,1038.41
10772,6598,2025-09-02,,PREMIUM,39.99,Active,,199.95
10773,311,2023-03-18,,STANDARD,19.99,Active,,698.98
10774,6120,2024-02-22,,PREMIUM,39.99,Active,,943.76
10775,3581,2025-03-02,,BASIC,9.99,Active,,111.22
10776,5596,2024-03-30,,BASIC,9.99,Active,,223.44
10777,3523,2023-05-22,,STANDARD,19.99,Active,,655.67
10778,641,2024-05-16,,BASIC,9.99,Active,,207.79
10779,8512,2025-02-01,,STANDARD,19.99,Active,,241.88
10780,3418,2024-03-29,2025-02-08,PREMIUM,39.99,Churned,PROD-01,421.23
10781,7193,2024-03-13,,BASIC,9.99,Active,,229.1
10782,6877,2025-04-06,,PREMIUM,39.99,Active,,398.57
10783,8088,2025-03-17,2026-08-08,BASIC,9.99,Churned,PRICE-02,169.5
10784,7066,2024-11-14,2025-05-15,STANDARD,19.99,Churned,PRICE-02,121.27
10785,1292,2024-06-30,2024-11-30,BASIC,9.99,Churned,PROD-01,50.95
10786,498,2025-07-04,,PREMIUM,39.99,Active,,279.93
10787,5790,2025-06-20,,PREMIUM,39.99,Active,,298.59
10788,1703,2025-09-24,,BASIC,9.99,Active,,42.62
10789,2714,2023-07-16,2024-03-30,BASIC,9.99,Churned,PRICE-01,85.91
10790,8912,2026-05-29,,BASIC,9.99,Active,,-39.63
10791,4734,2024-04-29,,PREMIUM,39.99,Active,,854.45
10792,345,2025-10-02,,STANDARD,19.99,Active,,79.96
10793,7578,2026-01-04,2027-01-07,BASIC,9.99,Churned,PROD-01,122.54
10794,7183,2024-11-16,2025-06-10,STANDARD,19.99,Churned,SERVICE-02,137.26
10795,1367,2025-11-09,,PREMIUM,39.99,Active,,109.31
10796,5069,2026-02-16,2026-07-11,BASIC,9.99,Churned,PROD-01,48.28
10797,2659,2023-06-14,,STANDARD,19.99,Active,,640.35
10798,5741,2024-07-29,,PREMIUM,39.99,Active,,733.15
10799,8924,2024-05-06,,PREMIUM,39.99,Active,,845.12
10800,3192,2023-04-28,,STANDARD,19.99,Active,,671.66
10801,2505,2025-11-16,,BASIC,9.99,Active,,24.98
10802,118,2025-02-02,,PREMIUM,39.99,Active,,482.55
10803,6238,2023-01-09,,BASIC,9.99,Active,,371.96
10804,3460,2026-06-24,,STANDARD,19.99,Active,,-96.62
10805,9439,2026-04-21,,BASIC,9.99,Active,,-26.97
10806,1728,2024-08-30,2025-09-11,BASIC,9.99,Churned,TECH-01,125.54
10807,33,2025-11-01,,BASIC,9.99,Active,,29.97
10808,5628,2023-03-08,2023-10-04,STANDARD,19.99,Churned,SERVICE-01,139.93
10809,6406,2024-02-15,2025-12-18,PREMIUM,39.99,Churned,PRICE-01,895.78
10810,8608,2023-05-31,,PREMIUM,39.99,Active,,1299.67
10811,3385,2026-01-24,2027-06-29,STANDARD,19.99,Churned,TECH-01,347.16
10812,2330,2024-12-30,,PREMIUM,39.99,Active,,527.87
10813,9795,2025-01-05,,PREMIUM,39.99,Active,,519.87
10814,5660,2024-06-18,,STANDARD,19.99,Active,,393.8
10815,7666,2024-09-26,2026-05-08,PREMIUM,39.99,Churned,PRICE-02,785.14
10816,1582,2026-01-03,,BASIC,9.99,Active,,8.99
10817,6546,2025-01-25,,STANDARD,19.99,Active,,246.54
10818,6592,2024-04-07,,PREMIUM,39.99,Active,,883.78
10819,8988,2024-11-25,,BASIC,9.99,Active,,143.52
10820,6727,2025-02-24,,PREMIUM,39.99,Active,,453.22
10821,1250,2023-06-24,,STANDARD,19.99,Active,,633.68
10822,2697,2026-05-30,,PREMIUM,39.99,Active,,-159.96
10823,1033,2024-01-26,,BASIC,9.99,Active,,244.75
10824,1742,2024-02-09,,BASIC,9.99,Active,,240.09
10825,5046,2023-07-18,2024-04-15,STANDARD,19.99,Churned,COMP-01,181.24
10826,7551,2023-01-21,,STANDARD,19.99,Active,,736.3
10827,4673,2025-08-06,,PREMIUM,39.99,Active,,235.94
10828,3724,2026-06-11,,PREMIUM,39.99,Active,,-175.96
10829,8290,2023-03-28,2023-10-14,BASIC,9.99,Churned,SERVICE-01,66.6
10830,757,2023-05-12,,PREMIUM,39.99,Active,,1325.0
10831,6121,2024-06-23,2025-11-13,PREMIUM,39.99,Churned,PROD-01,677.16
10832,9208,2023-05-13,,BASIC,9.99,Active,,330.67
10833,4380,2023-01-28,2023-06-15,BASIC,9.99,Churned,SERVICE-01,45.95
10834,1288,2025-02-23,2025-04-17,STANDARD,19.99,Churned,COMP-01,35.32
10835,9904,2024-10-03,,STANDARD,19.99,Active,,322.51
10836,2007,2024-02-15,2025-05-03,BASIC,9.99,Churned,TECH-01,147.52
10837,79,2026-05-02,,STANDARD,19.99,Active,,-61.3
10838,9721,2023-09-04,,PREMIUM,39.99,Active,,1171.71
10839,1957,2024-12-12,,BASIC,9.99,Active,,137.86
10840,4886,2025-11-22,2027-05-03,STANDARD,19.99,Churned,PROD-01,351.16
10841,6759,2023-10-27,2024-03-16,PREMIUM,39.99,Churned,PROD-01,187.95
10842,4687,2026-03-27,2026-11-16,PREMIUM,39.99,Churned,SERVICE-01,311.92
10843,215,2025-12-31,,STANDARD,19.99,Active,,19.99
10844,3785,2026-06-22,2026-11-02,STANDARD,19.99,Churned,TECH-01,88.62
10845,9882,2024-11-03,2026-10-11,STANDARD,19.99,Churned,SERVICE-01,471.1
10846,7446,2025-04-20,2026-05-26,STANDARD,19.99,Churned,PRICE-02,267.2
10847,3606,2024-11-09,,STANDARD,19.99,Active,,297.85
10848,8399,2023-06-10,,PREMIUM,39.99,Active,,1286.35
10849,9546,2024-01-21,,STANDARD,19.99,Active,,493.09
10850,5742,2025-12-13,2026-10-26,STANDARD,19.99,Churned,PRICE-01,211.23
10851,1625,2025-01-25,,BASIC,9.99,Active,,123.21
10852,1433,2025-08-23,,STANDARD,19.99,Active,,106.61
10853,9242,2024-01-01,,BASIC,9.99,Active,,253.08
10854,3198,2023-06-08,,STANDARD,19.99,Active,,644.34
10855,2751,2026-06-23,,PREMIUM,39.99,Active,,-191.95
10856,6007,2023-10-18,2025-06-05,PREMIUM,39.99,Churned,PRICE-02,794.47
10857,5783,2025-02-06,2026-11-17,STANDARD,19.99,Churned,COMP-01,432.45
10858,5190,2023-09-17,,STANDARD,19.99,Active,,577.04
10859,3393,2026-03-16,,STANDARD,19.99,Active,,-29.98
10860,6139,2023-12-15,,STANDARD,19.99,Active,,517.74
10861,787,2025-09-17,,BASIC,9.99,Active,,44.95
10862,499,2024-01-17,2025-06-02,PREMIUM,39.99,Churned,PRICE-02,669.17
10863,9750,2024-10-13,,STANDARD,19.99,Active,,315.84
10864,8825,2025-10-14,,BASIC,9.99,Active,,35.96
10865,6205,2025-02-02,,BASIC,9.99,Active,,120.55
10866,2242,2023-02-01,,PREMIUM,39.99,Active,,1458.3
10867,406,2025-06-01,,STANDARD,19.99,Active,,161.92
10868,2094,2026-02-28,,BASIC,9.99,Active,,-9.66
10869,5015,2025-01-12,2025-06-08,BASIC,9.99,Churned,PRICE-01,48.95
10870,2484,2023-01-31,2023-03-19,BASIC,9.99,Churned,PRICE-01,15.65
10871,3212,2023-11-09,2024-02-18,BASIC,9.99,Churned,PRICE-02,33.63
10872,2273,2025-04-04,2026-01-11,STANDARD,19.99,Churned,COMP-01,187.91
10873,8822,2024-06-25,,PREMIUM,39.99,Active,,778.47
10874,4891,2023-01-04,,PREMIUM,39.99,Active,,1495.63
10875,6827,2026-05-01,,PREMIUM,39.99,Active,,-121.3
10876,3292,2025-09-06,2026-02-10,STANDARD,19.99,Churned,TECH-01,104.61
10877,5825,2023-04-07,,PREMIUM,39.99,Active,,1371.66
10878,9376,2026-04-09,,BASIC,9.99,Active,,-22.98
10879,1342,2024-10-22,,PREMIUM,39.99,Active,,619.85
10880,3156,2024-02-13,2026-01-16,PREMIUM,39.99,Churned,SERVICE-02,937.1
10881,532,2025-04-19,,STANDARD,19.99,Active,,190.57
10882,906,2024-01-13,2025-04-09,STANDARD,19.99,Churned,TECH-01,301.18
10883,4967,2025-10-27,2026-08-16,PREMIUM,39.99,Churned,PROD-01,390.57
10884,6239,2026-05-21,,PREMIUM,39.99,Active,,-147.96
10885,2256,2025-02-03,,PREMIUM,39.99,Active,,481.21
10886,1247,2025-01-03,,BASIC,9.99,Active,,130.54
10887,233,2024-04-22,,PREMIUM,39.99,Active,,863.78
10888,734,2023-01-03,,STANDARD,19.99,Active,,748.29
10889,616,2023-12-31,,BASIC,9.99,Active,,253.41
10890,1469,2023-01-23,,STANDARD,19.99,Active,,734.97
10891,9100,2025-09-27,,STANDARD,19.99,Active,,83.29
10892,4215,2025-10-12,,BASIC,9.99,Active,,36.63
10893,5007,2023-10-04,2024-07-27,STANDARD,19.99,Churned,TECH-01,197.9
10894,6566,2024-05-14,,BASIC,9.99,Active,,208.46
10895,9165,2025-11-12,,PREMIUM,39.99,Active,,105.31
10896,8477,2025-01-02,,STANDARD,19.99,Active,,261.87
10897,1076,2023-03-04,2025-01-06,STANDARD,19.99,Churned,COMP-01,449.11
10898,7951,2024-02-16,,PREMIUM,39.99,Active,,951.76
10899,5549,2024-09-21,,PREMIUM,39.99,Active,,661.17
10900,3594,2023-12-04,,STANDARD,19.99,Active,,525.07
10901,5446,2026-04-02,,STANDARD,19.99,Active,,-41.31
10902,3985,2025-04-09,,BASIC,9.99,Active,,98.57
10903,2622,2024-01-16,2024-03-25,STANDARD,19.99,Churned,TECH-01,45.98
10904,28,2024-03-24,,STANDARD,19.99,Active,,451.11
10905,9269,2024-04-26,,BASIC,9.99,Active,,214.45
10906,3107,2025-11-04,,PREMIUM,39.99,Active,,115.97
10907,244,2023-02-14,2024-05-15,STANDARD,19.99,Churned,PROD-01,303.85
10908,7923,2023-10-06,2024-08-23,PREMIUM,39.99,Churned,TECH-01,429.23
10909,8252,2023-01-30,2023-07-05,PREMIUM,39.99,Churned,TECH-01,207.95
10910,7301,2025-01-18,2026-08-21,PREMIUM,39.99,Churned,PROD-01,773.14
10911,9305,2026-02-24,,BASIC,9.99,Active,,-8.33
10912,3839,2023-04-16,2025-01-11,BASIC,9.99,Churned,PRICE-02,211.79
10913,7908,2025-08-07,2027-07-19,STANDARD,19.99,Churned,TECH-01,473.76
10914,8372,2023-06-20,2023-07-21,BASIC,9.99,Churned,PROD-01,10.32
10915,1637,2023-06-26,,BASIC,9.99,Active,,316.02
10916,378,2025-09-24,,PREMIUM,39.99,Active,,170.62
10917,4662,2025-02-04,,STANDARD,19.99,Active,,239.88
10918,7581,2024-09-03,,BASIC,9.99,Active,,171.16
10919,3386,2025-06-12,,STANDARD,19.99,Active,,154.59
10920,3023,2025-10-08,,PREMIUM,39.99,Active,,151.96
10921,1921,2023-10-28,,STANDARD,19.99,Active,,549.72
10922,8903,2023-05-28,,STANDARD,19.99,Active,,651.67
10923,1257,2023-01-13,,BASIC,9.99,Active,,370.63
10924,464,2023-06-01,2025-02-22,STANDARD,19.99,Churned,SERVICE-02,421.12
10925,7881,2025-04-21,,BASIC,9.99,Active,,94.57
10926,8665,2024-12-15,,PREMIUM,39.99,Active,,547.86
10927,2119,2024-03-05,2025-07-29,STANDARD,19.99,Churned,SERVICE-02,340.5
10928,3976,2026-01-31,,BASIC,9.99,Active,,-0.33
10929,5360,2026-01-10,2027-11-29,PREMIUM,39.99,Churned,SERVICE-02,917.1
10930,8756,2024-09-20,,BASIC,9.99,Active,,165.5
10931,5642,2026-02-10,,PREMIUM,39.99,Active,,-14.66
10932,9721,2024-03-09,,STANDARD,19.99,Active,,461.1
10933,9038,2025-12-06,2026-03-21,STANDARD,19.99,Churned,COMP-01,69.96
10934,5825,2025-05-26,,STANDARD,19.99,Active,,165.92
10935,5199,2024-03-02,,STANDARD,19.99,Active,,465.77
10936,7940,2024-02-29,,PREMIUM,39.99,Active,,934.43
10937,45,2023-07-27,2024-06-28,STANDARD,19.99,Churned,PRICE-01,224.55
10938,1328,2023-01-16,,STANDARD,19.99,Active,,739.63
10939,6238,2023-01-21,2023-05-19,PREMIUM,39.99,Churned,SERVICE-01,157.29
10940,3398,2026-05-21,,STANDARD,19.99,Active,,-73.96
10941,5189,2023-10-04,2024-03-24,BASIC,9.99,Churned,SERVICE-02,57.28
10942,9860,2024-05-26,,PREMIUM,39.99,Active,,818.46
10943,9599,2025-07-06,,STANDARD,19.99,Active,,138.6
10944,7309,2024-09-30,,STANDARD,19.99,Active,,324.5
10945,9346,2023-08-26,,BASIC,9.99,Active,,295.7
10946,7658,2025-09-15,,PREMIUM,39.99,Active,,182.62
10947,1952,2025-06-25,2025-08-06,STANDARD,19.99,Churned,SERVICE-01,27.99
10948,1874,2024-02-07,,BASIC,9.99,Active,,240.76
10949,6948,2025-02-07,,STANDARD,19.99,Active,,237.88
10950,4753,2026-01-04,2027-06-10,PREMIUM,39.99,Churned,PRICE-01,695.83
10951,3454,2023-09-03,,PREMIUM,39.99,Active,,1173.04
10952,1556,2026-01-13,,BASIC,9.99,Active,,5.66
10953,1653,2026-04-01,,BASIC,9.99,Active,,-20.31
10954,7942,2023-03-30,2023-06-23,PREMIUM,39.99,Churned,PRICE-01,113.31
10955,8826,2023-09-13,,BASIC,9.99,Active,,289.71
10956,7738,2025-03-03,,PREMIUM,39.99,Active,,443.89
10957,331,2023-07-06,,PREMIUM,39.99,Active,,1251.69
10958,4105,2024-08-30,,STANDARD,19.99,Active,,345.16
10959,4746,2026-04-22,2026-06-16,BASIC,9.99,Churned,PRICE-01,18.32
10960,3225,2026-04-05,,BASIC,9.99,Active,,-21.64
10961,2104,2025-09-01,,BASIC,9.99,Active,,50.28
10962,4092,2026-04-19,,PREMIUM,39.99,Active,,-105.31
10963,843,2026-03-28,,BASIC,9.99,Active,,-18.98
10964,1341,2023-07-08,2025-03-02,BASIC,9.99,Churned,SERVICE-01,200.8
10965,4128,2023-04-02,,STANDARD,19.99,Active,,688.99
10966,7650,2024-02-19,,PREMIUM,39.99,Active,,947.76
10967,1824,2023-10-13,,PREMIUM,39.99,Active,,1119.72
10968,5136,2026-05-14,2027-10-17,PREMIUM,39.99,Churned,PRICE-02,694.49
10969,6060,2025-06-24,,BASIC,9.99,Active,,73.26
10970,4713,2024-07-02,,PREMIUM,39.99,Active,,769.14
10971,6315,2025-03-27,,STANDARD,19.99,Active,,205.9
10972,7121,2023-02-12,,STANDARD,19.99,Active,,721.64
10973,1478,2024-06-21,,BASIC,9.99,Active,,195.8
10974,4740,2026-05-04,2028-03-21,PREMIUM,39.99,Churned,TECH-01,915.77
10975,9208,2025-06-17,,BASIC,9.99,Active,,75.59
10976,5358,2023-12-15,,STANDARD,19.99,Active,,517.74
10977,5586,2024-04-18,,BASIC,9.99,Active,,217.12
10978,8017,2025-11-24,,PREMIUM,39.99,Active,,89.31
10979,681,2025-08-25,,BASIC,9.99,Active,,52.61
10980,8347,2023-03-09,,BASIC,9.99,Active,,352.31
10981,9575,2025-01-17,,STANDARD,19.99,Active,,251.87
10982,6637,2025-04-20,,BASIC,9.99,Active,,94.91
10983,3799,2023-07-18,2023-10-28,PREMIUM,39.99,Churned,SERVICE-02,135.97
10984,9948,2024-01-10,,PREMIUM,39.99,Active,,1001.08
10985,1483,2025-04-07,,PREMIUM,39.99,Active,,397.23
10986,5515,2024-07-06,,PREMIUM,39.99,Active,,763.81
10987,9076,2024-11-04,2025-07-30,BASIC,9.99,Churned,PRICE-02,89.24
10988,8742,2025-04-22,,STANDARD,19.99,Active,,188.57
10989,6150,2025-10-24,,PREMIUM,39.99,Active,,130.63
10990,4289,2026-05-12,,STANDARD,19.99,Active,,-67.97
10991,6993,2024-01-19,,PREMIUM,39.99,Active,,989.09
10992,912,2023-10-28,,STANDARD,19.99,Active,,549.72
10993,5139,2023-07-31,,PREMIUM,39.99,Active,,1218.36
10994,8441,2026-05-17,2026-12-08,BASIC,9.99,Churned,PRICE-02,68.27
10995,6804,2025-05-18,,BASIC,9.99,Active,,85.58
10996,3226,2026-06-18,2027-12-23,STANDARD,19.99,Churned,COMP-01,368.48
10997,3760,2024-06-25,2026-04-16,STANDARD,19.99,Churned,COMP-01,439.78
10998,6334,2025-10-19,,BASIC,9.99,Active,,34.3
10999,545,2024-09-18,2026-04-30,PREMIUM,39.99,Churned,COMP-01,785.14
11000,2320,2024-06-16,,STANDARD,19.99,Active,,395.14
11001,7648,2025-11-11,,PREMIUM,39.99,Active,,106.64
11002,3159,2026-05-29,,PREMIUM,39.99,Active,,-158.63
11003,1493,2023-09-17,,STANDARD,19.99,Active,,577.04
11004,9451,2023-04-03,2025-01-19,STANDARD,19.99,Churned,SERVICE-01,437.78
11005,8433,2024-10-26,2026-05-20,STANDARD,19.99,Churned,COMP-01,380.48
11006,2255,2024-12-25,,PREMIUM,39.99,Active,,534.53
11007,7650,2025-08-12,,PREMIUM,39.99,Active,,227.94
11008,8141,2026-01-24,,STANDARD,19.99,Active,,4.0
11009,5940,2023-05-14,,STANDARD,19.99,Active,,661.0
11010,8502,2025-03-28,,PREMIUM,39.99,Active,,410.56
11011,7002,2024-06-08,2025-10-02,BASIC,9.99,Churned,PRICE-01,160.17
11012,447,2024-03-08,2025-06-04,BASIC,9.99,Churned,SERVICE-01,150.85
11013,1122,2023-10-16,,BASIC,9.99,Active,,278.72
11014,1040,2024-10-20,,STANDARD,19.99,Active,,311.18
11015,7301,2025-03-27,,STANDARD,19.99,Active,,205.9
11016,3928,2025-03-20,,STANDARD,19.99,Active,,210.56
11017,7304,2026-05-01,2027-05-05,BASIC,9.99,Churned,COMP-01,122.88
11018,8976,2025-02-03,,STANDARD,19.99,Active,,240.55
11019,4425,2024-02-04,2024-08-27,BASIC,9.99,Churned,PRICE-02,68.27
11020,8390,2024-07-14,,PREMIUM,39.99,Active,,753.14
11021,3409,2025-04-24,2025-09-05,STANDARD,19.99,Churned,SERVICE-01,89.29
11022,4012,2023-04-23,,BASIC,9.99,Active,,337.33
11023,9438,2025-12-13,,STANDARD,19.99,Active,,31.98
11024,7557,2024-12-04,,BASIC,9.99,Active,,140.53
11025,2440,2023-12-07,2024-04-24,STANDARD,19.99,Churned,SERVICE-01,92.62
11026,3903,2024-07-23,,BASIC,9.99,Active,,185.15
11027,4308,2026-04-14,,PREMIUM,39.99,Active,,-98.64
11028,8883,2026-06-25,,BASIC,9.99,Active,,-48.62
11029,3630,2023-07-09,,BASIC,9.99,Active,,311.69
11030,600,2023-04-27,,BASIC,9.99,Active,,336.0
11031,741,2025-05-12,,STANDARD,19.99,Active,,175.25
11032,4814,2023-09-04,2024-12-23,PREMIUM,39.99,Churned,COMP-01,634.51
11033,1439,2023-10-20,,STANDARD,19.99,Active,,555.06
11034,3603,2023-06-24,,STANDARD,19.99,Active,,633.68
11035,1106,2026-05-04,2027-03-16,PREMIUM,39.99,Churned,SERVICE-02,421.23
11036,9509,2025-02-04,,PREMIUM,39.99,Active,,479.88
11037,2457,2025-09-02,,PREMIUM,39.99,Active,,199.95
11038,1401,2025-05-22,,BASIC,9.99,Active,,84.25
11039,9988,2023-02-05,,PREMIUM,39.99,Active,,1452.97
11040,2803,2024-04-27,,STANDARD,19.99,Active,,428.45
11041,8845,2026-04-07,,PREMIUM,39.99,Active,,-89.31
11042,3296,2025-10-24,,BASIC,9.99,Active,,32.63
11043,908,2023-08-02,,STANDARD,19.99,Active,,607.7
11044,7380,2023-03-15,,STANDARD,19.99,Active,,700.98
11045,5830,2025-09-28,,STANDARD,19.99,Active,,82.63
11046,2276,2023-09-20,,BASIC,9.99,Active,,287.38
11047,2522,2026-05-08,2027-09-04,BASIC,9.99,Churned,COMP-01,161.17
11048,7115,2023-12-26,,BASIC,9.99,Active,,255.08
11049,7488,2024-05-21,,PREMIUM,39.99,Active,,825.13
11050,1432,2024-06-19,,BASIC,9.99,Active,,196.47
11051,9029,2026-06-03,2027-06-18,STANDARD,19.99,Churned,PROD-01,253.21
11052,1113,2023-09-24,,STANDARD,19.99,Active,,572.38
11053,9678,2023-03-15,,STANDARD,19.99,Active,,700.98
11054,9773,2024-04-05,,PREMIUM,39.99,Active,,886.45
11055,1888,2024-03-09,,BASIC,9.99,Active,,230.44
11056,9372,2025-07-20,,STANDARD,19.99,Active,,129.27
11057,5939,2023-04-17,,STANDARD,19.99,Active,,678.99
11058,2267,2026-05-22,,PREMIUM,39.99,Active,,-149.3
11059,6499,2025-04-26,,STANDARD,19.99,Active,,185.91
11060,6330,2023-08-02,,BASIC,9.99,Active,,303.7
11061,6495,2024-02-09,2024-07-28,STANDARD,19.99,Churned,COMP-01,113.28
11062,177,2025-04-06,,BASIC,9.99,Active,,99.57
11063,5519,2023-08-28,2023-12-06,BASIC,9.99,Churned,SERVICE-01,33.3
11064,8184,2023-03-31,,PREMIUM,39.99,Active,,1380.99
11065,5343,2023-06-10,2024-09-23,BASIC,9.99,Churned,PROD-01,156.84
11066,4055,2025-08-10,,PREMIUM,39.99,Active,,230.61
11067,2499,2025-06-21,,PREMIUM,39.99,Active,,297.26
11068,2891,2025-02-21,,BASIC,9.99,Active,,114.22
11069,5664,2024-12-30,,BASIC,9.99,Active,,131.87
11070,5240,2023-04-10,,BASIC,9.99,Active,,341.66
11071,3208,2025-04-28,,STANDARD,19.99,Active,,184.57
11072,8503,2025-09-10,,PREMIUM,39.99,Active,,189.29
11073,1000,2023-07-27,,PREMIUM,39.99,Active,,1223.69
11074,8580,2026-03-16,,STANDARD,19.99,Active,,-29.98
11075,7067,2025-07-10,2025-09-23,PREMIUM,39.99,Churned,SERVICE-01,99.98
11076,3070,2024-04-30,,STANDARD,19.99,Active,,426.45
11077,8185,2024-05-27,2025-10-18,PREMIUM,39.99,Churned,PRICE-02,678.5
11078,7339,2025-06-15,2026-03-20,BASIC,9.99,Churned,PROD-01,92.57
11079,2663,2026-02-25,,PREMIUM,39.99,Active,,-34.66
11080,8351,2024-07-31,,BASIC,9.99,Active,,182.48
11081,2617,2024-12-20,,PREMIUM,39.99,Active,,541.2
11082,8892,2023-10-04,,BASIC,9.99,Active,,282.72
11083,3513,2024-12-03,2026-10-24,PREMIUM,39.99,Churned,SERVICE-02,919.77
11084,2820,2023-04-24,,PREMIUM,39.99,Active,,1349.0
11085,2227,2023-04-16,,BASIC,9.99,Active,,339.66
11086,5477,2026-06-16,2027-06-05,BASIC,9.99,Churned,SERVICE-01,117.88
11087,6996,2024-01-04,2025-05-14,PREMIUM,39.99,Churned,PRICE-02,661.17
11088,3109,2024-07-03,,STANDARD,19.99,Active,,383.81
11089,795,2024-10-03,2026-01-25,STANDARD,19.99,Churned,SERVICE-02,319.17
11090,9128,2026-04-09,2027-07-10,PREMIUM,39.99,Churned,PROD-01,609.18
11091,5404,2023-07-04,2024-12-15,PREMIUM,39.99,Churned,PRICE-02,706.49
11092,2487,2025-09-20,,STANDARD,19.99,Active,,87.96
11093,6029,2025-03-13,,PREMIUM,39.99,Active,,430.56
11094,583,2024-02-09,,STANDARD,19.99,Active,,480.43
11095,2228,2025-01-02,,PREMIUM,39.99,Active,,523.87
11096,9804,2023-05-25,,BASIC,9.99,Active,,326.67
11097,6060,2024-05-17,2026-04-24,PREMIUM,39.99,Churned,TECH-01,942.43
11098,3584,2025-04-18,2025-11-06,STANDARD,19.99,Churned,SERVICE-01,134.6
11099,1066,2023-07-11,2025-05-24,STANDARD,19.99,Churned,PRICE-02,455.11
11100,4583,2023-02-13,2024-03-10,PREMIUM,39.99,Churned,PROD-01,521.2
11101,6066,2025-10-17,2026-04-16,PREMIUM,39.99,Churned,SERVICE-02,241.27
11102,7439,2026-06-03,,STANDARD,19.99,Active,,-82.63
11103,3871,2024-09-23,2025-05-05,STANDARD,19.99,Churned,PRICE-02,149.26
11104,2158,2023-09-10,,BASIC,9.99,Active,,290.71
11105,7298,2025-07-24,2026-03-12,BASIC,9.99,Churned,PRICE-01,76.92
11106,3034,2024-10-05,,PREMIUM,39.99,Active,,642.51
11107,3056,2025-08-19,2026-07-23,BASIC,9.99,Churned,SERVICE-01,112.55
11108,8968,2023-01-31,,STANDARD,19.99,Active,,729.63
11109,407,2026-03-06,,BASIC,9.99,Active,,-11.66
11110,3552,2024-04-30,,STANDARD,19.99,Active,,426.45
11111,6443,2025-02-18,2026-08-13,BASIC,9.99,Churned,PROD-01,180.15
11112,9903,2024-11-01,,BASIC,9.99,Active,,151.51
11113,8086,2024-08-27,,BASIC,9.99,Active,,173.49
11114,4523,2025-03-28,,BASIC,9.99,Active,,102.56
11115,7663,2024-09-08,,STANDARD,19.99,Active,,339.16
11116,346,2024-05-31,2025-12-27,STANDARD,19.99,Churned,TECH-01,383.14
11117,4316,2025-03-20,,STANDARD,19.99,Active,,210.56
11118,8012,2023-04-19,2023-10-15,STANDARD,19.99,Churned,PROD-01,119.27
11119,9054,2025-07-06,,BASIC,9.99,Active,,69.26
11120,6023,2025-11-22,,PREMIUM,39.99,Active,,91.98
11121,9133,2023-03-28,,STANDARD,19.99,Active,,692.32
11122,8130,2023-10-17,,STANDARD,19.99,Active,,557.05
11123,5973,2025-02-23,,STANDARD,19.99,Active,,227.22
11124,8067,2024-02-07,2025-12-14,STANDARD,19.99,Churned,PROD-01,450.44
11125,9470,2023-03-19,2023-12-17,STANDARD,19.99,Churned,PRICE-01,181.91
11126,51,2023-04-22,2025-04-17,PREMIUM,39.99,Churned,TECH-01,967.76
11127,7188,2024-11-03,,BASIC,9.99,Active,,150.85
11128,2406,2024-07-01,,BASIC,9.99,Active,,192.47
11129,9965,2024-02-01,,PREMIUM,39.99,Active,,971.76
11130,9237,2025-02-17,2026-08-18,BASIC,9.99,Churned,PRICE-02,182.15
11131,4324,2024-08-11,2025-06-20,PREMIUM,39.99,Churned,TECH-01,417.23
11132,6336,2023-08-03,,PREMIUM,39.99,Active,,1214.36
11133,5280,2024-11-05,2026-01-01,STANDARD,19.99,Churned,PROD-01,281.19
11134,5472,2023-08-03,,STANDARD,19.99,Active,,607.03
11135,185,2024-08-15,,BASIC,9.99,Active,,177.49
11136,8095,2023-10-01,,STANDARD,19.99,Active,,567.72
11137,4583,2026-01-20,,PREMIUM,39.99,Active,,13.33
11138,3896,2024-07-24,,PREMIUM,39.99,Active,,739.82
11139,6688,2026-02-27,2026-08-20,BASIC,9.99,Churned,SERVICE-02,57.94
11140,3699,2023-12-25,2024-12-30,STANDARD,19.99,Churned,TECH-01,247.21
11141,7877,2025-05-17,2026-04-28,PREMIUM,39.99,Churned,COMP-01,461.22
11142,4891,2026-03-28,2027-02-16,BASIC,9.99,Churned,PROD-01,108.23
11143,4887,2024-06-09,,BASIC,9.99,Active,,199.8
11144,4544,2024-07-30,,PREMIUM,39.99,Active,,731.82
11145,3652,2026-03-17,2027-04-27,STANDARD,19.99,Churned,SERVICE-02,270.53
11146,5758,2024-11-13,,STANDARD,19.99,Active,,295.19
11147,1350,2024-01-14,,STANDARD,19.99,Active,,497.75
11148,5033,2023-06-02,,STANDARD,19.99,Active,,648.34
11149,5588,2024-08-20,,PREMIUM,39.99,Active,,703.82
11150,2305,2023-10-22,2024-10-23,BASIC,9.99,Churned,PRICE-01,122.21
11151,8924,2023-08-05,,PREMIUM,39.99,Active,,1211.7
11152,9211,2024-07-13,,PREMIUM,39.99,Active,,754.48
11153,6161,2023-06-17,,PREMIUM,39.99,Active,,1277.01
11154,6227,2023-10-07,,PREMIUM,39.99,Active,,1127.72
11155,90,2025-07-25,,PREMIUM,39.99,Active,,251.94
11156,1851,2023-11-02,,STANDARD,19.99,Active,,546.39
11157,8589,2026-02-27,,STANDARD,19.99,Active,,-18.66
11158,9245,2023-05-15,2024-10-02,BASIC,9.99,Churned,SERVICE-01,168.5
11159,9084,2025-12-10,,BASIC,9.99,Active,,16.98
11160,8265,2024-03-28,2025-12-08,PREMIUM,39.99,Churned,PRICE-01,826.46
11161,8604,2025-01-21,,PREMIUM,39.99,Active,,498.54
11162,2542,2026-05-10,2027-11-17,STANDARD,19.99,Churned,PRICE-02,370.48
11163,2637,2025-09-14,,STANDARD,19.99,Active,,91.95
11164,9871,2023-05-31,,BASIC,9.99,Active,,324.68
11165,8189,2025-03-23,2026-07-26,STANDARD,19.99,Churned,COMP-01,326.5
11166,4844,2026-05-27,,STANDARD,19.99,Active,,-77.96
11167,2692,2023-06-13,2024-07-26,PREMIUM,39.99,Churned,SERVICE-01,545.2
11168,1269,2023-10-30,,STANDARD,19.99,Active,,548.39
11169,4888,2026-05-12,,PREMIUM,39.99,Active,,-135.97
11170,8020,2025-06-24,,BASIC,9.99,Active,,73.26
11171,5172,2025-08-12,2026-01-27,PREMIUM,39.99,Churned,PRICE-01,223.94
11172,4465,2025-09-21,,BASIC,9.99,Active,,43.62
11173,6634,2025-07-03,,BASIC,9.99,Active,,70.26
11174,6788,2026-03-31,2027-09-18,BASIC,9.99,Churned,SERVICE-01,178.49
11175,9828,2025-02-04,2026-07-10,PREMIUM,39.99,Churned,PROD-01,694.49
11176,3000,2025-03-15,2026-02-21,PREMIUM,39.99,Churned,SERVICE-02,457.22
11177,8509,2023-04-27,,STANDARD,19.99,Active,,672.33
11178,5599,2024-04-16,,STANDARD,19.99,Active,,435.78
11179,495,2023-12-15,,STANDARD,19.99,Active,,517.74
11180,5277,2025-11-04,,STANDARD,19.99,Active,,57.97
11181,9430,2025-05-23,,STANDARD,19.99,Active,,167.92
11182,3225,2024-05-21,,PREMIUM,39.99,Active,,825.13
11183,2673,2025-12-28,,PREMIUM,39.99,Active,,43.99
11184,1354,2023-06-01,,PREMIUM,39.99,Active,,1298.34
11185,1754,2024-12-17,,PREMIUM,39.99,Active,,545.2
11186,5636,2025-06-29,,STANDARD,19.99,Active,,143.26
11187,4118,2023-01-07,2023-08-01,STANDARD,19.99,Churned,COMP-01,137.26
11188,1329,2025-01-05,2026-09-26,PREMIUM,39.99,Churned,PRICE-02,838.46
11189,5913,2026-01-20,,PREMIUM,39.99,Active,,13.33
11190,8949,2026-06-16,,BASIC,9.99,Active,,-45.62
11191,6315,2024-12-15,,PREMIUM,39.99,Active,,547.86
11192,25,2026-01-18,,STANDARD,19.99,Active,,8.0
11193,2225,2026-01-31,,STANDARD,19.99,Active,,-0.67
11194,4563,2023-10-24,,STANDARD,19.99,Active,,552.39
11195,1977,2023-04-09,,BASIC,9.99,Active,,341.99
11196,3743,2023-06-24,,PREMIUM,39.99,Active,,1267.68
11197,6312,2024-04-23,2025-02-15,BASIC,9.99,Churned,PRICE-02,99.23
11198,6737,2025-03-07,2026-02-15,PREMIUM,39.99,Churned,COMP-01,459.89
11199,5955,2025-06-06,,BASIC,9.99,Active,,79.25
11200,1092,2023-04-14,2024-03-18,BASIC,9.99,Churned,PRICE-02,112.89
11201,2861,2025-05-13,,BASIC,9.99,Active,,87.25
11202,5193,2025-08-31,,PREMIUM,39.99,Active,,202.62
11203,5022,2024-04-04,2025-05-19,PREMIUM,39.99,Churned,SERVICE-02,546.53
11204,1816,2024-11-12,2026-10-19,BASIC,9.99,Churned,SERVICE-02,235.1
11205,2117,2023-03-03,,BASIC,9.99,Active,,354.31
11206,539,2024-05-20,,BASIC,9.99,Active,,206.46
11207,1683,2025-02-14,,BASIC,9.99,Active,,116.55
11208,2362,2025-12-28,,STANDARD,19.99,Active,,21.99
11209,8290,2024-04-29,,STANDARD,19.99,Active,,427.12
11210,4784,2023-10-05,,PREMIUM,39.99,Active,,1130.38
11211,5,2024-11-11,,BASIC,9.99,Active,,148.19
11212,5134,2025-07-15,,BASIC,9.99,Active,,66.27
11213,512,2025-03-09,,BASIC,9.99,Active,,108.89
11214,8879,2026-02-25,,PREMIUM,39.99,Active,,-34.66
11215,2680,2025-04-05,,STANDARD,19.99,Active,,199.9
11216,2289,2024-07-10,2024-12-26,PREMIUM,39.99,Churned,SERVICE-02,225.28
11217,659,2024-02-01,2024-07-02,BASIC,9.99,Churned,PRICE-02,50.62
11218,6124,2026-03-29,,PREMIUM,39.99,Active,,-77.31
11219,7209,2024-01-08,,PREMIUM,39.99,Active,,1003.75
11220,6649,2023-10-11,,BASIC,9.99,Active,,280.39
11221,2988,2024-03-23,,STANDARD,19.99,Active,,451.77
11222,3462,2025-09-04,2025-10-15,BASIC,9.99,Churned,PRICE-01,13.65
11223,8448,2024-12-01,2026-08-20,PREMIUM,39.99,Churned,TECH-01,835.79
11224,5732,2025-07-22,,BASIC,9.99,Active,,63.94
11225,4275,2026-01-15,2026-09-18,BASIC,9.99,Churned,SERVICE-01,81.92
11226,1838,2024-10-16,2026-04-20,PREMIUM,39.99,Churned,PROD-01,734.48
11227,3474,2026-01-13,2027-07-01,STANDARD,19.99,Churned,SERVICE-02,355.82
11228,4650,2026-03-12,,PREMIUM,39.99,Active,,-54.65
11229,8285,2024-10-31,,PREMIUM,39.99,Active,,607.85
11230,7438,2024-01-08,,PREMIUM,39.99,Active,,1003.75
11231,9504,2025-08-27,,PREMIUM,39.99,Active,,207.95
11232,6640,2024-01-12,2024-05-02,PREMIUM,39.99,Churned,SERVICE-02,147.96
11233,4230,2024-09-22,,STANDARD,19.99,Active,,329.83
11234,3552,2023-03-11,,BASIC,9.99,Active,,351.65
11235,3658,2023-07-09,2023-10-29,PREMIUM,39.99,Churned,COMP-01,149.3
11236,8895,2023-03-22,,BASIC,9.99,Active,,347.99
11237,7211,2025-12-16,2027-04-30,PREMIUM,39.99,Churned,SERVICE-02,666.5
11238,8898,2024-04-04,2025-02-27,PREMIUM,39.99,Churned,SERVICE-01,438.56
11239,8515,2025-10-05,,PREMIUM,39.99,Active,,155.96
11240,5222,2025-06-16,,BASIC,9.99,Active,,75.92
11241,2986,2023-12-01,,STANDARD,19.99,Active,,527.07
11242,7205,2025-09-08,,STANDARD,19.99,Active,,95.95
11243,8359,2025-07-17,,STANDARD,19.99,Active,,131.27
11244,4908,2023-05-16,2024-03-13,BASIC,9.99,Churned,TECH-01,100.57
11245,1842,2024-04-11,2024-11-28,STANDARD,19.99,Churned,TECH-01,153.92
11246,3266,2023-01-03,2023-08-03,BASIC,9.99,Churned,PRICE-01,70.6
11247,5047,2025-03-02,,STANDARD,19.99,Active,,222.56
11248,3890,2023-09-16,,PREMIUM,39.99,Active,,1155.71
11249,3117,2023-05-08,,BASIC,9.99,Active,,332.33
11250,5342,2024-04-15,,STANDARD,19.99,Active,,436.45
11251,140,2026-06-29,,BASIC,9.99,Active,,-49.95
11252,4847,2023-08-16,2024-03-10,BASIC,9.99,Churned,SERVICE-01,68.93
11253,3667,2025-03-09,2026-03-13,BASIC,9.99,Churned,COMP-01,122.88
11254,9710,2025-11-05,,PREMIUM,39.99,Active,,114.64
11255,7807,2025-02-24,2027-01-15,PREMIUM,39.99,Churned,SERVICE-01,919.77
11256,2455,2023-07-16,2025-07-07,STANDARD,19.99,Churned,SERVICE-02,481.09
11257,1583,2024-06-06,2025-07-29,PREMIUM,39.99,Churned,PROD-01,557.19
11258,7653,2026-03-13,2027-02-20,STANDARD,19.99,Churned,PROD-01,229.22
11259,8546,2024-06-13,,STANDARD,19.99,Active,,397.13
11260,8816,2024-01-14,,STANDARD,19.99,Active,,497.75
11261,2399,2026-01-03,2027-07-12,PREMIUM,39.99,Churned,PRICE-01,739.82
11262,3402,2023-01-10,,PREMIUM,39.99,Active,,1487.63
11263,2452,2023-10-11,,BASIC,9.99,Active,,280.39
11264,2759,2023-12-11,,PREMIUM,39.99,Active,,1041.07
11265,9910,2024-04-06,,STANDARD,19.99,Active,,442.45
11266,6039,2023-07-29,2024-07-22,PREMIUM,39.99,Churned,PROD-01,478.55
11267,2574,2025-01-30,2026-07-01,BASIC,9.99,Churned,SERVICE-02,172.16
11268,9031,2023-02-11,,BASIC,9.99,Active,,360.97
11269,8201,2026-02-18,2027-02-10,BASIC,9.99,Churned,COMP-01,118.88
11270,3475,2024-04-14,,PREMIUM,39.99,Active,,874.45
11271,4030,2025-08-19,,BASIC,9.99,Active,,54.61
11272,2013,2023-02-16,,STANDARD,19.99,Active,,718.97
11273,355,2025-08-30,2026-08-03,BASIC,9.99,Churned,COMP-01,112.55
11274,3048,2024-03-03,2024-05-28,PREMIUM,39.99,Churned,TECH-01,114.64
11275,7658,2025-08-15,2026-06-23,PREMIUM,39.99,Churned,PRICE-01,415.9
11276,1647,2023-10-27,,BASIC,9.99,Active,,275.06
11277,2181,2024-01-01,,STANDARD,19.99,Active,,506.41
11278,2143,2024-01-06,2025-09-26,BASIC,9.99,Churned,COMP-01,209.46
11279,5547,2026-05-17,,PREMIUM,39.99,Active,,-142.63
11280,7048,2024-10-02,,PREMIUM,39.99,Active,,646.51
11281,8376,2023-02-26,,STANDARD,19.99,Active,,712.31
11282,2421,2026-02-06,,PREMIUM,39.99,Active,,-9.33
11283,6128,2025-04-14,2026-02-16,BASIC,9.99,Churned,TECH-01,102.56
11284,1476,2023-08-11,,PREMIUM,39.99,Active,,1203.7
11285,1927,2024-10-27,2026-04-05,PREMIUM,39.99,Churned,PRICE-02,699.83
11286,7664,2024-04-26,,STANDARD,19.99,Active,,429.12
11287,9927,2023-09-20,,BASIC,9.99,Active,,287.38
11288,1355,2024-11-06,,STANDARD,19.99,Active,,299.85
11289,1149,2024-02-05,,BASIC,9.99,Active,,241.43
11290,3246,2026-01-16,,BASIC,9.99,Active,,4.66
11291,9702,2023-10-06,,STANDARD,19.99,Active,,564.38
11292,5723,2023-08-30,,PREMIUM,39.99,Active,,1178.37
11293,4981,2023-03-13,,PREMIUM,39.99,Active,,1404.98
11294,7512,2025-09-06,,PREMIUM,39.99,Active,,194.62
11295,8954,2025-07-28,,PREMIUM,39.99,Active,,247.94
11296,5605,2024-04-10,,STANDARD,19.99,Active,,439.78
11297,4289,2023-09-11,2024-12-27,BASIC,9.99,Churned,PRICE-02,157.51
11298,6113,2024-11-29,,BASIC,9.99,Active,,142.19
11299,6998,2025-10-20,,STANDARD,19.99,Active,,67.97
11300,2830,2023-11-25,,PREMIUM,39.99,Active,,1062.4
11301,3808,2023-10-10,,PREMIUM,39.99,Active,,1123.72
11302,881,2024-06-08,,PREMIUM,39.99,Active,,801.13
11303,7578,2026-05-22,,STANDARD,19.99,Active,,-74.63
11304,2064,2023-03-09,2024-10-28,PREMIUM,39.99,Churned,SERVICE-02,798.47
11305,338,2025-10-08,,PREMIUM,39.99,Active,,151.96
11306,4080,2024-02-12,,STANDARD,19.99,Active,,478.43
11307,9268,2024-01-05,2024-10-26,BASIC,9.99,Churned,PRICE-02,98.24
11308,5226,2025-04-14,2026-09-13,BASIC,9.99,Churned,PROD-01,172.16
11309,386,2024-01-08,,BASIC,9.99,Active,,250.75
11310,7947,2025-02-09,,BASIC,9.99,Active,,118.22
11311,7501,2024-01-21,,PREMIUM,39.99,Active,,986.42
11312,8062,2024-08-22,,PREMIUM,39.99,Active,,701.16
11313,7438,2023-10-01,2024-12-01,PREMIUM,39.99,Churned,SERVICE-01,569.19
11314,150,2024-08-05,2025-04-01,BASIC,9.99,Churned,PRICE-01,79.59
11315,2804,2024-10-06,,BASIC,9.99,Active,,160.17
11316,4643,2025-10-15,2026-07-08,PREMIUM,39.99,Churned,SERVICE-02,354.58
11317,6902,2026-06-23,,BASIC,9.99,Active,,-47.95
11318,6161,2025-10-18,,STANDARD,19.99,Active,,69.3
11319,3448,2024-04-24,2026-01-16,BASIC,9.99,Churned,SERVICE-01,210.46
11320,3235,2025-11-03,,BASIC,9.99,Active,,29.3
11321,5597,2025-04-17,,STANDARD,19.99,Active,,191.9
11322,3049,2025-11-26,,BASIC,9.99,Active,,21.64
11323,9709,2026-03-17,2026-08-02,PREMIUM,39.99,Churned,SERVICE-01,183.95
11324,9790,2025-10-07,2026-01-26,PREMIUM,39.99,Churned,PRICE-01,147.96
11325,5851,2023-10-07,,PREMIUM,39.99,Active,,1127.72
11326,5492,2023-09-30,,BASIC,9.99,Active,,284.05
11327,9290,2023-02-16,2023-09-01,STANDARD,19.99,Churned,COMP-01,131.27
11328,1660,2024-10-01,2026-06-15,BASIC,9.99,Churned,PRICE-01,207.13
11329,9143,2024-12-10,,PREMIUM,39.99,Active,,554.53
11330,136,2024-01-24,,PREMIUM,39.99,Active,,982.42
11331,5463,2024-09-08,,BASIC,9.99,Active,,169.5
11332,808,2024-04-28,,BASIC,9.99,Active,,213.79
11333,1643,2026-04-04,2026-12-16,BASIC,9.99,Churned,PRICE-02,85.25
11334,516,2024-10-16,,BASIC,9.99,Active,,156.84
11335,9220,2025-07-08,,STANDARD,19.99,Active,,137.26
11336,3715,2024-06-14,,STANDARD,19.99,Active,,396.47
11337,6564,2024-06-02,2025-08-17,BASIC,9.99,Churned,COMP-01,146.85
11338,30,2023-10-01,,STANDARD,19.99,Active,,567.72
11339,8231,2025-06-03,2027-03-13,BASIC,9.99,Churned,PRICE-02,215.78
11340,4699,2023-10-11,2025-01-22,STANDARD,19.99,Churned,COMP-01,312.51
11341,6188,2023-05-18,,PREMIUM,39.99,Active,,1317.0
11342,9485,2025-04-22,,BASIC,9.99,Active,,94.24
11343,3542,2023-03-18,,BASIC,9.99,Active,,349.32
11344,3952,2023-10-12,,STANDARD,19.99,Active,,560.39
11345,8269,2023-01-01,,BASIC,9.99,Active,,374.62
11346,6608,2026-04-04,,BASIC,9.99,Active,,-21.31
11347,9423,2024-11-12,2025-08-27,BASIC,9.99,Churned,COMP-01,95.9
11348,2796,2023-04-28,,BASIC,9.99,Active,,335.66
11349,2610,2025-01-07,,BASIC,9.99,Active,,129.2
11350,3448,2023-08-09,2023-11-02,PREMIUM,39.99,Churned,TECH-01,113.31
11351,5059,2025-05-21,2026-11-03,PREMIUM,39.99,Churned,COMP-01,707.82
11352,558,2026-04-23,,STANDARD,19.99,Active,,-55.31
11353,765,2026-04-22,,BASIC,9.99,Active,,-27.31
11354,4555,2025-09-21,,BASIC,9.99,Active,,43.62
11355,1711,2024-10-15,,BASIC,9.99,Active,,157.18
11356,7036,2023-07-13,,STANDARD,19.99,Active,,621.02
11357,5656,2023-12-30,,BASIC,9.99,Active,,253.75
11358,1204,2026-06-18,,BASIC,9.99,Active,,-46.29
11359,4020,2023-06-19,,STANDARD,19.99,Active,,637.01
11360,4809,2023-12-31,2024-10-08,PREMIUM,39.99,Churned,SERVICE-02,375.91
11361,6066,2024-01-16,,PREMIUM,39.99,Active,,993.09
11362,7848,2025-04-03,,STANDARD,19.99,Active,,201.23
11363,4340,2023-06-04,,PREMIUM,39.99,Active,,1294.34
11364,9007,2023-10-20,,BASIC,9.99,Active,,277.39
11365,5081,2023-05-27,,BASIC,9.99,Active,,326.01
11366,1338,2025-11-01,2026-11-08,STANDARD,19.99,Churned,TECH-01,247.88
11367,6532,2023-05-05,,BASIC,9.99,Active,,333.33
11368,4825,2024-08-11,,STANDARD,19.99,Active,,357.82
11369,8733,2025-03-19,,STANDARD,19.99,Active,,211.23
11370,7212,2025-04-28,2026-12-13,BASIC,9.99,Churned,COMP-01,197.8
11371,3967,2023-03-21,,PREMIUM,39.99,Active,,1394.32
11372,6979,2025-04-08,2026-08-31,BASIC,9.99,Churned,COMP-01,169.83
11373,2329,2025-05-22,,STANDARD,19.99,Active,,168.58
11374,2123,2024-07-15,2024-10-20,PREMIUM,39.99,Churned,TECH-01,129.3
11375,5252,2026-06-07,,BASIC,9.99,Active,,-42.62
11376,6882,2025-11-18,,PREMIUM,39.99,Active,,97.31
11377,2078,2026-06-21,,BASIC,9.99,Active,,-47.29
11378,1934,2024-02-05,,STANDARD,19.99,Active,,483.09
11379,4573,2025-12-22,2026-12-11,STANDARD,19.99,Churned,PRICE-02,235.88
11380,536,2025-07-02,2026-12-12,BASIC,9.99,Churned,PRICE-01,175.82
11381,5410,2025-06-28,,STANDARD,19.99,Active,,143.93
11382,598,2025-04-10,,BASIC,9.99,Active,,98.24
11383,368,2025-10-02,2026-12-06,BASIC,9.99,Churned,SERVICE-02,143.19
11384,9351,2026-06-19,,BASIC,9.99,Active,,-46.62
11385,2081,2023-05-05,2024-03-11,STANDARD,19.99,Churned,PRICE-01,207.23
11386,4596,2025-04-28,2026-01-13,BASIC,9.99,Churned,PRICE-02,86.58
11387,4152,2025-03-17,2025-05-28,BASIC,9.99,Churned,COMP-01,23.98
11388,5419,2024-10-20,,STANDARD,19.99,Active,,311.18
11389,8324,2023-01-27,,STANDARD,19.99,Active,,732.3
11390,9808,2025-08-01,,STANDARD,19.99,Active,,121.27
11391,6658,2024-04-25,,STANDARD,19.99,Active,,429.78
11392,2284,2025-03-30,,STANDARD,19.99,Active,,203.9
11393,3747,2024-04-04,,PREMIUM,39.99,Active,,887.78
11394,2011,2024-09-30,,BASIC,9.99,Active,,162.17
11395,6809,2024-11-19,,BASIC,9.99,Active,,145.52
11396,2839,2023-09-13,,PREMIUM,39.99,Active,,1159.71
11397,1357,2024-02-03,,PREMIUM,39.99,Active,,969.09
11398,223,2024-08-17,,PREMIUM,39.99,Active,,707.82
11399,1656,2026-02-28,2026-08-08,STANDARD,19.99,Churned,PROD-01,107.28
11400,9913,2024-12-30,,STANDARD,19.99,Active,,263.87
11401,2485,2024-09-20,,PREMIUM,39.99,Active,,662.5
11402,2027,2024-08-07,2025-11-10,PREMIUM,39.99,Churned,COMP-01,613.18
11403,3611,2026-03-15,,STANDARD,19.99,Active,,-29.32
11404,6847,2024-09-22,,BASIC,9.99,Active,,164.84
11405,5057,2024-05-16,,STANDARD,19.99,Active,,415.79
11406,7397,2024-04-12,2025-10-09,PREMIUM,39.99,Churned,PRICE-02,726.49
11407,923,2025-02-28,2026-11-20,STANDARD,19.99,Churned,TECH-01,419.79
11408,5424,2024-05-21,2024-11-20,PREMIUM,39.99,Churned,PRICE-01,243.94
11409,8169,2025-11-23,,STANDARD,19.99,Active,,45.31
11410,4356,2026-03-04,2027-05-01,PREMIUM,39.99,Churned,SERVICE-01,563.86
11411,8723,2025-01-25,,PREMIUM,39.99,Active,,493.21
11412,7569,2025-07-05,2026-03-07,BASIC,9.99,Churned,TECH-01,81.58
11413,992,2025-05-23,,BASIC,9.99,Active,,83.92
11414,3118,2023-01-21,,PREMIUM,39.99,Active,,1472.97
11415,4553,2024-04-21,,PREMIUM,39.99,Active,,865.12
11416,6689,2026-06-26,,STANDARD,19.99,Active,,-97.95
11417,1694,2025-10-27,,BASIC,9.99,Active,,31.63
11418,8869,2026-02-23,,BASIC,9.99,Active,,-7.99
11419,5722,2023-07-03,2024-11-09,PREMIUM,39.99,Churned,PRICE-02,659.84
11420,4863,2024-08-28,,PREMIUM,39.99,Active,,693.16
11421,3126,2025-06-17,,PREMIUM,39.99,Active,,302.59
11422,9208,2024-09-23,2025-01-14,STANDARD,19.99,Churned,TECH-01,75.3
11423,6965,2023-02-04,2024-06-20,PREMIUM,39.99,Churned,PROD-01,669.17
11424,5545,2025-01-10,,PREMIUM,39.99,Active,,513.21
11425,9944,2023-03-16,,BASIC,9.99,Active,,349.98
11426,6023,2025-04-19,2026-06-05,STANDARD,19.99,Churned,SERVICE-02,274.53
11427,7028,2025-02-15,,BASIC,9.99,Active,,116.22
11428,2488,2023-04-25,2024-01-16,PREMIUM,39.99,Churned,SERVICE-01,354.58
11429,2254,2025-12-04,,PREMIUM,39.99,Active,,75.98
11430,980,2024-07-03,,PREMIUM,39.99,Active,,767.81
11431,8238,2023-01-12,2023-07-18,STANDARD,19.99,Churned,PRICE-02,124.6
11432,5337,2024-10-19,2025-05-20,BASIC,9.99,Churned,PRICE-02,70.93
11433,1955,2023-05-29,2023-12-04,BASIC,9.99,Churned,PROD-01,62.94
11434,9128,2024-02-20,2025-08-08,STANDARD,19.99,Churned,PROD-01,356.49
11435,9599,2026-05-13,2027-01-21,PREMIUM,39.99,Churned,PRICE-02,337.25
11436,5372,2023-07-23,2025-06-02,PREMIUM,39.99,Churned,COMP-01,906.44
11437,6358,2023-08-06,,BASIC,9.99,Active,,302.36
11438,3981,2023-10-31,,PREMIUM,39.99,Active,,1095.73
11439,5846,2025-02-25,,PREMIUM,39.99,Active,,451.89
11440,8304,2024-09-13,,PREMIUM,39.99,Active,,671.83
11441,4264,2025-09-24,,BASIC,9.99,Active,,42.62
11442,8445,2025-05-29,2025-10-07,BASIC,9.99,Churned,COMP-01,43.62
11443,4197,2025-03-30,,PREMIUM,39.99,Active,,407.9
11444,4627,2023-05-09,,STANDARD,19.99,Active,,664.33
11445,7436,2026-03-31,,PREMIUM,39.99,Active,,-79.98
11446,1779,2025-03-26,,STANDARD,19.99,Active,,206.56
11447,4640,2024-09-22,,PREMIUM,39.99,Active,,659.84
11448,9280,2025-08-16,,PREMIUM,39.99,Active,,222.61
11449,6112,2026-01-26,,BASIC,9.99,Active,,1.33
11450,6311,2023-01-17,2024-05-02,BASIC,9.99,Churned,PROD-01,156.84
11451,227,2024-03-10,2025-10-29,STANDARD,19.99,Churned,PRICE-02,398.47
11452,7090,2024-12-11,,BASIC,9.99,Active,,138.2
11453,308,2023-04-29,,STANDARD,19.99,Active,,671.0
11454,5329,2023-06-07,,PREMIUM,39.99,Active,,1290.34
11455,6777,2025-01-12,2025-04-20,STANDARD,19.99,Churned,SERVICE-01,65.3
11456,7929,2024-03-16,,BASIC,9.99,Active,,228.1
11457,5430,2026-04-28,2027-04-26,STANDARD,19.99,Churned,SERVICE-01,241.88
11458,6918,2026-05-23,,STANDARD,19.99,Active,,-75.3
11459,8355,2023-07-12,,PREMIUM,39.99,Active,,1243.69
11460,9817,2024-07-26,,BASIC,9.99,Active,,184.15
11461,7231,2023-03-13,2024-01-24,BASIC,9.99,Churned,SERVICE-02,105.56
11462,6710,2025-08-05,,STANDARD,19.99,Active,,118.61
11463,5927,2024-12-22,,PREMIUM,39.99,Active,,538.53
11464,6727,2024-10-10,,PREMIUM,39.99,Active,,635.84
11465,2239,2025-05-05,,STANDARD,19.99,Active,,179.91
11466,3203,2025-08-11,,BASIC,9.99,Active,,57.28
11467,63,2025-10-31,,STANDARD,19.99,Active,,60.64
11468,426,2024-09-15,2024-12-19,PREMIUM,39.99,Churned,COMP-01,126.64
11469,1300,2024-09-29,2026-02-02,PREMIUM,39.99,Churned,PROD-01,654.5
11470,228,2025-10-23,,STANDARD,19.99,Active,,65.97
11471,3747,2025-10-01,,STANDARD,19.99,Active,,80.63
11472,8356,2023-10-24,,PREMIUM,39.99,Active,,1105.06
11473,380,2024-04-23,2024-08-20,BASIC,9.99,Churned,TECH-01,39.63
11474,2005,2023-03-13,2024-12-05,STANDARD,19.99,Churned,PRICE-01,421.79
11475,5150,2023-07-17,2023-11-29,STANDARD,19.99,Churned,SERVICE-02,89.95
11476,8021,2023-10-10,,BASIC,9.99,Active,,280.72
11477,3801,2025-11-28,,PREMIUM,39.99,Active,,83.98
11478,7467,2024-02-16,2025-01-10,BASIC,9.99,Churned,COMP-01,109.56
11479,8478,2024-06-20,,BASIC,9.99,Active,,196.14
11480,3887,2025-10-21,,BASIC,9.99,Active,,33.63
11481,774,2024-12-19,,BASIC,9.99,Active,,135.53
11482,9581,2024-04-26,,BASIC,9.99,Active,,214.45
11483,8286,2026-05-31,2027-06-14,PREMIUM,39.99,Churned,PRICE-02,505.21
11484,5194,2025-12-04,,STANDARD,19.99,Active,,37.98
11485,8919,2024-02-22,,STANDARD,19.99,Active,,471.76
11486,2963,2026-02-04,,STANDARD,19.99,Active,,-3.33
11487,7170,2023-07-04,,PREMIUM,39.99,Active,,1254.35
11488,9702,2025-06-27,2025-12-14,STANDARD,19.99,Churned,SERVICE-01,113.28
11489,4981,2023-06-15,,BASIC,9.99,Active,,319.68
11490,7544,2025-08-13,2027-05-23,BASIC,9.99,Churned,TECH-01,215.78
11491,1951,2025-04-20,,STANDARD,19.99,Active,,189.9
11492,9918,2025-04-29,,PREMIUM,39.99,Active,,367.91
11493,9123,2026-06-15,2027-08-06,BASIC,9.99,Churned,PRICE-02,138.86
11494,5084,2023-06-21,,PREMIUM,39.99,Active,,1271.68
11495,5130,2025-12-24,2026-03-07,PREMIUM,39.99,Churned,SERVICE-01,97.31
11496,3460,2026-01-04,,STANDARD,19.99,Active,,17.32
11497,4434,2025-07-18,,PREMIUM,39.99,Active,,261.27
11498,4515,2023-05-25,,PREMIUM,39.99,Active,,1307.67
11499,1955,2023-07-22,2023-12-14,BASIC,9.99,Churned,PRICE-01,48.28
11500,1289,2025-08-10,,BASIC,9.99,Active,,57.61
11501,8753,2025-05-19,2025-12-06,STANDARD,19.99,Churned,SERVICE-02,133.93
11502,9357,2025-05-08,,PREMIUM,39.99,Active,,355.91
11503,5038,2025-08-27,,STANDARD,19.99,Active,,103.95
11504,8086,2025-11-13,,BASIC,9.99,Active,,25.97
11505,6161,2023-05-22,,PREMIUM,39.99,Active,,1311.67
11506,9648,2024-09-21,2026-07-08,STANDARD,19.99,Churned,COMP-01,436.45
11507,1167,2025-01-11,,PREMIUM,39.99,Active,,511.87
11508,7739,2026-03-11,,PREMIUM,39.99,Active,,-53.32
11509,9496,2024-11-09,,STANDARD,19.99,Active,,297.85
11510,3625,2025-02-23,,PREMIUM,39.99,Active,,454.55
11511,3037,2024-07-21,,PREMIUM,39.99,Active,,743.81
11512,4584,2025-03-13,2025-05-28,PREMIUM,39.99,Churned,SERVICE-02,101.31
11513,5746,2023-05-23,,BASIC,9.99,Active,,327.34
11514,8101,2024-06-10,,STANDARD,19.99,Active,,399.13
11515,984,2023-05-14,2024-12-09,BASIC,9.99,Churned,SERVICE-02,191.48
11516,7954,2023-01-06,2024-04-05,STANDARD,19.99,Churned,TECH-01,303.18
11517,489,2025-10-06,,STANDARD,19.99,Active,,77.29
11518,1480,2023-05-23,2024-12-08,PREMIUM,39.99,Churned,SERVICE-01,753.14
11519,742,2026-05-06,2027-10-05,STANDARD,19.99,Churned,COMP-01,344.49
11520,9185,2025-01-03,2026-02-08,BASIC,9.99,Churned,SERVICE-02,133.53
11521,6892,2025-01-30,,BASIC,9.99,Active,,121.55
11522,8858,2026-02-18,2027-01-18,PREMIUM,39.99,Churned,PRICE-01,445.22
11523,8527,2025-11-14,,BASIC,9.99,Active,,25.64
11524,7405,2025-03-06,2025-08-18,PREMIUM,39.99,Churned,SERVICE-02,219.95
11525,4751,2023-06-03,,BASIC,9.99,Active,,323.68
11526,8176,2026-06-18,,BASIC,9.99,Active,,-46.29
11527,7299,2023-11-17,,BASIC,9.99,Active,,268.06
11528,4767,2026-05-14,,PREMIUM,39.99,Active,,-138.63
11529,6670,2025-12-08,,PREMIUM,39.99,Active,,70.65
11530,3127,2024-09-29,2026-03-03,BASIC,9.99,Churned,PROD-01,173.16
11531,5944,2024-09-24,,PREMIUM,39.99,Active,,657.17
11532,9621,2023-04-19,2023-10-12,STANDARD,19.99,Churned,PROD-01,117.27
11533,173,2023-08-01,,STANDARD,19.99,Active,,608.36
11534,638,2023-01-30,2023-11-29,PREMIUM,39.99,Churned,PROD-01,403.9
11535,3568,2023-08-22,,STANDARD,19.99,Active,,594.37
11536,7017,2023-03-02,,PREMIUM,39.99,Active,,1419.64
11537,8012,2025-09-10,,STANDARD,19.99,Active,,94.62
11538,5654,2024-02-18,2024-09-26,STANDARD,19.99,Churned,PRICE-02,147.26
11539,3465,2025-06-02,2025-07-10,BASIC,9.99,Churned,SERVICE-02,12.65
11540,9707,2024-05-20,,STANDARD,19.99,Active,,413.13
11541,4878,2024-03-21,,STANDARD,19.99,Active,,453.11
11542,6996,2023-08-10,,PREMIUM,39.99,Active,,1205.03
11543,3585,2024-04-21,2025-04-23,BASIC,9.99,Churned,PRICE-02,122.21
11544,9406,2023-03-08,,PREMIUM,39.99,Active,,1411.65
11545,9398,2026-04-12,,STANDARD,19.99,Active,,-47.98
11546,7399,2023-04-04,,PREMIUM,39.99,Active,,1375.66
11547,8332,2024-04-26,,PREMIUM,39.99,Active,,858.45
11548,4389,2025-01-14,2025-06-08,PREMIUM,39.99,Churned,COMP-01,193.28
11549,8371,2023-01-03,,BASIC,9.99,Active,,373.96
11550,9892,2024-12-02,2025-01-15,PREMIUM,39.99,Churned,PROD-01,58.65
11551,9661,2025-10-29,,STANDARD,19.99,Active,,61.97
11552,3007,2026-02-19,2027-07-29,STANDARD,19.99,Churned,PRICE-02,349.82
11553,4884,2025-08-09,,STANDARD,19.99,Active,,115.94
11554,550,2024-01-05,,BASIC,9.99,Active,,251.75
11555,8823,2023-08-07,2023-09-10,PREMIUM,39.99,Churned,COMP-01,45.32
11556,4509,2023-11-23,,BASIC,9.99,Active,,266.07
11557,9348,2025-02-11,,STANDARD,19.99,Active,,235.22
11558,7137,2024-08-15,,STANDARD,19.99,Active,,355.16
11559,4854,2025-11-03,2026-01-11,STANDARD,19.99,Churned,SERVICE-01,45.98
11560,5073,2024-04-07,,PREMIUM,39.99,Active,,883.78
11561,9499,2024-03-16,,PREMIUM,39.99,Active,,913.11
11562,3685,2025-03-04,2027-02-21,PREMIUM,39.99,Churned,TECH-01,958.43
11563,759,2024-03-13,,STANDARD,19.99,Active,,458.44
11564,7878,2026-01-12,,PREMIUM,39.99,Active,,23.99
11565,2028,2026-01-29,,BASIC,9.99,Active,,0.33
11566,8239,2026-04-28,2028-04-01,BASIC,9.99,Churned,PROD-01,234.43
11567,8331,2024-10-16,,STANDARD,19.99,Active,,313.84
11568,2615,2026-04-04,,STANDARD,19.99,Active,,-42.65
11569,4373,2026-05-14,2027-08-13,STANDARD,19.99,Churned,COMP-01,303.85
11570,5531,2023-01-04,2023-04-19,BASIC,9.99,Churned,SERVICE-02,34.97
11571,1315,2026-04-13,,STANDARD,19.99,Active,,-48.64
11572,1981,2023-06-21,,PREMIUM,39.99,Active,,1271.68
11573,2343,2026-05-12,2026-10-11,BASIC,9.99,Churned,SERVICE-02,50.62
11574,2381,2025-12-16,,BASIC,9.99,Active,,14.98
11575,1152,2023-05-25,,BASIC,9.99,Active,,326.67
11576,8921,2023-02-17,,BASIC,9.99,Active,,358.97
11577,1719,2025-12-06,,PREMIUM,39.99,Active,,73.31
11578,4900,2023-03-27,,BASIC,9.99,Active,,346.32
11579,7763,2024-07-03,,STANDARD,19.99,Active,,383.81
11580,501,2024-12-13,,BASIC,9.99,Active,,137.53
11581,6763,2024-01-25,,STANDARD,19.99,Active,,490.42
11582,7516,2024-10-14,,STANDARD,19.99,Active,,315.18
11583,4370,2024-06-14,2024-09-13,BASIC,9.99,Churned,PRICE-02,30.3
11584,3002,2026-03-29,,STANDARD,19.99,Active,,-38.65
11585,6953,2024-10-21,2026-08-21,BASIC,9.99,Churned,SERVICE-01,222.78
11586,8352,2023-04-28,2024-07-02,STANDARD,19.99,Churned,PRICE-01,287.19
11587,9133,2026-01-03,,BASIC,9.99,Active,,8.99
11588,8362,2024-04-29,2025-12-26,BASIC,9.99,Churned,COMP-01,201.8
11589,8834,2024-12-17,,STANDARD,19.99,Active,,272.53
11590,7691,2025-12-27,2026-04-11,BASIC,9.99,Churned,COMP-01,34.97
11591,3350,2026-05-09,2026-08-18,PREMIUM,39.99,Churned,COMP-01,134.63
11592,5625,2024-01-05,2024-12-20,BASIC,9.99,Churned,PROD-01,116.55
11593,3947,2024-06-08,2026-04-05,BASIC,9.99,Churned,PROD-01,221.78
11594,7846,2025-12-05,2026-01-22,BASIC,9.99,Churned,SERVICE-01,15.98
11595,8197,2024-03-20,2025-10-22,PREMIUM,39.99,Churned,PRICE-01,774.47
11596,8977,2023-05-17,,BASIC,9.99,Active,,329.34
11597,4607,2024-12-10,,BASIC,9.99,Active,,138.53
11598,9765,2025-06-19,2026-06-22,PREMIUM,39.99,Churned,PRICE-01,490.54
11599,6801,2023-07-09,,PREMIUM,39.99,Active,,1247.69
11600,3891,2024-11-02,,BASIC,9.99,Active,,151.18
11601,4188,2023-11-23,,PREMIUM,39.99,Active,,1065.07
11602,4513,2024-09-25,2026-07-30,STANDARD,19.99,Churned,SERVICE-02,448.44
11603,9149,2025-08-01,2026-04-08,PREMIUM,39.99,Churned,PRICE-01,333.25
11604,5072,2023-08-20,2025-01-30,STANDARD,19.99,Churned,TECH-01,352.49
11605,101,2026-05-21,2026-09-08,STANDARD,19.99,Churned,TECH-01,73.3
11606,1597,2023-03-27,,STANDARD,19.99,Active,,692.99
11607,6863,2025-12-22,,PREMIUM,39.99,Active,,51.99
11608,3264,2026-04-02,,PREMIUM,39.99,Active,,-82.65
11609,1407,2026-02-09,,PREMIUM,39.99,Active,,-13.33
11610,1770,2024-07-29,,PREMIUM,39.99,Active,,733.15
11611,4715,2025-03-30,,STANDARD,19.99,Active,,203.9
11612,8567,2025-10-20,,PREMIUM,39.99,Active,,135.97
11613,7375,2025-08-05,2027-05-11,PREMIUM,39.99,Churned,COMP-01,858.45
11614,819,2024-08-28,,STANDARD,19.99,Active,,346.49
11615,7609,2026-03-20,,STANDARD,19.99,Active,,-32.65
11616,9466,2024-03-04,2025-12-27,PREMIUM,39.99,Churned,PRICE-02,883.78
11617,2910,2026-04-20,,BASIC,9.99,Active,,-26.64
11618,1981,2025-06-22,2025-07-28,PREMIUM,39.99,Churned,PRICE-02,47.99
11619,1926,2025-04-26,2025-12-12,STANDARD,19.99,Churned,SERVICE-01,153.26
11620,8619,2025-05-31,2026-10-11,STANDARD,19.99,Churned,PROD-01,331.83
11621,1786,2025-08-10,,PREMIUM,39.99,Active,,230.61
11622,2670,2025-12-23,,STANDARD,19.99,Active,,25.32
11623,1483,2025-08-16,,STANDARD,19.99,Active,,111.28
11624,1521,2023-06-28,,PREMIUM,39.99,Active,,1262.35
11625,6551,2023-11-18,,STANDARD,19.99,Active,,535.73
11626,7454,2023-10-31,,PREMIUM,39.99,Active,,1095.73
11627,2138,2025-04-24,,BASIC,9.99,Active,,93.57
11628,208,2023-08-11,2024-01-07,STANDARD,19.99,Churned,TECH-01,99.28
11629,4764,2023-09-22,2025-04-09,PREMIUM,39.99,Churned,SERVICE-02,753.14
11630,619,2024-02-15,,BASIC,9.99,Active,,238.09
11631,8674,2024-10-25,,PREMIUM,39.99,Active,,615.85
11632,4553,2024-03-05,,STANDARD,19.99,Active,,463.77
11633,6663,2023-10-27,,PREMIUM,39.99,Active,,1101.06
11634,7109,2024-10-21,,PREMIUM,39.99,Active,,621.18
11635,4628,2024-05-23,2026-05-13,BASIC,9.99,Churned,PRICE-01,239.76
11636,9992,2023-12-27,,BASIC,9.99,Active,,254.75
11637,3436,2025-05-06,,BASIC,9.99,Active,,89.58
11638,3728,2023-07-18,,PREMIUM,39.99,Active,,1235.69
11639,8065,2025-10-02,,PREMIUM,39.99,Active,,159.96
11640,673,2024-05-09,,BASIC,9.99,Active,,210.12
11641,7011,2024-05-13,,STANDARD,19.99,Active,,417.79
11642,6153,2024-09-24,,PREMIUM,39.99,Active,,657.17
11643,6302,2025-05-06,,PREMIUM,39.99,Active,,358.58
11644,7052,2023-06-17,,PREMIUM,39.99,Active,,1277.01
11645,1009,2025-04-30,,BASIC,9.99,Active,,91.58
11646,9936,2023-09-14,,PREMIUM,39.99,Active,,1158.38
11647,3363,2024-07-14,,STANDARD,19.99,Active,,376.48
11648,3041,2026-05-16,,PREMIUM,39.99,Active,,-141.3
11649,4541,2023-08-11,,STANDARD,19.99,Active,,601.7
11650,5908,2024-05-27,,STANDARD,19.99,Active,,408.46
11651,6700,2025-03-21,,PREMIUM,39.99,Active,,419.9
11652,961,2023-04-10,,STANDARD,19.99,Active,,683.66
11653,5844,2024-03-20,,PREMIUM,39.99,Active,,907.77
11654,2422,2025-03-08,2025-11-01,BASIC,9.99,Churned,SERVICE-02,79.25
11655,398,2025-04-02,2026-02-01,PREMIUM,39.99,Churned,SERVICE-01,406.56
11656,2620,2026-02-06,,PREMIUM,39.99,Active,,-9.33
11657,8453,2024-03-01,2025-10-06,STANDARD,19.99,Churned,PRICE-02,389.14
11658,1530,2023-10-15,2023-11-21,PREMIUM,39.99,Churned,SERVICE-01,49.32
11659,9814,2025-08-18,2027-07-25,STANDARD,19.99,Churned,TECH-01,470.43
11660,653,2023-04-30,,PREMIUM,39.99,Active,,1341.0
11661,3346,2025-02-07,2026-07-28,BASIC,9.99,Churned,SERVICE-02,178.49
11662,2807,2025-04-11,2027-01-10,STANDARD,19.99,Churned,PRICE-02,425.79
11663,8279,2023-03-18,,STANDARD,19.99,Active,,698.98
11664,4846,2023-11-10,,STANDARD,19.99,Active,,541.06
11665,2401,2026-04-17,,PREMIUM,39.99,Active,,-102.64
11666,4954,2023-04-27,,PREMIUM,39.99,Active,,1345.0
11667,8386,2023-07-01,,BASIC,9.99,Active,,314.35
11668,5356,2026-02-25,,STANDARD,19.99,Active,,-17.32
11669,9539,2023-12-07,,PREMIUM,39.99,Active,,1046.41
11670,8400,2025-06-24,,PREMIUM,39.99,Active,,293.26
11671,7809,2025-01-09,,BASIC,9.99,Active,,128.54
11672,477,2024-01-21,,PREMIUM,39.99,Active,,986.42
11673,7167,2025-12-14,,STANDARD,19.99,Active,,31.32
11674,2783,2024-03-12,,PREMIUM,39.99,Active,,918.44
11675,8986,2025-03-11,,STANDARD,19.99,Active,,216.56
11676,1500,2026-03-14,2027-04-24,PREMIUM,39.99,Churned,PROD-01,541.2
11677,5362,2023-10-26,,BASIC,9.99,Active,,275.39
11678,4593,2026-06-06,,STANDARD,19.99,Active,,-84.62
11679,5674,2024-07-07,,BASIC,9.99,Active,,190.48
11680,8600,2023-06-04,,PREMIUM,39.99,Active,,1294.34
11681,1801,2026-01-27,,STANDARD,19.99,Active,,2.0
11682,2038,2024-12-31,2025-04-21,BASIC,9.99,Churned,PRICE-01,36.96
11683,6038,2023-04-23,,STANDARD,19.99,Active,,675.0
11684,7576,2024-01-19,,PREMIUM,39.99,Active,,989.09
11685,4608,2024-01-07,,BASIC,9.99,Active,,251.08
11686,4037,2023-02-24,,STANDARD,19.99,Active,,713.64
11687,2392,2025-10-03,,STANDARD,19.99,Active,,79.29
11688,2692,2026-06-23,,PREMIUM,39.99,Active,,-191.95
11689,8823,2026-05-22,2027-07-10,PREMIUM,39.99,Churned,SERVICE-01,551.86
11690,1885,2023-03-07,,PREMIUM,39.99,Active,,1412.98
11691,5290,2025-10-15,,PREMIUM,39.99,Active,,142.63
11692,6675,2024-01-26,,BASIC,9.99,Active,,244.75
11693,6619,2025-11-23,,STANDARD,19.99,Active,,45.31
11694,8076,2025-06-09,,BASIC,9.99,Active,,78.25
11695,6166,2025-11-11,,STANDARD,19.99,Active,,53.31
11696,6475,2023-02-06,,PREMIUM,39.99,Active,,1451.64
11697,5552,2024-11-17,2026-04-26,STANDARD,19.99,Churned,SERVICE-02,349.82
11698,9738,2025-07-05,,STANDARD,19.99,Active,,139.26
11699,2819,2025-01-30,,BASIC,9.99,Active,,121.55
11700,2129,2023-03-27,2025-02-23,STANDARD,19.99,Churned,SERVICE-02,465.77
11701,6166,2026-05-20,,BASIC,9.99,Active,,-36.63
11702,2896,2023-01-29,,BASIC,9.99,Active,,365.3
11703,9263,2024-10-23,,PREMIUM,39.99,Active,,618.51
11704,452,2023-02-16,,PREMIUM,39.99,Active,,1438.31
11705,2467,2025-02-20,,PREMIUM,39.99,Active,,458.55
11706,7584,2025-07-17,2026-12-14,BASIC,9.99,Churned,PRICE-02,171.5
11707,9069,2025-09-07,,BASIC,9.99,Active,,48.28
11708,7720,2025-02-14,,PREMIUM,39.99,Active,,466.55
11709,3501,2024-08-16,2025-02-25,BASIC,9.99,Churned,PROD-01,64.27
11710,7904,2024-03-14,,BASIC,9.99,Active,,228.77
11711,1447,2024-12-23,2025-09-02,BASIC,9.99,Churned,PRICE-02,84.25
11712,7075,2026-06-12,,PREMIUM,39.99,Active,,-177.29
11713,8900,2024-10-07,2025-05-20,STANDARD,19.99,Churned,TECH-01,149.92
11714,6887,2025-10-20,,BASIC,9.99,Active,,33.97
11715,2929,2024-10-03,2025-04-15,STANDARD,19.99,Churned,PRICE-01,129.27
11716,8844,2026-02-08,,PREMIUM,39.99,Active,,-12.0
11717,616,2026-05-18,,BASIC,9.99,Active,,-35.96
11718,1816,2024-04-10,,BASIC,9.99,Active,,219.78
11719,1270,2024-06-21,,STANDARD,19.99,Active,,391.8
11720,4442,2024-10-24,,PREMIUM,39.99,Active,,617.18
11721,6693,2023-10-26,,PREMIUM,39.99,Active,,1102.39
11722,4194,2023-11-20,,PREMIUM,39.99,Active,,1069.07
11723,2173,2023-02-11,,BASIC,9.99,Active,,360.97
11724,7330,2026-01-08,,PREMIUM,39.99,Active,,29.33
11725,8837,2024-06-21,,PREMIUM,39.99,Active,,783.8
11726,8270,2024-12-11,2025-05-05,STANDARD,19.99,Churned,SERVICE-01,96.62
11727,2347,2024-10-11,2025-02-16,BASIC,9.99,Churned,SERVICE-01,42.62
11728,7613,2023-04-02,2025-03-26,STANDARD,19.99,Churned,COMP-01,482.43
11729,8566,2024-04-01,2024-07-27,BASIC,9.99,Churned,SERVICE-02,38.96
11730,4987,2025-06-22,,STANDARD,19.99,Active,,147.93
11731,3914,2023-11-12,,PREMIUM,39.99,Active,,1079.73
11732,6956,2024-07-08,,PREMIUM,39.99,Active,,761.14
11733,1848,2025-10-23,2026-09-09,PREMIUM,39.99,Churned,SERVICE-01,427.89
11734,8677,2025-10-25,,STANDARD,19.99,Active,,64.63
11735,4819,2025-06-16,,STANDARD,19.99,Active,,151.92
11736,6015,2025-07-08,2026-10-15,BASIC,9.99,Churned,SERVICE-01,154.51
11737,6036,2024-11-06,,STANDARD,19.99,Active,,299.85
11738,5584,2024-08-12,2025-03-24,PREMIUM,39.99,Churned,PRICE-02,298.59
11739,8483,2025-07-10,2026-07-02,PREMIUM,39.99,Churned,PRICE-01,475.88
11740,6875,2024-02-24,,PREMIUM,39.99,Active,,941.1
11741,3729,2024-03-16,,PREMIUM,39.99,Active,,913.11
11742,409,2024-06-11,,STANDARD,19.99,Active,,398.47
11743,3698,2023-09-27,2025-08-04,BASIC,9.99,Churned,PRICE-02,225.44
11744,9738,2024-12-12,2025-12-27,BASIC,9.99,Churned,PRICE-01,126.54
11745,3912,2026-06-15,2027-01-28,STANDARD,19.99,Churned,SERVICE-01,151.26
11746,601,2024-02-28,2025-05-03,STANDARD,19.99,Churned,SERVICE-02,286.52
11747,1419,2026-04-20,,STANDARD,19.99,Active,,-53.31
11748,2588,2026-06-25,2028-02-07,STANDARD,19.99,Churned,PROD-01,394.47
11749,6302,2025-06-08,,BASIC,9.99,Active,,78.59
11750,8014,2025-11-27,,BASIC,9.99,Active,,21.31
11751,7688,2026-04-19,,PREMIUM,39.99,Active,,-105.31
11752,2863,2025-08-27,,PREMIUM,39.99,Active,,207.95
11753,1302,2026-03-20,2026-08-12,BASIC,9.99,Churned,TECH-01,48.28
11754,8767,2023-08-31,,PREMIUM,39.99,Active,,1177.04
11755,7548,2025-08-25,,PREMIUM,39.99,Active,,210.61
11756,4979,2024-08-14,,BASIC,9.99,Active,,177.82
11757,8216,2024-10-15,,BASIC,9.99,Active,,157.18
11758,4583,2024-09-06,,STANDARD,19.99,Active,,340.5
11759,8575,2023-07-29,,STANDARD,19.99,Active,,610.36
11760,8992,2025-08-26,2027-05-15,PREMIUM,39.99,Churned,PRICE-02,835.79
11761,950,2025-09-12,,PREMIUM,39.99,Active,,186.62
11762,2962,2026-02-04,2027-01-25,STANDARD,19.99,Churned,TECH-01,236.55
11763,5446,2023-04-23,2025-02-22,BASIC,9.99,Churned,PRICE-01,223.44
11764,7069,2025-04-26,2026-10-03,BASIC,9.99,Churned,PROD-01,174.83
11765,3887,2023-02-04,,BASIC,9.99,Active,,363.3
11766,9623,2023-09-03,,PREMIUM,39.99,Active,,1173.04
11767,5671,2026-04-27,,BASIC,9.99,Active,,-28.97
11768,2896,2025-08-24,2026-04-18,PREMIUM,39.99,Churned,SERVICE-02,315.92
11769,6866,2024-02-19,,PREMIUM,39.99,Active,,947.76
11770,8453,2024-03-24,,STANDARD,19.99,Active,,451.11
11771,9010,2026-02-23,,BASIC,9.99,Active,,-7.99
11772,1486,2023-04-11,,BASIC,9.99,Active,,341.32
11773,2149,2026-03-11,,BASIC,9.99,Active,,-13.32
11774,1506,2025-04-13,,PREMIUM,39.99,Active,,389.24
11775,5677,2025-07-27,,STANDARD,19.99,Active,,124.6
11776,9516,2024-10-03,,BASIC,9.99,Active,,161.17
11777,676,2023-01-26,2024-02-16,PREMIUM,39.99,Churned,PROD-01,514.54
11778,8153,2025-09-10,,STANDARD,19.99,Active,,94.62
11779,4715,2025-05-04,,PREMIUM,39.99,Active,,361.24
11780,2832,2024-08-31,2025-04-18,BASIC,9.99,Churned,PRICE-02,76.59
11781,540,2025-12-05,2026-11-16,PREMIUM,39.99,Churned,PRICE-02,461.22
11782,3130,2024-03-11,,BASIC,9.99,Active,,229.77
11783,4004,2023-08-15,2023-10-24,BASIC,9.99,Churned,SERVICE-01,23.31
11784,9406,2025-10-23,,PREMIUM,39.99,Active,,131.97
11785,6871,2025-11-22,,PREMIUM,39.99,Active,,91.98
11786,608,2025-04-04,2026-08-19,STANDARD,19.99,Churned,PRICE-02,334.5
11787,1268,2024-09-14,,PREMIUM,39.99,Active,,670.5
11788,7050,2025-10-07,2026-03-06,PREMIUM,39.99,Churned,PROD-01,199.95
11789,6090,2025-09-13,,PREMIUM,39.99,Active,,185.29
11790,9214,2024-12-16,,BASIC,9.99,Active,,136.53
11791,9647,2024-10-26,,STANDARD,19.99,Active,,307.18
11792,2653,2025-03-11,2026-12-15,STANDARD,19.99,Churned,SERVICE-02,429.12
11793,1560,2023-05-29,,STANDARD,19.99,Active,,651.01
11794,1288,2024-11-25,2026-01-05,STANDARD,19.99,Churned,PROD-01,270.53
11795,4777,2024-10-13,,BASIC,9.99,Active,,157.84
11796,524,2024-12-23,,PREMIUM,39.99,Active,,537.2
11797,1106,2023-04-27,,BASIC,9.99,Active,,336.0
11798,506,2025-03-08,,BASIC,9.99,Active,,109.22
11799,5453,2026-06-07,,PREMIUM,39.99,Active,,-170.62
11800,9818,2025-09-19,,PREMIUM,39.99,Active,,177.29
11801,4155,2024-12-18,2025-11-19,STANDARD,19.99,Churned,TECH-01,223.89
11802,2250,2024-02-21,,STANDARD,19.99,Active,,472.43
11803,4449,2024-07-31,2025-09-30,BASIC,9.99,Churned,PRICE-01,141.86
11804,3167,2023-02-26,2024-04-24,STANDARD,19.99,Churned,SERVICE-02,281.86
11805,3228,2025-02-17,,PREMIUM,39.99,Active,,462.55
11806,3199,2026-03-31,,PREMIUM,39.99,Active,,-79.98
11807,7135,2025-09-18,,STANDARD,19.99,Active,,89.29
11808,1983,2025-01-02,,PREMIUM,39.99,Active,,523.87
11809,1527,2025-09-27,2026-08-24,BASIC,9.99,Churned,PROD-01,110.22
11810,9452,2025-10-22,,BASIC,9.99,Active,,33.3
11811,690,2023-02-19,,BASIC,9.99,Active,,358.31
11812,2249,2025-12-10,,STANDARD,19.99,Active,,33.98
11813,8093,2023-02-18,,STANDARD,19.99,Active,,717.64
11814,8337,2023-02-15,2024-06-27,PREMIUM,39.99,Churned,PRICE-02,663.83
11815,3999,2025-05-05,,PREMIUM,39.99,Active,,359.91
11816,4292,2026-03-11,,STANDARD,19.99,Active,,-26.65
11817,8790,2026-04-02,,PREMIUM,39.99,Active,,-82.65
11818,2959,2023-09-27,,STANDARD,19.99,Active,,570.38
11819,7771,2024-10-27,,STANDARD,19.99,Active,,306.51
11820,9062,2025-11-03,,BASIC,9.99,Active,,29.3
11821,8637,2025-05-18,,PREMIUM,39.99,Active,,342.58
11822,3339,2026-05-04,2026-11-01,BASIC,9.99,Churned,SERVICE-02,60.27
11823,5179,2023-03-16,,STANDARD,19.99,Active,,700.32
11824,3281,2024-05-24,,STANDARD,19.99,Active,,410.46
11825,892,2026-01-03,,BASIC,9.99,Active,,8.99
11826,1065,2024-09-12,2025-10-12,STANDARD,19.99,Churned,TECH-01,263.2
11827,1049,2024-12-30,,STANDARD,19.99,Active,,263.87
11828,8875,2024-02-28,,PREMIUM,39.99,Active,,935.77
11829,3800,2026-03-17,,BASIC,9.99,Active,,-15.32
11830,5556,2026-04-01,,BASIC,9.99,Active,,-20.31
11831,5018,2025-10-25,,BASIC,9.99,Active,,32.3
11832,2203,2025-12-24,,BASIC,9.99,Active,,12.32
11833,8555,2025-11-22,2026-05-04,PREMIUM,39.99,Churned,PRICE-02,217.28
11834,7252,2023-12-02,,BASIC,9.99,Active,,263.07
11835,2167,2025-06-06,,PREMIUM,39.99,Active,,317.25
11836,4803,2023-10-12,2024-04-04,STANDARD,19.99,Churned,COMP-01,116.61
11837,934,2024-10-06,,STANDARD,19.99,Active,,320.51
11838,2377,2023-10-12,,PREMIUM,39.99,Active,,1121.05
11839,2575,2025-06-29,,STANDARD,19.99,Active,,143.26
11840,196,2023-03-14,2024-08-05,BASIC,9.99,Churned,PRICE-02,169.83
11841,3685,2025-12-25,,BASIC,9.99,Active,,11.99
11842,8958,2024-06-16,2025-04-17,PREMIUM,39.99,Churned,SERVICE-01,406.56
11843,4557,2025-05-26,2025-10-06,BASIC,9.99,Churned,PRICE-02,44.29
11844,7340,2025-10-26,,STANDARD,19.99,Active,,63.97
11845,8829,2025-11-27,,STANDARD,19.99,Active,,42.65
11846,5533,2023-04-17,2024-11-08,STANDARD,19.99,Churned,PRICE-01,380.48
11847,745,2025-11-07,,STANDARD,19.99,Active,,55.97
11848,2946,2025-02-21,2026-11-01,STANDARD,19.99,Churned,PROD-01,411.79
11849,4158,2026-05-07,,STANDARD,19.99,Active,,-64.63
11850,863,2025-03-21,2026-10-03,PREMIUM,39.99,Churned,PROD-01,747.81
11851,2651,2024-07-31,,BASIC,9.99,Active,,182.48
11852,2300,2023-02-25,,BASIC,9.99,Active,,356.31
11853,2745,2024-05-15,2024-12-18,PREMIUM,39.99,Churned,TECH-01,289.26
11854,3537,2025-02-14,,BASIC,9.99,Active,,116.55
11855,799,2024-10-20,,BASIC,9.99,Active,,155.51
11856,1768,2025-12-24,,STANDARD,19.99,Active,,24.65
11857,4697,2024-10-25,2025-01-18,STANDARD,19.99,Churned,COMP-01,56.64
11858,8430,2026-04-03,,BASIC,9.99,Active,,-20.98
11859,7229,2023-05-03,,BASIC,9.99,Active,,334.0
11860,1048,2026-01-11,,BASIC,9.99,Active,,6.33
11861,9080,2025-12-04,,STANDARD,19.99,Active,,37.98
11862,1007,2023-07-22,,STANDARD,19.99,Active,,615.03
11863,2746,2024-02-05,,STANDARD,19.99,Active,,483.09
11864,3227,2023-03-31,,BASIC,9.99,Active,,344.99
11865,868,2025-04-28,,PREMIUM,39.99,Active,,369.24
11866,8412,2023-10-19,,PREMIUM,39.99,Active,,1111.72
11867,6045,2026-02-06,,STANDARD,19.99,Active,,-4.66
11868,3695,2024-10-21,,BASIC,9.99,Active,,155.18
11869,7577,2026-02-23,2027-07-04,PREMIUM,39.99,Churned,PRICE-01,661.17
11870,3648,2026-06-26,2027-07-07,PREMIUM,39.99,Churned,SERVICE-02,501.21
11871,7234,2025-04-24,,BASIC,9.99,Active,,93.57
11872,6819,2025-01-30,2025-10-06,BASIC,9.99,Churned,PRICE-02,82.92
11873,6172,2025-01-20,,BASIC,9.99,Active,,124.88
11874,5650,2023-07-29,,PREMIUM,39.99,Active,,1221.03
11875,9711,2023-12-01,,PREMIUM,39.99,Active,,1054.4
11876,6273,2024-07-14,,STANDARD,19.99,Active,,376.48
11877,235,2025-06-21,,BASIC,9.99,Active,,74.26
11878,1661,2024-07-22,2024-10-06,STANDARD,19.99,Churned,COMP-01,50.64
11879,1622,2025-06-04,,BASIC,9.99,Active,,79.92
11880,5415,2026-06-09,2027-09-26,BASIC,9.99,Churned,PRICE-02,157.84
11881,2100,2024-04-15,,PREMIUM,39.99,Active,,873.12
11882,2163,2026-06-28,,BASIC,9.99,Active,,-49.62
11883,1799,2025-05-10,,PREMIUM,39.99,Active,,353.25
11884,6849,2023-12-11,2025-05-10,STANDARD,19.99,Churned,PRICE-01,343.83
11885,3169,2026-06-26,,BASIC,9.99,Active,,-48.95
11886,8512,2024-08-13,,BASIC,9.99,Active,,178.16
11887,1623,2023-08-11,2024-09-29,PREMIUM,39.99,Churned,TECH-01,553.2
11888,8873,2024-05-05,2025-06-26,STANDARD,19.99,Churned,PRICE-02,277.86
11889,5328,2023-12-12,2024-03-24,BASIC,9.99,Churned,TECH-01,34.3
11890,3380,2026-03-06,,PREMIUM,39.99,Active,,-46.66
11891,8501,2026-06-15,,STANDARD,19.99,Active,,-90.62
11892,8613,2026-05-29,,STANDARD,19.99,Active,,-79.29
11893,7704,2025-09-30,,STANDARD,19.99,Active,,81.29
11894,495,2025-07-11,2027-07-07,PREMIUM,39.99,Churned,COMP-01,967.76
11895,3974,2024-11-12,,BASIC,9.99,Active,,147.85
11896,2650,2023-12-17,2025-04-23,BASIC,9.99,Churned,PROD-01,164.17
11897,6519,2025-07-19,,BASIC,9.99,Active,,64.94
11898,7889,2023-03-12,,BASIC,9.99,Active,,351.31
11899,9893,2023-03-05,,STANDARD,19.99,Active,,707.65
11900,2468,2024-03-28,,PREMIUM,39.99,Active,,897.11
11901,1374,2024-05-31,2024-09-08,STANDARD,19.99,Churned,SERVICE-01,66.63
11902,8908,2025-07-03,,PREMIUM,39.99,Active,,281.26
11903,438,2023-11-10,,PREMIUM,39.99,Active,,1082.4
11904,184,2023-11-07,2025-02-17,BASIC,9.99,Churned,SERVICE-02,155.84
11905,7662,2026-05-21,2026-07-31,STANDARD,19.99,Churned,PROD-01,47.31
11906,8885,2025-02-15,2025-11-07,BASIC,9.99,Churned,PRICE-02,88.25
11907,8022,2024-05-29,,STANDARD,19.99,Active,,407.13
11908,7379,2023-11-28,2025-09-19,PREMIUM,39.99,Churned,TECH-01,881.11
11909,3348,2023-07-31,2025-02-13,BASIC,9.99,Churned,TECH-01,187.48
11910,3112,2023-08-08,,STANDARD,19.99,Active,,603.7
11911,4666,2023-06-22,,PREMIUM,39.99,Active,,1270.35
11912,8400,2024-01-08,,STANDARD,19.99,Active,,501.75
11913,8861,2024-07-07,2026-06-07,STANDARD,19.99,Churned,PRICE-02,466.43
11914,5986,2024-07-31,,STANDARD,19.99,Active,,365.15
11915,5081,2023-01-24,,BASIC,9.99,Active,,366.97
11916,7666,2023-03-12,2023-10-22,PREMIUM,39.99,Churned,SERVICE-01,298.59
11917,1685,2025-12-20,,STANDARD,19.99,Active,,27.32
11918,3535,2026-06-19,,PREMIUM,39.99,Active,,-186.62
11919,1786,2023-06-02,,BASIC,9.99,Active,,324.01
11920,6904,2025-05-16,2026-11-10,PREMIUM,39.99,Churned,PROD-01,723.82
11921,6854,2026-03-09,2026-07-15,BASIC,9.99,Churned,TECH-01,42.62
11922,3903,2023-04-30,,STANDARD,19.99,Active,,670.33
11923,7021,2026-01-30,,STANDARD,19.99,Active,,0.0
11924,7408,2023-09-08,,PREMIUM,39.99,Active,,1166.38
11925,6180,2023-05-02,,STANDARD,19.99,Active,,669.0
11926,7628,2025-12-08,,PREMIUM,39.99,Active,,70.65
11927,9206,2026-05-16,,STANDARD,19.99,Active,,-70.63
11928,1331,2024-11-17,,PREMIUM,39.99,Active,,585.19
11929,9659,2024-11-24,,PREMIUM,39.99,Active,,575.86
11930,4735,2024-04-04,2024-07-05,PREMIUM,39.99,Churned,PRICE-01,122.64
11931,469,2025-01-11,2025-02-24,BASIC,9.99,Churned,PRICE-01,14.65
11932,2941,2024-11-02,2026-07-01,BASIC,9.99,Churned,PRICE-02,201.8
11933,4213,2025-09-11,2026-11-28,PREMIUM,39.99,Churned,PROD-01,590.52
11934,3423,2023-08-03,,BASIC,9.99,Active,,303.36
11935,9374,2025-08-02,,STANDARD,19.99,Active,,120.61
11936,9373,2025-01-18,,PREMIUM,39.99,Active,,502.54
11937,9436,2024-04-11,2025-09-24,PREMIUM,39.99,Churned,PROD-01,707.82
11938,4995,2024-09-28,2025-06-17,BASIC,9.99,Churned,TECH-01,87.25
11939,9941,2024-06-18,2025-03-13,BASIC,9.99,Churned,PRICE-02,89.24
11940,8640,2024-06-26,2026-06-16,BASIC,9.99,Churned,TECH-01,239.76
11941,692,2024-09-27,,STANDARD,19.99,Active,,326.5
11942,8711,2024-04-04,2024-07-01,STANDARD,19.99,Churned,TECH-01,58.64
11943,5220,2023-01-14,,BASIC,9.99,Active,,370.3
11944,3355,2025-09-24,,PREMIUM,39.99,Active,,170.62
11945,2035,2025-09-06,2026-06-01,BASIC,9.99,Churned,COMP-01,89.24
11946,9881,2024-07-02,2024-12-21,STANDARD,19.99,Churned,PROD-01,114.61
11947,699,2024-06-12,2025-01-22,PREMIUM,39.99,Churned,TECH-01,298.59
11948,3084,2023-09-08,,PREMIUM,39.99,Active,,1166.38
11949,5077,2023-08-18,,BASIC,9.99,Active,,298.37
11950,9400,2025-05-10,,PREMIUM,39.99,Active,,353.25
11951,1551,2023-01-30,,PREMIUM,39.99,Active,,1460.97
11952,2677,2025-12-01,,STANDARD,19.99,Active,,39.98
11953,6059,2023-12-30,,STANDARD,19.99,Active,,507.75
11954,9412,2024-11-09,2025-10-06,STANDARD,19.99,Churned,SERVICE-02,220.56
11955,4815,2026-06-15,,STANDARD,19.99,Active,,-90.62
11956,9719,2026-06-14,2027-02-18,PREMIUM,39.99,Churned,PRICE-02,331.92
11957,6534,2026-02-15,,STANDARD,19.99,Active,,-10.66
11958,4017,2023-05-18,,BASIC,9.99,Active,,329.0
11959,7832,2025-10-28,,STANDARD,19.99,Active,,62.64
11960,7676,2025-11-05,,PREMIUM,39.99,Active,,114.64
11961,6865,2023-06-15,,STANDARD,19.99,Active,,639.68
11962,2536,2025-12-30,,STANDARD,19.99,Active,,20.66
11963,2527,2025-05-11,,PREMIUM,39.99,Active,,351.91
11964,6214,2023-01-08,,BASIC,9.99,Active,,372.29
11965,3940,2023-08-15,,BASIC,9.99,Active,,299.37
11966,6941,2023-01-13,2023-07-19,BASIC,9.99,Churned,PRICE-01,62.27
11967,7453,2026-03-15,,PREMIUM,39.99,Active,,-58.65
11968,3494,2025-11-14,,STANDARD,19.99,Active,,51.31
11969,5735,2024-04-16,2025-12-08,BASIC,9.99,Churned,SERVICE-01,200.13
11970,3280,2023-12-02,2024-05-14,BASIC,9.99,Churned,SERVICE-01,54.61
11971,1760,2024-12-03,2025-11-12,PREMIUM,39.99,Churned,COMP-01,458.55
11972,718,2024-07-05,2025-10-29,PREMIUM,39.99,Churned,COMP-01,641.17
11973,2666,2025-10-25,,STANDARD,19.99,Active,,64.63
11974,8913,2023-03-14,2023-08-05,BASIC,9.99,Churned,PROD-01,47.95
11975,6854,2026-05-26,,STANDARD,19.99,Active,,-77.29
11976,7958,2026-01-05,2027-05-29,STANDARD,19.99,Churned,SERVICE-01,339.16
11977,1192,2024-05-14,,PREMIUM,39.99,Active,,834.46
11978,7784,2023-04-07,,STANDARD,19.99,Active,,685.66
11979,5020,2026-02-03,,BASIC,9.99,Active,,-1.33
11980,725,2023-03-23,,PREMIUM,39.99,Active,,1391.65
11981,7091,2026-06-27,,STANDARD,19.99,Active,,-98.62
11982,8955,2024-07-06,,STANDARD,19.99,Active,,381.81
11983,1257,2023-02-03,,BASIC,9.99,Active,,363.64
11984,7815,2023-09-23,,STANDARD,19.99,Active,,573.05
11985,7440,2025-12-28,2026-04-17,STANDARD,19.99,Churned,SERVICE-02,73.3
11986,2420,2025-02-05,2026-06-28,PREMIUM,39.99,Churned,COMP-01,677.16
11987,7872,2023-05-22,,BASIC,9.99,Active,,327.67
11988,6222,2023-09-06,,PREMIUM,39.99,Active,,1169.04
11989,6057,2026-01-19,,STANDARD,19.99,Active,,7.33
11990,4682,2025-09-06,,BASIC,9.99,Active,,48.62
11991,2478,2025-09-04,,PREMIUM,39.99,Active,,197.28
11992,7123,2024-02-22,,BASIC,9.99,Active,,235.76
11993,5449,2025-07-28,2026-10-21,BASIC,9.99,Churned,TECH-01,149.85
11994,6651,2025-07-27,,PREMIUM,39.99,Active,,249.27
11995,130,2025-07-10,,BASIC,9.99,Active,,67.93
11996,5025,2024-09-03,,STANDARD,19.99,Active,,342.5
11997,4718,2025-10-12,,STANDARD,19.99,Active,,73.3
11998,6082,2025-01-03,2026-06-15,BASIC,9.99,Churned,TECH-01,175.82
11999,5624,2025-03-29,2026-05-09,STANDARD,19.99,Churned,COMP-01,270.53
12000,3550,2023-03-06,,PREMIUM,39.99,Active,,1414.31
12001,8644,2025-03-11,,BASIC,9.99,Active,,108.23
12002,5716,2023-08-11,,STANDARD,19.99,Active,,601.7
12003,5916,2023-03-27,,PREMIUM,39.99,Active,,1386.32
12004,6259,2024-06-25,2025-07-23,BASIC,9.99,Churned,SERVICE-02,130.87
12005,7198,2026-03-09,,BASIC,9.99,Active,,-12.65
12006,56,2025-12-23,,PREMIUM,39.99,Active,,50.65
12007,4519,2025-03-10,2025-11-20,PREMIUM,39.99,Churned,PROD-01,339.92
12008,6744,2025-02-06,2026-10-26,STANDARD,19.99,Churned,PRICE-02,417.79
12009,7818,2026-02-15,2027-07-25,STANDARD,19.99,Churned,COMP-01,349.82
12010,202,2023-08-13,,PREMIUM,39.99,Active,,1201.03
12011,7764,2024-10-04,2026-01-16,PREMIUM,39.99,Churned,COMP-01,625.18
12012,8979,2024-06-12,,BASIC,9.99,Active,,198.8
12013,4432,2024-02-22,,PREMIUM,39.99,Active,,943.76
12014,9518,2025-10-29,,STANDARD,19.99,Active,,61.97
12015,5993,2025-02-21,2026-05-03,STANDARD,19.99,Churned,PROD-01,290.52
12016,2364,2023-06-21,2024-05-25,PREMIUM,39.99,Churned,COMP-01,451.89
12017,483,2025-12-03,2026-08-11,STANDARD,19.99,Churned,SERVICE-01,167.25
12018,1451,2023-04-10,,PREMIUM,39.99,Active,,1367.66
12019,6630,2025-08-27,,STANDARD,19.99,Active,,103.95
12020,8026,2025-08-22,2025-11-14,PREMIUM,39.99,Churned,COMP-01,111.97
12021,3362,2023-12-08,2025-03-27,PREMIUM,39.99,Churned,TECH-01,633.18
12022,7464,2025-02-09,,STANDARD,19.99,Active,,236.55
12023,7491,2023-05-09,,STANDARD,19.99,Active,,664.33
12024,389,2023-11-05,,BASIC,9.99,Active,,272.06
12025,1834,2023-06-25,,PREMIUM,39.99,Active,,1266.35
12026,742,2023-03-21,,BASIC,9.99,Active,,348.32
12027,1491,2025-11-23,,STANDARD,19.99,Active,,45.31
12028,1273,2024-10-06,,STANDARD,19.99,Active,,320.51
12029,4868,2026-04-26,,STANDARD,19.99,Active,,-57.3
12030,440,2023-09-05,,PREMIUM,39.99,Active,,1170.37
12031,7666,2023-04-13,2024-03-18,BASIC,9.99,Churned,SERVICE-02,113.22
12032,2642,2023-04-23,,STANDARD,19.99,Active,,675.0
12033,4973,2024-12-24,,BASIC,9.99,Active,,133.87
12034,6555,2024-01-12,,PREMIUM,39.99,Active,,998.42
12035,324,2023-12-24,,STANDARD,19.99,Active,,511.74
12036,1013,2024-08-11,,PREMIUM,39.99,Active,,715.82
12037,3306,2023-07-06,,BASIC,9.99,Active,,312.69
12038,7625,2024-12-13,,PREMIUM,39.99,Active,,550.53
12039,8235,2025-03-24,,STANDARD,19.99,Active,,207.9
12040,9493,2024-10-26,2025-11-09,STANDARD,19.99,Churned,SERVICE-02,252.54
12041,4149,2026-06-13,,BASIC,9.99,Active,,-44.62
12042,23,2024-12-11,,PREMIUM,39.99,Active,,553.2
12043,7330,2025-11-08,2027-03-25,STANDARD,19.99,Churned,PROD-01,334.5
12044,61,2024-01-12,2024-05-15,BASIC,9.99,Churned,COMP-01,41.29
12045,68,2026-05-01,,PREMIUM,39.99,Active,,-121.3
12046,4591,2024-10-23,,STANDARD,19.99,Active,,309.18
12047,4900,2023-04-17,2023-06-30,PREMIUM,39.99,Churned,SERVICE-01,98.64
12048,1429,2024-06-27,,STANDARD,19.99,Active,,387.81
12049,8472,2026-04-19,,PREMIUM,39.99,Active,,-105.31
12050,6111,2025-05-24,2025-09-01,PREMIUM,39.99,Churned,PRICE-02,133.3
12051,939,2025-04-02,,PREMIUM,39.99,Active,,403.9
12052,3058,2024-01-08,,STANDARD,19.99,Active,,501.75
12053,8307,2023-11-13,,BASIC,9.99,Active,,269.4
12054,4530,2025-07-13,,BASIC,9.99,Active,,66.93
12055,9278,2025-12-20,,STANDARD,19.99,Active,,27.32
12056,6608,2025-04-23,2025-12-03,STANDARD,19.99,Churned,TECH-01,149.26
12057,1766,2025-03-27,,BASIC,9.99,Active,,102.9
12058,5568,2024-07-02,,BASIC,9.99,Active,,192.14
12059,2268,2024-06-28,,PREMIUM,39.99,Active,,774.47
12060,2156,2024-07-10,,PREMIUM,39.99,Active,,758.48
12061,7786,2025-08-05,,STANDARD,19.99,Active,,118.61
12062,9888,2023-05-01,,BASIC,9.99,Active,,334.67
12063,3084,2025-08-24,,PREMIUM,39.99,Active,,211.95
12064,2441,2025-12-09,2027-04-10,PREMIUM,39.99,Churned,COMP-01,649.17
12065,1015,2024-09-20,2026-05-24,PREMIUM,39.99,Churned,SERVICE-02,814.46
12066,409,2024-06-05,,STANDARD,19.99,Active,,402.47
12067,5067,2024-04-25,,STANDARD,19.99,Active,,429.78
12068,884,2023-08-06,2024-01-19,STANDARD,19.99,Churned,COMP-01,110.61
12069,1464,2024-09-06,,PREMIUM,39.99,Active,,681.16
12070,5769,2025-12-05,,PREMIUM,39.99,Active,,74.65
12071,6325,2024-04-12,2024-10-06,BASIC,9.99,Churned,SERVICE-02,58.94
12072,7489,2025-04-02,,PREMIUM,39.99,Active,,403.9
12073,9215,2026-02-25,2026-10-05,STANDARD,19.99,Churned,PRICE-01,147.93
12074,1782,2025-10-14,,BASIC,9.99,Active,,35.96
12075,756,2023-08-21,,PREMIUM,39.99,Active,,1190.37
12076,8894,2024-07-13,2026-06-30,PREMIUM,39.99,Churned,PRICE-01,955.76
12077,4114,2025-01-17,,BASIC,9.99,Active,,125.87
12078,8688,2026-05-05,,PREMIUM,39.99,Active,,-126.64
12079,8088,2025-11-22,,BASIC,9.99,Active,,22.98
12080,1728,2026-02-02,,PREMIUM,39.99,Active,,-4.0
12081,5349,2025-12-29,,STANDARD,19.99,Active,,21.32
12082,3742,2024-12-07,2026-02-13,BASIC,9.99,Churned,TECH-01,144.19
12083,4209,2023-12-15,,BASIC,9.99,Active,,258.74
12084,2003,2025-08-24,2026-05-29,PREMIUM,39.99,Churned,TECH-01,370.57
12085,5016,2026-03-20,,STANDARD,19.99,Active,,-32.65
12086,1294,2023-12-30,,BASIC,9.99,Active,,253.75
12087,8929,2024-06-18,,STANDARD,19.99,Active,,393.8
12088,9280,2025-07-22,,PREMIUM,39.99,Active,,255.94
12089,7298,2023-02-22,2024-05-23,PREMIUM,39.99,Churned,PRICE-02,607.85
12090,8892,2025-08-05,,BASIC,9.99,Active,,59.27
12091,580,2025-08-14,,STANDARD,19.99,Active,,112.61
12092,9593,2023-08-02,2025-03-18,BASIC,9.99,Churned,PRICE-02,197.8
12093,4411,2023-04-19,,PREMIUM,39.99,Active,,1355.66
12094,5474,2023-05-27,,BASIC,9.99,Active,,326.01
12095,6464,2023-10-02,,PREMIUM,39.99,Active,,1134.38
12096,4692,2023-04-24,2025-03-27,BASIC,9.99,Churned,PRICE-02,234.1
12097,5370,2024-10-24,,BASIC,9.99,Active,,154.18
12098,5744,2023-07-20,,STANDARD,19.99,Active,,616.36
12099,15,2023-10-19,,PREMIUM,39.99,Active,,1111.72
12100,6748,2026-04-07,,STANDARD,19.99,Active,,-44.64
12101,8525,2024-02-03,,BASIC,9.99,Active,,242.09
12102,3148,2026-05-18,,PREMIUM,39.99,Active,,-143.96
12103,5071,2023-11-19,,STANDARD,19.99,Active,,535.07
12104,6565,2023-03-07,,STANDARD,19.99,Active,,706.31
12105,3491,2025-09-19,2027-06-19,STANDARD,19.99,Churned,PROD-01,425.12
12106,5371,2024-07-07,,STANDARD,19.99,Active,,381.14
12107,2495,2026-06-28,,STANDARD,19.99,Active,,-99.28
12108,3694,2024-04-14,2025-04-26,PREMIUM,39.99,Churned,COMP-01,502.54
12109,9165,2023-08-25,2024-06-19,STANDARD,19.99,Churned,SERVICE-02,199.23
12110,8647,2023-03-04,,STANDARD,19.99,Active,,708.31
12111,212,2024-02-17,,PREMIUM,39.99,Active,,950.43
12112,5878,2023-06-06,,PREMIUM,39.99,Active,,1291.68
12113,2527,2024-04-11,2025-03-15,PREMIUM,39.99,Churned,COMP-01,450.55
12114,7878,2023-04-18,,STANDARD,19.99,Active,,678.33
12115,3106,2025-01-28,,BASIC,9.99,Active,,122.21
12116,2707,2024-05-31,,PREMIUM,39.99,Active,,811.8
12117,2708,2023-01-07,,STANDARD,19.99,Active,,745.63
12118,5423,2023-08-06,,PREMIUM,39.99,Active,,1210.36
12119,1579,2024-09-01,2024-11-02,STANDARD,19.99,Churned,SERVICE-02,41.31
12120,8555,2024-03-03,2025-01-06,PREMIUM,39.99,Churned,TECH-01,411.9
12121,861,2023-04-26,2023-05-30,BASIC,9.99,Churned,SERVICE-02,11.32
12122,7765,2024-06-04,,PREMIUM,39.99,Active,,806.47
12123,1568,2024-11-25,,PREMIUM,39.99,Active,,574.52
12124,2472,2024-12-22,2025-05-11,BASIC,9.99,Churned,PRICE-01,46.62
12125,1768,2024-09-07,,STANDARD,19.99,Active,,339.83
12126,2399,2023-02-09,,PREMIUM,39.99,Active,,1447.64
12127,769,2023-04-20,,PREMIUM,39.99,Active,,1354.33
12128,6410,2024-03-31,,STANDARD,19.99,Active,,446.44
12129,9730,2024-09-07,,PREMIUM,39.99,Active,,679.83
12130,85,2026-03-23,2026-12-15,PREMIUM,39.99,Churned,COMP-01,355.91
12131,7463,2025-02-10,2026-11-30,BASIC,9.99,Churned,SERVICE-02,219.11
12132,622,2024-02-20,,STANDARD,19.99,Active,,473.1
12133,2845,2024-02-16,,BASIC,9.99,Active,,237.76
12134,5385,2026-03-07,,STANDARD,19.99,Active,,-23.99
12135,2640,2025-11-02,,BASIC,9.99,Active,,29.64
12136,9224,2023-11-21,,PREMIUM,39.99,Active,,1067.73
12137,5715,2024-10-17,,BASIC,9.99,Active,,156.51
12138,4108,2024-07-31,,STANDARD,19.99,Active,,365.15
12139,7218,2023-01-07,,PREMIUM,39.99,Active,,1491.63
12140,5967,2024-09-17,2026-06-15,PREMIUM,39.99,Churned,TECH-01,847.79
12141,4746,2026-06-25,,STANDARD,19.99,Active,,-97.28
12142,6104,2024-03-27,2024-08-27,BASIC,9.99,Churned,TECH-01,50.95
12143,2175,2023-04-19,,BASIC,9.99,Active,,338.66
12144,6664,2025-11-27,2026-11-20,PREMIUM,39.99,Churned,PRICE-01,477.21
12145,9537,2023-09-23,,PREMIUM,39.99,Active,,1146.38
12146,631,2023-04-15,,BASIC,9.99,Active,,339.99
12147,3465,2025-12-30,,BASIC,9.99,Active,,10.32
12148,8891,2024-12-03,,STANDARD,19.99,Active,,281.86
12149,6562,2026-06-27,2027-04-17,BASIC,9.99,Churned,PRICE-01,97.9
12150,5218,2026-02-01,2027-04-04,BASIC,9.99,Churned,TECH-01,142.19
12151,1588,2025-04-01,,PREMIUM,39.99,Active,,405.23
12152,5038,2025-01-14,,BASIC,9.99,Active,,126.87
12153,428,2025-01-08,2026-06-03,BASIC,9.99,Churned,PROD-01,170.16
12154,8637,2025-10-01,,BASIC,9.99,Active,,40.29
12155,9798,2025-11-15,,BASIC,9.99,Active,,25.31
12156,742,2023-01-19,2025-01-18,BASIC,9.99,Churned,TECH-01,243.09
12157,4108,2025-03-07,,BASIC,9.99,Active,,109.56
12158,6600,2023-09-22,2024-09-16,BASIC,9.99,Churned,TECH-01,119.88
12159,6924,2023-04-25,2024-09-06,PREMIUM,39.99,Churned,COMP-01,666.5
12160,6129,2025-01-21,,STANDARD,19.99,Active,,249.21
12161,9609,2023-10-09,,BASIC,9.99,Active,,281.05
12162,6577,2024-10-27,2025-02-02,BASIC,9.99,Churned,SERVICE-02,32.63
12163,9833,2026-01-11,,STANDARD,19.99,Active,,12.66
12164,684,2024-04-21,,PREMIUM,39.99,Active,,865.12
12165,3775,2025-08-23,,PREMIUM,39.99,Active,,213.28
12166,2176,2023-05-16,,STANDARD,19.99,Active,,659.67
12167,3168,2025-05-03,,PREMIUM,39.99,Active,,362.58
12168,774,2026-04-10,2026-06-26,BASIC,9.99,Churned,SERVICE-01,25.64
12169,7345,2023-11-27,,STANDARD,19.99,Active,,529.74
12170,200,2025-01-12,2026-09-07,BASIC,9.99,Churned,PRICE-01,200.8
12171,6154,2024-05-02,,BASIC,9.99,Active,,212.45
12172,3153,2024-10-01,,BASIC,9.99,Active,,161.84
12173,3068,2023-02-06,,STANDARD,19.99,Active,,725.64
12174,3667,2023-10-24,2025-06-28,STANDARD,19.99,Churned,SERVICE-01,408.46
12175,6877,2025-07-07,,PREMIUM,39.99,Active,,275.93
12176,9336,2023-12-12,2024-06-28,STANDARD,19.99,Churned,SERVICE-02,132.6
12177,3705,2025-07-31,,STANDARD,19.99,Active,,121.94
12178,7266,2024-06-11,2025-04-25,BASIC,9.99,Churned,SERVICE-02,105.89
12179,2990,2024-07-30,,STANDARD,19.99,Active,,365.82
12180,9543,2023-02-03,,STANDARD,19.99,Active,,727.64
12181,9261,2025-09-23,,STANDARD,19.99,Active,,85.96
12182,6883,2025-10-25,2026-11-03,BASIC,9.99,Churned,TECH-01,124.54
12183,5474,2025-05-05,,BASIC,9.99,Active,,89.91
12184,2295,2025-08-03,,PREMIUM,39.99,Active,,239.94
12185,6367,2023-03-09,,BASIC,9.99,Active,,352.31
12186,5526,2023-12-26,,BASIC,9.99,Active,,255.08
12187,3458,2024-07-05,,PREMIUM,39.99,Active,,765.14
12188,9902,2025-03-29,2026-06-30,PREMIUM,39.99,Churned,PRICE-02,610.51
12189,7867,2023-04-01,,PREMIUM,39.99,Active,,1379.65
12190,505,2025-09-12,,BASIC,9.99,Active,,46.62
12191,4173,2025-07-29,2027-04-19,PREMIUM,39.99,Churned,TECH-01,838.46
12192,2848,2023-03-01,2023-12-04,PREMIUM,39.99,Churned,TECH-01,370.57
12193,1711,2026-06-20,,BASIC,9.99,Active,,-46.95
12194,9569,2025-05-27,2027-03-13,STANDARD,19.99,Churned,PROD-01,436.45
12195,1554,2024-08-24,,BASIC,9.99,Active,,174.49
12196,7124,2025-07-01,,PREMIUM,39.99,Active,,283.93
12197,5696,2025-03-23,,BASIC,9.99,Active,,104.23
12198,1724,2025-01-26,2025-12-28,STANDARD,19.99,Churned,COMP-01,223.89
12199,6183,2023-12-25,,PREMIUM,39.99,Active,,1022.41
12200,6384,2025-11-14,,PREMIUM,39.99,Active,,102.64
12201,7042,2024-11-21,,STANDARD,19.99,Active,,289.85
12202,9881,2023-07-29,,STANDARD,19.99,Active,,610.36
12203,1699,2023-07-14,2024-04-01,STANDARD,19.99,Churned,PROD-01,174.58
12204,9995,2023-04-24,,STANDARD,19.99,Active,,674.33
12205,6837,2024-01-06,,BASIC,9.99,Active,,251.42
12206,8021,2024-03-03,,BASIC,9.99,Active,,232.43
12207,73,2023-02-28,,STANDARD,19.99,Active,,710.98
12208,4126,2023-01-14,,STANDARD,19.99,Active,,740.96
12209,3170,2023-04-17,,BASIC,9.99,Active,,339.33
12210,3304,2026-04-10,,STANDARD,19.99,Active,,-46.64
12211,3542,2023-06-07,,STANDARD,19.99,Active,,645.01
12212,7040,2023-04-18,,STANDARD,19.99,Active,,678.33
12213,6274,2024-09-01,,STANDARD,19.99,Active,,343.83
12214,1534,2026-05-09,,STANDARD,19.99,Active,,-65.97
12215,6106,2025-05-18,,PREMIUM,39.99,Active,,342.58
12216,3689,2024-12-25,,PREMIUM,39.99,Active,,534.53
12217,3348,2025-07-18,,BASIC,9.99,Active,,65.27
12218,1059,2024-04-07,,STANDARD,19.99,Active,,441.78
12219,6333,2025-08-16,,BASIC,9.99,Active,,55.61
12220,7894,2024-08-23,,BASIC,9.99,Active,,174.83
12221,624,2023-09-26,2024-03-16,BASIC,9.99,Churned,SERVICE-02,57.28
12222,5179,2026-06-06,,STANDARD,19.99,Active,,-84.62
12223,2788,2023-07-09,,STANDARD,19.99,Active,,623.69
12224,4276,2024-01-04,2025-01-08,BASIC,9.99,Churned,SERVICE-02,123.21
12225,474,2026-01-05,2026-10-16,BASIC,9.99,Churned,SERVICE-02,94.57
12226,4072,2024-06-26,2026-04-01,BASIC,9.99,Churned,PRICE-02,214.45
12227,8846,2025-01-27,,PREMIUM,39.99,Active,,490.54
12228,4472,2024-02-26,2025-02-27,PREMIUM,39.99,Churned,SERVICE-02,489.21
12229,1418,2025-09-20,,STANDARD,19.99,Active,,87.96
12230,6739,2025-10-05,,PREMIUM,39.99,Active,,155.96
12231,1306,2025-10-10,,STANDARD,19.99,Active,,74.63
12232,2165,2024-04-27,,STANDARD,19.99,Active,,428.45
12233,6665,2025-06-10,2025-10-26,BASIC,9.99,Churned,SERVICE-02,45.95
12234,1262,2023-02-21,,BASIC,9.99,Active,,357.64
12235,1852,2024-04-16,2025-10-01,STANDARD,19.99,Churned,PRICE-01,355.16
12236,1396,2023-04-23,,PREMIUM,39.99,Active,,1350.33
12237,3944,2024-10-27,,PREMIUM,39.99,Active,,613.18
12238,9218,2024-06-02,,BASIC,9.99,Active,,202.13
12239,7125,2026-05-26,,PREMIUM,39.99,Active,,-154.63
12240,1579,2025-04-11,,BASIC,9.99,Active,,97.9
12241,2109,2023-11-08,,PREMIUM,39.99,Active,,1085.06
12242,8483,2024-06-01,2025-09-01,STANDARD,19.99,Churned,PROD-01,304.51
12243,6210,2025-08-17,,PREMIUM,39.99,Active,,221.28
12244,1675,2026-02-16,,PREMIUM,39.99,Active,,-22.66
12245,2191,2023-03-09,2023-10-19,PREMIUM,39.99,Churned,SERVICE-01,298.59
12246,7001,2026-02-15,,PREMIUM,39.99,Active,,-21.33
12247,9422,2026-06-06,,BASIC,9.99,Active,,-42.29
12248,3371,2023-12-16,2024-02-22,PREMIUM,39.99,Churned,COMP-01,90.64
12249,635,2025-11-10,2026-11-30,STANDARD,19.99,Churned,COMP-01,256.54
12250,2319,2026-03-11,,BASIC,9.99,Active,,-13.32
12251,72,2024-09-11,,BASIC,9.99,Active,,168.5
12252,4416,2026-06-04,,STANDARD,19.99,Active,,-83.29
12253,8698,2025-03-25,,BASIC,9.99,Active,,103.56
12254,9550,2025-08-04,,STANDARD,19.99,Active,,119.27
12255,6913,2023-03-14,2025-03-07,BASIC,9.99,Churned,TECH-01,241.09
12256,9042,2026-02-07,,PREMIUM,39.99,Active,,-10.66
12257,1324,2023-03-16,2024-11-18,STANDARD,19.99,Churned,PRICE-01,408.46
12258,8997,2025-01-28,,PREMIUM,39.99,Active,,489.21
12259,2073,2023-08-19,,BASIC,9.99,Active,,298.03
12260,445,2024-06-29,2024-08-10,BASIC,9.99,Churned,COMP-01,13.99
12261,2858,2025-05-25,,PREMIUM,39.99,Active,,333.25
12262,7040,2023-07-03,,BASIC,9.99,Active,,313.69
12263,6256,2024-07-07,,STANDARD,19.99,Active,,381.14
12264,6128,2026-04-13,,STANDARD,19.99,Active,,-48.64
12265,5783,2023-12-18,,STANDARD,19.99,Active,,515.74
12266,9706,2026-03-21,,STANDARD,19.99,Active,,-33.32
12267,2519,2026-03-18,,BASIC,9.99,Active,,-15.65
12268,5206,2023-01-12,2023-12-18,BASIC,9.99,Churned,SERVICE-01,113.22
12269,6909,2025-01-27,2026-03-23,STANDARD,19.99,Churned,SERVICE-02,279.86
12270,551,2023-03-13,,BASIC,9.99,Active,,350.98
12271,2365,2024-06-27,,PREMIUM,39.99,Active,,775.81
12272,9030,2026-03-22,2027-04-21,PREMIUM,39.99,Churned,COMP-01,526.53
12273,4987,2024-06-19,2024-09-30,PREMIUM,39.99,Churned,SERVICE-02,137.3
12274,5859,2024-02-13,2025-01-12,PREMIUM,39.99,Churned,COMP-01,445.22
12275,1032,2025-01-27,,STANDARD,19.99,Active,,245.21
12276,6244,2024-12-15,2026-02-06,PREMIUM,39.99,Churned,PRICE-01,557.19
12277,5678,2023-10-08,,BASIC,9.99,Active,,281.38
12278,7227,2023-12-23,,BASIC,9.99,Active,,256.08
12279,4500,2024-06-08,,PREMIUM,39.99,Active,,801.13
12280,8360,2026-04-01,,STANDARD,19.99,Active,,-40.65
12281,670,2024-02-19,,PREMIUM,39.99,Active,,947.76
12282,2317,2023-04-29,,STANDARD,19.99,Active,,671.0
12283,9515,2025-01-21,2025-04-21,PREMIUM,39.99,Churned,PRICE-01,119.97
12284,9813,2023-09-29,2024-07-17,BASIC,9.99,Churned,PRICE-02,97.24
12285,2674,2023-11-12,2024-10-16,BASIC,9.99,Churned,PRICE-02,112.89
12286,2618,2023-05-30,,BASIC,9.99,Active,,325.01
12287,71,2024-05-16,,STANDARD,19.99,Active,,415.79
12288,8224,2024-12-11,,STANDARD,19.99,Active,,276.53
12289,5757,2026-04-22,,BASIC,9.99,Active,,-27.31
12290,115,2023-11-09,,BASIC,9.99,Active,,270.73
12291,7617,2024-09-13,,PREMIUM,39.99,Active,,671.83
12292,776,2023-10-08,2024-11-22,BASIC,9.99,Churned,SERVICE-02,136.86
12293,3117,2025-09-12,,PREMIUM,39.99,Active,,186.62
12294,9527,2024-07-11,,STANDARD,19.99,Active,,378.48
12295,8862,2025-02-01,,BASIC,9.99,Active,,120.88
12296,6461,2024-07-13,,STANDARD,19.99,Active,,377.14
12297,6819,2025-05-16,,STANDARD,19.99,Active,,172.58
12298,4090,2025-04-30,,BASIC,9.99,Active,,91.58
12299,6170,2026-05-09,2028-02-25,STANDARD,19.99,Churned,COMP-01,437.78
12300,7918,2025-02-24,,STANDARD,19.99,Active,,226.55
12301,458,2025-06-30,2027-04-22,BASIC,9.99,Churned,SERVICE-02,220.11
12302,2570,2026-05-21,2027-11-14,BASIC,9.99,Churned,TECH-01,180.49
12303,5436,2024-09-18,,PREMIUM,39.99,Active,,665.17
12304,8448,2023-04-25,2024-08-12,BASIC,9.99,Churned,SERVICE-02,158.18
12305,5853,2026-01-19,,STANDARD,19.99,Active,,7.33
12306,8459,2023-09-17,2024-06-01,PREMIUM,39.99,Churned,PRICE-01,343.91
12307,4033,2023-10-24,,STANDARD,19.99,Active,,552.39
12308,7007,2025-09-22,,PREMIUM,39.99,Active,,173.29
12309,404,2024-03-27,2024-06-19,STANDARD,19.99,Churned,PROD-01,55.97
12310,125,2023-03-22,,BASIC,9.99,Active,,347.99
12311,3463,2023-01-27,,STANDARD,19.99,Active,,732.3
12312,7150,2025-09-02,,STANDARD,19.99,Active,,99.95
12313,3070,2024-01-08,2025-04-05,PREMIUM,39.99,Churned,COMP-01,603.85
12314,8063,2024-09-16,,STANDARD,19.99,Active,,333.83
12315,2244,2026-02-03,2027-09-10,PREMIUM,39.99,Churned,SERVICE-01,778.47
12316,4452,2024-02-03,,BASIC,9.99,Active,,242.09
12317,6028,2024-07-27,,BASIC,9.99,Active,,183.82
12318,6881,2023-04-14,2024-11-29,BASIC,9.99,Churned,TECH-01,198.13
12319,7097,2023-07-18,,PREMIUM,39.99,Active,,1235.69
12320,9110,2026-01-31,,PREMIUM,39.99,Active,,-1.33
12321,5181,2023-01-27,,STANDARD,19.99,Active,,732.3
12322,7997,2023-12-25,2025-09-22,BASIC,9.99,Churned,TECH-01,212.12
12323,4432,2023-05-07,,STANDARD,19.99,Active,,665.67
12324,3964,2024-06-23,,STANDARD,19.99,Active,,390.47
12325,6065,2026-05-11,,BASIC,9.99,Active,,-33.63
12326,5059,2024-02-10,,STANDARD,19.99,Active,,479.76
12327,788,2026-01-12,2027-01-26,STANDARD,19.99,Churned,PRICE-02,252.54
12328,8031,2023-03-07,,BASIC,9.99,Active,,352.98
12329,9787,2023-09-13,,PREMIUM,39.99,Active,,1159.71
12330,5836,2024-09-11,,BASIC,9.99,Active,,168.5
12331,8349,2025-10-11,2026-01-30,BASIC,9.99,Churned,SERVICE-02,36.96
12332,6567,2023-03-17,2024-05-19,PREMIUM,39.99,Churned,SERVICE-02,571.86
12333,7023,2024-08-30,,PREMIUM,39.99,Active,,690.49
12334,2042,2024-07-08,,STANDARD,19.99,Active,,380.48
12335,3268,2024-06-28,,BASIC,9.99,Active,,193.47
12336,7185,2024-07-07,,PREMIUM,39.99,Active,,762.48
12337,2263,2025-06-06,2027-04-06,STANDARD,19.99,Churned,SERVICE-02,445.78
12338,7671,2024-06-01,2025-07-25,PREMIUM,39.99,Churned,TECH-01,558.53
12339,9188,2025-04-18,2025-06-06,BASIC,9.99,Churned,PRICE-02,16.32
12340,7347,2025-11-30,2026-04-06,BASIC,9.99,Churned,PRICE-02,42.29
12341,7621,2023-02-01,2024-02-05,BASIC,9.99,Churned,PRICE-01,122.88
12342,2206,2025-08-18,,STANDARD,19.99,Active,,109.94
12343,5580,2025-02-26,,STANDARD,19.99,Active,,225.22
12344,2280,2024-04-21,2025-01-28,STANDARD,19.99,Churned,SERVICE-01,187.91
12345,784,2024-06-14,2024-10-08,BASIC,9.99,Churned,PRICE-01,38.63
12346,9863,2024-04-28,2024-07-28,PREMIUM,39.99,Churned,SERVICE-02,121.3
12347,4690,2023-10-15,2025-01-24,BASIC,9.99,Churned,COMP-01,155.51
12348,7197,2023-06-29,2024-05-15,STANDARD,19.99,Churned,SERVICE-01,213.89
12349,7456,2026-04-02,2027-02-19,PREMIUM,39.99,Churned,TECH-01,430.56
12350,9730,2023-03-11,,BASIC,9.99,Active,,351.65
12351,720,2023-09-28,,STANDARD,19.99,Active,,569.71
12352,1684,2025-11-21,2027-04-29,PREMIUM,39.99,Churned,TECH-01,698.49
12353,3867,2025-09-27,,STANDARD,19.99,Active,,83.29
12354,2864,2025-03-28,,BASIC,9.99,Active,,102.56
12355,1662,2026-06-03,,PREMIUM,39.99,Active,,-165.29
12356,7854,2026-01-07,2027-05-26,PREMIUM,39.99,Churned,PRICE-01,671.83
12357,487,2023-03-05,,PREMIUM,39.99,Active,,1415.65
12358,9439,2025-05-24,,STANDARD,19.99,Active,,167.25
12359,4055,2024-02-06,2024-05-02,PREMIUM,39.99,Churned,PRICE-02,114.64
12360,9119,2023-03-09,,BASIC,9.99,Active,,352.31
12361,7597,2024-03-13,,PREMIUM,39.99,Active,,917.1
12362,7709,2024-03-12,,PREMIUM,39.99,Active,,918.44
12363,5823,2024-09-23,,PREMIUM,39.99,Active,,658.5
12364,8424,2026-05-20,2028-01-29,STANDARD,19.99,Churned,PRICE-01,412.46
12365,3207,2023-01-06,,BASIC,9.99,Active,,372.96
12366,5093,2023-03-04,,STANDARD,19.99,Active,,708.31
12367,9607,2023-01-20,2025-01-10,STANDARD,19.99,Churned,COMP-01,480.43
12368,1671,2026-03-18,,PREMIUM,39.99,Active,,-62.65
12369,7514,2025-04-15,,BASIC,9.99,Active,,96.57
12370,4038,2023-07-11,2023-09-18,STANDARD,19.99,Churned,PRICE-01,45.98
12371,8251,2024-10-20,2025-03-23,PREMIUM,39.99,Churned,PRICE-01,205.28
12372,379,2024-11-01,,PREMIUM,39.99,Active,,606.51
12373,5759,2026-05-12,2027-10-29,STANDARD,19.99,Churned,COMP-01,356.49
12374,4201,2023-07-08,2023-12-31,STANDARD,19.99,Churned,SERVICE-02,117.27
12375,1037,2025-08-02,,BASIC,9.99,Active,,60.27
12376,3584,2025-06-11,,PREMIUM,39.99,Active,,310.59
12377,8774,2026-04-30,,BASIC,9.99,Active,,-29.97
12378,8897,2024-05-13,2025-09-30,STANDARD,19.99,Churned,COMP-01,336.5
12379,9964,2024-07-02,,PREMIUM,39.99,Active,,769.14
12380,5686,2026-01-07,,STANDARD,19.99,Active,,15.33
12381,7268,2023-01-09,2024-07-22,PREMIUM,39.99,Churned,PRICE-01,746.48
12382,8293,2025-12-23,,STANDARD,19.99,Active,,25.32
12383,7629,2026-02-28,,STANDARD,19.99,Active,,-19.32
12384,9443,2024-06-05,,PREMIUM,39.99,Active,,805.13
12385,2711,2024-07-31,,BASIC,9.99,Active,,182.48
12386,6329,2025-02-21,,PREMIUM,39.99,Active,,457.22
12387,7667,2024-10-12,,PREMIUM,39.99,Active,,633.18
12388,8051,2025-11-17,,STANDARD,19.99,Active,,49.31
12389,2573,2023-06-22,,BASIC,9.99,Active,,317.35
12390,8756,2023-05-30,,STANDARD,19.99,Active,,650.34
12391,2036,2026-06-01,,PREMIUM,39.99,Active,,-162.63
12392,4836,2025-03-26,,STANDARD,19.99,Active,,206.56
12393,1277,2024-08-24,,STANDARD,19.99,Active,,349.16
12394,3272,2024-08-03,,PREMIUM,39.99,Active,,726.49
12395,8447,2023-10-11,,STANDARD,19.99,Active,,561.05
12396,8824,2025-10-26,2027-06-18,STANDARD,19.99,Churned,PRICE-02,399.8
12397,4424,2025-01-27,,STANDARD,19.99,Active,,245.21
12398,7292,2023-04-07,,BASIC,9.99,Active,,342.66
12399,8747,2023-05-16,2023-08-22,STANDARD,19.99,Churned,TECH-01,65.3
12400,3670,2025-11-13,,BASIC,9.99,Active,,25.97
12401,7685,2024-03-08,,BASIC,9.99,Active,,230.77
12402,2095,2023-12-10,,PREMIUM,39.99,Active,,1042.41
12403,9955,2024-04-04,,BASIC,9.99,Active,,221.78
12404,3138,2025-11-13,,STANDARD,19.99,Active,,51.97
12405,2299,2025-10-21,2026-03-07,PREMIUM,39.99,Churned,PROD-01,182.62
12406,5341,2024-04-15,,PREMIUM,39.99,Active,,873.12
12407,6337,2025-03-05,,BASIC,9.99,Active,,110.22
12408,4699,2023-05-10,,STANDARD,19.99,Active,,663.67
12409,2644,2023-07-25,,PREMIUM,39.99,Active,,1226.36
12410,8483,2025-04-15,2025-11-29,PREMIUM,39.99,Churned,TECH-01,303.92
12411,73,2023-10-12,2025-07-16,PREMIUM,39.99,Churned,COMP-01,857.12
12412,1358,2026-01-18,,PREMIUM,39.99,Active,,16.0
12413,1651,2025-03-07,2026-03-06,BASIC,9.99,Churned,COMP-01,121.21
12414,8368,2023-11-20,,STANDARD,19.99,Active,,534.4
12415,4320,2025-11-30,2026-10-22,PREMIUM,39.99,Churned,PRICE-02,434.56
12416,874,2023-09-08,,PREMIUM,39.99,Active,,1166.38
12417,7706,2023-03-16,,STANDARD,19.99,Active,,700.32
12418,8010,2024-12-26,,BASIC,9.99,Active,,133.2
12419,9722,2023-02-02,,PREMIUM,39.99,Active,,1456.97
12420,1677,2023-09-07,2025-06-15,BASIC,9.99,Churned,PROD-01,215.45
12421,9696,2023-05-20,,STANDARD,19.99,Active,,657.0
12422,8703,2025-07-15,,PREMIUM,39.99,Active,,265.27
12423,9929,2025-01-07,2025-11-14,STANDARD,19.99,Churned,PRICE-02,207.23
12424,8069,2024-08-26,,BASIC,9.99,Active,,173.83
12425,3469,2024-10-27,2025-11-05,STANDARD,19.99,Churned,PRICE-02,249.21
12426,3322,2024-03-13,2025-06-11,PREMIUM,39.99,Churned,PRICE-02,606.51
12427,7649,2023-04-11,,BASIC,9.99,Active,,341.32
12428,8379,2023-07-09,,PREMIUM,39.99,Active,,1247.69
12429,7261,2025-04-12,,BASIC,9.99,Active,,97.57
12430,5604,2023-07-06,,PREMIUM,39.99,Active,,1251.69
12431,1229,2024-11-15,,BASIC,9.99,Active,,146.85
12432,150,2026-01-07,,PREMIUM,39.99,Active,,30.66
12433,4776,2026-04-09,,STANDARD,19.99,Active,,-45.98
12434,6131,2024-05-11,,BASIC,9.99,Active,,209.46
12435,3441,2024-08-16,2025-12-25,BASIC,9.99,Churned,SERVICE-02,165.17
12436,2129,2026-04-08,,BASIC,9.99,Active,,-22.64
12437,1741,2026-04-23,,STANDARD,19.99,Active,,-55.31
12438,4786,2024-10-05,2026-08-27,STANDARD,19.99,Churned,TECH-01,460.44
12439,7976,2024-08-19,,PREMIUM,39.99,Active,,705.16
12440,3778,2024-08-20,,PREMIUM,39.99,Active,,703.82
12441,7726,2025-05-30,,STANDARD,19.99,Active,,163.25
12442,5959,2024-07-27,,BASIC,9.99,Active,,183.82
12443,2134,2024-01-08,,BASIC,9.99,Active,,250.75
12444,4262,2024-05-10,,STANDARD,19.99,Active,,419.79
12445,2750,2024-07-31,,PREMIUM,39.99,Active,,730.48
12446,8386,2024-06-01,,BASIC,9.99,Active,,202.46
12447,816,2026-05-02,,BASIC,9.99,Active,,-30.64
12448,8030,2023-08-26,2023-12-28,BASIC,9.99,Churned,PRICE-01,41.29
12449,3680,2026-03-29,,PREMIUM,39.99,Active,,-77.31
12450,3525,2025-05-29,,BASIC,9.99,Active,,81.92
12451,2571,2025-03-30,2027-01-10,PREMIUM,39.99,Churned,SERVICE-02,867.78
12452,4158,2024-08-09,,STANDARD,19.99,Active,,359.15
12453,7956,2023-03-16,2025-02-26,PREMIUM,39.99,Churned,COMP-01,950.43
12454,6761,2023-05-23,,STANDARD,19.99,Active,,655.01
12455,4977,2025-07-25,,BASIC,9.99,Active,,62.94
12456,3315,2025-10-04,,STANDARD,19.99,Active,,78.63
12457,3588,2023-02-04,,STANDARD,19.99,Active,,726.97
12458,4083,2025-04-08,,BASIC,9.99,Active,,98.9
12459,7027,2025-11-18,,STANDARD,19.99,Active,,48.64
12460,2325,2025-04-20,,PREMIUM,39.99,Active,,379.91
12461,7998,2024-03-12,,PREMIUM,39.99,Active,,918.44
12462,9246,2025-02-03,2025-10-20,STANDARD,19.99,Churned,PRICE-02,172.58
12463,9207,2023-06-20,2024-09-30,BASIC,9.99,Churned,PROD-01,155.84
12464,4294,2025-04-25,,PREMIUM,39.99,Active,,373.24
12465,5102,2026-01-02,2026-07-05,PREMIUM,39.99,Churned,SERVICE-02,245.27
12466,4011,2024-08-10,,PREMIUM,39.99,Active,,717.15
12467,4236,2023-02-24,2025-01-20,PREMIUM,39.99,Churned,PRICE-01,927.77
12468,6796,2024-10-30,,STANDARD,19.99,Active,,304.51
12469,9229,2025-10-15,2026-02-21,PREMIUM,39.99,Churned,PRICE-01,171.96
12470,8440,2026-03-17,2026-09-29,PREMIUM,39.99,Churned,PROD-01,261.27
12471,7098,2025-02-12,2025-08-12,PREMIUM,39.99,Churned,COMP-01,241.27
12472,2086,2024-11-15,,STANDARD,19.99,Active,,293.85
12473,5702,2024-03-21,,PREMIUM,39.99,Active,,906.44
12474,4391,2024-12-11,,STANDARD,19.99,Active,,276.53
12475,5615,2025-06-15,,PREMIUM,39.99,Active,,305.26
12476,3884,2025-11-17,2026-11-27,BASIC,9.99,Churned,PRICE-02,124.88
12477,6125,2025-09-09,2027-03-05,PREMIUM,39.99,Churned,COMP-01,722.49
12478,5991,2025-03-03,2025-08-13,PREMIUM,39.99,Churned,PRICE-01,217.28
12479,2332,2023-09-23,,PREMIUM,39.99,Active,,1146.38
12480,2348,2026-01-28,,BASIC,9.99,Active,,0.67
12481,4099,2026-02-04,2026-11-17,BASIC,9.99,Churned,COMP-01,95.24
12482,773,2023-11-25,,PREMIUM,39.99,Active,,1062.4
12483,3848,2025-04-14,,BASIC,9.99,Active,,96.9
12484,1767,2026-04-22,2028-04-07,PREMIUM,39.99,Churned,SERVICE-01,954.43
12485,6786,2024-07-01,,PREMIUM,39.99,Active,,770.47
12486,9626,2023-05-09,,STANDARD,19.99,Active,,664.33
12487,4165,2023-01-19,,PREMIUM,39.99,Active,,1475.63
12488,6810,2024-04-19,,STANDARD,19.99,Active,,433.78
12489,4789,2023-06-30,,STANDARD,19.99,Active,,629.68
12490,5717,2024-08-20,,STANDARD,19.99,Active,,351.82
12491,7563,2024-12-03,,BASIC,9.99,Active,,140.86
12492,5787,2024-05-13,2026-01-20,BASIC,9.99,Churned,PROD-01,205.46
12493,8665,2023-06-03,2024-03-27,PREMIUM,39.99,Churned,PROD-01,397.23
12494,5534,2024-04-21,2024-12-24,PREMIUM,39.99,Churned,TECH-01,329.25
12495,7064,2025-06-17,,STANDARD,19.99,Active,,151.26
12496,9847,2025-12-13,,BASIC,9.99,Active,,15.98
12497,4613,2023-04-13,,PREMIUM,39.99,Active,,1363.66
12498,9160,2023-01-08,,BASIC,9.99,Active,,372.29
12499,2707,2026-06-20,,PREMIUM,39.99,Active,,-187.95
12500,791,2026-03-11,2026-07-03,BASIC,9.99,Churned,PRICE-01,37.96
12501,7290,2026-04-17,,PREMIUM,39.99,Active,,-102.64
12502,3995,2026-03-29,,STANDARD,19.99,Active,,-38.65
12503,20,2026-04-25,,BASIC,9.99,Active,,-28.31
12504,1560,2024-05-27,2026-03-03,BASIC,9.99,Churned,TECH-01,214.78
12505,3212,2024-03-25,2024-10-08,BASIC,9.99,Churned,PRICE-01,65.6
12506,2900,2024-12-27,,PREMIUM,39.99,Active,,531.87
12507,9181,2024-12-21,,STANDARD,19.99,Active,,269.86
12508,430,2025-03-27,2026-09-20,BASIC,9.99,Churned,PRICE-01,180.49
12509,3548,2025-01-31,2026-09-19,STANDARD,19.99,Churned,PROD-01,397.13
12510,4087,2025-06-23,,BASIC,9.99,Active,,73.59
12511,2234,2024-03-23,2025-03-14,PREMIUM,39.99,Churned,PROD-01,474.55
12512,7953,2023-12-21,2025-05-23,PREMIUM,39.99,Churned,COMP-01,691.83
12513,6347,2025-08-21,,PREMIUM,39.99,Active,,215.95
12514,892,2024-02-29,2025-03-27,BASIC,9.99,Churned,COMP-01,130.54
12515,8511,2023-07-20,,PREMIUM,39.99,Active,,1233.03
12516,6509,2024-03-15,,BASIC,9.99,Active,,228.44
12517,86,2023-11-02,,BASIC,9.99,Active,,273.06
12518,6449,2024-11-01,,PREMIUM,39.99,Active,,606.51
12519,2359,2025-12-25,,PREMIUM,39.99,Active,,47.99
12520,1554,2023-06-25,,PREMIUM,39.99,Active,,1266.35
12521,7486,2024-09-26,,STANDARD,19.99,Active,,327.17
12522,3481,2024-02-19,,PREMIUM,39.99,Active,,947.76
12523,7916,2024-04-14,2025-12-28,BASIC,9.99,Churned,PRICE-01,207.46
12524,6865,2025-01-17,,STANDARD,19.99,Active,,251.87
12525,2247,2025-06-11,,PREMIUM,39.99,Active,,310.59
12526,886,2023-04-29,2024-05-19,STANDARD,19.99,Churned,PRICE-01,257.2
12527,5743,2024-11-26,,BASIC,9.99,Active,,143.19
12528,530,2023-10-13,,BASIC,9.99,Active,,279.72
12529,7927,2026-04-30,,STANDARD,19.99,Active,,-59.97
12530,1874,2024-11-09,2026-02-16,BASIC,9.99,Churned,PROD-01,154.51
12531,7658,2026-03-15,,STANDARD,19.99,Active,,-29.32
12532,4359,2025-03-19,2026-03-08,PREMIUM,39.99,Churned,SERVICE-01,471.88
12533,8057,2023-07-19,,STANDARD,19.99,Active,,617.02
12534,9577,2023-07-11,2023-12-28,BASIC,9.99,Churned,TECH-01,56.61
12535,4905,2026-05-05,,STANDARD,19.99,Active,,-63.3
12536,2475,2025-06-24,,BASIC,9.99,Active,,73.26
12537,3856,2026-02-02,,PREMIUM,39.99,Active,,-4.0
12538,8932,2025-10-12,2027-04-06,PREMIUM,39.99,Churned,SERVICE-02,721.15
12539,1576,2025-09-22,,PREMIUM,39.99,Active,,173.29
12540,2128,2023-02-13,,STANDARD,19.99,Active,,720.97
12541,6139,2023-10-30,,BASIC,9.99,Active,,274.06
12542,6490,2024-08-12,,BASIC,9.99,Active,,178.49
12543,1373,2024-08-06,2025-04-14,BASIC,9.99,Churned,TECH-01,83.58
12544,7571,2025-11-15,,PREMIUM,39.99,Active,,101.31
12545,1475,2024-10-29,,STANDARD,19.99,Active,,305.18
12546,8562,2025-10-23,,BASIC,9.99,Active,,32.97
12547,8402,2024-04-12,2025-04-21,BASIC,9.99,Churned,PROD-01,124.54
12548,8402,2023-11-20,,STANDARD,19.99,Active,,534.4
12549,4869,2023-08-07,,STANDARD,19.99,Active,,604.36
12550,2085,2026-01-31,,STANDARD,19.99,Active,,-0.67
12551,4037,2026-06-27,,PREMIUM,39.99,Active,,-197.28
12552,8646,2024-12-15,2026-06-25,PREMIUM,39.99,Churned,PRICE-02,742.48
12553,3928,2025-09-29,2027-09-10,STANDARD,19.99,Churned,TECH-01,473.76
12554,1276,2026-02-26,,BASIC,9.99,Active,,-8.99
12555,2802,2023-05-16,2023-11-22,STANDARD,19.99,Churned,SERVICE-01,126.6
12556,5933,2025-08-26,,BASIC,9.99,Active,,52.28
12557,9233,2023-07-16,,BASIC,9.99,Active,,309.36
12558,4639,2023-11-28,2024-08-02,STANDARD,19.99,Churned,PRICE-02,165.25
12559,1492,2025-07-04,,BASIC,9.99,Active,,69.93
12560,4155,2025-01-08,,STANDARD,19.99,Active,,257.87
12561,1159,2024-07-11,2026-06-13,STANDARD,19.99,Churned,PRICE-02,467.77
12562,9316,2024-09-13,,STANDARD,19.99,Active,,335.83
12563,1395,2026-01-04,2027-12-02,PREMIUM,39.99,Churned,PRICE-01,929.1
12564,1730,2026-05-08,2028-03-21,PREMIUM,39.99,Churned,PRICE-01,910.44
12565,7506,2023-09-07,,PREMIUM,39.99,Active,,1167.71
12566,3843,2023-03-12,2024-04-28,STANDARD,19.99,Churned,SERVICE-01,275.2
12567,6984,2025-02-20,,STANDARD,19.99,Active,,229.22
12568,3561,2024-01-02,2024-03-19,PREMIUM,39.99,Churned,PRICE-01,102.64
12569,7138,2023-01-16,2023-10-03,STANDARD,19.99,Churned,PRICE-01,173.25
12570,2512,2026-04-12,2026-06-10,BASIC,9.99,Churned,TECH-01,19.65
12571,7142,2024-10-06,,STANDARD,19.99,Active,,320.51
12572,7166,2025-06-28,2027-03-21,STANDARD,19.99,Churned,SERVICE-01,420.46
12573,8531,2023-09-08,,PREMIUM,39.99,Active,,1166.38
12574,4008,2024-02-27,,BASIC,9.99,Active,,234.1
12575,6154,2024-07-02,,STANDARD,19.99,Active,,384.47
12576,6747,2025-05-16,,STANDARD,19.99,Active,,172.58
12577,6369,2024-05-09,,STANDARD,19.99,Active,,420.46
12578,5532,2025-09-11,,PREMIUM,39.99,Active,,187.95
12579,3601,2023-08-26,,BASIC,9.99,Active,,295.7
12580,3836,2025-03-16,,BASIC,9.99,Active,,106.56
12581,7737,2023-01-22,2024-05-08,STANDARD,19.99,Churned,PROD-01,314.51
12582,4834,2025-06-03,,PREMIUM,39.99,Active,,321.25
12583,3889,2024-03-07,,BASIC,9.99,Active,,231.1
12584,4259,2024-11-29,,STANDARD,19.99,Active,,284.52
12585,7754,2023-10-07,2025-09-06,PREMIUM,39.99,Churned,TECH-01,933.1
12586,5602,2023-07-08,2024-06-29,STANDARD,19.99,Churned,COMP-01,237.88
12587,8169,2024-03-14,,PREMIUM,39.99,Active,,915.77
12588,6251,2025-09-14,,STANDARD,19.99,Active,,91.95
12589,6192,2025-02-04,2026-11-04,STANDARD,19.99,Churned,TECH-01,425.12
12590,6382,2023-06-30,2024-07-26,PREMIUM,39.99,Churned,TECH-01,522.54
12591,423,2023-03-07,,STANDARD,19.99,Active,,706.31
12592,6869,2024-12-08,,BASIC,9.99,Active,,139.19
12593,2858,2026-01-19,,BASIC,9.99,Active,,3.66
12594,9055,2025-07-03,,STANDARD,19.99,Active,,140.6
12595,743,2023-05-17,2024-10-06,PREMIUM,39.99,Churned,COMP-01,677.16
12596,5701,2026-04-05,2027-02-09,PREMIUM,39.99,Churned,COMP-01,413.23
12597,6058,2024-02-29,,STANDARD,19.99,Active,,467.1
12598,869,2026-05-05,,BASIC,9.99,Active,,-31.63
12599,2962,2024-06-28,,BASIC,9.99,Active,,193.47
12600,410,2026-04-27,,BASIC,9.99,Active,,-28.97
12601,5295,2025-12-02,,STANDARD,19.99,Active,,39.31
12602,9042,2026-02-06,,BASIC,9.99,Active,,-2.33
12603,4688,2023-01-08,,STANDARD,19.99,Active,,744.96
12604,5658,2024-06-16,2026-05-23,BASIC,9.99,Churned,SERVICE-02,235.1
12605,7481,2025-12-29,,STANDARD,19.99,Active,,21.32
12606,897,2023-04-12,,PREMIUM,39.99,Active,,1364.99
12607,3340,2026-02-09,,STANDARD,19.99,Active,,-6.66
12608,6585,2024-10-30,2026-08-25,PREMIUM,39.99,Churned,PRICE-01,885.11
12609,4102,2025-09-29,,BASIC,9.99,Active,,40.96
12610,6637,2024-12-06,2025-11-12,BASIC,9.99,Churned,PROD-01,113.55
12611,1481,2024-07-10,2026-06-06,STANDARD,19.99,Churned,SERVICE-02,463.77
12612,4456,2025-11-02,,PREMIUM,39.99,Active,,118.64
12613,8690,2023-01-20,,PREMIUM,39.99,Active,,1474.3
12614,9001,2023-08-06,,BASIC,9.99,Active,,302.36
12615,716,2024-03-15,2024-11-06,STANDARD,19.99,Churned,TECH-01,157.25
12616,1838,2024-11-17,,PREMIUM,39.99,Active,,585.19
12617,1084,2026-06-01,,BASIC,9.99,Active,,-40.63
12618,1999,2026-01-23,,STANDARD,19.99,Active,,4.66
12619,6109,2024-03-30,2024-08-14,BASIC,9.99,Churned,TECH-01,45.62
12620,9201,2024-08-01,,STANDARD,19.99,Active,,364.48
12621,6983,2026-01-21,,BASIC,9.99,Active,,3.0
12622,4601,2023-02-15,,BASIC,9.99,Active,,359.64
12623,610,2024-10-23,2026-05-13,PREMIUM,39.99,Churned,COMP-01,755.81
12624,2919,2025-01-21,,STANDARD,19.99,Active,,249.21
12625,9677,2023-11-21,,BASIC,9.99,Active,,266.73
12626,2693,2023-05-16,2024-12-11,PREMIUM,39.99,Churned,TECH-01,766.48
12627,3361,2023-12-13,,BASIC,9.99,Active,,259.41
12628,9487,2023-01-28,,PREMIUM,39.99,Active,,1463.63
12629,9362,2024-05-29,,BASIC,9.99,Active,,203.46
12630,3311,2023-01-12,2025-01-03,PREMIUM,39.99,Churned,COMP-01,962.43
12631,8854,2025-09-27,2025-12-29,PREMIUM,39.99,Churned,PROD-01,123.97
12632,8391,2024-06-07,2025-06-27,STANDARD,19.99,Churned,TECH-01,256.54
12633,3678,2024-10-17,,BASIC,9.99,Active,,156.51
12634,7643,2024-03-22,,STANDARD,19.99,Active,,452.44
12635,6101,2025-05-20,2026-01-20,PREMIUM,39.99,Churned,SERVICE-02,326.58
12636,1494,2025-07-17,,PREMIUM,39.99,Active,,262.6
12637,9760,2023-05-31,,STANDARD,19.99,Active,,649.67
12638,7748,2023-09-11,,STANDARD,19.99,Active,,581.04
12639,5179,2023-08-10,,PREMIUM,39.99,Active,,1205.03
12640,5546,2023-06-28,,BASIC,9.99,Active,,315.35
12641,9755,2025-12-19,,PREMIUM,39.99,Active,,55.99
12642,7190,2026-06-14,,STANDARD,19.99,Active,,-89.95
12643,1257,2023-02-26,,BASIC,9.99,Active,,355.98
12644,5844,2024-12-12,,PREMIUM,39.99,Active,,551.86
12645,5569,2025-09-14,,STANDARD,19.99,Active,,91.95
12646,5478,2026-01-07,,STANDARD,19.99,Active,,15.33
12647,2869,2024-10-26,,BASIC,9.99,Active,,153.51
12648,1607,2023-04-11,,STANDARD,19.99,Active,,682.99
12649,215,2023-05-24,2025-04-15,BASIC,9.99,Churned,SERVICE-02,230.44
12650,4216,2023-09-28,2025-02-19,BASIC,9.99,Churned,PRICE-01,169.83
12651,6658,2024-06-12,,BASIC,9.99,Active,,198.8
12652,2369,2026-01-20,2026-08-21,PREMIUM,39.99,Churned,SERVICE-02,283.93
12653,2286,2025-09-12,2026-02-25,BASIC,9.99,Churned,COMP-01,55.28
12654,4220,2024-12-01,2026-11-29,STANDARD,19.99,Churned,SERVICE-01,485.09
12655,7119,2025-02-21,2025-09-15,PREMIUM,39.99,Churned,SERVICE-02,274.6
12656,1440,2024-04-24,,STANDARD,19.99,Active,,430.45
12657,5053,2023-08-30,,PREMIUM,39.99,Active,,1178.37
12658,4183,2023-01-13,2024-02-19,BASIC,9.99,Churned,SERVICE-02,133.87
12659,2629,2025-03-10,,BASIC,9.99,Active,,108.56
12660,6449,2026-01-01,,BASIC,9.99,Active,,9.66
12661,6750,2025-04-01,,PREMIUM,39.99,Active,,405.23
12662,6278,2025-01-14,2026-02-18,STANDARD,19.99,Churned,PRICE-01,266.53
12663,7618,2023-08-13,,PREMIUM,39.99,Active,,1201.03
12664,2200,2023-03-21,,BASIC,9.99,Active,,348.32
12665,3813,2023-07-27,,PREMIUM,39.99,Active,,1223.69
12666,8937,2024-04-29,,PREMIUM,39.99,Active,,854.45
12667,6697,2023-11-21,,STANDARD,19.99,Active,,533.73
12668,7075,2025-08-20,2026-04-09,STANDARD,19.99,Churned,SERVICE-02,154.59
12669,6671,2023-07-29,,PREMIUM,39.99,Active,,1221.03
12670,2524,2025-01-04,,PREMIUM,39.99,Active,,521.2
12671,2513,2024-12-30,2026-10-17,PREMIUM,39.99,Churned,SERVICE-01,874.45
12672,3253,2024-04-22,2025-06-04,STANDARD,19.99,Churned,COMP-01,271.86
12673,1920,2025-10-27,,PREMIUM,39.99,Active,,126.64
12674,8302,2025-12-04,2026-09-20,BASIC,9.99,Churned,COMP-01,96.57
12675,9666,2024-05-11,,STANDARD,19.99,Active,,419.12
12676,6279,2024-10-11,,PREMIUM,39.99,Active,,634.51
12677,3692,2024-06-09,,PREMIUM,39.99,Active,,799.8
12678,4295,2025-04-20,,PREMIUM,39.99,Active,,379.91
12679,3123,2023-04-19,,STANDARD,19.99,Active,,677.66
12680,9650,2026-03-23,,BASIC,9.99,Active,,-17.32
12681,6694,2025-09-09,2026-05-29,PREMIUM,39.99,Churned,PRICE-02,349.25
12682,8085,2025-03-17,,STANDARD,19.99,Active,,212.56
12683,3081,2025-03-16,2026-01-12,STANDARD,19.99,Churned,PRICE-02,201.23
12684,2814,2023-02-28,2024-12-14,STANDARD,19.99,Churned,SERVICE-01,436.45
12685,3571,2024-08-23,2026-02-28,STANDARD,19.99,Churned,COMP-01,369.15
12686,2526,2024-02-17,,STANDARD,19.99,Active,,475.1
12687,1455,2024-12-11,2025-10-09,PREMIUM,39.99,Churned,PROD-01,402.57
12688,1916,2025-05-09,2027-01-25,BASIC,9.99,Churned,SERVICE-01,208.46
12689,4700,2026-03-22,,STANDARD,19.99,Active,,-33.98
12690,4208,2023-05-04,,PREMIUM,39.99,Active,,1335.67
12691,9916,2025-01-30,2025-05-29,PREMIUM,39.99,Churned,COMP-01,158.63
12692,3035,2023-05-08,,STANDARD,19.99,Active,,665.0
12693,9863,2026-05-06,,PREMIUM,39.99,Active,,-127.97
12694,9387,2026-02-22,,PREMIUM,39.99,Active,,-30.66
12695,1457,2023-04-08,,STANDARD,19.99,Active,,684.99
12696,4680,2023-07-12,,PREMIUM,39.99,Active,,1243.69
12697,8328,2024-12-03,,STANDARD,19.99,Active,,281.86
12698,9385,2024-11-26,2025-04-14,BASIC,9.99,Churned,PRICE-02,46.29
12699,1797,2023-07-23,,PREMIUM,39.99,Active,,1229.03
12700,8529,2023-09-04,,STANDARD,19.99,Active,,585.71
12701,505,2026-02-14,,BASIC,9.99,Active,,-5.0
12702,2253,2026-06-16,,PREMIUM,39.99,Active,,-182.62
12703,1797,2023-07-13,,PREMIUM,39.99,Active,,1242.36
12704,239,2023-05-31,2024-03-26,PREMIUM,39.99,Churned,SERVICE-02,399.9
12705,8051,2023-02-05,,STANDARD,19.99,Active,,726.3
12706,7984,2023-04-09,,STANDARD,19.99,Active,,684.32
12707,4401,2024-07-26,2025-01-09,STANDARD,19.99,Churned,PROD-01,111.28
12708,2056,2024-10-07,,STANDARD,19.99,Active,,319.84
12709,4592,2025-02-04,,BASIC,9.99,Active,,119.88
12710,8110,2025-03-29,2027-01-15,BASIC,9.99,Churned,PROD-01,218.78
12711,7007,2026-02-11,,PREMIUM,39.99,Active,,-16.0
12712,718,2024-02-10,,STANDARD,19.99,Active,,479.76
12713,7087,2026-02-11,2027-05-02,BASIC,9.99,Churned,TECH-01,148.19
12714,1801,2024-04-15,,BASIC,9.99,Active,,218.11
12715,7571,2023-10-24,2025-06-29,STANDARD,19.99,Churned,SERVICE-02,409.13
12716,9564,2025-06-24,,BASIC,9.99,Active,,73.26
12717,1842,2024-04-20,,BASIC,9.99,Active,,216.45
12718,9761,2023-06-04,2025-01-11,PREMIUM,39.99,Churned,PRICE-02,782.47
12719,9975,2024-05-07,2024-12-18,STANDARD,19.99,Churned,COMP-01,149.92
12720,5525,2025-12-21,,BASIC,9.99,Active,,13.32
12721,6713,2024-07-25,,STANDARD,19.99,Active,,369.15
12722,3120,2025-07-13,2026-08-13,BASIC,9.99,Churned,PRICE-01,131.87
12723,4286,2024-12-23,,STANDARD,19.99,Active,,268.53
12724,4508,2023-05-25,2024-03-21,BASIC,9.99,Churned,PRICE-02,100.23
12725,8593,2026-02-07,2026-11-08,BASIC,9.99,Churned,COMP-01,91.24
12726,38,2025-12-28,2027-06-12,PREMIUM,39.99,Churned,PRICE-01,707.82
12727,3433,2025-08-11,,STANDARD,19.99,Active,,114.61
12728,9508,2024-09-16,,BASIC,9.99,Active,,166.83
12729,925,2023-11-13,,STANDARD,19.99,Active,,539.06
12730,3345,2024-09-10,2025-07-02,STANDARD,19.99,Churned,COMP-01,196.57
12731,7147,2023-05-24,2024-04-04,PREMIUM,39.99,Churned,SERVICE-02,421.23
12732,1845,2025-12-29,,BASIC,9.99,Active,,10.66
12733,9885,2025-12-07,,PREMIUM,39.99,Active,,71.98
12734,2564,2023-11-20,2024-12-21,BASIC,9.99,Churned,COMP-01,132.2
12735,5490,2023-12-14,,STANDARD,19.99,Active,,518.41
12736,7436,2024-04-25,,BASIC,9.99,Active,,214.78
12737,4175,2026-01-24,2027-06-03,PREMIUM,39.99,Churned,TECH-01,659.84
12738,125,2023-06-15,,BASIC,9.99,Active,,319.68
12739,9161,2024-04-08,,PREMIUM,39.99,Active,,882.45
12740,9684,2026-05-12,2027-04-22,BASIC,9.99,Churned,SERVICE-02,114.89
12741,6233,2023-08-12,,BASIC,9.99,Active,,300.37
12742,8530,2025-02-07,2025-09-16,PREMIUM,39.99,Churned,PROD-01,294.59
12743,4602,2023-05-15,,BASIC,9.99,Active,,330.0
12744,3242,2025-08-10,,BASIC,9.99,Active,,57.61
12745,717,2025-12-30,2027-07-07,PREMIUM,39.99,Churned,SERVICE-01,738.48
12746,6987,2024-06-28,,BASIC,9.99,Active,,193.47
12747,9376,2023-05-04,,BASIC,9.99,Active,,333.67
12748,5150,2024-09-02,,PREMIUM,39.99,Active,,686.5
12749,8417,2025-05-18,,PREMIUM,39.99,Active,,342.58
12750,7340,2024-01-08,2025-08-07,PREMIUM,39.99,Churned,TECH-01,769.14
12751,8554,2026-06-09,,STANDARD,19.99,Active,,-86.62
12752,2251,2026-02-01,,PREMIUM,39.99,Active,,-2.67
12753,9118,2023-04-25,,PREMIUM,39.99,Active,,1347.66
12754,7442,2025-07-27,2025-12-18,BASIC,9.99,Churned,COMP-01,47.95
12755,5342,2024-01-27,,BASIC,9.99,Active,,244.42
12756,8246,2025-01-20,,PREMIUM,39.99,Active,,499.88
12757,6941,2023-12-07,2025-07-11,BASIC,9.99,Churned,PRICE-01,193.81
12758,8975,2024-10-13,,BASIC,9.99,Active,,157.84
12759,7826,2024-06-09,,PREMIUM,39.99,Active,,799.8
12760,3376,2024-01-21,,BASIC,9.99,Active,,246.42
12761,2950,2025-02-21,,PREMIUM,39.99,Active,,457.22
12762,8955,2023-07-06,,BASIC,9.99,Active,,312.69
12763,1507,2024-01-15,,BASIC,9.99,Active,,248.42
12764,2816,2026-05-21,2027-12-16,STANDARD,19.99,Churned,PRICE-01,382.48
12765,1561,2023-11-14,2024-02-03,BASIC,9.99,Churned,PROD-01,26.97
12766,3194,2023-05-24,,PREMIUM,39.99,Active,,1309.01
12767,6442,2025-12-22,,STANDARD,19.99,Active,,25.99
12768,589,2023-06-08,,STANDARD,19.99,Active,,644.34
12769,6210,2025-06-11,,STANDARD,19.99,Active,,155.26
12770,5598,2023-03-31,,STANDARD,19.99,Active,,690.32
12771,9081,2024-06-19,2024-12-01,STANDARD,19.99,Churned,PRICE-02,109.94
12772,8614,2024-11-01,2025-10-11,PREMIUM,39.99,Churned,COMP-01,458.55
12773,377,2023-07-03,,BASIC,9.99,Active,,313.69
12774,6772,2023-11-03,2024-04-22,BASIC,9.99,Churned,PRICE-02,56.94
12775,6014,2023-12-03,,PREMIUM,39.99,Active,,1051.74
12776,7145,2024-04-22,2024-09-30,BASIC,9.99,Churned,PRICE-02,53.61
12777,3395,2026-03-03,2027-11-19,STANDARD,19.99,Churned,PROD-01,417.12
12778,9534,2023-11-03,,STANDARD,19.99,Active,,545.73
12779,951,2025-09-30,2027-06-25,STANDARD,19.99,Churned,SERVICE-01,421.79
12780,2730,2025-01-01,,PREMIUM,39.99,Active,,525.2
12781,4147,2024-08-07,2026-04-16,PREMIUM,39.99,Churned,COMP-01,822.46
12782,6359,2023-03-08,2025-01-31,STANDARD,19.99,Churned,SERVICE-01,463.1
12783,2621,2025-11-06,,BASIC,9.99,Active,,28.31
12784,8278,2023-06-26,2024-01-14,STANDARD,19.99,Churned,TECH-01,134.6
12785,8056,2023-05-05,2024-05-26,STANDARD,19.99,Churned,TECH-01,257.87
12786,1961,2023-01-23,,BASIC,9.99,Active,,367.3
12787,9704,2023-12-06,,PREMIUM,39.99,Active,,1047.74
12788,7946,2026-03-04,,BASIC,9.99,Active,,-10.99
12789,9261,2025-05-28,2025-12-14,STANDARD,19.99,Churned,COMP-01,133.27
12790,1453,2023-06-10,2023-09-11,PREMIUM,39.99,Churned,TECH-01,123.97
12791,2982,2025-06-21,,PREMIUM,39.99,Active,,297.26
12792,8312,2023-05-17,,BASIC,9.99,Active,,329.34
12793,4726,2025-08-06,2026-05-15,STANDARD,19.99,Churned,SERVICE-01,187.91
12794,5406,2025-06-18,2027-05-14,BASIC,9.99,Churned,SERVICE-02,231.44
12795,6967,2023-10-11,2024-09-29,PREMIUM,39.99,Churned,SERVICE-01,471.88
12796,763,2025-10-18,,STANDARD,19.99,Active,,69.3
12797,3964,2023-05-21,2023-07-17,PREMIUM,39.99,Churned,SERVICE-01,75.98
12798,7700,2023-07-17,,PREMIUM,39.99,Active,,1237.02
12799,3788,2025-08-27,2027-07-24,BASIC,9.99,Churned,PROD-01,231.77
12800,2734,2023-05-08,,BASIC,9.99,Active,,332.33
12801,6945,2023-04-05,,STANDARD,19.99,Active,,686.99
12802,5341,2026-03-21,,STANDARD,19.99,Active,,-33.32
12803,3039,2024-03-19,,PREMIUM,39.99,Active,,909.11
12804,6220,2024-08-02,,PREMIUM,39.99,Active,,727.82
12805,5717,2026-02-21,,STANDARD,19.99,Active,,-14.66
12806,2554,2024-08-02,2025-03-20,BASIC,9.99,Churned,PRICE-02,76.59
12807,2807,2024-07-04,,BASIC,9.99,Active,,191.48
12808,3333,2024-03-04,,STANDARD,19.99,Active,,464.43
12809,9451,2023-07-04,,STANDARD,19.99,Active,,627.02
12810,525,2024-07-13,,STANDARD,19.99,Active,,377.14
12811,7874,2026-04-28,,STANDARD,19.99,Active,,-58.64
12812,1889,2025-03-22,,PREMIUM,39.99,Active,,418.56
12813,1609,2024-07-13,,STANDARD,19.99,Active,,377.14
12814,6393,2026-02-01,,BASIC,9.99,Active,,-0.67
12815,8809,2024-02-19,2024-07-12,BASIC,9.99,Churned,PROD-01,47.95
12816,2757,2025-10-05,,STANDARD,19.99,Active,,77.96
12817,6413,2025-04-11,,STANDARD,19.99,Active,,195.9
12818,7550,2023-02-18,2024-03-26,STANDARD,19.99,Churned,PRICE-02,267.87
12819,9993,2024-05-02,,BASIC,9.99,Active,,212.45
12820,2929,2025-08-15,,STANDARD,19.99,Active,,111.94
12821,3899,2024-03-04,2024-05-13,BASIC,9.99,Churned,PRICE-02,23.31
12822,2880,2023-07-24,,PREMIUM,39.99,Active,,1227.69
12823,6,2024-11-24,,PREMIUM,39.99,Active,,575.86
12824,8861,2023-10-12,2025-10-10,STANDARD,19.99,Churned,PRICE-01,485.76
12825,1319,2025-05-17,,STANDARD,19.99,Active,,171.91
12826,8454,2024-05-30,,PREMIUM,39.99,Active,,813.13
12827,2114,2024-08-30,,BASIC,9.99,Active,,172.49
12828,9989,2024-05-13,2024-07-01,STANDARD,19.99,Churned,TECH-01,32.65
12829,2323,2023-03-02,2023-06-12,STANDARD,19.99,Churned,COMP-01,67.97
12830,3617,2023-06-17,,BASIC,9.99,Active,,319.01
12831,5116,2025-06-21,,STANDARD,19.99,Active,,148.59
12832,5687,2025-09-06,2027-03-01,BASIC,9.99,Churned,PRICE-02,180.15
12833,6994,2025-12-02,,PREMIUM,39.99,Active,,78.65
12834,1329,2023-01-15,,STANDARD,19.99,Active,,740.3
12835,5451,2026-06-20,,STANDARD,19.99,Active,,-93.95
12836,1440,2023-12-19,2024-01-28,PREMIUM,39.99,Churned,PRICE-01,53.32
12837,2976,2024-11-15,,STANDARD,19.99,Active,,293.85
12838,5030,2024-01-26,,STANDARD,19.99,Active,,489.75
12839,1048,2023-07-18,,PREMIUM,39.99,Active,,1235.69
12840,4949,2024-10-20,2025-12-10,BASIC,9.99,Churned,PRICE-01,138.53
12841,8763,2024-01-26,,PREMIUM,39.99,Active,,979.75
12842,8936,2024-03-06,,BASIC,9.99,Active,,231.44
12843,2540,2024-09-29,,BASIC,9.99,Active,,162.5
12844,9752,2023-11-30,,BASIC,9.99,Active,,263.74
12845,8024,2025-03-31,,PREMIUM,39.99,Active,,406.56
12846,9661,2025-11-10,,PREMIUM,39.99,Active,,107.97
12847,9458,2024-08-16,2025-01-17,PREMIUM,39.99,Churned,PRICE-02,205.28
12848,3059,2025-01-23,,BASIC,9.99,Active,,123.88
12849,5312,2025-12-09,2027-05-26,BASIC,9.99,Churned,SERVICE-01,177.49
12850,8704,2024-06-20,,STANDARD,19.99,Active,,392.47
12851,4299,2026-01-18,,PREMIUM,39.99,Active,,16.0
12852,7560,2023-01-05,,STANDARD,19.99,Active,,746.96
12853,2416,2025-11-21,,BASIC,9.99,Active,,23.31
12854,6682,2023-11-05,,PREMIUM,39.99,Active,,1089.06
12855,65,2023-07-11,,PREMIUM,39.99,Active,,1245.02
12856,7620,2023-02-24,,BASIC,9.99,Active,,356.64
12857,9171,2025-01-01,,BASIC,9.99,Active,,131.2
12858,2242,2023-12-24,,STANDARD,19.99,Active,,511.74
12859,8143,2024-12-28,,PREMIUM,39.99,Active,,530.53
12860,1953,2025-10-04,,BASIC,9.99,Active,,39.29
12861,7528,2023-09-11,2024-06-04,PREMIUM,39.99,Churned,PRICE-02,355.91
12862,8414,2024-09-06,,BASIC,9.99,Active,,170.16
12863,5438,2025-08-26,,BASIC,9.99,Active,,52.28
12864,7716,2025-01-29,,BASIC,9.99,Active,,121.88
12865,6102,2024-07-14,,BASIC,9.99,Active,,188.14
12866,5141,2024-10-14,,BASIC,9.99,Active,,157.51
12867,5563,2025-09-08,,BASIC,9.99,Active,,47.95
12868,6948,2024-02-19,,STANDARD,19.99,Active,,473.76
12869,3970,2023-06-15,,PREMIUM,39.99,Active,,1279.68
12870,5149,2025-10-26,,STANDARD,19.99,Active,,63.97
12871,4447,2026-03-22,,BASIC,9.99,Active,,-16.98
12872,4174,2023-07-09,,PREMIUM,39.99,Active,,1247.69
12873,7880,2024-01-31,,BASIC,9.99,Active,,243.09
12874,8398,2024-03-16,,BASIC,9.99,Active,,228.1
12875,1022,2024-02-08,,PREMIUM,39.99,Active,,962.43
12876,9423,2026-02-25,2027-10-20,PREMIUM,39.99,Churned,PRICE-01,802.47
12877,4307,2024-04-14,,BASIC,9.99,Active,,218.45
12878,8508,2026-06-20,,STANDARD,19.99,Active,,-93.95
12879,7510,2024-06-19,,BASIC,9.99,Active,,196.47
12880,5961,2026-01-11,2026-12-14,STANDARD,19.99,Churned,PROD-01,224.55
12881,8520,2025-06-28,,PREMIUM,39.99,Active,,287.93
12882,399,2024-05-12,,BASIC,9.99,Active,,209.12
12883,5325,2023-02-08,,PREMIUM,39.99,Active,,1448.97
12884,573,2025-02-07,2025-10-18,STANDARD,19.99,Churned,PRICE-02,168.58
12885,1804,2024-10-31,2026-08-03,STANDARD,19.99,Churned,TECH-01,427.12
12886,6276,2023-03-01,2023-04-29,BASIC,9.99,Churned,TECH-01,19.65
12887,4799,2024-02-15,,BASIC,9.99,Active,,238.09
12888,2124,2023-07-10,2023-11-04,STANDARD,19.99,Churned,TECH-01,77.96
12889,7899,2023-10-12,,BASIC,9.99,Active,,280.05
12890,4871,2023-12-06,,PREMIUM,39.99,Active,,1047.74
12891,5211,2024-05-30,,BASIC,9.99,Active,,203.13
12892,3868,2026-05-22,2027-05-24,PREMIUM,39.99,Churned,PRICE-02,489.21
12893,3935,2026-06-12,,PREMIUM,39.99,Active,,-177.29
12894,183,2023-06-19,2023-08-21,BASIC,9.99,Churned,SERVICE-01,20.98
12895,2847,2024-01-30,,PREMIUM,39.99,Active,,974.42
12896,7203,2025-03-14,,PREMIUM,39.99,Active,,429.23
12897,4521,2024-01-16,,PREMIUM,39.99,Active,,993.09
12898,5326,2026-02-23,,PREMIUM,39.99,Active,,-31.99
12899,5832,2025-12-24,,STANDARD,19.99,Active,,24.65
12900,5061,2023-07-18,2025-06-25,PREMIUM,39.99,Churned,SERVICE-01,943.76
12901,3560,2023-08-15,2024-02-21,STANDARD,19.99,Churned,PRICE-02,126.6
12902,5268,2026-04-03,,PREMIUM,39.99,Active,,-83.98
12903,2367,2023-01-28,2024-04-08,PREMIUM,39.99,Churned,SERVICE-02,581.19
12904,7827,2023-11-08,2024-04-13,PREMIUM,39.99,Churned,SERVICE-02,209.28
12905,3683,2025-04-10,,PREMIUM,39.99,Active,,393.24
12906,6515,2026-06-07,,STANDARD,19.99,Active,,-85.29
12907,1303,2024-03-09,,STANDARD,19.99,Active,,461.1
12908,7932,2025-09-12,2027-03-02,BASIC,9.99,Churned,SERVICE-02,178.49
12909,7634,2024-04-20,,PREMIUM,39.99,Active,,866.45
12910,6229,2025-05-19,,STANDARD,19.99,Active,,170.58
12911,9859,2024-04-15,2025-03-27,PREMIUM,39.99,Churned,PRICE-02,461.22
12912,6210,2023-10-07,,BASIC,9.99,Active,,281.72
12913,7825,2024-06-05,,BASIC,9.99,Active,,201.13
12914,1847,2023-05-16,2023-12-22,BASIC,9.99,Churned,PRICE-02,73.26
12915,940,2023-05-15,2023-08-24,PREMIUM,39.99,Churned,COMP-01,134.63
12916,3752,2025-10-12,2027-09-05,PREMIUM,39.99,Churned,SERVICE-02,923.77
12917,2383,2024-01-05,,STANDARD,19.99,Active,,503.75
12918,3831,2023-03-30,,PREMIUM,39.99,Active,,1382.32
12919,3220,2026-01-29,,BASIC,9.99,Active,,0.33
12920,46,2023-10-16,,BASIC,9.99,Active,,278.72
12921,8040,2023-03-25,,BASIC,9.99,Active,,346.99
12922,6953,2023-12-03,,BASIC,9.99,Active,,262.74
12923,9495,2026-01-24,,STANDARD,19.99,Active,,4.0
12924,7228,2023-12-19,,PREMIUM,39.99,Active,,1030.41
12925,594,2025-07-03,,BASIC,9.99,Active,,70.26
12926,7494,2025-08-05,,PREMIUM,39.99,Active,,237.27
12927,3317,2023-12-04,2024-09-08,PREMIUM,39.99,Churned,PRICE-02,371.91
12928,2486,2024-06-19,,BASIC,9.99,Active,,196.47
12929,5062,2025-06-14,,BASIC,9.99,Active,,76.59
12930,2391,2025-06-12,,BASIC,9.99,Active,,77.26
12931,4391,2023-04-01,,BASIC,9.99,Active,,344.66
12932,5761,2024-03-29,,PREMIUM,39.99,Active,,895.78
12933,1278,2025-09-19,,PREMIUM,39.99,Active,,177.29
12934,1204,2026-02-04,,BASIC,9.99,Active,,-1.67
12935,2038,2023-12-25,,PREMIUM,39.99,Active,,1022.41
12936,989,2026-04-15,,BASIC,9.99,Active,,-24.98
12937,4065,2024-04-16,,PREMIUM,39.99,Active,,871.78
12938,147,2023-05-06,,STANDARD,19.99,Active,,666.33
12939,9340,2024-10-24,2026-08-01,STANDARD,19.99,Churned,SERVICE-01,430.45
12940,5377,2025-04-16,,PREMIUM,39.99,Active,,385.24
12941,6511,2023-07-14,,PREMIUM,39.99,Active,,1241.02
12942,5505,2024-11-24,2025-11-19,STANDARD,19.99,Churned,TECH-01,239.88
12943,2737,2023-11-21,2025-11-20,BASIC,9.99,Churned,TECH-01,243.09
12944,151,2023-09-27,2024-09-12,PREMIUM,39.99,Churned,COMP-01,467.88
12945,5560,2023-04-01,2024-10-16,STANDARD,19.99,Churned,SERVICE-02,375.81
12946,3867,2026-06-22,,STANDARD,19.99,Active,,-95.29
12947,1033,2026-05-05,,PREMIUM,39.99,Active,,-126.64
12948,9722,2026-05-07,2026-07-11,STANDARD,19.99,Churned,SERVICE-02,43.31
12949,421,2026-03-11,2026-05-28,PREMIUM,39.99,Churned,COMP-01,103.97
12950,9575,2025-01-24,,PREMIUM,39.99,Active,,494.54
12951,5341,2024-09-10,2026-02-10,BASIC,9.99,Churned,SERVICE-02,172.49
12952,1437,2026-06-11,2028-01-16,PREMIUM,39.99,Churned,PROD-01,778.47
12953,8786,2026-04-03,,BASIC,9.99,Active,,-20.98
12954,2540,2025-01-21,,STANDARD,19.99,Active,,249.21
12955,4492,2025-04-04,2026-01-30,BASIC,9.99,Churned,PRICE-02,100.23
12956,4388,2025-01-17,2025-03-07,BASIC,9.99,Churned,TECH-01,16.32
12957,4230,2023-08-10,,PREMIUM,39.99,Active,,1205.03
12958,4779,2023-09-25,,PREMIUM,39.99,Active,,1143.71
12959,9824,2024-06-04,,PREMIUM,39.99,Active,,806.47
12960,8349,2025-09-29,,BASIC,9.99,Active,,40.96
12961,5990,2024-04-29,,PREMIUM,39.99,Active,,854.45
12962,4582,2023-03-23,,PREMIUM,39.99,Active,,1391.65
12963,4574,2026-04-11,,STANDARD,19.99,Active,,-47.31
12964,7982,2026-04-06,,BASIC,9.99,Active,,-21.98
12965,7361,2026-03-29,,STANDARD,19.99,Active,,-38.65
12966,7168,2023-01-31,,BASIC,9.99,Active,,364.63
12967,5951,2024-01-19,2024-04-27,PREMIUM,39.99,Churned,PROD-01,131.97
12968,9628,2023-05-13,,BASIC,9.99,Active,,330.67
12969,6337,2024-05-30,,BASIC,9.99,Active,,203.13
12970,2638,2023-01-30,,PREMIUM,39.99,Active,,1460.97
12971,7763,2024-09-14,,PREMIUM,39.99,Active,,670.5
12972,2661,2023-04-09,,STANDARD,19.99,Active,,684.32
12973,8027,2024-05-09,,STANDARD,19.99,Active,,420.46
12974,9297,2023-10-06,,STANDARD,19.99,Active,,564.38
12975,4574,2025-08-07,,PREMIUM,39.99,Active,,234.61
12976,1494,2025-12-01,,PREMIUM,39.99,Active,,79.98
12977,4920,2024-01-31,2025-03-07,STANDARD,19.99,Churned,PRICE-02,267.2
12978,7274,2023-03-27,,BASIC,9.99,Active,,346.32
12979,2523,2023-05-03,2025-02-14,BASIC,9.99,Churned,PRICE-02,217.45
12980,9805,2025-12-07,2027-10-15,PREMIUM,39.99,Churned,PROD-01,902.44
12981,9947,2025-01-08,,STANDARD,19.99,Active,,257.87
12982,97,2025-02-12,2026-07-21,STANDARD,19.99,Churned,PROD-01,349.16
12983,7507,2025-12-21,,BASIC,9.99,Active,,13.32
12984,1508,2024-07-16,,STANDARD,19.99,Active,,375.15
12985,8902,2024-05-06,,PREMIUM,39.99,Active,,845.12
12986,2696,2025-05-01,2027-01-22,BASIC,9.99,Churned,PROD-01,210.12
12987,3376,2023-04-19,,STANDARD,19.99,Active,,677.66
12988,5489,2023-04-13,,STANDARD,19.99,Active,,681.66
12989,6903,2026-05-18,2026-12-30,STANDARD,19.99,Churned,SERVICE-01,150.59
12990,6663,2026-03-27,2028-01-13,STANDARD,19.99,Churned,TECH-01,437.78
12991,8041,2024-03-28,,BASIC,9.99,Active,,224.11
12992,3366,2023-03-12,,PREMIUM,39.99,Active,,1406.32
12993,1504,2023-01-10,2023-05-14,BASIC,9.99,Churned,PRICE-01,41.29
12994,319,2024-02-27,,BASIC,9.99,Active,,234.1
12995,526,2024-01-02,,BASIC,9.99,Active,,252.75
12996,8391,2023-05-11,,PREMIUM,39.99,Active,,1326.34
12997,5932,2023-12-12,,PREMIUM,39.99,Active,,1039.74
12998,6810,2024-03-11,,BASIC,9.99,Active,,229.77
12999,2261,2025-08-15,2026-05-25,PREMIUM,39.99,Churned,SERVICE-01,377.24
13000,4406,2025-08-02,,BASIC,9.99,Active,,60.27
13001,8798,2025-03-25,,PREMIUM,39.99,Active,,414.56
13002,1461,2024-02-29,2025-06-28,STANDARD,19.99,Churned,PRICE-02,323.17
13003,979,2024-05-21,,STANDARD,19.99,Active,,412.46
13004,4909,2024-12-03,,STANDARD,19.99,Active,,281.86
13005,2294,2023-08-28,,STANDARD,19.99,Active,,590.37
13006,4234,2024-02-08,,BASIC,9.99,Active,,240.43
13007,1826,2023-10-03,,STANDARD,19.99,Active,,566.38
13008,9192,2024-03-18,2025-07-17,BASIC,9.99,Churned,SERVICE-01,161.84
13009,1961,2025-03-03,2025-08-17,PREMIUM,39.99,Churned,TECH-01,222.61
13010,8359,2025-12-25,,STANDARD,19.99,Active,,23.99
13011,4175,2025-06-11,,PREMIUM,39.99,Active,,310.59
13012,5688,2025-12-17,,PREMIUM,39.99,Active,,58.65
13013,9243,2024-03-17,,STANDARD,19.99,Active,,455.77
13014,7810,2025-12-11,2027-01-29,BASIC,9.99,Churned,PRICE-01,137.86
13015,9968,2025-09-29,2027-03-08,STANDARD,19.99,Churned,PROD-01,349.82
13016,1205,2025-02-02,,PREMIUM,39.99,Active,,482.55
13017,7305,2025-01-10,,PREMIUM,39.99,Active,,513.21
13018,5635,2026-06-02,2026-10-31,STANDARD,19.99,Churned,PRICE-01,100.62
13019,8450,2023-02-17,2024-08-10,STANDARD,19.99,Churned,SERVICE-02,359.82
13020,2737,2025-12-12,,PREMIUM,39.99,Active,,65.32
13021,4247,2026-02-17,2027-12-18,PREMIUM,39.99,Churned,SERVICE-02,891.78
13022,1523,2023-06-26,2024-12-01,STANDARD,19.99,Churned,TECH-01,349.16
13023,1311,2024-02-06,,BASIC,9.99,Active,,241.09
13024,7181,2025-01-04,2026-11-26,STANDARD,19.99,Churned,PRICE-02,460.44
13025,245,2024-10-09,2025-03-02,PREMIUM,39.99,Churned,TECH-01,191.95
13026,5879,2026-05-11,,STANDARD,19.99,Active,,-67.3
13027,167,2026-06-28,,STANDARD,19.99,Active,,-99.28
13028,3077,2023-08-13,,BASIC,9.99,Active,,300.03
13029,3293,2025-03-19,,STANDARD,19.99,Active,,211.23
13030,7979,2024-03-13,2025-08-20,STANDARD,19.99,Churned,SERVICE-01,349.82
13031,6712,2023-01-30,2024-03-23,STANDARD,19.99,Churned,SERVICE-01,278.53
13032,4918,2023-07-18,,BASIC,9.99,Active,,308.69
13033,9894,2023-02-08,,PREMIUM,39.99,Active,,1448.97
13034,6418,2025-09-07,,STANDARD,19.99,Active,,96.62
13035,992,2025-06-18,,STANDARD,19.99,Active,,150.59
13036,3221,2026-03-10,2026-06-12,BASIC,9.99,Churned,SERVICE-01,31.3
13037,4393,2024-02-26,2024-06-08,PREMIUM,39.99,Churned,PRICE-01,137.3
13038,2605,2025-04-15,,PREMIUM,39.99,Active,,386.57
13039,615,2024-04-15,,PREMIUM,39.99,Active,,873.12
13040,7755,2023-12-09,2024-11-16,STANDARD,19.99,Churned,PRICE-02,228.55
13041,6237,2023-08-19,,PREMIUM,39.99,Active,,1193.04
13042,3691,2024-02-11,,STANDARD,19.99,Active,,479.09
13043,5283,2024-09-30,2025-08-28,PREMIUM,39.99,Churned,PRICE-01,442.56
13044,7059,2023-10-08,,PREMIUM,39.99,Active,,1126.38
13045,9202,2023-04-20,,PREMIUM,39.99,Active,,1354.33
13046,8522,2024-06-28,,PREMIUM,39.99,Active,,774.47
13047,3315,2023-12-22,2024-06-12,STANDARD,19.99,Churned,TECH-01,115.28
13048,4154,2024-03-20,,STANDARD,19.99,Active,,453.77
13049,4463,2026-01-09,2026-03-21,STANDARD,19.99,Churned,PRICE-02,47.31
13050,1098,2025-12-13,,PREMIUM,39.99,Active,,63.98
13051,7350,2026-02-20,,BASIC,9.99,Active,,-6.99
13052,3315,2024-09-02,2025-06-04,PREMIUM,39.99,Churned,PROD-01,366.57
13053,6995,2025-06-24,2027-03-10,PREMIUM,39.99,Churned,SERVICE-02,831.79
13054,7394,2024-01-19,,PREMIUM,39.99,Active,,989.09
13055,278,2025-07-27,,PREMIUM,39.99,Active,,249.27
13056,2960,2025-03-16,2025-08-28,PREMIUM,39.99,Churned,TECH-01,219.95
13057,146,2024-04-17,,PREMIUM,39.99,Active,,870.45
13058,9377,2024-08-09,,STANDARD,19.99,Active,,359.15
13059,2651,2026-04-26,,PREMIUM,39.99,Active,,-114.64
13060,7730,2023-02-06,,PREMIUM,39.99,Active,,1451.64
13061,1716,2025-11-25,,STANDARD,19.99,Active,,43.98
13062,9350,2024-03-02,,BASIC,9.99,Active,,232.77
13063,4886,2024-04-27,,STANDARD,19.99,Active,,428.45
13064,8868,2024-03-26,2026-03-03,PREMIUM,39.99,Churned,PRICE-01,942.43
13065,1548,2024-05-01,,PREMIUM,39.99,Active,,851.79
13066,3636,2025-04-15,,PREMIUM,39.99,Active,,386.57
13067,3896,2025-08-02,2026-07-21,STANDARD,19.99,Churned,PRICE-02,235.22
13068,4886,2024-04-13,,BASIC,9.99,Active,,218.78
13069,1355,2023-08-10,2024-05-21,BASIC,9.99,Churned,PROD-01,94.91
13070,6219,2025-01-10,,PREMIUM,39.99,Active,,513.21
13071,6934,2023-01-24,,PREMIUM,39.99,Active,,1468.97
13072,3248,2024-03-15,,BASIC,9.99,Active,,228.44
13073,4387,2026-06-28,2028-04-06,STANDARD,19.99,Churned,PRICE-02,431.78
13074,9451,2023-10-06,,PREMIUM,39.99,Active,,1129.05
13075,953,2024-09-25,2026-02-26,PREMIUM,39.99,Churned,PRICE-01,691.83
13076,8642,2024-12-31,,BASIC,9.99,Active,,131.53
13077,4523,2023-05-24,,BASIC,9.99,Active,,327.01
13078,5287,2025-05-18,,BASIC,9.99,Active,,85.58
13079,8321,2023-12-23,2025-11-03,STANDARD,19.99,Churned,TECH-01,453.77
13080,4127,2023-09-18,,STANDARD,19.99,Active,,576.38
13081,9141,2024-06-13,,BASIC,9.99,Active,,198.47
13082,3232,2025-06-25,,PREMIUM,39.99,Active,,291.93
13083,6935,2023-05-06,2023-09-02,STANDARD,19.99,Churned,PRICE-02,79.29
13084,8777,2024-03-23,,BASIC,9.99,Active,,225.77
13085,8647,2025-06-17,,STANDARD,19.99,Active,,151.26
13086,6363,2026-03-05,,STANDARD,19.99,Active,,-22.66
13087,9335,2023-12-27,,BASIC,9.99,Active,,254.75
13088,224,2025-11-02,,STANDARD,19.99,Active,,59.3
13089,2898,2024-05-30,,STANDARD,19.99,Active,,406.46
13090,6580,2024-04-21,2024-05-22,BASIC,9.99,Churned,PROD-01,10.32
13091,6968,2025-06-23,2025-09-24,PREMIUM,39.99,Churned,PRICE-02,123.97
13092,5921,2025-04-27,2026-06-28,PREMIUM,39.99,Churned,TECH-01,569.19
13093,6265,2023-05-08,2023-11-07,PREMIUM,39.99,Churned,PROD-01,243.94
13094,4661,2024-11-02,,BASIC,9.99,Active,,151.18
13095,3438,2026-06-08,,PREMIUM,39.99,Active,,-171.96
13096,3793,2023-04-30,2024-08-06,STANDARD,19.99,Churned,PRICE-01,309.18
13097,1763,2023-07-16,,STANDARD,19.99,Active,,619.02
13098,5917,2023-10-17,,BASIC,9.99,Active,,278.39
13099,7239,2024-01-30,,STANDARD,19.99,Active,,487.09
13100,8569,2026-05-11,,PREMIUM,39.99,Active,,-134.63
13101,6725,2026-02-15,,STANDARD,19.99,Active,,-10.66
13102,3781,2023-06-21,2024-06-05,BASIC,9.99,Churned,SERVICE-01,116.55
13103,8009,2024-12-19,,PREMIUM,39.99,Active,,542.53
13104,292,2025-02-23,,PREMIUM,39.99,Active,,454.55
13105,7429,2023-12-22,,PREMIUM,39.99,Active,,1026.41
13106,7701,2023-12-23,,STANDARD,19.99,Active,,512.41
13107,4649,2024-11-04,,BASIC,9.99,Active,,150.52
13108,1187,2024-09-03,,PREMIUM,39.99,Active,,685.16
13109,1723,2023-01-31,,PREMIUM,39.99,Active,,1459.63
13110,2415,2024-11-26,,STANDARD,19.99,Active,,286.52
13111,8774,2026-05-03,,STANDARD,19.99,Active,,-61.97
13112,3520,2025-05-01,2027-03-10,PREMIUM,39.99,Churned,PRICE-02,903.77
13113,5342,2023-04-25,2023-11-27,BASIC,9.99,Churned,TECH-01,71.93
13114,208,2026-03-12,,STANDARD,19.99,Active,,-27.32
13115,2511,2026-03-12,,BASIC,9.99,Active,,-13.65
13116,2158,2025-06-12,,STANDARD,19.99,Active,,154.59
13117,4174,2023-02-24,,STANDARD,19.99,Active,,713.64
13118,8006,2023-10-08,,STANDARD,19.99,Active,,563.05
13119,4892,2024-01-30,,PREMIUM,39.99,Active,,974.42
13120,9037,2023-09-15,,STANDARD,19.99,Active,,578.38
13121,9030,2024-05-19,2025-10-15,PREMIUM,39.99,Churned,COMP-01,685.16
13122,8307,2025-12-26,,PREMIUM,39.99,Active,,46.66
13123,3212,2025-02-07,,PREMIUM,39.99,Active,,475.88
13124,2556,2023-05-06,,PREMIUM,39.99,Active,,1333.0
13125,6026,2024-01-08,2025-12-14,STANDARD,19.99,Churned,PRICE-01,470.43
13126,2223,2024-12-11,,STANDARD,19.99,Active,,276.53
13127,2085,2025-01-20,,STANDARD,19.99,Active,,249.87
13128,360,2024-02-17,,BASIC,9.99,Active,,237.43
13129,6248,2025-09-23,,PREMIUM,39.99,Active,,171.96
13130,6975,2023-08-31,2023-12-21,STANDARD,19.99,Churned,SERVICE-02,74.63
13131,4376,2023-08-07,,PREMIUM,39.99,Active,,1209.03
13132,9728,2025-08-13,,PREMIUM,39.99,Active,,226.61
13133,3587,2024-04-15,,BASIC,9.99,Active,,218.11
13134,9165,2025-01-15,,STANDARD,19.99,Active,,253.21
13135,8340,2024-07-28,2025-02-07,BASIC,9.99,Churned,PROD-01,64.6
13136,1006,2025-11-26,2027-10-21,STANDARD,19.99,Churned,PROD-01,462.44
13137,7191,2026-01-07,2026-12-17,PREMIUM,39.99,Churned,SERVICE-02,458.55
13138,7863,2025-03-20,2025-11-01,PREMIUM,39.99,Churned,TECH-01,301.26
13139,1530,2023-03-31,,BASIC,9.99,Active,,344.99
13140,9778,2023-03-22,,BASIC,9.99,Active,,347.99
13141,2324,2025-01-11,,BASIC,9.99,Active,,127.87
13142,8111,2023-05-13,,PREMIUM,39.99,Active,,1323.67
13143,2717,2023-12-20,,STANDARD,19.99,Active,,514.41
13144,8393,2024-02-01,2025-09-03,STANDARD,19.99,Churned,SERVICE-02,386.47
13145,3199,2024-03-13,2024-09-05,BASIC,9.99,Churned,PRICE-02,58.61
13146,1163,2025-08-24,2027-08-09,STANDARD,19.99,Churned,SERVICE-01,476.43
13147,790,2026-04-21,2027-09-04,STANDARD,19.99,Churned,PROD-01,333.83
13148,9057,2024-05-11,,BASIC,9.99,Active,,209.46
13149,9239,2025-09-27,2026-07-31,PREMIUM,39.99,Churned,PRICE-01,409.23
13150,2602,2023-11-14,,STANDARD,19.99,Active,,538.4
13151,9125,2023-12-03,,PREMIUM,39.99,Active,,1051.74
13152,7407,2026-05-26,,BASIC,9.99,Active,,-38.63
13153,3865,2024-03-25,,BASIC,9.99,Active,,225.11
13154,8421,2025-08-04,,STANDARD,19.99,Active,,119.27
13155,9784,2026-04-24,,BASIC,9.99,Active,,-27.97
13156,8458,2024-01-26,,PREMIUM,39.99,Active,,979.75
13157,1736,2025-11-10,,PREMIUM,39.99,Active,,107.97
13158,4379,2025-09-22,2026-03-12,STANDARD,19.99,Churned,PRICE-02,113.94
13159,2753,2025-01-08,,BASIC,9.99,Active,,128.87
13160,7433,2024-04-17,,PREMIUM,39.99,Active,,870.45
13161,9430,2024-04-27,,STANDARD,19.99,Active,,428.45
13162,6503,2023-05-18,,STANDARD,19.99,Active,,658.34
13163,425,2025-09-25,2027-01-31,STANDARD,19.99,Churned,TECH-01,328.5
13164,3587,2024-09-29,2025-09-24,PREMIUM,39.99,Churned,SERVICE-01,479.88
13165,4208,2026-05-22,2027-06-19,STANDARD,19.99,Churned,SERVICE-02,261.87
13166,8462,2024-09-18,,PREMIUM,39.99,Active,,665.17
13167,5374,2024-05-14,,STANDARD,19.99,Active,,417.12
13168,7937,2023-08-18,2025-04-14,BASIC,9.99,Churned,TECH-01,201.47
13169,5474,2023-01-01,,PREMIUM,39.99,Active,,1499.62
13170,7060,2024-09-14,,PREMIUM,39.99,Active,,670.5
13171,7975,2024-10-31,,BASIC,9.99,Active,,151.85
13172,9117,2023-10-08,,STANDARD,19.99,Active,,563.05
13173,5860,2025-06-09,,STANDARD,19.99,Active,,156.59
13174,8457,2023-11-26,,PREMIUM,39.99,Active,,1061.07
13175,6053,2025-12-27,,STANDARD,19.99,Active,,22.66
13176,6953,2024-04-11,,BASIC,9.99,Active,,219.45
13177,6825,2025-05-15,2026-05-04,STANDARD,19.99,Churned,COMP-01,235.88
13178,8065,2023-02-20,,BASIC,9.99,Active,,357.98
13179,2659,2023-11-26,,PREMIUM,39.99,Active,,1061.07
13180,3101,2024-04-28,,PREMIUM,39.99,Active,,855.79
13181,1884,2023-04-18,,PREMIUM,39.99,Active,,1356.99
13182,7295,2026-05-20,,BASIC,9.99,Active,,-36.63
13183,3721,2024-10-23,,BASIC,9.99,Active,,154.51
13184,573,2025-08-23,,PREMIUM,39.99,Active,,213.28
13185,6565,2026-02-03,,PREMIUM,39.99,Active,,-5.33
13186,3545,2026-01-23,,STANDARD,19.99,Active,,4.66
13187,2123,2023-06-02,,STANDARD,19.99,Active,,648.34
13188,7542,2023-03-10,,BASIC,9.99,Active,,351.98
13189,8077,2025-05-05,,BASIC,9.99,Active,,89.91
13190,8020,2023-02-07,,PREMIUM,39.99,Active,,1450.3
13191,752,2025-07-19,2026-01-06,PREMIUM,39.99,Churned,SERVICE-01,227.94
13192,3962,2023-11-27,,BASIC,9.99,Active,,264.74
13193,5620,2024-10-30,,BASIC,9.99,Active,,152.18
13194,4358,2024-08-01,,PREMIUM,39.99,Active,,729.15
13195,4087,2025-11-15,,PREMIUM,39.99,Active,,101.31
13196,8885,2023-03-11,,BASIC,9.99,Active,,351.65
13197,1300,2024-03-17,2025-11-22,BASIC,9.99,Churned,SERVICE-02,204.8
13198,2453,2023-03-05,2025-01-05,STANDARD,19.99,Churned,TECH-01,447.78
13199,1126,2025-01-31,,STANDARD,19.99,Active,,242.55
13200,2124,2025-08-17,2026-08-06,PREMIUM,39.99,Churned,SERVICE-01,471.88
13201,9169,2023-05-10,,PREMIUM,39.99,Active,,1327.67
13202,878,2025-03-08,,BASIC,9.99,Active,,109.22
13203,2069,2026-04-25,2026-09-18,BASIC,9.99,Churned,TECH-01,48.62
13204,3613,2025-05-23,,PREMIUM,39.99,Active,,335.92
13205,667,2026-01-11,,STANDARD,19.99,Active,,12.66
13206,4332,2024-08-03,,BASIC,9.99,Active,,181.49
13207,6505,2025-09-04,,BASIC,9.99,Active,,49.28
13208,8050,2024-06-05,,STANDARD,19.99,Active,,402.47
13209,4332,2024-08-02,,PREMIUM,39.99,Active,,727.82
13210,5976,2023-06-20,,PREMIUM,39.99,Active,,1273.02
13211,5337,2023-01-12,,PREMIUM,39.99,Active,,1484.96
13212,8121,2024-07-19,2026-05-26,PREMIUM,39.99,Churned,PROD-01,901.11
13213,9533,2023-08-13,,PREMIUM,39.99,Active,,1201.03
13214,2606,2023-04-08,,BASIC,9.99,Active,,342.32
13215,7165,2025-02-08,2025-09-02,STANDARD,19.99,Churned,COMP-01,137.26
13216,7481,2024-09-05,2026-07-12,PREMIUM,39.99,Churned,PRICE-02,899.78
13217,2538,2023-12-12,,STANDARD,19.99,Active,,519.74
13218,7266,2023-08-15,,STANDARD,19.99,Active,,599.03
13219,9792,2025-10-27,2027-02-03,PREMIUM,39.99,Churned,TECH-01,618.51
13220,7908,2026-04-10,,STANDARD,19.99,Active,,-46.64
13221,6763,2024-12-13,2025-01-19,BASIC,9.99,Churned,PRICE-02,12.32
13222,7948,2023-03-01,2024-10-15,BASIC,9.99,Churned,PROD-01,197.8
13223,1034,2023-06-02,,BASIC,9.99,Active,,324.01
13224,9703,2024-12-16,,BASIC,9.99,Active,,136.53
13225,7938,2023-06-09,,STANDARD,19.99,Active,,643.68
13226,91,2024-10-20,,PREMIUM,39.99,Active,,622.51
13227,7925,2026-01-09,,BASIC,9.99,Active,,6.99
13228,1118,2023-10-22,,STANDARD,19.99,Active,,553.72
13229,4250,2025-06-23,2025-08-27,STANDARD,19.99,Churned,PRICE-01,43.31
13230,4467,2025-10-13,,PREMIUM,39.99,Active,,145.3
13231,2298,2023-02-04,2025-01-06,BASIC,9.99,Churned,SERVICE-02,233.77
13232,9940,2023-02-26,,PREMIUM,39.99,Active,,1424.98
13233,8743,2025-09-26,2027-09-07,STANDARD,19.99,Churned,PROD-01,473.76
13234,7224,2026-02-14,,STANDARD,19.99,Active,,-9.99
13235,1428,2024-08-16,,STANDARD,19.99,Active,,354.49
13236,7036,2025-06-30,2026-02-16,STANDARD,19.99,Churned,SERVICE-02,153.92
13237,7949,2024-11-15,2026-11-12,STANDARD,19.99,Churned,SERVICE-02,484.42
13238,9370,2023-11-01,,STANDARD,19.99,Active,,547.06
13239,7457,2023-07-03,,PREMIUM,39.99,Active,,1255.69
13240,2064,2026-05-31,,PREMIUM,39.99,Active,,-161.29
13241,838,2026-05-27,,PREMIUM,39.99,Active,,-155.96
13242,3629,2023-08-29,,PREMIUM,39.99,Active,,1179.71
13243,577,2024-08-24,,BASIC,9.99,Active,,174.49
13244,3617,2025-07-16,,BASIC,9.99,Active,,65.93
13245,7290,2025-05-09,2026-03-10,PREMIUM,39.99,Churned,PRICE-01,406.56
13246,4335,2024-08-29,,PREMIUM,39.99,Active,,691.83
13247,2692,2024-09-19,,STANDARD,19.99,Active,,331.83
13248,7142,2025-02-04,2025-03-26,STANDARD,19.99,Churned,TECH-01,33.32
13249,6635,2023-02-01,,STANDARD,19.99,Active,,728.97
13250,6166,2024-01-28,,STANDARD,19.99,Active,,488.42
13251,7633,2026-06-21,,PREMIUM,39.99,Active,,-189.29
13252,6967,2023-10-20,,STANDARD,19.99,Active,,555.06
13253,180,2025-05-29,,BASIC,9.99,Active,,81.92
13254,1703,2023-09-27,2025-02-20,BASIC,9.99,Churned,SERVICE-01,170.5
13255,8704,2023-06-22,,PREMIUM,39.99,Active,,1270.35
13256,781,2024-09-30,,STANDARD,19.99,Active,,324.5
13257,7284,2024-05-08,,STANDARD,19.99,Active,,421.12
13258,8846,2024-03-02,2024-10-27,BASIC,9.99,Churned,PROD-01,79.59
13259,1515,2024-04-17,,BASIC,9.99,Active,,217.45
13260,8363,2025-11-21,2026-05-26,STANDARD,19.99,Churned,COMP-01,123.94
13261,7008,2024-12-16,,STANDARD,19.99,Active,,273.2
13262,3561,2025-11-11,,PREMIUM,39.99,Active,,106.64
13263,6687,2023-07-27,2023-12-20,BASIC,9.99,Churned,PRICE-02,48.62
13264,9651,2026-02-13,,STANDARD,19.99,Active,,-9.33
13265,3770,2023-03-20,,STANDARD,19.99,Active,,697.65
13266,4387,2024-05-26,,PREMIUM,39.99,Active,,818.46
13267,6589,2026-01-30,,PREMIUM,39.99,Active,,0.0
13268,5891,2026-06-22,,PREMIUM,39.99,Active,,-190.62
13269,8385,2024-07-13,2026-01-01,BASIC,9.99,Churned,TECH-01,178.82
13270,8275,2025-09-01,,STANDARD,19.99,Active,,100.62
13271,7817,2025-03-15,,PREMIUM,39.99,Active,,427.89
13272,8968,2024-03-11,2025-07-21,PREMIUM,39.99,Churned,TECH-01,662.5
13273,3683,2024-11-05,,STANDARD,19.99,Active,,300.52
13274,1727,2024-04-18,,BASIC,9.99,Active,,217.12
13275,3286,2026-01-11,2027-02-10,STANDARD,19.99,Churned,COMP-01,263.2
13276,3857,2025-10-13,2026-10-13,PREMIUM,39.99,Churned,PRICE-02,486.55
13277,5297,2024-07-13,,PREMIUM,39.99,Active,,754.48
13278,429,2025-01-27,,PREMIUM,39.99,Active,,490.54
13279,1400,2025-05-15,,PREMIUM,39.99,Active,,346.58
13280,520,2025-07-21,,PREMIUM,39.99,Active,,257.27
13281,6623,2023-11-04,,BASIC,9.99,Active,,272.39
13282,1268,2023-06-24,,STANDARD,19.99,Active,,633.68
13283,5681,2024-08-07,,PREMIUM,39.99,Active,,721.15
13284,7416,2023-07-31,2024-07-20,BASIC,9.99,Churned,PRICE-01,118.22
13285,1497,2023-09-26,2025-04-09,BASIC,9.99,Churned,PRICE-01,186.81
13286,184,2025-08-25,,STANDARD,19.99,Active,,105.28
13287,9785,2024-06-11,,STANDARD,19.99,Active,,398.47
13288,7772,2025-05-26,,BASIC,9.99,Active,,82.92
13289,9870,2025-05-09,2027-04-14,BASIC,9.99,Churned,SERVICE-01,234.77
13290,2011,2024-08-04,,PREMIUM,39.99,Active,,725.15
13291,3910,2023-01-14,,STANDARD,19.99,Active,,740.96
13292,2491,2023-12-01,2025-04-16,BASIC,9.99,Churned,PRICE-01,167.17
13293,5711,2024-01-28,2024-06-28,PREMIUM,39.99,Churned,SERVICE-01,202.62
13294,1532,2025-10-17,2026-04-27,STANDARD,19.99,Churned,COMP-01,127.94
13295,5905,2025-11-28,,STANDARD,19.99,Active,,41.98
13296,9501,2025-02-07,,STANDARD,19.99,Active,,237.88
13297,7212,2024-01-23,,PREMIUM,39.99,Active,,983.75
13298,6710,2025-08-23,2025-10-23,PREMIUM,39.99,Churned,PRICE-02,81.31
13299,1921,2024-10-29,,BASIC,9.99,Active,,152.51
13300,8892,2025-10-29,2026-02-07,STANDARD,19.99,Churned,PROD-01,67.3
13301,1690,2025-02-07,2026-09-16,PREMIUM,39.99,Churned,PRICE-02,781.14
13302,9256,2023-10-08,2025-04-01,STANDARD,19.99,Churned,TECH-01,360.49
13303,5252,2024-09-04,2026-08-27,BASIC,9.99,Churned,PRICE-01,240.43
13304,2364,2024-10-20,,PREMIUM,39.99,Active,,622.51
13305,130,2025-08-17,,STANDARD,19.99,Active,,110.61
13306,277,2023-07-06,2024-12-26,PREMIUM,39.99,Churned,SERVICE-01,718.49
13307,6262,2025-06-14,,BASIC,9.99,Active,,76.59
13308,2001,2023-07-31,2024-06-29,STANDARD,19.99,Churned,PRICE-02,222.56
13309,3382,2025-03-29,,PREMIUM,39.99,Active,,409.23
13310,397,2025-12-14,,PREMIUM,39.99,Active,,62.65
13311,9678,2026-05-13,,BASIC,9.99,Active,,-34.3
13312,9822,2025-10-13,2026-07-01,PREMIUM,39.99,Churned,COMP-01,347.91
13313,770,2025-12-25,,STANDARD,19.99,Active,,23.99
13314,4607,2025-06-23,,BASIC,9.99,Active,,73.59
13315,3553,2024-09-08,,BASIC,9.99,Active,,169.5
13316,6463,2026-05-23,,STANDARD,19.99,Active,,-75.3
13317,809,2025-03-28,,PREMIUM,39.99,Active,,410.56
13318,6652,2024-07-09,2024-10-23,STANDARD,19.99,Churned,TECH-01,70.63
13319,1224,2026-06-08,,STANDARD,19.99,Active,,-85.96
13320,5826,2025-06-07,2026-12-20,BASIC,9.99,Churned,COMP-01,186.81
13321,6860,2024-04-04,,STANDARD,19.99,Active,,443.78
13322,3986,2025-01-23,2026-10-04,BASIC,9.99,Churned,SERVICE-01,206.13
13323,5626,2023-02-19,2023-10-11,BASIC,9.99,Churned,PROD-01,77.92
13324,7019,2023-10-23,2025-08-05,BASIC,9.99,Churned,PRICE-01,217.12
13325,3121,2023-04-09,,STANDARD,19.99,Active,,684.32
13326,6366,2024-02-07,,STANDARD,19.99,Active,,481.76
13327,8328,2023-07-23,,STANDARD,19.99,Active,,614.36
13328,2114,2025-08-11,,STANDARD,19.99,Active,,114.61
13329,6852,2025-08-01,,BASIC,9.99,Active,,60.61
13330,6832,2026-06-10,,BASIC,9.99,Active,,-43.62
13331,9232,2024-04-06,2025-07-23,STANDARD,19.99,Churned,PRICE-02,315.18
13332,6071,2025-11-28,2027-11-25,PREMIUM,39.99,Churned,PRICE-02,969.09
13333,5451,2026-04-17,2028-03-27,BASIC,9.99,Churned,TECH-01,236.43
13334,2748,2024-11-19,2025-09-13,STANDARD,19.99,Churned,TECH-01,198.57
13335,8628,2023-11-02,,BASIC,9.99,Active,,273.06
13336,6483,2024-09-23,2024-12-09,STANDARD,19.99,Churned,TECH-01,51.31
13337,9278,2025-12-09,2026-11-17,STANDARD,19.99,Churned,SERVICE-01,228.55
13338,9392,2023-04-12,,BASIC,9.99,Active,,340.99
13339,5215,2024-03-08,,STANDARD,19.99,Active,,461.77
13340,5532,2023-12-20,2025-04-26,PREMIUM,39.99,Churned,SERVICE-02,657.17
13341,4867,2023-01-02,2024-09-25,BASIC,9.99,Churned,PRICE-02,210.46
13342,2994,2026-04-27,,STANDARD,19.99,Active,,-57.97
13343,4210,2024-02-07,2025-09-17,PREMIUM,39.99,Churned,TECH-01,783.8
13344,7772,2025-04-12,,STANDARD,19.99,Active,,195.24
13345,927,2025-08-12,2027-06-10,PREMIUM,39.99,Churned,SERVICE-01,889.11
13346,8815,2023-01-09,2024-06-06,BASIC,9.99,Churned,PRICE-01,171.16
13347,6851,2023-10-13,2025-05-31,PREMIUM,39.99,Churned,SERVICE-02,794.47
13348,1832,2026-02-15,,BASIC,9.99,Active,,-5.33
13349,7562,2023-08-14,2025-02-16,BASIC,9.99,Churned,SERVICE-01,183.82
13350,8395,2023-09-08,,BASIC,9.99,Active,,291.38
13351,15,2023-12-06,,PREMIUM,39.99,Active,,1047.74
13352,6596,2025-10-11,,STANDARD,19.99,Active,,73.96
13353,380,2024-05-26,,BASIC,9.99,Active,,204.46
13354,8497,2025-08-11,,PREMIUM,39.99,Active,,229.28
13355,6702,2023-10-25,,PREMIUM,39.99,Active,,1103.72
13356,8752,2024-09-08,,STANDARD,19.99,Active,,339.16
13357,1465,2024-10-18,2026-05-06,STANDARD,19.99,Churned,PRICE-01,376.48
13358,4195,2024-01-04,,BASIC,9.99,Active,,252.08
13359,9995,2023-04-30,2025-04-25,PREMIUM,39.99,Churned,PRICE-01,967.76
13360,8371,2025-03-21,2026-06-21,STANDARD,19.99,Churned,SERVICE-02,304.51
13361,5472,2026-02-20,,BASIC,9.99,Active,,-6.99
13362,6906,2023-06-12,,STANDARD,19.99,Active,,641.68
13363,3431,2023-07-28,,PREMIUM,39.99,Active,,1222.36
13364,8147,2023-11-11,2025-04-02,BASIC,9.99,Churned,PROD-01,169.16
13365,8396,2026-04-13,2026-11-20,BASIC,9.99,Churned,COMP-01,73.59
13366,2574,2025-07-19,,PREMIUM,39.99,Active,,259.94
13367,3682,2025-01-10,,PREMIUM,39.99,Active,,513.21
13368,9479,2025-01-06,2026-08-06,PREMIUM,39.99,Churned,PROD-01,769.14
13369,8376,2024-02-13,2025-02-17,PREMIUM,39.99,Churned,PRICE-02,493.21
13370,7855,2025-03-23,,STANDARD,19.99,Active,,208.56
13371,6392,2026-02-25,,PREMIUM,39.99,Active,,-34.66
13372,4725,2024-01-21,,PREMIUM,39.99,Active,,986.42
13373,1178,2024-12-23,2026-07-24,BASIC,9.99,Churned,PROD-01,192.47
13374,3554,2023-09-10,,STANDARD,19.99,Active,,581.71
13375,5087,2024-03-30,2025-10-06,PREMIUM,39.99,Churned,SERVICE-02,739.82
13376,668,2026-05-29,2027-04-30,BASIC,9.99,Churned,PRICE-02,111.89
13377,5895,2025-09-07,,BASIC,9.99,Active,,48.28
13378,7132,2026-01-06,,PREMIUM,39.99,Active,,31.99
13379,830,2024-04-21,,PREMIUM,39.99,Active,,865.12
13380,288,2024-02-07,,STANDARD,19.99,Active,,481.76
13381,8843,2024-11-23,,STANDARD,19.99,Active,,288.52
13382,9376,2024-04-05,,STANDARD,19.99,Active,,443.11
13383,357,2024-08-13,2026-05-25,PREMIUM,39.99,Churned,PRICE-01,866.45
13384,8728,2025-08-20,,BASIC,9.99,Active,,54.28
13385,8657,2026-03-28,,PREMIUM,39.99,Active,,-75.98
13386,729,2024-11-03,,BASIC,9.99,Active,,150.85
13387,5791,2023-11-01,2025-04-04,BASIC,9.99,Churned,COMP-01,173.16
13388,578,2025-11-17,2027-03-21,STANDARD,19.99,Churned,PRICE-02,325.84
13389,79,2024-10-27,,PREMIUM,39.99,Active,,613.18
13390,7335,2026-02-09,,PREMIUM,39.99,Active,,-13.33
13391,9168,2024-05-17,,BASIC,9.99,Active,,207.46
13392,9018,2025-07-23,,BASIC,9.99,Active,,63.6
13393,6086,2026-04-21,,STANDARD,19.99,Active,,-53.97
13394,4422,2024-08-24,,BASIC,9.99,Active,,174.49
13395,3304,2025-05-20,,BASIC,9.99,Active,,84.92
13396,9587,2025-12-28,2026-07-05,PREMIUM,39.99,Churned,PRICE-01,251.94
13397,3351,2024-01-04,,PREMIUM,39.99,Active,,1009.08
13398,8708,2026-05-20,,BASIC,9.99,Active,,-36.63
13399,1386,2026-06-10,2028-04-16,STANDARD,19.99,Churned,SERVICE-01,450.44
13400,3477,2024-09-13,,BASIC,9.99,Active,,167.83
13401,2613,2023-11-16,,PREMIUM,39.99,Active,,1074.4
13402,8576,2023-03-20,2023-04-28,PREMIUM,39.99,Churned,SERVICE-02,51.99
13403,4802,2025-12-30,,STANDARD,19.99,Active,,20.66
13404,8943,2023-05-05,2023-11-17,STANDARD,19.99,Churned,SERVICE-01,130.6
13405,7361,2025-05-07,2027-02-22,PREMIUM,39.99,Churned,PROD-01,874.45
13406,4292,2025-12-29,,BASIC,9.99,Active,,10.66
13407,3313,2023-06-22,2023-11-09,STANDARD,19.99,Churned,COMP-01,93.29
13408,8908,2024-08-17,2025-09-30,BASIC,9.99,Churned,PRICE-02,136.2
13409,3842,2025-09-05,,BASIC,9.99,Active,,48.95
13410,1680,2023-07-10,,PREMIUM,39.99,Active,,1246.36
13411,2587,2026-01-27,2027-01-29,BASIC,9.99,Churned,SERVICE-01,122.21
13412,8702,2026-02-03,,STANDARD,19.99,Active,,-2.67
13413,9945,2023-08-04,,STANDARD,19.99,Active,,606.36
13414,7286,2025-03-21,2026-05-19,STANDARD,19.99,Churned,SERVICE-02,282.53
13415,4314,2023-09-07,2023-10-16,BASIC,9.99,Churned,PROD-01,12.99
13416,6226,2024-02-02,2024-10-10,BASIC,9.99,Churned,SERVICE-01,83.58
13417,6221,2024-08-23,,PREMIUM,39.99,Active,,699.83
13418,1050,2023-06-06,,BASIC,9.99,Active,,322.68
13419,3863,2025-10-18,,BASIC,9.99,Active,,34.63
13420,1161,2024-08-23,,BASIC,9.99,Active,,174.83
13421,5472,2024-05-01,,BASIC,9.99,Active,,212.79
13422,3059,2024-09-01,,STANDARD,19.99,Active,,343.83
13423,8366,2023-03-11,,STANDARD,19.99,Active,,703.65
13424,1613,2023-02-19,,STANDARD,19.99,Active,,716.97
13425,3566,2024-08-25,,STANDARD,19.99,Active,,348.49
13426,5644,2025-01-02,,STANDARD,19.99,Active,,261.87
13427,4450,2024-11-15,,BASIC,9.99,Active,,146.85
13428,7488,2023-02-16,,STANDARD,19.99,Active,,718.97
13429,5636,2024-01-25,,STANDARD,19.99,Active,,490.42
13430,7488,2024-12-06,,PREMIUM,39.99,Active,,559.86
13431,5233,2024-04-24,,STANDARD,19.99,Active,,430.45
13432,1279,2025-10-02,2026-06-19,STANDARD,19.99,Churned,SERVICE-01,173.25
13433,4372,2024-03-10,,STANDARD,19.99,Active,,460.44
13434,9073,2026-01-26,,STANDARD,19.99,Active,,2.67
13435,1352,2023-05-30,,BASIC,9.99,Active,,325.01
13436,5657,2024-05-07,2025-06-18,STANDARD,19.99,Churned,PRICE-02,271.2
13437,1022,2023-06-20,2024-06-17,PREMIUM,39.99,Churned,PRICE-02,483.88
13438,7646,2024-12-24,2025-10-27,BASIC,9.99,Churned,TECH-01,102.23
13439,8152,2025-07-11,,BASIC,9.99,Active,,67.6
13440,4155,2024-05-17,2025-08-11,BASIC,9.99,Churned,COMP-01,150.18
13441,2473,2026-05-27,,STANDARD,19.99,Active,,-77.96
13442,2094,2025-04-18,2025-11-07,PREMIUM,39.99,Churned,PROD-01,270.6
13443,7630,2025-01-03,,PREMIUM,39.99,Active,,522.54
13444,3801,2024-01-29,,BASIC,9.99,Active,,243.76
13445,6076,2026-01-24,,BASIC,9.99,Active,,2.0
13446,5465,2025-12-07,2027-08-07,STANDARD,19.99,Churned,PROD-01,405.13
13447,7186,2026-04-19,,STANDARD,19.99,Active,,-52.64
13448,2014,2023-03-14,2024-09-01,STANDARD,19.99,Churned,SERVICE-01,357.82
13449,5317,2023-11-06,,BASIC,9.99,Active,,271.73
13450,1613,2025-08-29,2027-06-04,PREMIUM,39.99,Churned,SERVICE-01,858.45
13451,4059,2023-03-22,2024-05-05,BASIC,9.99,Churned,SERVICE-02,136.53
13452,1196,2023-03-15,2024-03-06,PREMIUM,39.99,Churned,TECH-01,475.88
13453,1420,2024-08-12,,STANDARD,19.99,Active,,357.15
13454,7326,2024-04-03,,PREMIUM,39.99,Active,,889.11
13455,8965,2026-01-01,,PREMIUM,39.99,Active,,38.66
13456,4164,2023-07-11,,BASIC,9.99,Active,,311.02
13457,6207,2026-02-24,2026-04-17,BASIC,9.99,Churned,COMP-01,17.32
13458,9284,2025-06-21,2026-12-02,PREMIUM,39.99,Churned,SERVICE-01,705.16
13459,9064,2026-02-09,2027-01-22,STANDARD,19.99,Churned,PRICE-02,231.22
13460,725,2025-03-11,2026-02-09,PREMIUM,39.99,Churned,PROD-01,446.56
13461,9187,2025-04-10,,PREMIUM,39.99,Active,,393.24
13462,9377,2023-12-19,2024-12-24,PREMIUM,39.99,Churned,PRICE-01,494.54
13463,9928,2026-04-03,,BASIC,9.99,Active,,-20.98
13464,7290,2026-06-13,,BASIC,9.99,Active,,-44.62
13465,7780,2025-07-26,,BASIC,9.99,Active,,62.6
13466,5876,2025-08-06,2026-10-05,PREMIUM,39.99,Churned,PRICE-02,566.52
13467,6202,2026-01-16,,BASIC,9.99,Active,,4.66
13468,2949,2024-01-12,,STANDARD,19.99,Active,,499.08
13469,5826,2023-05-06,,BASIC,9.99,Active,,333.0
13470,4643,2025-11-21,,PREMIUM,39.99,Active,,93.31
13471,7583,2025-10-16,,STANDARD,19.99,Active,,70.63
13472,7572,2023-05-05,,BASIC,9.99,Active,,333.33
13473,7096,2025-01-19,,STANDARD,19.99,Active,,250.54
13474,5259,2025-03-19,2026-01-18,PREMIUM,39.99,Churned,PRICE-01,406.56
13475,8515,2025-06-01,2025-07-19,PREMIUM,39.99,Churned,COMP-01,63.98
13476,1855,2025-09-17,2026-07-20,PREMIUM,39.99,Churned,COMP-01,407.9
13477,7866,2023-05-01,2023-12-23,PREMIUM,39.99,Churned,COMP-01,314.59
13478,7799,2026-05-19,,PREMIUM,39.99,Active,,-145.3
13479,6240,2023-04-06,,STANDARD,19.99,Active,,686.32
13480,9424,2023-08-06,2025-06-26,BASIC,9.99,Churned,SERVICE-01,229.77
13481,2277,2023-06-14,,STANDARD,19.99,Active,,640.35
13482,7537,2026-02-06,,STANDARD,19.99,Active,,-4.66
13483,176,2023-08-21,2024-08-21,STANDARD,19.99,Churned,SERVICE-02,243.88
13484,1486,2026-05-18,,PREMIUM,39.99,Active,,-143.96
13485,7228,2024-09-30,,STANDARD,19.99,Active,,324.5
13486,1097,2023-02-18,2024-09-17,STANDARD,19.99,Churned,PROD-01,384.47
13487,7249,2023-05-29,,BASIC,9.99,Active,,325.34
13488,3801,2025-12-26,,BASIC,9.99,Active,,11.66
13489,8831,2023-07-27,2023-11-17,PREMIUM,39.99,Churned,COMP-01,150.63
13490,2905,2024-01-07,,BASIC,9.99,Active,,251.08
13491,3107,2023-03-14,,PREMIUM,39.99,Active,,1403.65
13492,6915,2025-02-26,2026-02-11,BASIC,9.99,Churned,TECH-01,116.55
13493,3797,2023-12-28,2025-01-02,BASIC,9.99,Churned,COMP-01,123.54
13494,7938,2026-05-23,2027-11-12,PREMIUM,39.99,Churned,PRICE-01,717.15
13495,2254,2024-08-15,,BASIC,9.99,Active,,177.49
13496,4344,2025-01-02,2025-12-16,STANDARD,19.99,Churned,PRICE-01,231.88
13497,6956,2023-01-04,,BASIC,9.99,Active,,373.63
13498,6252,2023-10-03,,PREMIUM,39.99,Active,,1133.05
13499,4388,2023-08-16,,STANDARD,19.99,Active,,598.37
13500,8293,2024-07-27,2024-09-25,BASIC,9.99,Churned,SERVICE-02,19.98
13501,4500,2025-09-14,,BASIC,9.99,Active,,45.95
13502,9623,2023-12-19,,BASIC,9.99,Active,,257.41
13503,5797,2023-03-17,,STANDARD,19.99,Active,,699.65
13504,2123,2025-12-24,2027-09-11,BASIC,9.99,Churned,SERVICE-02,208.46
13505,4350,2024-08-31,2026-02-07,BASIC,9.99,Churned,SERVICE-02,174.83
13506,2528,2024-11-13,,PREMIUM,39.99,Active,,590.52
13507,1177,2025-07-15,,PREMIUM,39.99,Active,,265.27
13508,3890,2024-10-27,,PREMIUM,39.99,Active,,613.18
13509,9073,2023-04-21,2025-01-15,BASIC,9.99,Churned,PRICE-02,211.46
13510,1121,2023-08-31,,STANDARD,19.99,Active,,588.37
13511,2531,2024-02-15,2024-07-26,PREMIUM,39.99,Churned,PROD-01,215.95
13512,4555,2024-11-07,2026-01-01,BASIC,9.99,Churned,SERVICE-01,139.86
13513,6645,2025-05-26,,STANDARD,19.99,Active,,165.92
13514,8321,2024-09-15,,PREMIUM,39.99,Active,,669.17
13515,9062,2026-04-16,,PREMIUM,39.99,Active,,-101.31
13516,7145,2024-01-11,,BASIC,9.99,Active,,249.75
13517,6243,2025-01-17,,BASIC,9.99,Active,,125.87
13518,5406,2025-10-05,,STANDARD,19.99,Active,,77.96
13519,9832,2025-06-27,,BASIC,9.99,Active,,72.26
13520,9154,2024-08-13,2025-05-22,BASIC,9.99,Churned,PRICE-01,93.91
13521,2426,2024-03-09,2025-08-15,STANDARD,19.99,Churned,SERVICE-02,349.16
13522,8169,2025-08-24,2026-04-09,STANDARD,19.99,Churned,TECH-01,151.92
13523,7178,2023-03-28,2024-11-13,PREMIUM,39.99,Churned,COMP-01,794.47
13524,327,2025-11-05,,BASIC,9.99,Active,,28.64
13525,8249,2026-04-06,2026-12-06,STANDARD,19.99,Churned,COMP-01,162.59
13526,4561,2024-05-08,,PREMIUM,39.99,Active,,842.46
13527,6039,2025-02-10,,PREMIUM,39.99,Active,,471.88
13528,9737,2025-09-23,2026-05-26,PREMIUM,39.99,Churned,TECH-01,326.58
13529,2153,2026-04-21,,BASIC,9.99,Active,,-26.97
13530,2762,2024-10-22,,STANDARD,19.99,Active,,309.84
13531,4488,2026-03-18,2026-10-03,BASIC,9.99,Churned,COMP-01,66.27
13532,9300,2025-06-27,,BASIC,9.99,Active,,72.26
13533,5473,2025-01-21,,BASIC,9.99,Active,,124.54
13534,5108,2024-09-30,,STANDARD,19.99,Active,,324.5
13535,8571,2024-05-21,,PREMIUM,39.99,Active,,825.13
13536,1161,2023-08-19,2025-05-16,STANDARD,19.99,Churned,SERVICE-01,423.79
13537,2978,2025-12-03,,STANDARD,19.99,Active,,38.65
13538,3612,2024-03-13,,STANDARD,19.99,Active,,458.44
13539,4713,2025-03-12,,PREMIUM,39.99,Active,,431.89
13540,6861,2023-10-30,,STANDARD,19.99,Active,,548.39
13541,7117,2025-02-28,2025-12-06,PREMIUM,39.99,Churned,COMP-01,374.57
13542,2854,2025-08-22,,PREMIUM,39.99,Active,,214.61
13543,3762,2024-01-25,,BASIC,9.99,Active,,245.09
13544,8788,2023-10-19,,BASIC,9.99,Active,,277.72
13545,6415,2023-08-31,,BASIC,9.99,Active,,294.04
13546,5856,2025-10-05,,BASIC,9.99,Active,,38.96
13547,1607,2024-02-03,,STANDARD,19.99,Active,,484.42
13548,7440,2024-09-08,,STANDARD,19.99,Active,,339.16
13549,6390,2023-09-09,2023-11-17,BASIC,9.99,Churned,PRICE-02,22.98
13550,5512,2024-12-27,,STANDARD,19.99,Active,,265.87
13551,1011,2024-12-02,,PREMIUM,39.99,Active,,565.19
13552,6270,2024-05-03,,PREMIUM,39.99,Active,,849.12
13553,9532,2023-07-29,2023-10-17,STANDARD,19.99,Churned,PRICE-01,53.31
13554,4186,2023-03-23,,STANDARD,19.99,Active,,695.65
13555,2481,2025-05-02,,STANDARD,19.99,Active,,181.91
13556,7352,2024-02-01,2025-11-23,PREMIUM,39.99,Churned,SERVICE-02,881.11
13557,6668,2024-06-28,,BASIC,9.99,Active,,193.47
13558,9114,2024-04-15,,BASIC,9.99,Active,,218.11
13559,9189,2023-05-23,2025-04-29,PREMIUM,39.99,Churned,PROD-01,942.43
13560,9135,2024-02-03,2024-07-26,BASIC,9.99,Churned,COMP-01,57.94
13561,1095,2025-05-08,,BASIC,9.99,Active,,88.91
13562,1758,2024-11-11,,STANDARD,19.99,Active,,296.52
13563,8911,2025-09-21,2026-10-13,BASIC,9.99,Churned,SERVICE-02,128.87
13564,5264,2023-02-17,,PREMIUM,39.99,Active,,1436.97
13565,9017,2025-08-03,,BASIC,9.99,Active,,59.94
13566,6954,2024-03-21,,BASIC,9.99,Active,,226.44
13567,1736,2025-03-22,,STANDARD,19.99,Active,,209.23
13568,1329,2025-04-11,,PREMIUM,39.99,Active,,391.9
13569,3971,2023-05-22,,BASIC,9.99,Active,,327.67
13570,7287,2024-02-12,,STANDARD,19.99,Active,,478.43
13571,6352,2025-01-16,,BASIC,9.99,Active,,126.21
13572,8532,2026-02-18,,BASIC,9.99,Active,,-6.33
13573,7798,2025-04-21,,PREMIUM,39.99,Active,,378.57
13574,2036,2026-02-07,,STANDARD,19.99,Active,,-5.33
13575,8826,2024-04-20,,STANDARD,19.99,Active,,433.12
13576,4255,2023-10-12,,STANDARD,19.99,Active,,560.39
13577,6709,2024-11-20,,STANDARD,19.99,Active,,290.52
13578,86,2024-08-03,,STANDARD,19.99,Active,,363.15
13579,9263,2023-10-20,2025-03-17,STANDARD,19.99,Churned,SERVICE-01,342.5
13580,6022,2023-08-13,2024-10-04,STANDARD,19.99,Churned,PROD-01,278.53
13581,7161,2023-08-22,,STANDARD,19.99,Active,,594.37
13582,1118,2024-05-14,2025-06-15,STANDARD,19.99,Churned,SERVICE-02,264.53
13583,244,2023-11-09,,PREMIUM,39.99,Active,,1083.73
13584,846,2025-01-20,2026-09-16,STANDARD,19.99,Churned,TECH-01,402.47
13585,4579,2024-11-10,,STANDARD,19.99,Active,,297.18
13586,7572,2023-06-29,2024-02-28,STANDARD,19.99,Churned,COMP-01,162.59
13587,9052,2024-12-26,,PREMIUM,39.99,Active,,533.2
13588,8610,2024-04-06,,PREMIUM,39.99,Active,,885.11
13589,727,2026-04-08,,BASIC,9.99,Active,,-22.64
13590,6546,2025-05-12,,BASIC,9.99,Active,,87.58
13591,9225,2023-12-29,2025-01-01,STANDARD,19.99,Churned,PRICE-02,245.88
13592,2463,2025-08-24,,PREMIUM,39.99,Active,,211.95
13593,1420,2025-10-16,2027-05-04,STANDARD,19.99,Churned,SERVICE-01,376.48
13594,1459,2024-05-30,,STANDARD,19.99,Active,,406.46
13595,6599,2025-08-18,2025-12-22,STANDARD,19.99,Churned,TECH-01,83.96
13596,8001,2025-03-28,,STANDARD,19.99,Active,,205.23
13597,3080,2024-09-14,,BASIC,9.99,Active,,167.5
13598,6705,2024-07-13,,PREMIUM,39.99,Active,,754.48
13599,9501,2025-08-06,2025-12-22,STANDARD,19.99,Churned,PROD-01,91.95
13600,9933,2024-01-24,,STANDARD,19.99,Active,,491.09
13601,864,2024-03-26,,BASIC,9.99,Active,,224.78
13602,3777,2025-08-29,,BASIC,9.99,Active,,51.28
13603,2058,2024-08-17,,STANDARD,19.99,Active,,353.82
13604,6131,2025-11-06,,BASIC,9.99,Active,,28.31
13605,2403,2024-09-07,2025-09-08,BASIC,9.99,Churned,SERVICE-01,121.88
13606,7209,2025-09-07,,PREMIUM,39.99,Active,,193.28
13607,8655,2023-01-05,2025-01-02,PREMIUM,39.99,Churned,SERVICE-01,970.42
13608,5730,2026-03-15,,BASIC,9.99,Active,,-14.65
13609,6453,2024-03-11,,BASIC,9.99,Active,,229.77
13610,6231,2024-10-04,,STANDARD,19.99,Active,,321.84
13611,4414,2025-07-17,2026-11-15,BASIC,9.99,Churned,PRICE-01,161.84
13612,188,2024-08-13,,PREMIUM,39.99,Active,,713.15
13613,8915,2023-01-27,2023-12-03,PREMIUM,39.99,Churned,SERVICE-02,413.23
13614,5663,2023-05-20,2024-07-29,STANDARD,19.99,Churned,PRICE-02,290.52
13615,1033,2025-04-14,2027-03-16,PREMIUM,39.99,Churned,PRICE-01,934.43
13616,8671,2025-07-23,2026-10-14,BASIC,9.99,Churned,PRICE-02,149.18
13617,6437,2026-03-30,,BASIC,9.99,Active,,-19.65
13618,9397,2023-11-07,,PREMIUM,39.99,Active,,1086.4
13619,8994,2023-10-09,,STANDARD,19.99,Active,,562.39
13620,7015,2023-09-03,2024-07-09,BASIC,9.99,Churned,PRICE-01,103.23
13621,9863,2025-11-21,,PREMIUM,39.99,Active,,93.31
13622,9625,2026-03-25,,STANDARD,19.99,Active,,-35.98
13623,7388,2024-10-10,,BASIC,9.99,Active,,158.84
13624,9177,2025-08-24,,STANDARD,19.99,Active,,105.95
13625,8363,2024-03-29,,PREMIUM,39.99,Active,,895.78
13626,6852,2024-06-18,,BASIC,9.99,Active,,196.8
13627,3482,2025-06-06,,PREMIUM,39.99,Active,,317.25
13628,8448,2023-06-04,2024-05-23,BASIC,9.99,Churned,COMP-01,117.88
13629,1543,2023-05-14,,STANDARD,19.99,Active,,661.0
13630,315,2024-12-26,,PREMIUM,39.99,Active,,533.2
13631,3056,2024-03-06,2024-08-28,STANDARD,19.99,Churned,PROD-01,116.61
13632,5931,2026-04-16,,STANDARD,19.99,Active,,-50.64
13633,6935,2026-02-11,,PREMIUM,39.99,Active,,-16.0
13634,9013,2024-04-03,,PREMIUM,39.99,Active,,889.11
13635,9342,2023-10-25,,PREMIUM,39.99,Active,,1103.72
13636,8687,2026-03-29,,PREMIUM,39.99,Active,,-77.31
13637,4197,2023-07-28,,PREMIUM,39.99,Active,,1222.36
13638,4467,2024-04-10,,BASIC,9.99,Active,,219.78
13639,7466,2024-11-27,,BASIC,9.99,Active,,142.86
13640,8579,2025-12-19,,STANDARD,19.99,Active,,27.99
13641,3344,2023-01-07,2024-03-24,PREMIUM,39.99,Churned,PRICE-02,589.19
13642,4702,2025-12-01,,BASIC,9.99,Active,,19.98
13643,2940,2026-05-10,2028-03-29,BASIC,9.99,Churned,PRICE-02,229.44
13644,5966,2024-05-20,,PREMIUM,39.99,Active,,826.46
13645,2156,2023-01-08,,PREMIUM,39.99,Active,,1490.29
13646,5426,2025-05-19,2025-12-06,BASIC,9.99,Churned,COMP-01,66.93
13647,1357,2024-01-22,,STANDARD,19.99,Active,,492.42
13648,3048,2025-09-03,,PREMIUM,39.99,Active,,198.62
13649,6161,2024-09-25,2025-08-02,STANDARD,19.99,Churned,PRICE-01,207.23
13650,90,2025-10-23,,BASIC,9.99,Active,,32.97
13651,8303,2023-04-01,2024-02-03,BASIC,9.99,Churned,COMP-01,102.56
13652,2709,2023-10-02,,BASIC,9.99,Active,,283.38
13653,3826,2023-07-15,2025-01-16,BASIC,9.99,Churned,PRICE-02,183.48
13654,7947,2023-07-23,2025-02-17,BASIC,9.99,Churned,COMP-01,191.48
13655,109,2023-03-13,2024-08-31,STANDARD,19.99,Churned,SERVICE-02,357.82
13656,9443,2025-08-12,,PREMIUM,39.99,Active,,227.94
13657,1064,2025-07-09,2026-08-10,PREMIUM,39.99,Churned,PRICE-02,529.2
13658,8847,2026-05-21,,STANDARD,19.99,Active,,-73.96
13659,4725,2024-05-20,,BASIC,9.99,Active,,206.46
13660,8006,2023-12-26,,STANDARD,19.99,Active,,510.41
13661,9973,2025-04-01,2026-12-06,STANDARD,19.99,Churned,PRICE-01,409.13
13662,3482,2025-02-16,2026-09-07,BASIC,9.99,Churned,SERVICE-01,189.14
13663,9161,2025-10-23,,BASIC,9.99,Active,,32.97
13664,242,2024-05-03,,BASIC,9.99,Active,,212.12
13665,6010,2025-07-18,,PREMIUM,39.99,Active,,261.27
13666,6353,2026-01-07,2027-12-31,PREMIUM,39.99,Churned,SERVICE-01,963.76
13667,4387,2023-02-03,,BASIC,9.99,Active,,363.64
13668,9362,2025-05-28,,BASIC,9.99,Active,,82.25
13669,688,2024-08-05,,PREMIUM,39.99,Active,,723.82
13670,9459,2024-08-11,,PREMIUM,39.99,Active,,715.82
13671,5300,2026-05-09,,PREMIUM,39.99,Active,,-131.97
13672,2758,2024-09-01,,BASIC,9.99,Active,,171.83
13673,2818,2024-08-31,2025-04-22,STANDARD,19.99,Churned,SERVICE-02,155.92
13674,7423,2025-04-14,2026-08-23,BASIC,9.99,Churned,PROD-01,165.17
13675,8776,2025-12-26,,PREMIUM,39.99,Active,,46.66
13676,8137,2023-02-08,,PREMIUM,39.99,Active,,1448.97
13677,8666,2023-04-04,,STANDARD,19.99,Active,,687.66
13678,6405,2025-11-28,2027-04-19,BASIC,9.99,Churned,COMP-01,168.83
13679,8525,2026-05-14,,BASIC,9.99,Active,,-34.63
13680,3385,2025-08-09,2025-11-23,PREMIUM,39.99,Churned,TECH-01,141.3
13681,4414,2023-10-27,,STANDARD,19.99,Active,,550.39
13682,7368,2024-04-21,,PREMIUM,39.99,Active,,865.12
13683,9926,2023-09-10,,STANDARD,19.99,Active,,581.71
13684,6398,2025-01-09,,PREMIUM,39.99,Active,,514.54
13685,3929,2024-09-05,,BASIC,9.99,Active,,170.5
13686,7698,2025-03-05,,BASIC,9.99,Active,,110.22
13687,4638,2024-02-14,2024-04-15,STANDARD,19.99,Churned,COMP-01,40.65
13688,2219,2025-01-06,,STANDARD,19.99,Active,,259.2
13689,2076,2023-11-05,,PREMIUM,39.99,Active,,1089.06
13690,9594,2023-04-28,2024-12-29,PREMIUM,39.99,Churned,COMP-01,814.46
13691,9074,2023-05-09,,BASIC,9.99,Active,,332.0
13692,3854,2023-09-12,,STANDARD,19.99,Active,,580.38
13693,5049,2023-02-16,2024-06-13,PREMIUM,39.99,Churned,TECH-01,643.84
13694,1613,2023-12-08,,BASIC,9.99,Active,,261.07
13695,9521,2026-03-27,,STANDARD,19.99,Active,,-37.31
13696,8145,2025-12-01,2026-06-29,PREMIUM,39.99,Churned,SERVICE-02,279.93
13697,8405,2023-06-26,,STANDARD,19.99,Active,,632.35
13698,5980,2025-05-09,2026-06-10,PREMIUM,39.99,Churned,PROD-01,529.2
13699,2189,2024-01-28,,PREMIUM,39.99,Active,,977.09
13700,160,2025-11-06,2026-08-12,STANDARD,19.99,Churned,PROD-01,185.91
13701,4947,2024-12-18,,BASIC,9.99,Active,,135.86
13702,4346,2023-05-01,,STANDARD,19.99,Active,,669.66
13703,648,2026-06-14,,BASIC,9.99,Active,,-44.95
13704,9187,2024-10-30,2025-08-10,BASIC,9.99,Churned,TECH-01,94.57
13705,4043,2025-10-05,,BASIC,9.99,Active,,38.96
13706,8771,2025-10-10,,STANDARD,19.99,Active,,74.63
13707,3978,2026-04-25,,STANDARD,19.99,Active,,-56.64
13708,3035,2026-06-14,,PREMIUM,39.99,Active,,-179.96
13709,2806,2024-07-25,2026-03-25,STANDARD,19.99,Churned,SERVICE-01,405.13
13710,5613,2023-07-10,2025-06-22,PREMIUM,39.99,Churned,PRICE-02,950.43
13711,8821,2024-09-17,,PREMIUM,39.99,Active,,666.5
13712,5462,2024-08-22,,BASIC,9.99,Active,,175.16
13713,9893,2026-01-28,,STANDARD,19.99,Active,,1.33
13714,5471,2024-11-14,2026-05-03,STANDARD,19.99,Churned,SERVICE-02,356.49
13715,399,2025-10-07,2026-08-23,BASIC,9.99,Churned,SERVICE-01,106.56
13716,826,2024-05-22,,BASIC,9.99,Active,,205.79
13717,4730,2024-03-07,,BASIC,9.99,Active,,231.1
13718,791,2024-02-29,2025-01-01,STANDARD,19.99,Churned,COMP-01,204.56
13719,8418,2025-07-08,2026-12-08,BASIC,9.99,Churned,PRICE-02,172.49
13720,1723,2025-07-14,2027-01-28,STANDARD,19.99,Churned,TECH-01,375.15
13721,7183,2026-03-16,,PREMIUM,39.99,Active,,-59.98
13722,1263,2025-06-24,,PREMIUM,39.99,Active,,293.26
13723,783,2023-06-19,,STANDARD,19.99,Active,,637.01
13724,2264,2025-11-06,2027-01-10,PREMIUM,39.99,Churned,PROD-01,573.19
13725,850,2026-01-17,,STANDARD,19.99,Active,,8.66
13726,5439,2023-06-10,,BASIC,9.99,Active,,321.34
13727,6155,2025-02-17,2026-02-23,STANDARD,19.99,Churned,SERVICE-01,247.21
13728,2311,2026-02-05,,BASIC,9.99,Active,,-2.0
13729,3942,2025-06-29,,PREMIUM,39.99,Active,,286.6
13730,7997,2025-05-05,,PREMIUM,39.99,Active,,359.91
13731,343,2025-03-06,,PREMIUM,39.99,Active,,439.89
13732,7660,2023-07-10,,BASIC,9.99,Active,,311.36
13733,6009,2025-11-22,,PREMIUM,39.99,Active,,91.98
13734,2221,2025-12-13,,STANDARD,19.99,Active,,31.98
13735,3650,2026-04-18,2026-11-10,PREMIUM,39.99,Churned,SERVICE-01,274.6
13736,9352,2024-04-07,,STANDARD,19.99,Active,,441.78
13737,3757,2023-06-29,,STANDARD,19.99,Active,,630.35
13738,1390,2023-02-10,,PREMIUM,39.99,Active,,1446.31
13739,2962,2026-03-25,,BASIC,9.99,Active,,-17.98
13740,5215,2025-01-29,,BASIC,9.99,Active,,121.88
13741,7765,2024-02-23,,BASIC,9.99,Active,,235.43
13742,9899,2024-02-16,,STANDARD,19.99,Active,,475.76
13743,2890,2025-01-30,,PREMIUM,39.99,Active,,486.55
13744,733,2025-02-16,,BASIC,9.99,Active,,115.88
13745,4404,2026-06-16,,STANDARD,19.99,Active,,-91.29
13746,8705,2023-10-10,,PREMIUM,39.99,Active,,1123.72
13747,4375,2023-11-29,,PREMIUM,39.99,Active,,1057.07
13748,8838,2024-12-08,2026-04-28,STANDARD,19.99,Churned,SERVICE-01,337.16
13749,55,2026-02-21,,BASIC,9.99,Active,,-7.33
13750,8919,2024-04-25,,BASIC,9.99,Active,,214.78
13751,2075,2023-08-15,2025-05-20,PREMIUM,39.99,Churned,TECH-01,858.45
13752,2313,2024-04-02,,BASIC,9.99,Active,,222.44
13753,1651,2024-09-20,,STANDARD,19.99,Active,,331.17
13754,5535,2025-01-01,2026-02-02,PREMIUM,39.99,Churned,PRICE-02,529.2
13755,3580,2025-09-17,,BASIC,9.99,Active,,44.95
13756,1790,2026-03-09,,PREMIUM,39.99,Active,,-50.65
13757,4911,2023-02-26,,STANDARD,19.99,Active,,712.31
13758,3424,2025-11-09,,STANDARD,19.99,Active,,54.64
13759,9499,2025-07-13,2026-09-26,PREMIUM,39.99,Churned,SERVICE-01,586.52
13760,1473,2023-03-18,,BASIC,9.99,Active,,349.32
13761,5983,2024-02-19,2025-09-20,STANDARD,19.99,Churned,PROD-01,385.81
13762,1212,2026-01-07,2026-06-11,PREMIUM,39.99,Churned,PRICE-01,206.62
13763,2302,2024-08-18,,PREMIUM,39.99,Active,,706.49
13764,7369,2025-07-23,2026-11-03,STANDARD,19.99,Churned,COMP-01,311.84
13765,4432,2024-06-20,2024-10-18,BASIC,9.99,Churned,SERVICE-02,39.96
13766,2234,2024-05-08,2026-04-08,BASIC,9.99,Churned,SERVICE-02,233.1
13767,6407,2024-05-31,,BASIC,9.99,Active,,202.8
13768,100,2023-02-12,,PREMIUM,39.99,Active,,1443.64
13769,3846,2023-08-25,,BASIC,9.99,Active,,296.04
13770,8557,2025-03-29,,STANDARD,19.99,Active,,204.56
13771,913,2023-11-28,,BASIC,9.99,Active,,264.4
13772,3419,2023-03-30,,BASIC,9.99,Active,,345.32
13773,4338,2025-04-11,,STANDARD,19.99,Active,,195.9
13774,1742,2024-03-06,,PREMIUM,39.99,Active,,926.44
13775,2380,2024-06-05,,PREMIUM,39.99,Active,,805.13
13776,8076,2025-01-22,,PREMIUM,39.99,Active,,497.21
13777,1315,2023-10-16,,PREMIUM,39.99,Active,,1115.72
13778,546,2026-03-22,2027-08-16,STANDARD,19.99,Churned,PRICE-01,341.16
13779,4498,2023-09-17,2025-07-16,PREMIUM,39.99,Churned,PROD-01,890.44
13780,8590,2025-09-17,,BASIC,9.99,Active,,44.95
13781,3814,2025-02-03,,BASIC,9.99,Active,,120.21
13782,1671,2023-06-15,,BASIC,9.99,Active,,319.68
13783,3758,2025-04-23,,PREMIUM,39.99,Active,,375.91
13784,5842,2024-11-22,,PREMIUM,39.99,Active,,578.52
13785,1263,2024-11-28,,BASIC,9.99,Active,,142.52
13786,1393,2025-10-15,,BASIC,9.99,Active,,35.63
13787,8218,2025-06-12,,PREMIUM,39.99,Active,,309.26
13788,6763,2024-08-26,,PREMIUM,39.99,Active,,695.83
13789,4126,2025-06-12,2026-03-15,PREMIUM,39.99,Churned,PROD-01,367.91
13790,6776,2024-03-10,2024-05-02,STANDARD,19.99,Churned,COMP-01,35.32
13791,8208,2025-12-29,,BASIC,9.99,Active,,10.66
13792,3390,2025-11-28,2027-07-15,BASIC,9.99,Churned,SERVICE-02,197.8
13793,150,2025-04-25,,PREMIUM,39.99,Active,,373.24
13794,1841,2025-07-22,,STANDARD,19.99,Active,,127.94
13795,6325,2026-04-30,,STANDARD,19.99,Active,,-59.97
13796,907,2023-07-24,,PREMIUM,39.99,Active,,1227.69
13797,2334,2024-01-15,,STANDARD,19.99,Active,,497.08
13798,5507,2025-01-22,,STANDARD,19.99,Active,,248.54
13799,1433,2025-10-21,,PREMIUM,39.99,Active,,134.63
13800,594,2025-05-06,,STANDARD,19.99,Active,,179.24
13801,8310,2026-03-18,,STANDARD,19.99,Active,,-31.32
13802,8996,2026-06-03,,STANDARD,19.99,Active,,-82.63
13803,4002,2023-07-02,2025-04-22,STANDARD,19.99,Churned,SERVICE-02,439.78
13804,2633,2023-05-11,,STANDARD,19.99,Active,,663.0
13805,4147,2023-06-08,,STANDARD,19.99,Active,,644.34
13806,1317,2023-08-12,,STANDARD,19.99,Active,,601.03
13807,2390,2023-07-01,2024-05-19,BASIC,9.99,Churned,SERVICE-01,107.56
13808,9971,2025-02-27,,PREMIUM,39.99,Active,,449.22
13809,2551,2026-04-14,,STANDARD,19.99,Active,,-49.31
13810,6579,2024-06-11,2025-09-16,PREMIUM,39.99,Churned,PRICE-02,615.85
13811,1708,2024-12-02,2026-05-03,STANDARD,19.99,Churned,COMP-01,344.49
13812,5195,2026-06-01,,STANDARD,19.99,Active,,-81.29
13813,7314,2023-02-11,,STANDARD,19.99,Active,,722.31
13814,8266,2024-04-14,,STANDARD,19.99,Active,,437.11
13815,1890,2026-05-19,,STANDARD,19.99,Active,,-72.63
13816,9930,2024-09-11,,BASIC,9.99,Active,,168.5
13817,6400,2023-11-22,,STANDARD,19.99,Active,,533.07
13818,8444,2023-04-11,,BASIC,9.99,Active,,341.32
13819,4583,2025-02-26,,PREMIUM,39.99,Active,,450.55
13820,8759,2024-07-31,,PREMIUM,39.99,Active,,730.48
13821,4422,2025-03-05,,STANDARD,19.99,Active,,220.56
13822,9581,2026-02-26,,STANDARD,19.99,Active,,-17.99
13823,8745,2023-10-15,,PREMIUM,39.99,Active,,1117.05
13824,1878,2024-10-03,,PREMIUM,39.99,Active,,645.17
13825,7749,2023-11-30,2025-06-05,PREMIUM,39.99,Churned,PROD-01,737.15
13826,2919,2025-04-27,2025-09-19,BASIC,9.99,Churned,COMP-01,48.28
13827,7159,2023-08-28,,PREMIUM,39.99,Active,,1181.04
13828,9327,2023-07-15,,STANDARD,19.99,Active,,619.69
13829,995,2023-11-03,2023-12-20,STANDARD,19.99,Churned,SERVICE-01,31.32
13830,5808,2025-05-23,,PREMIUM,39.99,Active,,335.92
13831,7484,2025-05-05,,PREMIUM,39.99,Active,,359.91
13832,1705,2024-03-24,,BASIC,9.99,Active,,225.44
13833,1881,2026-03-22,,STANDARD,19.99,Active,,-33.98
13834,3563,2023-02-16,,PREMIUM,39.99,Active,,1438.31
13835,9583,2026-03-02,2027-04-04,BASIC,9.99,Churned,COMP-01,132.53
13836,8430,2025-05-30,,STANDARD,19.99,Active,,163.25
13837,2170,2025-02-23,,PREMIUM,39.99,Active,,454.55
13838,1567,2025-03-10,,PREMIUM,39.99,Active,,434.56
13839,1634,2023-11-19,2024-02-04,PREMIUM,39.99,Churned,COMP-01,102.64
13840,7618,2025-05-27,,PREMIUM,39.99,Active,,330.58
13841,2792,2023-12-02,,PREMIUM,39.99,Active,,1053.07
13842,6445,2024-02-26,,BASIC,9.99,Active,,234.43
13843,4905,2024-02-22,2024-04-09,BASIC,9.99,Churned,PROD-01,15.65
13844,9507,2026-01-12,2027-05-07,BASIC,9.99,Churned,PRICE-02,159.84
13845,2860,2024-02-23,,STANDARD,19.99,Active,,471.1
13846,169,2023-12-15,,PREMIUM,39.99,Active,,1035.74
13847,7239,2024-04-12,2025-11-11,BASIC,9.99,Churned,COMP-01,192.47
13848,6042,2023-01-25,2024-01-27,STANDARD,19.99,Churned,SERVICE-02,244.54
13849,6873,2023-09-05,,STANDARD,19.99,Active,,585.04
13850,8691,2025-12-28,2026-03-28,STANDARD,19.99,Churned,PRICE-02,59.97
13851,6222,2025-11-30,2027-01-22,BASIC,9.99,Churned,TECH-01,139.19
13852,9933,2023-11-09,,STANDARD,19.99,Active,,541.73
13853,198,2024-01-14,,BASIC,9.99,Active,,248.75
13854,4141,2025-06-24,,PREMIUM,39.99,Active,,293.26
13855,1502,2025-06-27,,STANDARD,19.99,Active,,144.59
13856,5835,2025-03-04,,PREMIUM,39.99,Active,,442.56
13857,5067,2024-12-25,2026-01-14,BASIC,9.99,Churned,PROD-01,128.21
13858,1898,2026-04-29,,BASIC,9.99,Active,,-29.64
13859,3214,2024-10-27,2025-06-20,PREMIUM,39.99,Churned,PRICE-01,314.59
13860,9235,2025-06-24,,STANDARD,19.99,Active,,146.59
13861,3710,2023-04-16,2025-03-24,BASIC,9.99,Churned,COMP-01,235.76
13862,6588,2024-07-06,,PREMIUM,39.99,Active,,763.81
13863,7912,2024-01-07,,STANDARD,19.99,Active,,502.42
13864,838,2025-11-01,2026-11-24,STANDARD,19.99,Churned,PROD-01,258.54
13865,1995,2023-12-01,,PREMIUM,39.99,Active,,1054.4
13866,2858,2026-06-09,,PREMIUM,39.99,Active,,-173.29
13867,445,2025-06-23,2026-07-31,STANDARD,19.99,Churned,SERVICE-02,268.53
13868,4864,2026-05-16,,PREMIUM,39.99,Active,,-141.3
13869,8084,2024-05-11,2024-10-04,STANDARD,19.99,Churned,SERVICE-01,97.28
13870,5303,2024-06-18,,BASIC,9.99,Active,,196.8
13871,3578,2026-04-06,,STANDARD,19.99,Active,,-43.98
13872,6119,2023-11-06,,PREMIUM,39.99,Active,,1087.73
13873,4651,2025-09-25,,BASIC,9.99,Active,,42.29
13874,9567,2026-02-01,,BASIC,9.99,Active,,-0.67
13875,1738,2023-05-13,,BASIC,9.99,Active,,330.67
13876,9126,2024-03-05,,BASIC,9.99,Active,,231.77
13877,4593,2023-04-02,,STANDARD,19.99,Active,,688.99
13878,8202,2025-10-24,,BASIC,9.99,Active,,32.63
13879,954,2023-06-14,,BASIC,9.99,Active,,320.01
13880,7657,2023-01-27,,PREMIUM,39.99,Active,,1464.97
13881,3803,2026-06-12,,PREMIUM,39.99,Active,,-177.29
13882,2015,2023-07-01,,BASIC,9.99,Active,,314.35
13883,7214,2025-02-03,,BASIC,9.99,Active,,120.21
13884,5001,2023-03-18,,STANDARD,19.99,Active,,698.98
13885,5625,2023-07-13,,PREMIUM,39.99,Active,,1242.36
13886,2900,2025-12-07,,PREMIUM,39.99,Active,,71.98
13887,4443,2023-09-30,,BASIC,9.99,Active,,284.05
13888,1810,2024-09-15,,STANDARD,19.99,Active,,334.5
13889,8774,2024-05-26,,PREMIUM,39.99,Active,,818.46
13890,1108,2023-12-13,,BASIC,9.99,Active,,259.41
13891,6982,2023-07-09,2024-12-20,BASIC,9.99,Churned,SERVICE-01,176.49
13892,3114,2023-02-01,,BASIC,9.99,Active,,364.3
13893,9571,2023-10-25,,PREMIUM,39.99,Active,,1103.72
13894,8750,2025-02-07,,PREMIUM,39.99,Active,,475.88
13895,89,2025-01-13,,STANDARD,19.99,Active,,254.54
13896,4903,2024-11-01,2025-03-10,BASIC,9.99,Churned,SERVICE-01,42.96
13897,9302,2024-01-16,,PREMIUM,39.99,Active,,993.09
13898,8200,2025-10-07,,STANDARD,19.99,Active,,76.63
13899,6655,2025-12-19,2026-03-27,BASIC,9.99,Churned,SERVICE-01,32.63
13900,9887,2023-06-09,2024-07-29,BASIC,9.99,Churned,COMP-01,138.53
13901,8251,2025-11-26,2026-08-07,PREMIUM,39.99,Churned,PRICE-01,338.58
13902,1877,2026-04-23,2027-07-17,PREMIUM,39.99,Churned,PROD-01,599.85
13903,123,2026-05-08,,STANDARD,19.99,Active,,-65.3
13904,6297,2025-09-12,,STANDARD,19.99,Active,,93.29
13905,1334,2026-06-15,2027-07-01,PREMIUM,39.99,Churned,PROD-01,507.87
13906,8007,2024-12-12,,PREMIUM,39.99,Active,,551.86
13907,3913,2026-04-18,2027-12-20,BASIC,9.99,Churned,TECH-01,203.46
13908,7215,2023-10-31,,PREMIUM,39.99,Active,,1095.73
13909,1963,2024-06-27,,PREMIUM,39.99,Active,,775.81
13910,1410,2026-06-17,,PREMIUM,39.99,Active,,-183.95
13911,8323,2024-02-07,,PREMIUM,39.99,Active,,963.76
13912,5891,2026-05-22,,BASIC,9.99,Active,,-37.3
13913,8568,2023-03-22,,PREMIUM,39.99,Active,,1392.99
13914,6980,2025-11-19,,BASIC,9.99,Active,,23.98
13915,8773,2023-12-31,2025-05-16,STANDARD,19.99,Churned,PROD-01,334.5
13916,2275,2024-09-30,,PREMIUM,39.99,Active,,649.17
13917,9516,2023-01-05,2023-09-14,STANDARD,19.99,Churned,SERVICE-01,167.92
13918,5653,2025-05-03,,PREMIUM,39.99,Active,,362.58
13919,687,2024-03-09,,PREMIUM,39.99,Active,,922.44
13920,3196,2023-10-14,,BASIC,9.99,Active,,279.39
13921,8121,2023-09-10,,STANDARD,19.99,Active,,581.71
13922,7863,2025-07-16,,PREMIUM,39.99,Active,,263.93
13923,8952,2025-11-23,2027-05-04,PREMIUM,39.99,Churned,TECH-01,702.49
13924,6432,2023-05-08,,PREMIUM,39.99,Active,,1330.33
13925,708,2023-12-03,,STANDARD,19.99,Active,,525.74
13926,655,2023-04-19,,BASIC,9.99,Active,,338.66
13927,5481,2023-02-19,,PREMIUM,39.99,Active,,1434.31
13928,889,2026-02-08,2027-07-25,BASIC,9.99,Churned,TECH-01,177.16
13929,556,2026-02-27,2026-12-29,PREMIUM,39.99,Churned,PRICE-01,406.56
13930,2377,2024-10-12,2025-03-06,STANDARD,19.99,Churned,TECH-01,96.62
13931,8324,2025-12-30,,STANDARD,19.99,Active,,20.66
13932,7928,2025-10-01,,PREMIUM,39.99,Active,,161.29
13933,2495,2024-03-04,2025-05-07,PREMIUM,39.99,Churned,COMP-01,571.86
13934,7120,2025-04-20,2025-09-14,STANDARD,19.99,Churned,SERVICE-01,97.95
13935,9413,2025-01-22,2026-10-13,BASIC,9.99,Churned,SERVICE-02,209.46
13936,9125,2023-07-16,2023-11-13,PREMIUM,39.99,Churned,SERVICE-01,159.96
13937,9412,2025-03-24,,PREMIUM,39.99,Active,,415.9
13938,1647,2024-11-25,2026-10-06,BASIC,9.99,Churned,PRICE-01,226.44
13939,8752,2024-01-18,2024-07-18,STANDARD,19.99,Churned,SERVICE-01,121.27
13940,3026,2023-11-19,,STANDARD,19.99,Active,,535.07
13941,5158,2023-11-01,,BASIC,9.99,Active,,273.39
13942,5451,2026-05-10,,PREMIUM,39.99,Active,,-133.3
13943,1137,2025-10-08,,PREMIUM,39.99,Active,,151.96
13944,7776,2024-05-30,,STANDARD,19.99,Active,,406.46
13945,2432,2024-12-29,,BASIC,9.99,Active,,132.2
13946,6418,2024-05-10,2026-02-21,BASIC,9.99,Churned,SERVICE-02,217.12
13947,5622,2025-09-11,2026-01-23,PREMIUM,39.99,Churned,TECH-01,178.62
13948,7281,2026-05-18,,STANDARD,19.99,Active,,-71.96
13949,6883,2023-07-21,2023-09-27,STANDARD,19.99,Churned,PRICE-01,45.31
13950,7280,2023-07-08,,BASIC,9.99,Active,,312.02
13951,2740,2024-10-20,2025-11-04,PREMIUM,39.99,Churned,TECH-01,506.54
13952,8830,2026-02-17,,PREMIUM,39.99,Active,,-23.99
13953,7314,2026-06-12,2026-12-19,BASIC,9.99,Churned,COMP-01,63.27
13954,5243,2026-01-05,,PREMIUM,39.99,Active,,33.33
13955,1685,2026-02-09,,BASIC,9.99,Active,,-3.33
13956,7688,2025-03-31,,PREMIUM,39.99,Active,,406.56
13957,833,2023-07-27,,PREMIUM,39.99,Active,,1223.69
13958,6458,2024-06-08,,PREMIUM,39.99,Active,,801.13
13959,8936,2024-07-24,2025-08-06,STANDARD,19.99,Churned,PRICE-01,251.87
13960,9964,2026-03-31,,STANDARD,19.99,Active,,-39.98
13961,1775,2026-01-13,,STANDARD,19.99,Active,,11.33
13962,2840,2023-12-01,,BASIC,9.99,Active,,263.4
13963,6318,2024-01-10,2025-05-04,STANDARD,19.99,Churned,SERVICE-02,319.84
13964,1368,2025-06-09,,STANDARD,19.99,Active,,156.59
13965,3879,2026-05-26,2026-07-23,BASIC,9.99,Churned,SERVICE-02,19.31
13966,1969,2026-04-14,,PREMIUM,39.99,Active,,-98.64
13967,8790,2024-07-03,,PREMIUM,39.99,Active,,767.81
13968,4602,2025-06-04,,STANDARD,19.99,Active,,159.92
13969,1430,2023-02-18,2025-01-07,PREMIUM,39.99,Churned,SERVICE-02,918.44
13970,597,2023-02-05,,BASIC,9.99,Active,,362.97
13971,6399,2025-08-30,2027-02-08,PREMIUM,39.99,Churned,PRICE-02,702.49
13972,4012,2024-01-12,,PREMIUM,39.99,Active,,998.42
13973,5448,2026-02-06,2026-10-02,PREMIUM,39.99,Churned,TECH-01,317.25
13974,715,2024-11-12,,BASIC,9.99,Active,,147.85
13975,1031,2023-10-26,,BASIC,9.99,Active,,275.39
13976,9059,2025-01-08,2025-08-10,STANDARD,19.99,Churned,PRICE-02,142.6
13977,8079,2024-03-24,2026-01-05,STANDARD,19.99,Churned,TECH-01,434.45
13978,3531,2025-01-31,,STANDARD,19.99,Active,,242.55
13979,1920,2025-04-03,,STANDARD,19.99,Active,,201.23
13980,8577,2023-10-11,,STANDARD,19.99,Active,,561.05
13981,402,2026-04-23,2027-12-16,STANDARD,19.99,Churned,COMP-01,401.13
13982,166,2023-02-23,,STANDARD,19.99,Active,,714.31
13983,8686,2024-04-05,,PREMIUM,39.99,Active,,886.45
13984,2939,2024-10-07,,STANDARD,19.99,Active,,319.84
13985,7366,2023-09-28,,PREMIUM,39.99,Active,,1139.72
13986,6402,2025-08-15,2026-02-21,BASIC,9.99,Churned,TECH-01,63.27
13987,5197,2023-09-23,,BASIC,9.99,Active,,286.38
13988,4886,2024-05-02,,BASIC,9.99,Active,,212.45
13989,1138,2023-11-27,,STANDARD,19.99,Active,,529.74
13990,9554,2023-01-10,,PREMIUM,39.99,Active,,1487.63
13991,9562,2025-07-05,,BASIC,9.99,Active,,69.6
13992,126,2025-07-25,,BASIC,9.99,Active,,62.94
13993,507,2023-03-18,,STANDARD,19.99,Active,,698.98
13994,8554,2023-06-17,,PREMIUM,39.99,Active,,1277.01
13995,9680,2025-12-13,2027-06-13,PREMIUM,39.99,Churned,SERVICE-01,729.15
13996,7231,2025-11-16,,STANDARD,19.99,Active,,49.97
13997,1430,2025-09-22,,PREMIUM,39.99,Active,,173.29
13998,6199,2025-05-31,,BASIC,9.99,Active,,81.25
13999,3095,2026-04-27,,STANDARD,19.99,Active,,-57.97
14000,4312,2025-09-02,2026-11-20,BASIC,9.99,Churned,TECH-01,147.85
14001,449,2026-05-25,,BASIC,9.99,Active,,-38.3
14002,3483,2024-05-08,,BASIC,9.99,Active,,210.46
14003,9691,2024-10-03,2026-05-05,STANDARD,19.99,Churned,TECH-01,385.81
14004,6549,2026-04-26,,PREMIUM,39.99,Active,,-114.64
14005,2655,2024-04-24,,BASIC,9.99,Active,,215.12
14006,8666,2026-05-29,,BASIC,9.99,Active,,-39.63
14007,7419,2023-12-18,,BASIC,9.99,Active,,257.74
14008,7182,2026-06-13,2027-02-13,PREMIUM,39.99,Churned,PROD-01,326.58
14009,4250,2023-04-14,,BASIC,9.99,Active,,340.33
14010,7285,2025-12-31,,BASIC,9.99,Active,,9.99
14011,3974,2023-05-02,,STANDARD,19.99,Active,,669.0
14012,3474,2025-02-25,,BASIC,9.99,Active,,112.89
14013,1712,2024-09-09,2025-09-09,BASIC,9.99,Churned,PROD-01,121.55
14014,2375,2023-10-18,,PREMIUM,39.99,Active,,1113.06
14015,5622,2024-10-13,,STANDARD,19.99,Active,,315.84
14016,9199,2024-08-02,,STANDARD,19.99,Active,,363.82
14017,3201,2024-03-23,,STANDARD,19.99,Active,,451.77
14018,7358,2025-08-22,2026-02-27,PREMIUM,39.99,Churned,PROD-01,251.94
14019,149,2026-05-18,,STANDARD,19.99,Active,,-71.96
14020,6227,2023-02-06,,STANDARD,19.99,Active,,725.64
14021,4477,2024-05-06,,STANDARD,19.99,Active,,422.46
14022,6202,2026-03-30,2026-08-12,BASIC,9.99,Churned,PRICE-02,44.95
14023,1044,2024-12-21,2025-03-09,BASIC,9.99,Churned,PRICE-01,25.97
14024,3758,2023-02-28,,PREMIUM,39.99,Active,,1422.31
14025,5642,2023-08-20,,BASIC,9.99,Active,,297.7
14026,3706,2025-12-13,2027-07-13,PREMIUM,39.99,Churned,SERVICE-01,769.14
14027,833,2026-04-12,2027-05-17,BASIC,9.99,Churned,PRICE-02,133.2
14028,3955,2024-03-19,,BASIC,9.99,Active,,227.11
14029,4293,2025-10-10,,PREMIUM,39.99,Active,,149.3
14030,3024,2026-05-03,,BASIC,9.99,Active,,-30.97
14031,7598,2023-12-19,,PREMIUM,39.99,Active,,1030.41
14032,1923,2025-02-18,,PREMIUM,39.99,Active,,461.22
14033,4976,2023-10-18,,STANDARD,19.99,Active,,556.39
14034,7049,2024-06-19,,STANDARD,19.99,Active,,393.14
14035,1826,2024-06-15,,STANDARD,19.99,Active,,395.8
14036,8143,2025-01-02,2025-08-28,STANDARD,19.99,Churned,PROD-01,158.59
14037,5256,2025-08-21,,STANDARD,19.99,Active,,107.95
14038,5752,2025-05-03,,BASIC,9.99,Active,,90.58
14039,2202,2025-06-12,,BASIC,9.99,Active,,77.26
14040,873,2026-04-14,2027-04-26,STANDARD,19.99,Churned,SERVICE-01,251.21
14041,1654,2024-12-09,,BASIC,9.99,Active,,138.86
14042,3633,2024-07-21,2025-04-03,PREMIUM,39.99,Churned,PROD-01,341.25
14043,6697,2024-03-31,,STANDARD,19.99,Active,,446.44
14044,1239,2026-04-06,,BASIC,9.99,Active,,-21.98
14045,8345,2023-11-08,2025-09-13,PREMIUM,39.99,Churned,COMP-01,899.78
14046,9035,2025-06-09,,STANDARD,19.99,Active,,156.59
14047,7636,2023-04-05,,PREMIUM,39.99,Active,,1374.32
14048,409,2025-08-02,,BASIC,9.99,Active,,60.27
14049,7433,2024-02-07,,STANDARD,19.99,Active,,481.76
14050,8930,2025-08-02,,PREMIUM,39.99,Active,,241.27
14051,1010,2025-06-24,,BASIC,9.99,Active,,73.26
14052,8791,2023-12-01,,BASIC,9.99,Active,,263.4
14053,476,2024-12-31,,STANDARD,19.99,Active,,263.2
14054,5498,2026-06-11,2027-03-02,PREMIUM,39.99,Churned,PROD-01,351.91
14055,716,2025-12-15,,PREMIUM,39.99,Active,,61.32
14056,192,2023-02-08,,STANDARD,19.99,Active,,724.3
14057,658,2023-01-23,2024-07-11,PREMIUM,39.99,Churned,COMP-01,713.15
14058,9062,2024-12-04,,BASIC,9.99,Active,,140.53
14059,8192,2023-12-07,,STANDARD,19.99,Active,,523.07
14060,3988,2023-03-26,,STANDARD,19.99,Active,,693.65
14061,3906,2023-10-19,,STANDARD,19.99,Active,,555.72
14062,9026,2024-08-14,,BASIC,9.99,Active,,177.82
14063,9391,2026-01-11,2027-04-15,BASIC,9.99,Churned,PRICE-02,152.85
14064,3770,2026-04-12,,PREMIUM,39.99,Active,,-95.98
14065,1709,2026-06-10,,STANDARD,19.99,Active,,-87.29
14066,2524,2025-05-28,,BASIC,9.99,Active,,82.25
14067,4459,2025-09-03,,PREMIUM,39.99,Active,,198.62
14068,1442,2024-05-21,,STANDARD,19.99,Active,,412.46
14069,2993,2025-03-16,,PREMIUM,39.99,Active,,426.56
14070,1196,2024-08-24,2024-10-19,BASIC,9.99,Churned,TECH-01,18.65
14071,1301,2024-11-03,,PREMIUM,39.99,Active,,603.85
14072,3782,2023-08-16,,BASIC,9.99,Active,,299.03
14073,5180,2024-01-12,,BASIC,9.99,Active,,249.42
14074,3354,2023-09-24,,PREMIUM,39.99,Active,,1145.05
14075,3531,2023-05-31,,BASIC,9.99,Active,,324.68
14076,3685,2023-11-16,2024-07-22,PREMIUM,39.99,Churned,SERVICE-01,331.92
14077,7078,2025-09-28,,BASIC,9.99,Active,,41.29
14078,4118,2023-10-09,,BASIC,9.99,Active,,281.05
14079,556,2023-02-24,,PREMIUM,39.99,Active,,1427.64
14080,7921,2025-03-11,2026-04-15,STANDARD,19.99,Churned,COMP-01,266.53
14081,1634,2025-09-15,,STANDARD,19.99,Active,,91.29
14082,7869,2024-09-23,,BASIC,9.99,Active,,164.5
14083,3644,2025-07-21,,BASIC,9.99,Active,,64.27
14084,658,2024-05-04,,STANDARD,19.99,Active,,423.79
14085,8480,2026-03-04,,BASIC,9.99,Active,,-10.99
14086,9739,2024-02-09,,PREMIUM,39.99,Active,,961.09
14087,6680,2025-09-19,,BASIC,9.99,Active,,44.29
14088,5066,2026-01-14,,PREMIUM,39.99,Active,,21.33
14089,9199,2024-05-11,,PREMIUM,39.99,Active,,838.46
14090,7264,2025-06-23,,PREMIUM,39.99,Active,,294.59
14091,606,2024-05-24,,BASIC,9.99,Active,,205.13
14092,8115,2025-09-02,,PREMIUM,39.99,Active,,199.95
14093,6778,2024-11-16,,PREMIUM,39.99,Active,,586.52
14094,8144,2023-02-18,,PREMIUM,39.99,Active,,1435.64
14095,1976,2023-11-28,,STANDARD,19.99,Active,,529.07
14096,813,2025-11-08,2026-10-16,BASIC,9.99,Churned,TECH-01,113.89
14097,8877,2026-03-22,2027-11-24,BASIC,9.99,Churned,SERVICE-02,203.8
14098,6215,2023-09-25,,STANDARD,19.99,Active,,571.71
14099,6466,2025-02-09,,PREMIUM,39.99,Active,,473.22
14100,6555,2025-07-05,,BASIC,9.99,Active,,69.6
14101,2693,2024-07-15,,PREMIUM,39.99,Active,,751.81
14102,2119,2025-04-22,2026-05-20,STANDARD,19.99,Churned,TECH-01,261.87
14103,7454,2023-09-13,,PREMIUM,39.99,Active,,1159.71
14104,9123,2023-05-18,,BASIC,9.99,Active,,329.0
14105,1756,2024-05-31,,BASIC,9.99,Active,,202.8
14106,3669,2023-04-27,,BASIC,9.99,Active,,336.0
14107,978,2023-12-18,,STANDARD,19.99,Active,,515.74
14108,7995,2026-06-03,2026-11-21,STANDARD,19.99,Churned,PRICE-02,113.94
14109,2691,2025-02-23,,BASIC,9.99,Active,,113.55
14110,4937,2025-07-01,2027-05-27,STANDARD,19.99,Churned,TECH-01,463.1
14111,4041,2025-03-18,,PREMIUM,39.99,Active,,423.89
14112,3203,2024-08-30,2025-02-15,PREMIUM,39.99,Churned,SERVICE-02,225.28
14113,6737,2026-02-27,,PREMIUM,39.99,Active,,-37.32
14114,7903,2023-03-24,2024-05-29,STANDARD,19.99,Churned,PRICE-02,287.86
14115,3216,2023-09-12,,BASIC,9.99,Active,,290.04
14116,4720,2024-02-06,,BASIC,9.99,Active,,241.09
14117,9187,2025-09-30,2027-06-25,STANDARD,19.99,Churned,SERVICE-02,421.79
14118,7510,2023-05-25,,PREMIUM,39.99,Active,,1307.67
14119,8756,2024-07-14,2025-06-27,PREMIUM,39.99,Churned,SERVICE-02,463.88
14120,1745,2025-12-15,2027-06-07,PREMIUM,39.99,Churned,SERVICE-01,718.49
14121,6345,2025-06-03,,PREMIUM,39.99,Active,,321.25
14122,8362,2025-09-09,,STANDARD,19.99,Active,,95.29
14123,5017,2024-11-06,2025-08-18,PREMIUM,39.99,Churned,TECH-01,379.91
14124,319,2023-10-11,2025-04-08,PREMIUM,39.99,Churned,COMP-01,726.49
14125,888,2023-09-10,,PREMIUM,39.99,Active,,1163.71
14126,5230,2025-12-31,,BASIC,9.99,Active,,9.99
14127,4809,2025-03-12,2025-11-17,BASIC,9.99,Churned,PROD-01,83.25
14128,5811,2026-03-25,,PREMIUM,39.99,Active,,-71.98
14129,2681,2023-08-18,2024-07-01,STANDARD,19.99,Churned,PROD-01,211.89
14130,780,2023-04-20,,PREMIUM,39.99,Active,,1354.33
14131,9329,2026-03-01,2027-02-20,STANDARD,19.99,Churned,PRICE-01,237.21
14132,4900,2023-11-25,,PREMIUM,39.99,Active,,1062.4
14133,2265,2023-04-21,,PREMIUM,39.99,Active,,1353.0
14134,9198,2023-04-20,,BASIC,9.99,Active,,338.33
14135,568,2023-05-21,2025-03-16,PREMIUM,39.99,Churned,TECH-01,886.45
14136,6873,2025-04-18,,BASIC,9.99,Active,,95.57
14137,6296,2026-01-21,,STANDARD,19.99,Active,,6.0
14138,6824,2025-05-30,,PREMIUM,39.99,Active,,326.58
14139,9042,2023-05-24,2023-09-03,PREMIUM,39.99,Churned,COMP-01,135.97
14140,8144,2025-08-24,,STANDARD,19.99,Active,,105.95
14141,3601,2024-11-28,,BASIC,9.99,Active,,142.52
14142,1518,2023-11-27,,BASIC,9.99,Active,,264.74
14143,8015,2023-03-23,,PREMIUM,39.99,Active,,1391.65
14144,6980,2024-07-05,,BASIC,9.99,Active,,191.14
14145,294,2024-09-22,,PREMIUM,39.99,Active,,659.84
14146,759,2025-01-20,2025-04-24,STANDARD,19.99,Churned,SERVICE-01,62.64
14147,7414,2023-05-11,2023-12-11,BASIC,9.99,Churned,SERVICE-01,71.26
14148,1856,2025-01-03,,PREMIUM,39.99,Active,,522.54
14149,448,2026-03-07,,STANDARD,19.99,Active,,-23.99
14150,2469,2024-02-18,,STANDARD,19.99,Active,,474.43
14151,6372,2025-08-19,,BASIC,9.99,Active,,54.61
14152,7050,2025-04-07,,PREMIUM,39.99,Active,,397.23
14153,3464,2026-06-27,,STANDARD,19.99,Active,,-98.62
14154,6774,2026-06-08,,PREMIUM,39.99,Active,,-171.96
14155,4612,2024-11-27,2026-08-20,PREMIUM,39.99,Churned,TECH-01,841.12
14156,889,2024-01-04,2024-05-23,BASIC,9.99,Churned,SERVICE-02,46.62
14157,806,2025-11-25,,STANDARD,19.99,Active,,43.98
14158,2057,2023-09-19,,PREMIUM,39.99,Active,,1151.71
14159,1753,2023-09-25,,STANDARD,19.99,Active,,571.71
14160,3939,2024-03-10,2025-12-02,PREMIUM,39.99,Churned,COMP-01,842.46
14161,7108,2023-04-21,,BASIC,9.99,Active,,338.0
14162,5851,2024-01-17,,BASIC,9.99,Active,,247.75
14163,5923,2023-02-14,,BASIC,9.99,Active,,359.97
14164,1149,2024-09-13,,BASIC,9.99,Active,,167.83
14165,2737,2023-10-11,,STANDARD,19.99,Active,,561.05
14166,8946,2023-09-22,,STANDARD,19.99,Active,,573.71
14167,2237,2023-03-22,2024-09-28,PREMIUM,39.99,Churned,SERVICE-02,741.15
14168,5793,2025-11-20,2027-10-18,STANDARD,19.99,Churned,COMP-01,464.43
14169,9506,2023-11-20,,BASIC,9.99,Active,,267.07
14170,6477,2026-03-07,,STANDARD,19.99,Active,,-23.99
14171,8508,2023-07-07,,BASIC,9.99,Active,,312.35
14172,4903,2026-04-08,,PREMIUM,39.99,Active,,-90.64
14173,5363,2025-11-21,,BASIC,9.99,Active,,23.31
14174,8849,2025-03-07,,BASIC,9.99,Active,,109.56
14175,7720,2025-07-30,2025-10-13,BASIC,9.99,Churned,PRICE-01,24.98
14176,9170,2024-11-25,2026-11-18,STANDARD,19.99,Churned,SERVICE-02,481.76
14177,8949,2024-04-02,,STANDARD,19.99,Active,,445.11
14178,865,2024-11-27,,STANDARD,19.99,Active,,285.86
14179,5177,2024-03-09,,STANDARD,19.99,Active,,461.1
14180,2174,2023-08-08,,PREMIUM,39.99,Active,,1207.7
14181,3362,2024-05-01,,BASIC,9.99,Active,,212.79
14182,9946,2024-08-20,,STANDARD,19.99,Active,,351.82
14183,8800,2026-03-04,,BASIC,9.99,Active,,-10.99
14184,7923,2024-09-01,,BASIC,9.99,Active,,171.83
14185,7914,2025-09-24,2027-07-19,BASIC,9.99,Churned,TECH-01,220.78
14186,3926,2024-08-19,2026-01-26,STANDARD,19.99,Churned,PRICE-02,349.82
14187,4623,2023-12-01,,PREMIUM,39.99,Active,,1054.4
14188,6851,2025-02-17,,STANDARD,19.99,Active,,231.22
14189,5039,2023-01-02,,PREMIUM,39.99,Active,,1498.29
14190,59,2024-04-08,,PREMIUM,39.99,Active,,882.45
14191,9690,2025-10-26,,STANDARD,19.99,Active,,63.97
14192,9684,2026-04-08,,BASIC,9.99,Active,,-22.64
14193,7329,2026-06-20,,PREMIUM,39.99,Active,,-187.95
14194,939,2026-06-11,,PREMIUM,39.99,Active,,-175.96
14195,6033,2024-02-11,2025-04-05,BASIC,9.99,Churned,SERVICE-02,139.53
14196,5704,2023-01-20,,BASIC,9.99,Active,,368.3
14197,3756,2024-11-22,2026-06-27,STANDARD,19.99,Churned,SERVICE-01,387.81
14198,6566,2026-02-06,2026-06-29,STANDARD,19.99,Churned,PROD-01,95.29
14199,1760,2025-06-30,2025-10-29,STANDARD,19.99,Churned,SERVICE-02,80.63
14200,2481,2025-08-01,,BASIC,9.99,Active,,60.61
14201,4605,2025-06-19,2027-02-25,PREMIUM,39.99,Churned,TECH-01,821.13
14202,8228,2023-09-04,,BASIC,9.99,Active,,292.71
14203,2996,2023-01-20,,BASIC,9.99,Active,,368.3
14204,8090,2026-01-10,2027-02-09,BASIC,9.99,Churned,SERVICE-02,131.53
14205,5511,2023-12-02,,BASIC,9.99,Active,,263.07
14206,2901,2023-08-23,,STANDARD,19.99,Active,,593.7
14207,8703,2025-01-03,,BASIC,9.99,Active,,130.54
14208,2838,2024-08-15,,PREMIUM,39.99,Active,,710.49
14209,3521,2024-03-13,2024-08-02,BASIC,9.99,Churned,PRICE-01,47.29
14210,8006,2024-03-18,,PREMIUM,39.99,Active,,910.44
14211,5929,2025-11-13,2026-12-05,BASIC,9.99,Churned,TECH-01,128.87
14212,986,2023-06-13,2024-07-12,PREMIUM,39.99,Churned,SERVICE-01,526.53
14213,1275,2025-11-18,2026-10-10,BASIC,9.99,Churned,PROD-01,108.56
14214,8974,2025-07-30,,STANDARD,19.99,Active,,122.61
14215,870,2023-11-02,,PREMIUM,39.99,Active,,1093.06
14216,5564,2025-10-08,,STANDARD,19.99,Active,,75.96
14217,4381,2025-03-30,,BASIC,9.99,Active,,101.9
14218,301,2024-10-03,,PREMIUM,39.99,Active,,645.17
14219,3541,2023-05-11,2023-11-19,PREMIUM,39.99,Churned,PROD-01,255.94
14220,237,2026-06-20,,PREMIUM,39.99,Active,,-187.95
14221,4833,2025-09-10,,STANDARD,19.99,Active,,94.62
14222,8778,2023-11-01,,STANDARD,19.99,Active,,547.06
14223,1471,2023-08-26,,BASIC,9.99,Active,,295.7
14224,9856,2025-04-17,,PREMIUM,39.99,Active,,383.9
14225,2754,2024-10-26,,BASIC,9.99,Active,,153.51
14226,631,2025-09-17,2027-02-18,STANDARD,19.99,Churned,PROD-01,345.83
14227,2420,2024-11-19,,PREMIUM,39.99,Active,,582.52
14228,3137,2024-11-27,,BASIC,9.99,Active,,142.86
14229,5428,2025-10-29,,STANDARD,19.99,Active,,61.97
14230,3198,2023-03-15,,BASIC,9.99,Active,,350.32
14231,6392,2024-08-09,,BASIC,9.99,Active,,179.49
14232,2456,2023-05-17,2024-12-14,PREMIUM,39.99,Churned,PROD-01,769.14
14233,4266,2024-08-29,,STANDARD,19.99,Active,,345.83
14234,9672,2025-11-24,2027-10-04,STANDARD,19.99,Churned,PRICE-02,452.44
14235,3710,2025-03-27,,PREMIUM,39.99,Active,,411.9
14236,8170,2026-04-16,,PREMIUM,39.99,Active,,-101.31
14237,6991,2023-09-27,2025-02-28,PREMIUM,39.99,Churned,PRICE-01,693.16
14238,7761,2025-10-31,,PREMIUM,39.99,Active,,121.3
14239,7514,2023-01-19,,PREMIUM,39.99,Active,,1475.63
14240,7951,2025-01-21,,BASIC,9.99,Active,,124.54
14241,3074,2023-02-11,,PREMIUM,39.99,Active,,1444.97
14242,6161,2025-07-25,,PREMIUM,39.99,Active,,251.94
14243,5854,2025-05-11,,BASIC,9.99,Active,,87.91
14244,3751,2026-06-16,,PREMIUM,39.99,Active,,-182.62
14245,6851,2023-03-28,,PREMIUM,39.99,Active,,1384.99
14246,5700,2026-04-07,,PREMIUM,39.99,Active,,-89.31
14247,1880,2026-01-27,,PREMIUM,39.99,Active,,4.0
14248,5373,2026-01-09,,STANDARD,19.99,Active,,13.99
14249,6611,2025-11-08,,PREMIUM,39.99,Active,,110.64
14250,2418,2025-07-24,,BASIC,9.99,Active,,63.27
14251,7536,2025-12-13,2026-09-22,STANDARD,19.99,Churned,COMP-01,188.57
14252,6623,2025-03-02,,PREMIUM,39.99,Active,,445.22
14253,1010,2024-10-29,,BASIC,9.99,Active,,152.51
14254,2681,2023-12-11,,STANDARD,19.99,Active,,520.41
14255,9724,2026-03-06,,PREMIUM,39.99,Active,,-46.66
14256,9637,2024-02-11,,PREMIUM,39.99,Active,,958.43
14257,6940,2024-04-27,2026-02-08,PREMIUM,39.99,Churned,TECH-01,869.12
14258,7271,2024-05-07,,BASIC,9.99,Active,,210.79
14259,8467,2025-10-31,,PREMIUM,39.99,Active,,121.3
14260,6468,2023-08-12,,PREMIUM,39.99,Active,,1202.37
14261,2129,2026-05-09,,STANDARD,19.99,Active,,-65.97
14262,4442,2026-04-17,2027-05-29,BASIC,9.99,Churned,SERVICE-01,135.53
14263,655,2023-12-03,,PREMIUM,39.99,Active,,1051.74
14264,4292,2023-04-16,,PREMIUM,39.99,Active,,1359.66
14265,3407,2024-06-29,2026-02-15,STANDARD,19.99,Churned,COMP-01,397.13
14266,5328,2025-10-23,,STANDARD,19.99,Active,,65.97
14267,4260,2024-12-29,,STANDARD,19.99,Active,,264.53
14268,2053,2026-04-13,2027-09-18,PREMIUM,39.99,Churned,PRICE-01,697.16
14269,9462,2025-09-30,2026-12-17,BASIC,9.99,Churned,COMP-01,147.52
14270,9290,2025-11-12,2026-05-07,PREMIUM,39.99,Churned,PROD-01,234.61
14271,1480,2025-05-04,2026-04-23,BASIC,9.99,Churned,COMP-01,117.88
14272,8755,2025-10-16,,STANDARD,19.99,Active,,70.63
14273,3374,2024-06-04,,PREMIUM,39.99,Active,,806.47
14274,2674,2024-04-30,,PREMIUM,39.99,Active,,853.12
14275,8866,2024-07-30,,PREMIUM,39.99,Active,,731.82
14276,5682,2024-12-25,2026-09-30,BASIC,9.99,Churned,SERVICE-01,214.45
14277,2146,2023-10-04,2024-06-07,STANDARD,19.99,Churned,PRICE-01,164.58
14278,8666,2023-11-03,,BASIC,9.99,Active,,272.73
14279,581,2023-12-23,,BASIC,9.99,Active,,256.08
14280,8961,2024-04-05,,BASIC,9.99,Active,,221.45
14281,7414,2025-05-13,2025-12-07,STANDARD,19.99,Churned,SERVICE-02,138.6
14282,786,2023-10-08,2024-02-06,BASIC,9.99,Churned,PRICE-01,40.29
14283,3661,2024-03-13,,BASIC,9.99,Active,,229.1
14284,762,2023-01-22,,STANDARD,19.99,Active,,735.63
14285,2330,2026-05-17,2028-03-01,PREMIUM,39.99,Churned,PROD-01,871.78
14286,4974,2024-10-04,2026-02-08,PREMIUM,39.99,Churned,SERVICE-01,655.84
14287,6262,2023-02-03,2024-04-23,BASIC,9.99,Churned,TECH-01,148.19
14288,6337,2023-09-12,,STANDARD,19.99,Active,,580.38
14289,6319,2026-03-20,2027-05-22,BASIC,9.99,Churned,PRICE-02,142.52
14290,1434,2024-03-07,,PREMIUM,39.99,Active,,925.1
14291,3728,2024-09-27,,STANDARD,19.99,Active,,326.5
14292,5967,2024-03-19,2025-08-13,STANDARD,19.99,Churned,PRICE-01,341.16
14293,6815,2023-05-22,,BASIC,9.99,Active,,327.67
14294,8196,2023-03-27,,BASIC,9.99,Active,,346.32
14295,76,2024-07-08,,STANDARD,19.99,Active,,380.48
14296,2762,2026-01-26,2027-11-20,PREMIUM,39.99,Churned,COMP-01,883.78
14297,7977,2024-05-21,,PREMIUM,39.99,Active,,825.13
14298,1322,2023-08-11,2024-02-04,STANDARD,19.99,Churned,PRICE-01,117.94
14299,5497,2023-04-08,,PREMIUM,39.99,Active,,1370.32
14300,3823,2024-06-05,,BASIC,9.99,Active,,201.13
14301,662,2024-11-22,2025-09-02,PREMIUM,39.99,Churned,PRICE-01,378.57
14302,6071,2025-01-29,,BASIC,9.99,Active,,121.88
14303,5970,2024-04-12,,BASIC,9.99,Active,,219.11
14304,5308,2024-07-07,2025-01-04,BASIC,9.99,Churned,PRICE-01,60.27
14305,9078,2023-07-18,,PREMIUM,39.99,Active,,1235.69
14306,3035,2024-11-11,,PREMIUM,39.99,Active,,593.19
14307,5111,2023-03-12,,PREMIUM,39.99,Active,,1406.32
14308,9737,2025-06-08,2025-08-30,BASIC,9.99,Churned,PRICE-01,27.64
14309,1586,2026-04-14,,BASIC,9.99,Active,,-24.64
14310,4408,2023-06-21,2024-12-09,BASIC,9.99,Churned,PRICE-02,178.82
14311,3644,2024-04-25,2025-02-15,STANDARD,19.99,Churned,SERVICE-02,197.23
14312,8171,2025-06-19,,STANDARD,19.99,Active,,149.92
14313,9407,2026-03-30,,PREMIUM,39.99,Active,,-78.65
14314,6514,2024-04-25,2026-01-17,PREMIUM,39.99,Churned,TECH-01,842.46
14315,706,2023-04-11,2023-10-18,PREMIUM,39.99,Churned,SERVICE-02,253.27
14316,8381,2026-05-04,2027-04-24,BASIC,9.99,Churned,SERVICE-01,118.22
14317,2489,2024-12-07,,BASIC,9.99,Active,,139.53
14318,9541,2024-09-09,,BASIC,9.99,Active,,169.16
14319,9972,2023-11-02,,PREMIUM,39.99,Active,,1093.06
14320,4585,2023-11-12,2024-02-22,PREMIUM,39.99,Churned,COMP-01,135.97
14321,8987,2025-03-18,2026-08-25,PREMIUM,39.99,Churned,TECH-01,699.83
14322,60,2026-06-19,,PREMIUM,39.99,Active,,-186.62
14323,6132,2025-02-10,,PREMIUM,39.99,Active,,471.88
14324,9413,2025-11-24,,PREMIUM,39.99,Active,,89.31
14325,142,2024-02-14,,STANDARD,19.99,Active,,477.09
14326,4442,2024-12-11,2026-11-24,BASIC,9.99,Churned,SERVICE-01,237.43
14327,7752,2024-03-29,2024-09-20,PREMIUM,39.99,Churned,PRICE-01,233.28
14328,7644,2023-03-25,2024-11-13,PREMIUM,39.99,Churned,TECH-01,798.47
14329,9272,2025-07-31,,BASIC,9.99,Active,,60.94
14330,5997,2024-12-17,,BASIC,9.99,Active,,136.2
14331,5079,2024-09-04,2026-08-19,PREMIUM,39.99,Churned,PROD-01,951.76
14332,2622,2024-01-06,,BASIC,9.99,Active,,251.42
14333,4399,2023-09-27,,STANDARD,19.99,Active,,570.38
14334,2531,2026-01-26,2027-02-10,PREMIUM,39.99,Churned,COMP-01,506.54
14335,6059,2025-07-04,2026-01-19,BASIC,9.99,Churned,PROD-01,66.27
14336,9454,2023-12-26,2024-11-13,BASIC,9.99,Churned,PRICE-02,107.56
14337,849,2025-03-27,2025-05-07,PREMIUM,39.99,Churned,SERVICE-01,54.65
14338,2511,2025-09-24,,PREMIUM,39.99,Active,,170.62
14339,8718,2025-03-21,2025-12-14,PREMIUM,39.99,Churned,PRICE-02,357.24
14340,9827,2024-03-21,,PREMIUM,39.99,Active,,906.44
14341,7839,2026-03-14,,PREMIUM,39.99,Active,,-57.32
14342,8097,2023-06-07,,BASIC,9.99,Active,,322.34
14343,4105,2023-03-22,2024-02-01,BASIC,9.99,Churned,TECH-01,105.23
14344,6535,2024-05-17,,BASIC,9.99,Active,,207.46
14345,7603,2023-11-12,,PREMIUM,39.99,Active,,1079.73
14346,4640,2026-04-08,2026-12-18,STANDARD,19.99,Churned,PRICE-01,169.25
14347,5360,2024-03-22,,BASIC,9.99,Active,,226.11
14348,9638,2025-06-17,,PREMIUM,39.99,Active,,302.59
14349,8674,2023-01-04,,PREMIUM,39.99,Active,,1495.63
14350,5710,2024-02-26,2024-12-31,STANDARD,19.99,Churned,TECH-01,205.9
14351,9750,2025-07-21,2027-03-21,BASIC,9.99,Churned,COMP-01,202.46
14352,7695,2023-03-09,,STANDARD,19.99,Active,,704.98
14353,321,2025-06-18,2026-08-26,BASIC,9.99,Churned,COMP-01,144.52
14354,6972,2023-09-27,,STANDARD,19.99,Active,,570.38
14355,405,2025-05-30,2026-08-21,BASIC,9.99,Churned,SERVICE-01,149.18
14356,4521,2026-03-30,,PREMIUM,39.99,Active,,-78.65
14357,3845,2024-06-11,,PREMIUM,39.99,Active,,797.13
14358,1301,2023-01-02,,PREMIUM,39.99,Active,,1498.29
14359,5534,2025-08-13,,STANDARD,19.99,Active,,113.28
14360,722,2024-02-22,2024-07-14,STANDARD,19.99,Churned,SERVICE-02,95.29
14361,7989,2025-10-12,,STANDARD,19.99,Active,,73.3
14362,8440,2024-05-24,,STANDARD,19.99,Active,,410.46
14363,2502,2025-05-18,2027-04-07,BASIC,9.99,Churned,PROD-01,229.44
14364,8201,2023-10-02,,STANDARD,19.99,Active,,567.05
14365,2607,2023-10-19,,STANDARD,19.99,Active,,555.72
14366,9579,2023-04-24,,BASIC,9.99,Active,,337.0
14367,7067,2025-02-01,2025-10-27,BASIC,9.99,Churned,SERVICE-02,89.24
14368,2598,2025-06-19,,STANDARD,19.99,Active,,149.92
14369,8592,2025-07-21,,STANDARD,19.99,Active,,128.6
14370,7411,2024-10-07,,BASIC,9.99,Active,,159.84
14371,3454,2026-05-23,2026-10-26,PREMIUM,39.99,Churned,PROD-01,207.95
14372,6425,2024-07-08,,PREMIUM,39.99,Active,,761.14
14373,9944,2025-08-24,,STANDARD,19.99,Active,,105.95
14374,4014,2024-05-25,,BASIC,9.99,Active,,204.8
14375,2197,2024-04-22,,BASIC,9.99,Active,,215.78
14376,5011,2026-01-09,2027-08-08,PREMIUM,39.99,Churned,SERVICE-02,767.81
14377,4184,2023-06-05,,PREMIUM,39.99,Active,,1293.01
14378,8087,2024-04-06,,BASIC,9.99,Active,,221.11
14379,248,2024-06-04,2024-08-29,BASIC,9.99,Churned,SERVICE-02,28.64
14380,1544,2023-01-07,,PREMIUM,39.99,Active,,1491.63
14381,6849,2023-12-01,,BASIC,9.99,Active,,263.4
14382,5695,2024-02-21,,PREMIUM,39.99,Active,,945.1
14383,4378,2025-07-26,,STANDARD,19.99,Active,,125.27
14384,1437,2025-08-13,,PREMIUM,39.99,Active,,226.61
14385,3971,2025-07-12,,PREMIUM,39.99,Active,,269.27
14386,3808,2023-08-03,2024-04-05,BASIC,9.99,Churned,TECH-01,81.92
14387,1265,2025-02-07,,BASIC,9.99,Active,,118.88
14388,1591,2026-02-02,,PREMIUM,39.99,Active,,-4.0
14389,8752,2026-04-21,2027-08-03,BASIC,9.99,Churned,TECH-01,156.18
14390,9566,2025-06-21,2025-07-30,PREMIUM,39.99,Churned,SERVICE-02,51.99
14391,6279,2023-03-09,,STANDARD,19.99,Active,,704.98
14392,2423,2026-06-10,2026-10-25,STANDARD,19.99,Churned,SERVICE-01,91.29
14393,3044,2026-05-07,,STANDARD,19.99,Active,,-64.63
14394,8820,2025-01-04,,BASIC,9.99,Active,,130.2
14395,4223,2023-01-31,,PREMIUM,39.99,Active,,1459.63
14396,3071,2024-01-22,2024-06-07,PREMIUM,39.99,Churned,SERVICE-01,182.62
14397,3938,2024-02-04,,PREMIUM,39.99,Active,,967.76
14398,685,2024-04-17,,BASIC,9.99,Active,,217.45
14399,9849,2023-12-27,,STANDARD,19.99,Active,,509.74
14400,6472,2024-01-22,,BASIC,9.99,Active,,246.09
14401,6733,2026-03-26,,STANDARD,19.99,Active,,-36.65
14402,3538,2025-09-15,2026-05-31,BASIC,9.99,Churned,PROD-01,85.91
14403,34,2023-12-26,,PREMIUM,39.99,Active,,1021.08
14404,3915,2025-05-09,,STANDARD,19.99,Active,,177.24
14405,1024,2026-02-08,,PREMIUM,39.99,Active,,-12.0
14406,1347,2023-03-27,2023-10-19,PREMIUM,39.99,Churned,PRICE-02,274.6
14407,8323,2023-01-30,,STANDARD,19.99,Active,,730.3
14408,608,2025-07-04,2026-03-30,STANDARD,19.99,Churned,PROD-01,179.24
14409,137,2023-09-12,,PREMIUM,39.99,Active,,1161.04
14410,2847,2026-06-03,,BASIC,9.99,Active,,-41.29
14411,5209,2025-04-26,2026-08-19,BASIC,9.99,Churned,COMP-01,159.84
14412,2285,2026-06-19,,STANDARD,19.99,Active,,-93.29
14413,5031,2025-07-17,,PREMIUM,39.99,Active,,262.6
14414,3290,2025-11-11,,PREMIUM,39.99,Active,,106.64
14415,6945,2024-11-07,,PREMIUM,39.99,Active,,598.52
14416,7090,2026-02-05,2028-01-23,STANDARD,19.99,Churned,SERVICE-01,477.76
14417,9808,2024-06-14,,PREMIUM,39.99,Active,,793.13
14418,5544,2023-06-25,2025-04-21,PREMIUM,39.99,Churned,COMP-01,887.78
14419,2046,2025-12-18,,STANDARD,19.99,Active,,28.65
14420,4046,2023-10-13,2024-12-31,STANDARD,19.99,Churned,PRICE-01,296.52
14421,7021,2023-06-01,,BASIC,9.99,Active,,324.34
14422,3358,2024-03-01,,STANDARD,19.99,Active,,466.43
14423,4689,2023-08-13,,STANDARD,19.99,Active,,600.37
14424,4612,2023-08-15,2024-09-06,STANDARD,19.99,Churned,PRICE-02,258.54
14425,6154,2023-05-03,2024-11-22,STANDARD,19.99,Churned,TECH-01,379.14
14426,6713,2024-12-17,2026-06-22,BASIC,9.99,Churned,COMP-01,183.82
14427,9429,2025-05-11,,STANDARD,19.99,Active,,175.91
14428,1251,2025-12-30,,PREMIUM,39.99,Active,,41.32
14429,4815,2025-06-24,,PREMIUM,39.99,Active,,293.26
14430,8950,2026-01-16,,STANDARD,19.99,Active,,9.33
14431,6448,2026-02-17,2027-11-29,PREMIUM,39.99,Churned,SERVICE-01,866.45
14432,5188,2026-01-02,,STANDARD,19.99,Active,,18.66
14433,9927,2024-10-22,2025-01-25,PREMIUM,39.99,Churned,PROD-01,126.64
14434,3845,2023-04-22,,STANDARD,19.99,Active,,675.66
14435,3239,2025-10-27,,PREMIUM,39.99,Active,,126.64
14436,6263,2025-07-18,,STANDARD,19.99,Active,,130.6
14437,497,2025-03-15,,PREMIUM,39.99,Active,,427.89
14438,1754,2025-03-20,,BASIC,9.99,Active,,105.23
14439,8674,2026-04-22,,PREMIUM,39.99,Active,,-109.31
14440,5959,2024-11-20,,STANDARD,19.99,Active,,290.52
14441,7745,2026-06-20,2027-09-01,BASIC,9.99,Churned,TECH-01,145.85
14442,7951,2024-11-25,,PREMIUM,39.99,Active,,574.52
14443,8513,2025-08-03,2025-12-09,PREMIUM,39.99,Churned,COMP-01,170.62
14444,6725,2026-01-07,,BASIC,9.99,Active,,7.66
14445,1559,2024-04-22,,STANDARD,19.99,Active,,431.78
14446,1687,2024-04-25,2024-11-22,BASIC,9.99,Churned,SERVICE-01,70.26
14447,3961,2023-11-26,2024-10-01,STANDARD,19.99,Churned,SERVICE-01,206.56
14448,4438,2025-08-23,,PREMIUM,39.99,Active,,213.28
14449,7503,2023-07-14,2023-10-26,BASIC,9.99,Churned,TECH-01,34.63
14450,2022,2023-04-23,,BASIC,9.99,Active,,337.33
14451,6199,2025-07-19,2026-11-24,STANDARD,19.99,Churned,TECH-01,328.5
14452,9405,2025-02-01,,PREMIUM,39.99,Active,,483.88
14453,1606,2024-11-02,,BASIC,9.99,Active,,151.18
14454,3132,2025-09-07,,PREMIUM,39.99,Active,,193.28
14455,716,2025-12-28,,BASIC,9.99,Active,,10.99
14456,6593,2023-02-14,,BASIC,9.99,Active,,359.97
14457,5465,2023-03-25,,PREMIUM,39.99,Active,,1388.99
14458,5963,2024-03-20,,STANDARD,19.99,Active,,453.77
14459,9848,2025-08-02,2027-01-18,STANDARD,19.99,Churned,PROD-01,355.82
14460,6330,2023-08-20,,BASIC,9.99,Active,,297.7
14461,6870,2023-03-26,,STANDARD,19.99,Active,,693.65
14462,4206,2023-11-04,,PREMIUM,39.99,Active,,1090.39
14463,5098,2024-08-10,2024-12-28,PREMIUM,39.99,Churned,PRICE-01,186.62
14464,989,2025-01-03,,PREMIUM,39.99,Active,,522.54
14465,578,2026-04-30,2026-08-24,BASIC,9.99,Churned,COMP-01,38.63
14466,1111,2023-09-15,,PREMIUM,39.99,Active,,1157.04
14467,6667,2024-09-06,,BASIC,9.99,Active,,170.16
14468,6321,2024-01-29,,STANDARD,19.99,Active,,487.76
14469,2772,2023-05-23,,BASIC,9.99,Active,,327.34
14470,7390,2023-05-18,,STANDARD,19.99,Active,,658.34
14471,8273,2025-12-26,,PREMIUM,39.99,Active,,46.66
14472,9591,2024-06-06,,BASIC,9.99,Active,,200.8
14473,7512,2024-06-19,,BASIC,9.99,Active,,196.47
14474,1735,2023-07-16,2024-10-03,BASIC,9.99,Churned,PRICE-01,148.19
14475,47,2024-02-03,,BASIC,9.99,Active,,242.09
14476,8703,2025-01-25,,STANDARD,19.99,Active,,246.54
14477,3668,2025-02-15,,STANDARD,19.99,Active,,232.55
14478,1885,2024-05-05,2025-05-05,BASIC,9.99,Churned,SERVICE-01,121.55
14479,5777,2026-04-27,,BASIC,9.99,Active,,-28.97
14480,1052,2023-10-13,2024-03-21,BASIC,9.99,Churned,PRICE-02,53.28
14481,2183,2025-06-01,,STANDARD,19.99,Active,,161.92
14482,5458,2025-12-07,,BASIC,9.99,Active,,17.98
14483,8863,2026-05-05,,BASIC,9.99,Active,,-31.63
14484,877,2026-01-07,,PREMIUM,39.99,Active,,30.66
14485,6841,2025-12-25,2026-11-22,PREMIUM,39.99,Churned,COMP-01,442.56
14486,608,2024-08-15,,STANDARD,19.99,Active,,355.16
14487,8960,2024-10-04,,PREMIUM,39.99,Active,,643.84
14488,1943,2023-02-20,,STANDARD,19.99,Active,,716.31
14489,5793,2026-01-27,,BASIC,9.99,Active,,1.0
14490,766,2023-05-30,2024-06-15,STANDARD,19.99,Churned,PROD-01,254.54
14491,2030,2023-01-15,,STANDARD,19.99,Active,,740.3
14492,8966,2025-05-28,,STANDARD,19.99,Active,,164.58
14493,6422,2026-03-22,,STANDARD,19.99,Active,,-33.98
14494,8303,2023-06-30,,PREMIUM,39.99,Active,,1259.69
14495,8986,2026-01-18,,STANDARD,19.99,Active,,8.0
14496,4207,2026-02-20,2026-04-21,STANDARD,19.99,Churned,PRICE-02,39.98
14497,7393,2024-10-09,,PREMIUM,39.99,Active,,637.17
14498,1591,2026-01-17,,BASIC,9.99,Active,,4.33
14499,5048,2024-09-19,2025-02-06,STANDARD,19.99,Churned,PROD-01,93.29
14500,8492,2025-12-31,,STANDARD,19.99,Active,,19.99
14501,376,2024-08-27,,STANDARD,19.99,Active,,347.16
14502,4394,2024-02-11,,PREMIUM,39.99,Active,,958.43
14503,5116,2024-10-31,,STANDARD,19.99,Active,,303.85
14504,7585,2026-01-07,2027-08-11,STANDARD,19.99,Churned,PRICE-02,387.14
14505,5631,2024-11-24,,STANDARD,19.99,Active,,287.86
14506,2769,2023-02-16,,BASIC,9.99,Active,,359.31
14507,7015,2025-05-27,2026-10-25,BASIC,9.99,Churned,COMP-01,171.83
14508,1246,2026-05-04,2027-03-21,PREMIUM,39.99,Churned,PRICE-02,427.89
14509,9880,2024-03-14,,PREMIUM,39.99,Active,,915.77
14510,6040,2023-09-01,,PREMIUM,39.99,Active,,1175.71
14511,8973,2023-12-07,,STANDARD,19.99,Active,,523.07
14512,5719,2024-04-16,,BASIC,9.99,Active,,217.78
14513,8191,2026-05-19,,STANDARD,19.99,Active,,-72.63
14514,4372,2023-01-19,,PREMIUM,39.99,Active,,1475.63
14515,1342,2025-08-05,2027-01-29,BASIC,9.99,Churned,TECH-01,180.49
14516,6835,2026-04-30,,STANDARD,19.99,Active,,-59.97
14517,3268,2024-06-06,,STANDARD,19.99,Active,,401.8
14518,8106,2026-01-13,,PREMIUM,39.99,Active,,22.66
14519,4455,2025-01-08,2025-07-08,PREMIUM,39.99,Churned,PROD-01,241.27
14520,3322,2025-04-30,,STANDARD,19.99,Active,,183.24
14521,652,2023-01-14,,STANDARD,19.99,Active,,740.96
14522,7781,2025-06-24,2026-10-16,PREMIUM,39.99,Churned,SERVICE-01,638.51
14523,7884,2026-04-12,2026-10-19,PREMIUM,39.99,Churned,PRICE-02,253.27
14524,9079,2024-11-10,,BASIC,9.99,Active,,148.52
14525,3235,2025-04-23,,PREMIUM,39.99,Active,,375.91
14526,2986,2023-03-25,,BASIC,9.99,Active,,346.99
14527,880,2024-10-19,,BASIC,9.99,Active,,155.84
14528,3984,2025-09-04,,PREMIUM,39.99,Active,,197.28
14529,88,2023-07-06,,BASIC,9.99,Active,,312.69
14530,7923,2025-10-12,,PREMIUM,39.99,Active,,146.63
14531,2540,2024-03-11,,PREMIUM,39.99,Active,,919.77
14532,2100,2024-02-25,2025-01-21,PREMIUM,39.99,Churned,PRICE-02,441.22
14533,9789,2026-03-18,,BASIC,9.99,Active,,-15.65
14534,7522,2023-09-10,2024-03-14,STANDARD,19.99,Churned,TECH-01,123.94
14535,837,2025-06-08,,PREMIUM,39.99,Active,,314.59
14536,417,2023-06-10,,STANDARD,19.99,Active,,643.01
14537,8425,2023-11-03,,PREMIUM,39.99,Active,,1091.73
14538,3573,2026-04-12,2027-08-02,BASIC,9.99,Churned,PRICE-01,158.84
14539,1299,2023-10-25,2024-09-13,PREMIUM,39.99,Churned,PROD-01,431.89
14540,235,2024-08-22,,BASIC,9.99,Active,,175.16
14541,3218,2024-12-25,,STANDARD,19.99,Active,,267.2
14542,2310,2024-11-04,,STANDARD,19.99,Active,,301.18
14543,5730,2023-12-29,,PREMIUM,39.99,Active,,1017.08
14544,5870,2025-09-22,,PREMIUM,39.99,Active,,173.29
14545,9566,2025-08-12,,PREMIUM,39.99,Active,,227.94
14546,5815,2023-02-07,,PREMIUM,39.99,Active,,1450.3
14547,1136,2024-07-02,,BASIC,9.99,Active,,192.14
14548,9564,2024-01-22,,BASIC,9.99,Active,,246.09
14549,9890,2025-01-08,,PREMIUM,39.99,Active,,515.87
14550,9455,2026-02-11,,STANDARD,19.99,Active,,-8.0
14551,6093,2023-01-18,,BASIC,9.99,Active,,368.96
14552,3732,2024-03-03,2025-03-07,BASIC,9.99,Churned,COMP-01,122.88
14553,6871,2026-05-29,,BASIC,9.99,Active,,-39.63
14554,5678,2026-01-12,,BASIC,9.99,Active,,5.99
14555,8815,2025-05-30,,STANDARD,19.99,Active,,163.25
14556,146,2023-03-28,2024-11-15,STANDARD,19.99,Churned,SERVICE-02,398.47
14557,802,2025-01-09,,BASIC,9.99,Active,,128.54
14558,6649,2023-01-17,,PREMIUM,39.99,Active,,1478.3
14559,959,2025-04-11,,BASIC,9.99,Active,,97.9
14560,2700,2024-07-07,,BASIC,9.99,Active,,190.48
14561,8785,2024-02-20,2025-10-24,PREMIUM,39.99,Churned,PRICE-02,815.8
14562,9732,2026-04-14,,STANDARD,19.99,Active,,-49.31
14563,651,2023-02-27,,STANDARD,19.99,Active,,711.64
14564,1850,2024-01-26,,BASIC,9.99,Active,,244.75
14565,6424,2025-06-20,2025-12-22,BASIC,9.99,Churned,PRICE-01,61.61
14566,6296,2026-06-26,,BASIC,9.99,Active,,-48.95
14567,589,2026-03-27,,BASIC,9.99,Active,,-18.65
14568,9706,2023-03-18,,PREMIUM,39.99,Active,,1398.32
14569,8934,2023-05-17,,PREMIUM,39.99,Active,,1318.34
14570,4791,2025-09-07,,PREMIUM,39.99,Active,,193.28
14571,8117,2024-02-20,,BASIC,9.99,Active,,236.43
14572,5252,2026-01-14,,BASIC,9.99,Active,,5.33
14573,2018,2023-12-14,,BASIC,9.99,Active,,259.07
14574,4809,2025-11-25,2027-01-03,BASIC,9.99,Churned,PROD-01,134.53
14575,3005,2025-01-12,,STANDARD,19.99,Active,,255.21
14576,6160,2023-10-06,2024-11-06,STANDARD,19.99,Churned,TECH-01,264.53
14577,9337,2023-02-14,2024-03-18,BASIC,9.99,Churned,PRICE-02,132.53
14578,2537,2025-08-08,,STANDARD,19.99,Active,,116.61
14579,4384,2026-06-04,2027-07-04,PREMIUM,39.99,Churned,COMP-01,526.53
14580,5299,2024-02-14,,STANDARD,19.99,Active,,477.09
14581,4919,2025-11-28,,PREMIUM,39.99,Active,,83.98
14582,8908,2023-08-17,,PREMIUM,39.99,Active,,1195.7
14583,1732,2025-11-22,2026-11-22,PREMIUM,39.99,Churned,PRICE-02,486.55
14584,8502,2026-02-09,,PREMIUM,39.99,Active,,-13.33
14585,2948,2024-12-19,,PREMIUM,39.99,Active,,542.53
14586,654,2023-07-23,2024-01-04,BASIC,9.99,Churned,SERVICE-01,54.95
14587,5153,2024-06-13,,PREMIUM,39.99,Active,,794.47
14588,2450,2024-11-05,2025-07-24,STANDARD,19.99,Churned,PRICE-01,173.91
14589,7085,2024-07-05,,STANDARD,19.99,Active,,382.48
14590,8995,2025-11-28,2027-06-09,BASIC,9.99,Churned,COMP-01,185.81
14591,4902,2024-05-03,,PREMIUM,39.99,Active,,849.12
14592,7035,2023-12-13,,BASIC,9.99,Active,,259.41
14593,8532,2025-06-20,,STANDARD,19.99,Active,,149.26
14594,3006,2023-01-03,2023-12-27,STANDARD,19.99,Churned,COMP-01,238.55
14595,1297,2023-10-27,,PREMIUM,39.99,Active,,1101.06
14596,6811,2026-04-13,,STANDARD,19.99,Active,,-48.64
14597,4216,2025-07-04,,BASIC,9.99,Active,,69.93
14598,519,2026-02-11,,STANDARD,19.99,Active,,-8.0
14599,2494,2024-03-17,,PREMIUM,39.99,Active,,911.77
14600,5524,2025-10-12,,STANDARD,19.99,Active,,73.3
14601,3323,2023-05-29,,PREMIUM,39.99,Active,,1302.34
14602,9491,2026-05-24,,PREMIUM,39.99,Active,,-151.96
14603,1863,2025-02-23,,PREMIUM,39.99,Active,,454.55
14604,1960,2025-01-16,,STANDARD,19.99,Active,,252.54
14605,3100,2026-02-26,2027-01-17,PREMIUM,39.99,Churned,TECH-01,433.23
14606,7074,2025-07-21,,PREMIUM,39.99,Active,,257.27
14607,5719,2023-11-05,,PREMIUM,39.99,Active,,1089.06
14608,4805,2026-02-04,2027-04-04,STANDARD,19.99,Churned,SERVICE-01,282.53
14609,9329,2024-04-05,,BASIC,9.99,Active,,221.45
14610,7052,2025-06-10,2025-11-12,STANDARD,19.99,Churned,PROD-01,103.28
14611,3304,2023-12-02,2025-01-30,BASIC,9.99,Churned,TECH-01,141.53
14612,1988,2024-06-17,2026-04-18,STANDARD,19.99,Churned,PROD-01,446.44
14613,8210,2023-04-22,,PREMIUM,39.99,Active,,1351.66
14614,40,2024-03-13,2025-09-10,STANDARD,19.99,Churned,SERVICE-02,363.82
14615,938,2024-06-01,,PREMIUM,39.99,Active,,810.46
14616,2659,2023-12-04,,PREMIUM,39.99,Active,,1050.4
14617,699,2023-10-19,,BASIC,9.99,Active,,277.72
14618,7155,2026-01-02,2027-03-09,STANDARD,19.99,Churned,SERVICE-01,287.19
14619,5749,2023-04-09,,PREMIUM,39.99,Active,,1368.99
14620,5867,2026-06-27,,STANDARD,19.99,Active,,-98.62
14621,2693,2023-07-14,2025-06-27,BASIC,9.99,Churned,PRICE-01,237.76
14622,8577,2025-06-17,,STANDARD,19.99,Active,,151.26
14623,8823,2023-04-13,2024-04-11,STANDARD,19.99,Churned,COMP-01,242.55
14624,1021,2023-01-06,2024-10-20,PREMIUM,39.99,Churned,PRICE-01,870.45
14625,5738,2024-05-24,,PREMIUM,39.99,Active,,821.13
14626,249,2023-11-08,,STANDARD,19.99,Active,,542.4
14627,4410,2026-01-13,,STANDARD,19.99,Active,,11.33
14628,3313,2024-03-11,,BASIC,9.99,Active,,229.77
14629,391,2024-03-22,,BASIC,9.99,Active,,226.11
14630,168,2023-05-20,,PREMIUM,39.99,Active,,1314.34
14631,9078,2024-02-12,2025-02-22,PREMIUM,39.99,Churned,PROD-01,501.21
14632,4488,2023-12-19,,PREMIUM,39.99,Active,,1030.41
14633,3819,2023-04-21,,PREMIUM,39.99,Active,,1353.0
14634,8484,2024-09-27,,PREMIUM,39.99,Active,,653.17
14635,7723,2023-04-04,2024-01-01,PREMIUM,39.99,Churned,COMP-01,362.58
14636,9640,2026-01-31,,STANDARD,19.99,Active,,-0.67
14637,820,2024-01-10,,PREMIUM,39.99,Active,,1001.08
14638,8040,2024-03-19,2026-02-24,PREMIUM,39.99,Churned,TECH-01,942.43
14639,6510,2026-01-05,,STANDARD,19.99,Active,,16.66
14640,8005,2025-03-24,,STANDARD,19.99,Active,,207.9
14641,975,2025-08-16,,BASIC,9.99,Active,,55.61
14642,538,2026-05-13,,PREMIUM,39.99,Active,,-137.3
14643,3095,2023-02-03,2024-10-21,PREMIUM,39.99,Churned,PRICE-01,834.46
14644,1387,2024-12-24,2026-10-26,STANDARD,19.99,Churned,PROD-01,447.11
14645,4066,2023-01-25,,STANDARD,19.99,Active,,733.63
14646,5776,2023-07-18,,BASIC,9.99,Active,,308.69
14647,330,2024-11-18,2025-11-05,BASIC,9.99,Churned,PRICE-02,117.22
14648,317,2024-07-04,,BASIC,9.99,Active,,191.48
14649,5920,2023-07-13,,PREMIUM,39.99,Active,,1242.36
14650,4641,2023-04-28,,BASIC,9.99,Active,,335.66
14651,4377,2023-02-20,2024-11-02,STANDARD,19.99,Churned,PROD-01,413.79
14652,1118,2025-02-14,,PREMIUM,39.99,Active,,466.55
14653,4220,2025-04-22,,BASIC,9.99,Active,,94.24
14654,7393,2023-12-27,,STANDARD,19.99,Active,,509.74
14655,5874,2024-09-11,,BASIC,9.99,Active,,168.5
14656,5177,2024-01-18,,STANDARD,19.99,Active,,495.09
14657,2053,2023-05-01,2024-01-14,STANDARD,19.99,Churned,PROD-01,171.91
14658,868,2023-11-15,2024-03-19,STANDARD,19.99,Churned,PRICE-02,83.29
14659,5325,2024-04-29,,STANDARD,19.99,Active,,427.12
14660,2948,2023-07-31,,PREMIUM,39.99,Active,,1218.36
14661,4519,2025-07-06,,BASIC,9.99,Active,,69.26
14662,9784,2026-06-09,,PREMIUM,39.99,Active,,-173.29
14663,7304,2023-04-24,,STANDARD,19.99,Active,,674.33
14664,8970,2024-10-17,2026-05-25,PREMIUM,39.99,Churned,TECH-01,779.81
14665,997,2023-11-08,,STANDARD,19.99,Active,,542.4
14666,6957,2023-06-17,,STANDARD,19.99,Active,,638.35
14667,6939,2024-01-14,,STANDARD,19.99,Active,,497.75
14668,7953,2024-02-05,,STANDARD,19.99,Active,,483.09
14669,7809,2024-07-27,,PREMIUM,39.99,Active,,735.82
14670,3161,2025-12-03,,STANDARD,19.99,Active,,38.65
14671,1559,2023-10-31,,PREMIUM,39.99,Active,,1095.73
14672,1162,2026-02-05,,STANDARD,19.99,Active,,-4.0
14673,4213,2024-08-12,,STANDARD,19.99,Active,,357.15
14674,8645,2025-02-18,2026-11-12,STANDARD,19.99,Churned,PRICE-01,421.12
14675,1347,2023-07-27,,STANDARD,19.99,Active,,611.69
14676,7924,2025-03-01,,BASIC,9.99,Active,,111.55
14677,8075,2023-08-10,,STANDARD,19.99,Active,,602.37
14678,1208,2025-12-09,,PREMIUM,39.99,Active,,69.32
14679,4728,2026-03-12,,BASIC,9.99,Active,,-13.65
14680,18,2026-02-15,,PREMIUM,39.99,Active,,-21.33
14681,755,2024-09-30,,STANDARD,19.99,Active,,324.5
14682,735,2023-08-04,,BASIC,9.99,Active,,303.03
14683,2560,2025-08-31,2026-07-18,PREMIUM,39.99,Churned,COMP-01,427.89
14684,2925,2026-06-01,,STANDARD,19.99,Active,,-81.29
14685,6598,2023-08-06,,BASIC,9.99,Active,,302.36
14686,3734,2023-11-07,,BASIC,9.99,Active,,271.4
14687,8354,2023-12-24,,STANDARD,19.99,Active,,511.74
14688,9528,2023-09-13,,PREMIUM,39.99,Active,,1159.71
14689,9197,2024-04-30,2026-02-07,PREMIUM,39.99,Churned,TECH-01,863.78
14690,3791,2024-10-30,,BASIC,9.99,Active,,152.18
14691,4206,2025-05-10,2026-09-26,BASIC,9.99,Churned,COMP-01,167.83
14692,2274,2026-01-31,2027-12-14,STANDARD,19.99,Churned,COMP-01,454.44
14693,3409,2025-12-31,,BASIC,9.99,Active,,9.99
14694,2793,2025-01-31,2026-10-26,STANDARD,19.99,Churned,TECH-01,421.79
14695,1598,2025-01-09,,BASIC,9.99,Active,,128.54
14696,2905,2023-12-23,2025-09-14,BASIC,9.99,Churned,PROD-01,210.12
14697,1594,2025-12-24,,STANDARD,19.99,Active,,24.65
14698,4261,2024-07-11,,STANDARD,19.99,Active,,378.48
14699,4891,2023-04-13,,BASIC,9.99,Active,,340.66
14700,312,2025-03-22,,STANDARD,19.99,Active,,209.23
14701,9840,2024-05-18,,BASIC,9.99,Active,,207.13
14702,8719,2023-06-21,,BASIC,9.99,Active,,317.68
14703,3727,2023-06-13,2024-07-12,BASIC,9.99,Churned,PRICE-02,131.53
14704,7413,2023-08-04,,BASIC,9.99,Active,,303.03
14705,4190,2026-02-04,,PREMIUM,39.99,Active,,-6.67
14706,4485,2023-08-08,2024-07-10,STANDARD,19.99,Churned,PRICE-02,224.55
14707,8361,2026-02-25,,PREMIUM,39.99,Active,,-34.66
14708,5813,2026-05-23,2026-07-28,STANDARD,19.99,Churned,SERVICE-01,43.98
14709,5931,2024-04-21,,PREMIUM,39.99,Active,,865.12
14710,9122,2025-01-01,2025-10-29,STANDARD,19.99,Churned,SERVICE-01,200.57
14711,2357,2024-01-28,,STANDARD,19.99,Active,,488.42
14712,5983,2026-01-29,,BASIC,9.99,Active,,0.33
14713,3389,2023-07-05,2024-04-15,BASIC,9.99,Churned,SERVICE-01,94.91
14714,1768,2024-03-23,,PREMIUM,39.99,Active,,903.77
14715,7130,2024-11-08,2026-05-19,BASIC,9.99,Churned,SERVICE-01,185.48
14716,4491,2023-04-20,,PREMIUM,39.99,Active,,1354.33
14717,8010,2025-06-30,,STANDARD,19.99,Active,,142.6
14718,1080,2023-06-16,,STANDARD,19.99,Active,,639.01
14719,74,2023-05-03,,PREMIUM,39.99,Active,,1337.0
14720,2623,2026-06-08,,STANDARD,19.99,Active,,-85.96
14721,3772,2025-12-03,,BASIC,9.99,Active,,19.31
14722,6691,2024-03-16,,BASIC,9.99,Active,,228.1
14723,3990,2023-06-24,,BASIC,9.99,Active,,316.68
14724,699,2026-02-09,,STANDARD,19.99,Active,,-6.66
14725,6356,2024-08-14,,STANDARD,19.99,Active,,355.82
14726,9899,2024-02-29,,PREMIUM,39.99,Active,,934.43
14727,8666,2023-04-27,,BASIC,9.99,Active,,336.0
14728,8916,2023-04-07,2023-08-16,PREMIUM,39.99,Churned,PROD-01,174.62
14729,7780,2025-04-18,,STANDARD,19.99,Active,,191.24
14730,1484,2025-02-22,,STANDARD,19.99,Active,,227.89
14731,7647,2024-01-09,2024-03-03,BASIC,9.99,Churned,PROD-01,17.98
14732,8880,2023-08-24,,PREMIUM,39.99,Active,,1186.37
14733,6646,2025-04-05,,STANDARD,19.99,Active,,199.9
14734,8412,2025-11-27,,BASIC,9.99,Active,,21.31
14735,9732,2023-10-24,,STANDARD,19.99,Active,,552.39
14736,3097,2026-03-17,,STANDARD,19.99,Active,,-30.65
14737,4497,2026-06-05,,BASIC,9.99,Active,,-41.96
14738,1523,2023-01-29,,STANDARD,19.99,Active,,730.97
14739,5627,2023-10-09,,BASIC,9.99,Active,,281.05
14740,257,2023-05-08,,BASIC,9.99,Active,,332.33
14741,9888,2026-06-01,,BASIC,9.99,Active,,-40.63
14742,1983,2026-06-02,,BASIC,9.99,Active,,-40.96
14743,9858,2024-12-23,,PREMIUM,39.99,Active,,537.2
14744,9591,2026-03-08,2026-12-31,PREMIUM,39.99,Churned,TECH-01,397.23
14745,4335,2026-03-13,,STANDARD,19.99,Active,,-27.99
14746,2214,2023-08-19,,STANDARD,19.99,Active,,596.37
14747,8658,2026-05-29,,PREMIUM,39.99,Active,,-158.63
14748,5805,2023-07-28,,BASIC,9.99,Active,,305.36
14749,3501,2024-12-05,,BASIC,9.99,Active,,140.19
14750,6308,2025-09-12,,BASIC,9.99,Active,,46.62
14751,2373,2025-06-21,,PREMIUM,39.99,Active,,297.26
14752,9709,2023-03-18,,BASIC,9.99,Active,,349.32
14753,6042,2024-02-20,,BASIC,9.99,Active,,236.43
14754,1681,2023-11-09,,STANDARD,19.99,Active,,541.73
14755,7432,2026-02-11,2027-10-22,PREMIUM,39.99,Churned,SERVICE-01,823.79
14756,8529,2023-01-25,,BASIC,9.99,Active,,366.63
14757,5216,2024-07-21,2024-12-15,PREMIUM,39.99,Churned,PRICE-02,195.95
14758,323,2023-12-14,,PREMIUM,39.99,Active,,1037.07
14759,9447,2023-05-15,,BASIC,9.99,Active,,330.0
14760,1119,2025-09-01,2026-07-01,STANDARD,19.99,Churned,SERVICE-02,201.9
14761,255,2023-05-09,2024-06-15,BASIC,9.99,Churned,SERVICE-01,134.2
14762,1972,2026-06-29,,PREMIUM,39.99,Active,,-199.95
14763,8435,2024-11-06,,STANDARD,19.99,Active,,299.85
14764,3468,2024-04-09,,PREMIUM,39.99,Active,,881.11
14765,3491,2026-02-22,,BASIC,9.99,Active,,-7.66
14766,6664,2023-07-18,2023-11-15,PREMIUM,39.99,Churned,COMP-01,159.96
14767,7795,2024-10-25,,BASIC,9.99,Active,,153.85
14768,4994,2023-08-09,,PREMIUM,39.99,Active,,1206.37
14769,1565,2024-02-14,2025-01-10,BASIC,9.99,Churned,PROD-01,110.22
14770,9745,2023-07-13,,PREMIUM,39.99,Active,,1242.36
14771,116,2024-09-22,,PREMIUM,39.99,Active,,659.84
14772,7748,2024-05-05,2025-12-17,PREMIUM,39.99,Churned,SERVICE-01,787.8
14773,8264,2026-06-10,,STANDARD,19.99,Active,,-87.29
14774,9921,2023-12-12,,BASIC,9.99,Active,,259.74
14775,6397,2025-09-14,,BASIC,9.99,Active,,45.95
14776,858,2024-11-27,,STANDARD,19.99,Active,,285.86
14777,1626,2025-08-09,,BASIC,9.99,Active,,57.94
14778,3439,2025-06-24,,BASIC,9.99,Active,,73.26
14779,963,2023-08-17,,BASIC,9.99,Active,,298.7
14780,4065,2025-06-28,2026-03-20,BASIC,9.99,Churned,COMP-01,88.25
14781,3420,2024-11-11,2025-06-27,BASIC,9.99,Churned,SERVICE-02,75.92
14782,1245,2023-09-14,2025-04-25,STANDARD,19.99,Churned,SERVICE-01,392.47
14783,4293,2023-08-19,,PREMIUM,39.99,Active,,1193.04
14784,9891,2024-03-10,2025-04-24,PREMIUM,39.99,Churned,COMP-01,546.53
14785,8019,2024-03-13,,STANDARD,19.99,Active,,458.44
14786,8628,2024-05-21,,STANDARD,19.99,Active,,412.46
14787,2274,2025-05-21,2026-11-11,STANDARD,19.99,Churned,TECH-01,359.15
14788,6132,2024-01-04,2024-05-22,PREMIUM,39.99,Churned,TECH-01,185.29
14789,6847,2026-02-07,2027-10-04,STANDARD,19.99,Churned,TECH-01,402.47
14790,9993,2024-05-30,,STANDARD,19.99,Active,,406.46
14791,4646,2026-05-26,,STANDARD,19.99,Active,,-77.29
14792,4983,2025-06-03,,PREMIUM,39.99,Active,,321.25
14793,883,2025-09-06,2026-07-15,BASIC,9.99,Churned,COMP-01,103.9
14794,1288,2023-05-04,,BASIC,9.99,Active,,333.67
14795,822,2025-11-27,,PREMIUM,39.99,Active,,85.31
14796,7634,2024-05-26,2024-11-14,BASIC,9.99,Churned,PRICE-01,57.28
14797,6350,2023-05-14,,BASIC,9.99,Active,,330.34
14798,7677,2023-07-12,2023-11-08,STANDARD,19.99,Churned,SERVICE-01,79.29
14799,7571,2023-09-01,2024-05-15,STANDARD,19.99,Churned,SERVICE-01,171.25
14800,5364,2026-01-29,,PREMIUM,39.99,Active,,1.33
14801,3680,2025-07-09,,STANDARD,19.99,Active,,136.6
14802,9811,2024-01-25,,BASIC,9.99,Active,,245.09
14803,1658,2024-04-09,2026-04-07,STANDARD,19.99,Churned,SERVICE-01,485.09
14804,6089,2025-09-05,,BASIC,9.99,Active,,48.95
14805,7044,2026-01-08,,STANDARD,19.99,Active,,14.66
14806,5060,2026-03-23,,PREMIUM,39.99,Active,,-69.32
14807,8035,2025-05-26,,BASIC,9.99,Active,,82.92
14808,2810,2024-09-21,,STANDARD,19.99,Active,,330.5
14809,825,2026-05-02,2028-02-22,BASIC,9.99,Churned,TECH-01,220.11
14810,8182,2025-11-19,2026-05-19,STANDARD,19.99,Churned,COMP-01,120.61
14811,378,2023-07-09,,STANDARD,19.99,Active,,623.69
14812,9308,2025-03-30,,BASIC,9.99,Active,,101.9
14813,3932,2025-06-02,,PREMIUM,39.99,Active,,322.59
14814,3401,2025-12-16,,BASIC,9.99,Active,,14.98
14815,7659,2023-12-07,,PREMIUM,39.99,Active,,1046.41
14816,8163,2023-09-10,,STANDARD,19.99,Active,,581.71
14817,1540,2023-10-06,,STANDARD,19.99,Active,,564.38
14818,746,2024-06-03,,STANDARD,19.99,Active,,403.8
14819,101,2025-09-23,2026-01-23,BASIC,9.99,Churned,PRICE-02,40.63
14820,9008,2023-09-21,,BASIC,9.99,Active,,287.05
14821,4910,2024-08-30,,BASIC,9.99,Active,,172.49
14822,9114,2023-04-20,2023-06-04,BASIC,9.99,Churned,COMP-01,14.98
14823,8295,2024-02-24,2025-04-02,BASIC,9.99,Churned,PROD-01,134.2
14824,3546,2023-12-25,,BASIC,9.99,Active,,255.41
14825,6554,2026-04-03,2028-01-20,STANDARD,19.99,Churned,PROD-01,437.78
14826,4692,2024-09-16,,STANDARD,19.99,Active,,333.83
14827,9212,2025-02-24,,BASIC,9.99,Active,,113.22
14828,3016,2024-05-01,,PREMIUM,39.99,Active,,851.79
14829,5434,2026-03-15,2027-06-23,PREMIUM,39.99,Churned,SERVICE-02,619.85
14830,9393,2024-08-15,,STANDARD,19.99,Active,,355.16
14831,7136,2023-07-09,2024-08-22,PREMIUM,39.99,Churned,SERVICE-02,546.53
14832,4398,2025-02-14,2026-02-24,PREMIUM,39.99,Churned,PRICE-02,499.88
14833,8493,2025-08-05,2027-06-20,PREMIUM,39.99,Churned,PRICE-02,911.77
14834,5233,2023-05-10,2024-01-21,BASIC,9.99,Churned,TECH-01,85.25
14835,3334,2025-01-16,2026-06-06,PREMIUM,39.99,Churned,COMP-01,674.5
14836,685,2023-07-29,,PREMIUM,39.99,Active,,1221.03
14837,2540,2024-07-27,2025-03-10,BASIC,9.99,Churned,SERVICE-01,75.26
14838,5645,2025-04-03,,PREMIUM,39.99,Active,,402.57
14839,7713,2024-03-23,,STANDARD,19.99,Active,,451.77
14840,8442,2023-11-04,,PREMIUM,39.99,Active,,1090.39
14841,2468,2025-06-16,,STANDARD,19.99,Active,,151.92
14842,3098,2026-04-24,2027-03-30,PREMIUM,39.99,Churned,SERVICE-02,453.22
14843,8840,2025-04-18,,PREMIUM,39.99,Active,,382.57
14844,9501,2024-04-21,,PREMIUM,39.99,Active,,865.12
14845,593,2025-05-16,,STANDARD,19.99,Active,,172.58
14846,7969,2025-03-06,,BASIC,9.99,Active,,109.89
14847,8625,2023-03-12,,BASIC,9.99,Active,,351.31
14848,1210,2024-04-02,,BASIC,9.99,Active,,222.44
14849,11,2026-03-11,,BASIC,9.99,Active,,-13.32
14850,6527,2025-10-04,,BASIC,9.99,Active,,39.29
14851,3269,2024-08-03,,PREMIUM,39.99,Active,,726.49
14852,1297,2024-08-28,2025-10-30,STANDARD,19.99,Churned,PRICE-01,285.19
14853,3969,2025-09-19,,PREMIUM,39.99,Active,,177.29
14854,6280,2025-08-09,,STANDARD,19.99,Active,,115.94
14855,836,2024-06-05,2025-12-23,BASIC,9.99,Churned,PROD-01,188.48
14856,17,2025-11-16,,STANDARD,19.99,Active,,49.97
14857,8866,2024-04-05,2024-06-27,BASIC,9.99,Churned,SERVICE-01,27.64
14858,794,2025-05-20,,STANDARD,19.99,Active,,169.91
14859,4977,2024-05-20,2025-08-25,PREMIUM,39.99,Churned,PRICE-01,615.85
14860,2525,2023-12-28,,BASIC,9.99,Active,,254.41
14861,2673,2025-12-13,,PREMIUM,39.99,Active,,63.98
14862,3182,2024-04-12,2026-03-26,BASIC,9.99,Churned,SERVICE-01,237.43
14863,8068,2024-06-09,2025-03-27,STANDARD,19.99,Churned,SERVICE-01,193.9
14864,6062,2024-04-23,,PREMIUM,39.99,Active,,862.45
14865,7426,2025-05-01,,STANDARD,19.99,Active,,182.58
14866,8122,2025-12-21,,STANDARD,19.99,Active,,26.65
14867,4269,2024-01-04,,BASIC,9.99,Active,,252.08
14868,4588,2025-10-09,,STANDARD,19.99,Active,,75.3
14869,3688,2023-05-13,,PREMIUM,39.99,Active,,1323.67
14870,1668,2026-05-21,,PREMIUM,39.99,Active,,-147.96
14871,8803,2025-06-04,,STANDARD,19.99,Active,,159.92
14872,7587,2023-05-11,,PREMIUM,39.99,Active,,1326.34
14873,3943,2025-10-20,,PREMIUM,39.99,Active,,135.97
14874,468,2023-12-14,,BASIC,9.99,Active,,259.07
14875,8553,2024-08-04,,STANDARD,19.99,Active,,362.49
14876,3211,2025-03-28,,STANDARD,19.99,Active,,205.23
14877,8469,2023-12-31,2025-10-15,PREMIUM,39.99,Churned,PROD-01,871.78
14878,4033,2023-04-18,2023-05-19,BASIC,9.99,Churned,COMP-01,10.32
14879,6385,2026-02-26,,STANDARD,19.99,Active,,-17.99
14880,2958,2025-12-23,,BASIC,9.99,Active,,12.65
14881,5121,2026-06-24,,PREMIUM,39.99,Active,,-193.28
14882,9042,2026-02-14,,STANDARD,19.99,Active,,-9.99
14883,8768,2023-11-11,,STANDARD,19.99,Active,,540.4
14884,7496,2025-04-15,,STANDARD,19.99,Active,,193.24
14885,121,2023-11-16,2025-05-20,PREMIUM,39.99,Churned,PROD-01,734.48
14886,7030,2025-02-01,,BASIC,9.99,Active,,120.88
14887,7647,2025-12-31,,BASIC,9.99,Active,,9.99
14888,5353,2024-12-08,,BASIC,9.99,Active,,139.19
14889,4202,2025-12-16,2026-12-13,STANDARD,19.99,Churned,COMP-01,241.21
14890,6482,2023-12-12,,STANDARD,19.99,Active,,519.74
14891,9415,2025-03-22,2026-04-17,BASIC,9.99,Churned,PRICE-01,130.2
14892,41,2024-05-20,,STANDARD,19.99,Active,,413.13
14893,8464,2026-02-24,,PREMIUM,39.99,Active,,-33.33
14894,7199,2025-08-19,,BASIC,9.99,Active,,54.61
14895,2264,2025-03-16,,BASIC,9.99,Active,,106.56
14896,5838,2025-04-09,2026-12-08,PREMIUM,39.99,Churned,COMP-01,810.46
14897,9977,2023-05-01,,BASIC,9.99,Active,,334.67
14898,1732,2023-09-27,,BASIC,9.99,Active,,285.05
14899,4033,2025-07-31,2026-08-29,BASIC,9.99,Churned,PRICE-02,131.2
14900,4009,2025-12-12,,BASIC,9.99,Active,,16.32
14901,5518,2023-07-23,,BASIC,9.99,Active,,307.03
14902,6724,2024-12-26,,PREMIUM,39.99,Active,,533.2
14903,3418,2023-08-27,2023-12-04,STANDARD,19.99,Churned,COMP-01,65.97
14904,4512,2023-12-27,,STANDARD,19.99,Active,,509.74
14905,7458,2023-10-04,2025-07-24,STANDARD,19.99,Churned,TECH-01,439.11
14906,8471,2026-03-07,,BASIC,9.99,Active,,-11.99
14907,4771,2023-07-04,,PREMIUM,39.99,Active,,1254.35
14908,6474,2023-05-26,,BASIC,9.99,Active,,326.34
14909,3600,2026-05-22,2027-04-18,PREMIUM,39.99,Churned,PRICE-02,441.22
14910,5433,2025-10-23,,STANDARD,19.99,Active,,65.97
14911,4131,2026-01-01,,BASIC,9.99,Active,,9.66
14912,4491,2023-04-14,,STANDARD,19.99,Active,,680.99
14913,9393,2024-10-14,2025-02-25,STANDARD,19.99,Churned,PRICE-02,89.29
14914,8211,2025-04-30,,BASIC,9.99,Active,,91.58
14915,9876,2023-04-25,2023-12-12,STANDARD,19.99,Churned,PRICE-01,153.92
14916,5568,2024-10-31,2025-07-05,PREMIUM,39.99,Churned,SERVICE-01,329.25
14917,1002,2024-03-07,,PREMIUM,39.99,Active,,925.1
14918,5003,2024-07-07,,STANDARD,19.99,Active,,381.14
14919,8617,2023-04-05,2023-08-21,BASIC,9.99,Churned,PRICE-01,45.95
14920,4964,2024-01-01,,STANDARD,19.99,Active,,506.41
14921,6033,2024-05-06,,BASIC,9.99,Active,,211.12
14922,5408,2026-05-25,,PREMIUM,39.99,Active,,-153.3
14923,7456,2023-05-03,2023-06-18,STANDARD,19.99,Churned,SERVICE-02,30.65
14924,7603,2023-02-07,,PREMIUM,39.99,Active,,1450.3
14925,8875,2023-05-30,,BASIC,9.99,Active,,325.01
14926,4205,2026-04-29,2028-03-29,STANDARD,19.99,Churned,SERVICE-01,466.43
14927,3242,2024-01-16,,PREMIUM,39.99,Active,,993.09
14928,2523,2023-03-14,2024-12-03,PREMIUM,39.99,Churned,TECH-01,839.79
14929,9351,2025-08-29,,STANDARD,19.99,Active,,102.62
14930,2395,2026-05-12,,BASIC,9.99,Active,,-33.97
14931,2814,2026-04-11,,PREMIUM,39.99,Active,,-94.64
14932,4238,2025-08-15,,PREMIUM,39.99,Active,,223.94
14933,7259,2024-01-15,,PREMIUM,39.99,Active,,994.42
14934,6000,2024-11-19,,PREMIUM,39.99,Active,,582.52
14935,4270,2025-08-29,,BASIC,9.99,Active,,51.28
14936,9305,2025-05-13,,PREMIUM,39.99,Active,,349.25
14937,8628,2026-06-02,,PREMIUM,39.99,Active,,-163.96
14938,5499,2025-09-03,2027-06-21,STANDARD,19.99,Churned,COMP-01,437.11
14939,242,2026-06-24,2027-06-10,PREMIUM,39.99,Churned,TECH-01,467.88
14940,6429,2024-12-30,2025-06-08,PREMIUM,39.99,Churned,PRICE-01,213.28
14941,2518,2023-04-08,2023-11-22,PREMIUM,39.99,Churned,SERVICE-01,303.92
14942,2189,2025-09-01,,PREMIUM,39.99,Active,,201.28
14943,7877,2025-07-13,,STANDARD,19.99,Active,,133.93
14944,7087,2023-07-20,,STANDARD,19.99,Active,,616.36
14945,1658,2025-09-26,,STANDARD,19.99,Active,,83.96
14946,8902,2025-07-11,,PREMIUM,39.99,Active,,270.6
14947,7637,2023-09-01,2025-01-18,BASIC,9.99,Churned,COMP-01,168.16
14948,6246,2024-10-24,,PREMIUM,39.99,Active,,617.18
14949,9796,2026-01-25,2026-03-03,PREMIUM,39.99,Churned,SERVICE-02,49.32
14950,6517,2024-04-16,,PREMIUM,39.99,Active,,871.78
14951,6135,2026-03-12,,BASIC,9.99,Active,,-13.65
14952,3479,2025-02-10,,STANDARD,19.99,Active,,235.88
14953,8318,2023-03-27,2024-10-15,BASIC,9.99,Churned,SERVICE-02,189.14
14954,471,2025-06-26,,STANDARD,19.99,Active,,145.26
14955,8639,2024-05-19,,STANDARD,19.99,Active,,413.79
14956,6820,2024-10-28,,STANDARD,19.99,Active,,305.85
14957,3901,2026-03-06,,STANDARD,19.99,Active,,-23.32
14958,8701,2025-04-24,,PREMIUM,39.99,Active,,374.57
14959,9669,2025-08-27,2027-07-30,BASIC,9.99,Churned,SERVICE-02,233.77
14960,99,2025-08-15,,BASIC,9.99,Active,,55.94
14961,9774,2025-07-04,2025-10-30,PREMIUM,39.99,Churned,COMP-01,157.29
14962,2554,2024-01-28,,PREMIUM,39.99,Active,,977.09
14963,4672,2023-05-11,,STANDARD,19.99,Active,,663.0
14964,6254,2023-09-03,,BASIC,9.99,Active,,293.04
14965,6616,2025-02-26,,STANDARD,19.99,Active,,225.22
14966,9691,2026-04-14,,PREMIUM,39.99,Active,,-98.64
14967,5688,2023-03-20,,PREMIUM,39.99,Active,,1395.65
14968,5597,2025-07-07,,BASIC,9.99,Active,,68.93
14969,7492,2024-11-11,,STANDARD,19.99,Active,,296.52
14970,4677,2024-10-13,,BASIC,9.99,Active,,157.84
14971,8068,2024-06-07,2024-07-25,BASIC,9.99,Churned,SERVICE-02,15.98
14972,3610,2025-12-25,,STANDARD,19.99,Active,,23.99
14973,3330,2024-05-20,,BASIC,9.99,Active,,206.46
14974,8394,2024-12-24,,STANDARD,19.99,Active,,267.87
14975,1414,2025-02-04,2025-08-19,STANDARD,19.99,Churned,PRICE-01,130.6
14976,3437,2024-12-28,2026-06-02,PREMIUM,39.99,Churned,PROD-01,694.49
14977,5114,2023-01-20,,BASIC,9.99,Active,,368.3
14978,1867,2023-04-01,,STANDARD,19.99,Active,,689.65
14979,5769,2025-08-19,,PREMIUM,39.99,Active,,218.61
14980,7624,2024-11-22,,BASIC,9.99,Active,,144.52
14981,9187,2025-03-09,,STANDARD,19.99,Active,,217.89
14982,6446,2024-03-12,,PREMIUM,39.99,Active,,918.44
14983,9088,2024-08-16,,STANDARD,19.99,Active,,354.49
14984,2619,2023-09-20,2024-07-26,STANDARD,19.99,Churned,TECH-01,206.56
14985,3594,2023-09-15,,PREMIUM,39.99,Active,,1157.04
14986,3566,2024-08-29,,PREMIUM,39.99,Active,,691.83
14987,678,2023-08-13,2024-05-26,PREMIUM,39.99,Churned,SERVICE-01,382.57
14988,9256,2024-05-06,,PREMIUM,39.99,Active,,845.12
14989,8559,2025-06-14,,PREMIUM,39.99,Active,,306.59
14990,5220,2023-04-14,,PREMIUM,39.99,Active,,1362.33
14991,2324,2023-06-09,2024-12-12,BASIC,9.99,Churned,PROD-01,183.82
14992,6420,2024-08-10,,STANDARD,19.99,Active,,358.49
14993,9724,2025-02-22,,STANDARD,19.99,Active,,227.89
14994,443,2026-05-17,,BASIC,9.99,Active,,-35.63
14995,6,2024-07-10,,PREMIUM,39.99,Active,,758.48
14996,542,2025-12-04,,STANDARD,19.99,Active,,37.98
14997,590,2024-01-01,,BASIC,9.99,Active,,253.08
14998,6249,2024-02-29,,BASIC,9.99,Active,,233.43
14999,5446,2023-08-10,2025-07-23,PREMIUM,39.99,Churned,TECH-01,950.43
15000,7672,2025-03-02,,STANDARD,19.99,Active,,222.56
